CLIENT_HANDSHAKE_TRAFFIC_SECRET 295978abb554c9c61dfd10a3eb3a634315042d9169697f11f9bcb4f8546bc772 989412e0ec37d03bac8465a3d031c0e04e6873a9af277c442a7a6e2c8aa28b79
SERVER_HANDSHAKE_TRAFFIC_SECRET 295978abb554c9c61dfd10a3eb3a634315042d9169697f11f9bcb4f8546bc772 2f0cb4eaae8ea569aad8ff825359f63204aa5a391bf994ef1747f386eeb5288d
CLIENT_HANDSHAKE_TRAFFIC_SECRET 8b57a25f1fab0d1577a0a5b89e1faeea1cbeacef300d68c1f47fe03418f4133d d7168ae1fd6f0c842abb9196a89d43525c84b609ed258ccfe72fa91b967a9d093c48a86b3d4b606863dd77286ddb9826
SERVER_HANDSHAKE_TRAFFIC_SECRET 8b57a25f1fab0d1577a0a5b89e1faeea1cbeacef300d68c1f47fe03418f4133d 0ae15049ecf531eff3f3b2b8fe10918f5cbb48aa9e7ac5dc64d24ffa1cc8ff980229321105e5e3b484ca374a26c411ef
CLIENT_HANDSHAKE_TRAFFIC_SECRET 555a7afd92e254a2718b67f82653cdb7348632ed537cddb3acf7eec96dd98a79 dab3b7812f0ee0b5d1b140446912ddcfbbb6f11b3b9055606a9567cdd2beb6ff76359840d04dd5b373a67259c8082db4
SERVER_HANDSHAKE_TRAFFIC_SECRET 555a7afd92e254a2718b67f82653cdb7348632ed537cddb3acf7eec96dd98a79 b7d6383542bd7d4b3e8b4f26daa6400b858821d9ad61a22b9d78a225ff784287a84541bf12d35a4d7d21225884640bd2
CLIENT_HANDSHAKE_TRAFFIC_SECRET 95d5decd8a80b87bc996543fc7e40925c4a81b19a84bbe6f7d17616cb0ccedf6 d908dfbbbb7eb5ccd4e81efecb3f6a8077590f18b05d16a0a325e1b71f20685d
SERVER_HANDSHAKE_TRAFFIC_SECRET 95d5decd8a80b87bc996543fc7e40925c4a81b19a84bbe6f7d17616cb0ccedf6 96fdf15186d5f6920fbe7c3fb12104f06ce120f80c1925a6fddfb4d85c849cd1
CLIENT_TRAFFIC_SECRET_0 295978abb554c9c61dfd10a3eb3a634315042d9169697f11f9bcb4f8546bc772 b8a1938ace6de15f788dd7cee4c120f5da0b06c04648d68ffa056321557fcada
SERVER_TRAFFIC_SECRET_0 295978abb554c9c61dfd10a3eb3a634315042d9169697f11f9bcb4f8546bc772 481fb0333e4f9b0c00b59c9d79cd797977a17a5d36403bb27589f12c8a18fda4
EXPORTER_SECRET 295978abb554c9c61dfd10a3eb3a634315042d9169697f11f9bcb4f8546bc772 016f8cfe9327a619dda44be595bc2b6675ffb0ffe62525ef444d39e02cf3271c
CLIENT_TRAFFIC_SECRET_0 8b57a25f1fab0d1577a0a5b89e1faeea1cbeacef300d68c1f47fe03418f4133d 00877222b062ff491597dfae40ca132f12dadc5d01886fb63142324f02108249567e01814e4530dcb9331b69aabc9237
SERVER_TRAFFIC_SECRET_0 8b57a25f1fab0d1577a0a5b89e1faeea1cbeacef300d68c1f47fe03418f4133d 8c2ec078c8610718cfe53d3a11768f357989d266f285a75cd960fe3c2797a28db6efc99799a5819751146684cd03052f
EXPORTER_SECRET 8b57a25f1fab0d1577a0a5b89e1faeea1cbeacef300d68c1f47fe03418f4133d 0d3535caf971ed663088e2d27d92e457cbcdb3d3f0f3cfde651c03a3b1cde94757a6d20ed6a693e61f4b5c82a8f1c3e7
CLIENT_TRAFFIC_SECRET_0 95d5decd8a80b87bc996543fc7e40925c4a81b19a84bbe6f7d17616cb0ccedf6 1d58f054f9fb1f1e7c0f825371af8ea47a4f8e2ac01ca2fa351ca0f1002883cf
SERVER_TRAFFIC_SECRET_0 95d5decd8a80b87bc996543fc7e40925c4a81b19a84bbe6f7d17616cb0ccedf6 44efb7fb67e02cf192dcc5ee07e3666ce4b8d86067068ab6298f5c2ae784aa03
EXPORTER_SECRET 95d5decd8a80b87bc996543fc7e40925c4a81b19a84bbe6f7d17616cb0ccedf6 a503e2bc33b9603a6b6c7836d45f59012a80bec765aca230104cd4e31a19734a
CLIENT_TRAFFIC_SECRET_0 555a7afd92e254a2718b67f82653cdb7348632ed537cddb3acf7eec96dd98a79 f415918405e74167b034687324d6a2d98295324e5dbab11d22a1bbe49e1a5f30f5d3cb1fa9eaa63876a4dc0ee9a326f4
SERVER_TRAFFIC_SECRET_0 555a7afd92e254a2718b67f82653cdb7348632ed537cddb3acf7eec96dd98a79 72adea7adae6041f16697b0575f8644b3945b5e7904befacb4b73ad09230e60330d8c33b98eea4148bae68a50378955e
EXPORTER_SECRET 555a7afd92e254a2718b67f82653cdb7348632ed537cddb3acf7eec96dd98a79 fd9b08f0853c4f6db3162156169ac7bd9dd0ac89df3f15717fd8c67b298b33d9cb4a4a483582347ee10d35069f114f76
CLIENT_HANDSHAKE_TRAFFIC_SECRET e442d95e3e37accfefbdb0522132ee5a519b7bf75f4d8279e7cf1d78b1ab1c7f 2837f6976295f96afdbbbd22cf41094dd67862a22d539fcb3efe74a083eec129
SERVER_HANDSHAKE_TRAFFIC_SECRET e442d95e3e37accfefbdb0522132ee5a519b7bf75f4d8279e7cf1d78b1ab1c7f 30e0283189c8efead1b79c09d0cf24d9b1f11d7915476afa0cf75ab07f3b8168
CLIENT_HANDSHAKE_TRAFFIC_SECRET 006e8bd2c43c08fe49dd792f1452e9f87994d23585500fcd4832721815583e8d 7b3acf7b0f81bf07b7b25d3e794911b6a0c9c29eb40f9177be32aa2b5d8dc92f
SERVER_HANDSHAKE_TRAFFIC_SECRET 006e8bd2c43c08fe49dd792f1452e9f87994d23585500fcd4832721815583e8d 1d492cadbe130324db7fe5b02a0e4c8d5f7cdee5eb442ca640c20b7b2827f5dc
CLIENT_TRAFFIC_SECRET_0 e442d95e3e37accfefbdb0522132ee5a519b7bf75f4d8279e7cf1d78b1ab1c7f 7072356ef87176f7fc6be3a8dadbf05745cfe6e527c4e01fa5f9378275b04fb2
SERVER_TRAFFIC_SECRET_0 e442d95e3e37accfefbdb0522132ee5a519b7bf75f4d8279e7cf1d78b1ab1c7f a4c0fc5244c25436fa1eccd6883f43733589161f9dabe42e2c14abd2093d0675
EXPORTER_SECRET e442d95e3e37accfefbdb0522132ee5a519b7bf75f4d8279e7cf1d78b1ab1c7f 64c448b753cc10ebe93b3e454877bed7defba7afa20d8e39354c1ce4947b5f24
CLIENT_TRAFFIC_SECRET_0 006e8bd2c43c08fe49dd792f1452e9f87994d23585500fcd4832721815583e8d 0d412df357391d6a9b768c1a1df7aad2665d7b54b30dcde3a498188395e12d7c
SERVER_TRAFFIC_SECRET_0 006e8bd2c43c08fe49dd792f1452e9f87994d23585500fcd4832721815583e8d a459051153c534f4fc1eb12c84da04ae06d7cdbdfeb508d273e5f8551b0ed8fc
EXPORTER_SECRET 006e8bd2c43c08fe49dd792f1452e9f87994d23585500fcd4832721815583e8d 45fd835f3b751b54a0aad61bc2980a1ed172b1dec7f92a5f2f760d0b71270862
CLIENT_HANDSHAKE_TRAFFIC_SECRET 6061126f70f1dcf2c20aa616864ea4dec98e0c80c9520563845abebb82380e5f c34d41526d0a5f19e23a5cf9ebe9913d9024f58a7908dbf6da787742f8543ff3
SERVER_HANDSHAKE_TRAFFIC_SECRET 6061126f70f1dcf2c20aa616864ea4dec98e0c80c9520563845abebb82380e5f bf1f2134da1332ca9cb35900f95939a4a93b4d16171acbdf70a6db8a7b6ee173
CLIENT_TRAFFIC_SECRET_0 6061126f70f1dcf2c20aa616864ea4dec98e0c80c9520563845abebb82380e5f 6758ab59a865290c63946036732c1d9f66ff8cfb503c40038501e8c85f6d562f
SERVER_TRAFFIC_SECRET_0 6061126f70f1dcf2c20aa616864ea4dec98e0c80c9520563845abebb82380e5f 317fe86de8f204b0c4e2013c9c9bde120493242db0b592b8397b7876a88523c6
EXPORTER_SECRET 6061126f70f1dcf2c20aa616864ea4dec98e0c80c9520563845abebb82380e5f bb36f2f58711e1bd46d2ab1aa5adbd45e7a2c697da828a4d24be67271fe6f70d
CLIENT_HANDSHAKE_TRAFFIC_SECRET 01ce4181ded902fd21d8edbd895c2aac65fee3aa5eeb174b76721f6be68ca647 503221341158ca343d15ffdc3aca39fec9e51ef034c20d0f64374c00c03f47cb
SERVER_HANDSHAKE_TRAFFIC_SECRET 01ce4181ded902fd21d8edbd895c2aac65fee3aa5eeb174b76721f6be68ca647 961629d52715008a5287ce62d5a0788c28700cd76a09d5163607a1942da5914f
CLIENT_TRAFFIC_SECRET_0 01ce4181ded902fd21d8edbd895c2aac65fee3aa5eeb174b76721f6be68ca647 79ded98054e699c86b911fe298137a5ef1fc0c2a51c642260b565bd9f4dc60a3
SERVER_TRAFFIC_SECRET_0 01ce4181ded902fd21d8edbd895c2aac65fee3aa5eeb174b76721f6be68ca647 f19eb1cecdcc04358118adfe096755f3538910492f8a6d94fe9d39b756fb2fc7
EXPORTER_SECRET 01ce4181ded902fd21d8edbd895c2aac65fee3aa5eeb174b76721f6be68ca647 ccd2b87905f7d3dc5afcaeb618427e62be478c9f303468698fbb28b69210bb7b
CLIENT_HANDSHAKE_TRAFFIC_SECRET 12627e2e58ce5a05cdb4a3a2cca70cdf481f1bd02833e09eeec5fd2ac650a9b2 7d8e6310a10e7c52e4aa5dbccd49c0e12e4c00b647e088509ec31bdeb41783e1259146638a44a486a794506bb270d6c4
SERVER_HANDSHAKE_TRAFFIC_SECRET 12627e2e58ce5a05cdb4a3a2cca70cdf481f1bd02833e09eeec5fd2ac650a9b2 66e321b4c41fb2bc01f2d13cfb9e2d82c60444222247ee14156391676e054fa4d4438714958d60d559511cf06a6b1d99
CLIENT_TRAFFIC_SECRET_0 12627e2e58ce5a05cdb4a3a2cca70cdf481f1bd02833e09eeec5fd2ac650a9b2 ebdc00a0e4d0a39ce54c4b52f4d6ca178efbe992dc5594afdbcb2f273c9b36330e24abf97e417a85b00e14cf4115e77c
SERVER_TRAFFIC_SECRET_0 12627e2e58ce5a05cdb4a3a2cca70cdf481f1bd02833e09eeec5fd2ac650a9b2 a0b6981fd61550ba39b083c839f862c8609d5563a1ea267911e6595a9f15b63988ffd426cc98cea41c55e1df9bb33359
EXPORTER_SECRET 12627e2e58ce5a05cdb4a3a2cca70cdf481f1bd02833e09eeec5fd2ac650a9b2 29d5329c7d34381cb977111a794d4dbbbbde25895dc0c7f00e9bcc40bc76361a76d1e07a35c8ee41105c6fb7838b979a
CLIENT_HANDSHAKE_TRAFFIC_SECRET 3f341a3325f6a6bbe9efed99427c1e7d8150ee50d7df04e4c39918d2d0e0bb3e 895ff611cb9903bb7cbfae315204e3511ccaa55921a6995894f210b00498e7c3
SERVER_HANDSHAKE_TRAFFIC_SECRET 3f341a3325f6a6bbe9efed99427c1e7d8150ee50d7df04e4c39918d2d0e0bb3e cec7b17f22d3e88506d8da3a32cd136c06964786593e3db0a4e18f94c7b71af1
CLIENT_TRAFFIC_SECRET_0 3f341a3325f6a6bbe9efed99427c1e7d8150ee50d7df04e4c39918d2d0e0bb3e 397e63cd844880cd5acc757509917cebaa1f6f88a66604059c60dc98b90ba400
SERVER_TRAFFIC_SECRET_0 3f341a3325f6a6bbe9efed99427c1e7d8150ee50d7df04e4c39918d2d0e0bb3e 8013c6496e469998579cd4209ea174604cf06e75eff8473ca32dab65173c41b3
EXPORTER_SECRET 3f341a3325f6a6bbe9efed99427c1e7d8150ee50d7df04e4c39918d2d0e0bb3e e7a440f30289f7bed353726006a5d2c8a773ffa94c22306a37340f337a45fad0
CLIENT_HANDSHAKE_TRAFFIC_SECRET 6f289d34161b6deb1b85f14a67997005d4ca122ec5b6484d4b947f68c0b38b04 06a9240300da99e490b698e14547d11a225272fe266521dbbbc147ae5fa3f26c
SERVER_HANDSHAKE_TRAFFIC_SECRET 6f289d34161b6deb1b85f14a67997005d4ca122ec5b6484d4b947f68c0b38b04 62c077f2e351fb4296b1ef5a9a4ff6aab429a42ecaea9458fd7c368b8092f0c7
CLIENT_TRAFFIC_SECRET_0 6f289d34161b6deb1b85f14a67997005d4ca122ec5b6484d4b947f68c0b38b04 f29f8a87481b36f02c3f3d1534b295f73897ecf8195b14db8be5e25acdd4b937
SERVER_TRAFFIC_SECRET_0 6f289d34161b6deb1b85f14a67997005d4ca122ec5b6484d4b947f68c0b38b04 36b2fc1118bc8b9585ff48300381c2db56640bf268256d503a491d0e1a383353
EXPORTER_SECRET 6f289d34161b6deb1b85f14a67997005d4ca122ec5b6484d4b947f68c0b38b04 e2e7aa85ccc27c091af8e34523ad9781553fb6d0e7368014852df53f3213efa3
CLIENT_HANDSHAKE_TRAFFIC_SECRET c41c8a53345b872c07ce55dbaf8d28e4daa838bf9d01499b1a10214937f8766f e5936c0ca3822cddbf7813921ce29572f9447ff2a8796151e04a015271c76a4c
SERVER_HANDSHAKE_TRAFFIC_SECRET c41c8a53345b872c07ce55dbaf8d28e4daa838bf9d01499b1a10214937f8766f ee96387e38db0097ddbec9b7b237927dccd9fd865aa7f6db0b0b04d5d8f8f94d
CLIENT_HANDSHAKE_TRAFFIC_SECRET 980405618c539403ca6857337e4b18624feb61172f157c3e740ebce834a88c13 ced64d09c2d6519a8aca5cf883d16c07c62388c485d47519cc1cc01064ddaa6c
SERVER_HANDSHAKE_TRAFFIC_SECRET 980405618c539403ca6857337e4b18624feb61172f157c3e740ebce834a88c13 096d139da78cc92442f9bc941f8d18e40f7d30baaf6b4b7a17fdce55b64a2770
CLIENT_TRAFFIC_SECRET_0 c41c8a53345b872c07ce55dbaf8d28e4daa838bf9d01499b1a10214937f8766f 91ad254d9e4c0c4fa7663915d44471bf6fe31b58b9f8d55b24e51e3097519023
SERVER_TRAFFIC_SECRET_0 c41c8a53345b872c07ce55dbaf8d28e4daa838bf9d01499b1a10214937f8766f 5714dd967043c8c0c31cc53d752780daaf745061c3efd488491782da6601309a
EXPORTER_SECRET c41c8a53345b872c07ce55dbaf8d28e4daa838bf9d01499b1a10214937f8766f c2f1ac47624435bed97a0a3785a7fc073e2b3501572caf40a1e60b61f6094240
CLIENT_TRAFFIC_SECRET_0 980405618c539403ca6857337e4b18624feb61172f157c3e740ebce834a88c13 4a40651592cbb154183f4a9c0504a48f233285954c15cfe3ab932d00f54de523
SERVER_TRAFFIC_SECRET_0 980405618c539403ca6857337e4b18624feb61172f157c3e740ebce834a88c13 be80b1f158475c1460d60c1bd722626442460879c08285c94e14220647eb52cc
EXPORTER_SECRET 980405618c539403ca6857337e4b18624feb61172f157c3e740ebce834a88c13 a264d4cb68ddbd69022a2f3047f23f00623ff157441363f285923a5250c4b370
CLIENT_HANDSHAKE_TRAFFIC_SECRET 73567771415ebf22d371e448a203e771f11f6f4227241423fb6fd7b72fe4553b 4f762577b1490046edb744e0fde1b77a2ea855590f813a3a4a209ead991b992c
SERVER_HANDSHAKE_TRAFFIC_SECRET 73567771415ebf22d371e448a203e771f11f6f4227241423fb6fd7b72fe4553b 4ebee1f2cc41d9f2d2cf384b01a2d2cbf14bc8f29b00d4412b680d5cbfa71b88
CLIENT_TRAFFIC_SECRET_0 73567771415ebf22d371e448a203e771f11f6f4227241423fb6fd7b72fe4553b d78889e191ee74d9480b5e95c8ec8a93dd418a224332318b086c7de24d1fe78c
SERVER_TRAFFIC_SECRET_0 73567771415ebf22d371e448a203e771f11f6f4227241423fb6fd7b72fe4553b eb16c34024ef17028abcd3e5cd46957a7ce5251d17786b98932c5c1afcab5052
EXPORTER_SECRET 73567771415ebf22d371e448a203e771f11f6f4227241423fb6fd7b72fe4553b e4567146ea94f6b41b3950210f0d318ff3c5870dbad1f6c99d276c8856db15a8
CLIENT_EARLY_TRAFFIC_SECRET 6b0f0da44d6d0b43cfd1cb396c489bdc8fea1674c5763bde5bf37fefc16bf1e1 02e66fedca81e937c83ed68f2c5cf2dfa2dbe2d505771715ff27a838b0c0b992
CLIENT_HANDSHAKE_TRAFFIC_SECRET 6b0f0da44d6d0b43cfd1cb396c489bdc8fea1674c5763bde5bf37fefc16bf1e1 2d86920c17e1f7d42dd2f174068fd8bac4f681d8684146a294b666b7c4a88df9
SERVER_HANDSHAKE_TRAFFIC_SECRET 6b0f0da44d6d0b43cfd1cb396c489bdc8fea1674c5763bde5bf37fefc16bf1e1 9a6f0033be038ad2e28329095c2d48e113835bf47763338193bb229fb8bd3247
CLIENT_TRAFFIC_SECRET_0 6b0f0da44d6d0b43cfd1cb396c489bdc8fea1674c5763bde5bf37fefc16bf1e1 15452a0ed76c44ca318b76e76fe28e92eb705eab3b046e5c6593d40a661fddc6
SERVER_TRAFFIC_SECRET_0 6b0f0da44d6d0b43cfd1cb396c489bdc8fea1674c5763bde5bf37fefc16bf1e1 9e770635d36b0014fdefa3db6441f59440427ea75c90ecbd827b40fa41e503a5
EXPORTER_SECRET 6b0f0da44d6d0b43cfd1cb396c489bdc8fea1674c5763bde5bf37fefc16bf1e1 2badc955fa7c86335d4e6f248100c18d60401d06a024a6af0cced212f98d45b8
CLIENT_EARLY_TRAFFIC_SECRET 92e4dcd908f3e872ec5a0c9e7e46b0978b388e797ed6f261f7135416db6889be 614fbcbe71d71fb7cd0abf8cfa50b5b12f43ac2fbc5b971819395a3efa37b3d2
CLIENT_HANDSHAKE_TRAFFIC_SECRET e10eb73dc326e44fe2b33ebe292829d7c737fba523ce5f01b1f23af0211d1ddb d44388f6c4966a912b66e83d139450c10e152b3da92f4a5233930f800f080cdf
SERVER_HANDSHAKE_TRAFFIC_SECRET e10eb73dc326e44fe2b33ebe292829d7c737fba523ce5f01b1f23af0211d1ddb c7d3dc1ac4a3893ad7f932134efbe89dad1547bafcf3ae358534b4bdbf5c93ee
CLIENT_TRAFFIC_SECRET_0 e10eb73dc326e44fe2b33ebe292829d7c737fba523ce5f01b1f23af0211d1ddb d0d72d85a557728f9b0a7e03c90aa866fafe4493bd7d7a5f773165b1fb5af74c
SERVER_TRAFFIC_SECRET_0 e10eb73dc326e44fe2b33ebe292829d7c737fba523ce5f01b1f23af0211d1ddb 1e8c566cc25a59f95fa9c6cafa03db8a809d46972fa3a1d7e30506ddfa08fd80
EXPORTER_SECRET e10eb73dc326e44fe2b33ebe292829d7c737fba523ce5f01b1f23af0211d1ddb f53edf1dcca2ebd0717706e4e8c7b270db527fbcc2b3cba8e2e28848f10bfcab
CLIENT_HANDSHAKE_TRAFFIC_SECRET c7888d24853cbb993fbb035b589e1106fad62e4b59e740d62ddbe62dbdb44111 ebf7cf9050a89401e41ebfe2f371c178b0ad90e40eff930ec2517902bb8c1ed8
SERVER_HANDSHAKE_TRAFFIC_SECRET c7888d24853cbb993fbb035b589e1106fad62e4b59e740d62ddbe62dbdb44111 4e7868a9316b34d92ddadd363c8785abb07984aee1c4efd5d3abf500b1f16242
CLIENT_HANDSHAKE_TRAFFIC_SECRET 92e4dcd908f3e872ec5a0c9e7e46b0978b388e797ed6f261f7135416db6889be 8c251657cf5f18ddc8475334d47a5991125d7594e9be0fb7ac609e4c9b3f1b92
SERVER_HANDSHAKE_TRAFFIC_SECRET 92e4dcd908f3e872ec5a0c9e7e46b0978b388e797ed6f261f7135416db6889be 2066ffad712f560cc0cba4760ecfd670e601c71c23283ec644768d221109638d
CLIENT_TRAFFIC_SECRET_0 92e4dcd908f3e872ec5a0c9e7e46b0978b388e797ed6f261f7135416db6889be daa9c22bbdd42a9fe2ab45c1afc2358e1628d5de0f2aaf1dc92a628ca46a1cc3
SERVER_TRAFFIC_SECRET_0 92e4dcd908f3e872ec5a0c9e7e46b0978b388e797ed6f261f7135416db6889be 47ec6db79c903deec5ec2d8e5c38924a07d920c80f7a62d36c19f2eedc55dd73
EXPORTER_SECRET 92e4dcd908f3e872ec5a0c9e7e46b0978b388e797ed6f261f7135416db6889be b39d415010c6840391ff08f22b0f2a4e6330d1aa9de9019eb7fd2496c4c76f45
CLIENT_HANDSHAKE_TRAFFIC_SECRET 5bafb01630d253a784fd8c6aa62dbc950360f0232e2471df08a8157dc6e7046e e417bc8ddff7c88947e7b5f4bd0687a1b6b02f905ea2caedaa4dcf05f8ebdc81
SERVER_HANDSHAKE_TRAFFIC_SECRET 5bafb01630d253a784fd8c6aa62dbc950360f0232e2471df08a8157dc6e7046e 3f599bbc9add92ec7681fc71095bcdee2d63c96d0e6b1ef10430cb38bd778b37
CLIENT_TRAFFIC_SECRET_0 c7888d24853cbb993fbb035b589e1106fad62e4b59e740d62ddbe62dbdb44111 d20dc914748abda8b0f13b7bc9e78988e779ccec6cad2c3792e77955b49b71c2
SERVER_TRAFFIC_SECRET_0 c7888d24853cbb993fbb035b589e1106fad62e4b59e740d62ddbe62dbdb44111 ad231eec8414be211ab02cfa79d8f5135a0de365a493751d97b8ec02097998b5
EXPORTER_SECRET c7888d24853cbb993fbb035b589e1106fad62e4b59e740d62ddbe62dbdb44111 6d5fd206ea44d3f7c8cae9c47313ec20c94010bff156a2cac9b1d3a25b5092b4
CLIENT_TRAFFIC_SECRET_0 5bafb01630d253a784fd8c6aa62dbc950360f0232e2471df08a8157dc6e7046e 264a82da88116fb48313c55c288936f5a5d2218d55f6e1e14be1cf40622e0d8f
SERVER_TRAFFIC_SECRET_0 5bafb01630d253a784fd8c6aa62dbc950360f0232e2471df08a8157dc6e7046e 79d594d69027af152321e43c4afb7dd1a78343d8430a4870ff382f83f242a58d
EXPORTER_SECRET 5bafb01630d253a784fd8c6aa62dbc950360f0232e2471df08a8157dc6e7046e c167aaebf08585806bc2a660d630f7aad1a09acb67bb4308b731816604d53ae8
CLIENT_HANDSHAKE_TRAFFIC_SECRET 8d7fc9e1b4ab36202866fad9a061588567792fc54b54094485cd76e386dd050d e4504751a7be9b1a5ff6319f66a05ac0dd7e91530ec16b27d27783303e74c0f778c90b6d0d4592b9ffab4295bccd8a65
SERVER_HANDSHAKE_TRAFFIC_SECRET 8d7fc9e1b4ab36202866fad9a061588567792fc54b54094485cd76e386dd050d 89803ad480c4fa4c66a1a31830359195d9e530a6639a90897d911126e3c61f4c2120a6a7151b4414b99ca5d8c9b55314
CLIENT_TRAFFIC_SECRET_0 8d7fc9e1b4ab36202866fad9a061588567792fc54b54094485cd76e386dd050d 2c835dcd1bb7c904288510c3dc5dd5112817877bca5e43047660cc333b26f2aa492c48047ecaa8faf40c8a057138a1c9
SERVER_TRAFFIC_SECRET_0 8d7fc9e1b4ab36202866fad9a061588567792fc54b54094485cd76e386dd050d 9ee3959dc7408701c1c3fba09a738c3325f736d3182637c597af0a25fd72a839b69e2e3d8f7ae3adb6e6f93239076468
EXPORTER_SECRET 8d7fc9e1b4ab36202866fad9a061588567792fc54b54094485cd76e386dd050d ac2f90aabe3619d26f6f60a3a54f3ca1624e428318efe315c9852c324670ad263917645189393ffe82ce25fde47faaed
CLIENT_HANDSHAKE_TRAFFIC_SECRET 8ef257d430123477cd311dae5c17fc2182d78a2e50e247d7583a469488b33135 d1a4fa83193b049c59e77a013ba7d230b97731acd974cfa7e9c6803016341a72
SERVER_HANDSHAKE_TRAFFIC_SECRET 8ef257d430123477cd311dae5c17fc2182d78a2e50e247d7583a469488b33135 de47f74f9525fd818008188c562a883a4ba077b2f3b58d9b40d783e3578f708a
CLIENT_TRAFFIC_SECRET_0 8ef257d430123477cd311dae5c17fc2182d78a2e50e247d7583a469488b33135 e41b4837f1fd6d78656417ee2475f0084ad68463f43d433c3c0f9476db26f45c
SERVER_TRAFFIC_SECRET_0 8ef257d430123477cd311dae5c17fc2182d78a2e50e247d7583a469488b33135 02fea1e63237e3435bdea290f5fb60ddbf29be1c335069ad59db9a38df54deb2
EXPORTER_SECRET 8ef257d430123477cd311dae5c17fc2182d78a2e50e247d7583a469488b33135 02131d33a2643b4b095b144785349ad90296fd05b7d0f83a0f77c215b85c4803
CLIENT_HANDSHAKE_TRAFFIC_SECRET f19dc6a8c05b34e3758a2711a346305e3f13cb3f7acee5ac0c2d1e679a72559e 1c0896ec98bd3c3ec7f06c25b6e299177acccdb58bac50e2584ac4f75b1358ba
SERVER_HANDSHAKE_TRAFFIC_SECRET f19dc6a8c05b34e3758a2711a346305e3f13cb3f7acee5ac0c2d1e679a72559e 53915eed1329475fbe852f28a32fc1c8109e21ae4ac30fd98bb627893d85e59f
CLIENT_TRAFFIC_SECRET_0 f19dc6a8c05b34e3758a2711a346305e3f13cb3f7acee5ac0c2d1e679a72559e a500ab84238ec54c6453e69f534013c11c0f7806b8b1a30973d7b3fd34254b2b
SERVER_TRAFFIC_SECRET_0 f19dc6a8c05b34e3758a2711a346305e3f13cb3f7acee5ac0c2d1e679a72559e e721b47f3e71064584d75572fd700690039cedd44e9c166df848d733b9fea05f
EXPORTER_SECRET f19dc6a8c05b34e3758a2711a346305e3f13cb3f7acee5ac0c2d1e679a72559e da625ead9cdd13a91dbd99b59fa9fb17bdafbae43f3b170a6c911b6a122dcf71
CLIENT_HANDSHAKE_TRAFFIC_SECRET 94cfd7482d9eaaa52bedddc83c7a823b447cda1059539da391151c55820fbcb7 bbcdc4d1b13431310fd25af41c0d0452e2aa50aa30cb92d7d6e4a92b83618cb0
SERVER_HANDSHAKE_TRAFFIC_SECRET 94cfd7482d9eaaa52bedddc83c7a823b447cda1059539da391151c55820fbcb7 873e2e299dd34fa8a97a137d0218567e6527939eeb340aa5101a4092721c8822
CLIENT_TRAFFIC_SECRET_0 94cfd7482d9eaaa52bedddc83c7a823b447cda1059539da391151c55820fbcb7 1189ce51c45fe549061af03f367c5bb3e0064d09d2d801ab1c162cd8a1ff6326
SERVER_TRAFFIC_SECRET_0 94cfd7482d9eaaa52bedddc83c7a823b447cda1059539da391151c55820fbcb7 2d5171b9284dbcadbf01eb13d64693fcedbd00dc256cdb47979ac12f2374cdb3
EXPORTER_SECRET 94cfd7482d9eaaa52bedddc83c7a823b447cda1059539da391151c55820fbcb7 11864010c4bf441a4e31a05260ed84966f5249c0d3d3ca3c7fe77e932e8854e2
CLIENT_HANDSHAKE_TRAFFIC_SECRET 8a944ff8a8cb21fc289dd4cbdc8d30aeeace47405b565496379dddb514e8a182 b88a2d69f969605a2558afb7dbda47fd9ce9b1aa265a9540634c12d4d0257501
SERVER_HANDSHAKE_TRAFFIC_SECRET 8a944ff8a8cb21fc289dd4cbdc8d30aeeace47405b565496379dddb514e8a182 e6bab26be845202cc6613b07c2bd67473afe9d585c52115f2b94b7a207040a6a
CLIENT_TRAFFIC_SECRET_0 8a944ff8a8cb21fc289dd4cbdc8d30aeeace47405b565496379dddb514e8a182 1ae458d432f242604c5d955909a27335d3234a0667d2a4387cd60be4bac45384
SERVER_TRAFFIC_SECRET_0 8a944ff8a8cb21fc289dd4cbdc8d30aeeace47405b565496379dddb514e8a182 9055be4d32d98c6ebf75eb08f79716b3924d6ff0843be27c43692f842327d669
EXPORTER_SECRET 8a944ff8a8cb21fc289dd4cbdc8d30aeeace47405b565496379dddb514e8a182 e0f8a3f301caab5a91b56cfb209ba3f31e5e028879eb6fa0f7be4d2ef3a7dd6f
CLIENT_HANDSHAKE_TRAFFIC_SECRET 5ce09d116c3ffd9e61d1280e399c601312907a09136dc61f659afa52737d1018 a79d96b759a0cf9f7eb6bc1d370281bd7e6ed39098520c968f60da1d0cf53abf
SERVER_HANDSHAKE_TRAFFIC_SECRET 5ce09d116c3ffd9e61d1280e399c601312907a09136dc61f659afa52737d1018 11fd66afba1245ca015a54a9d7f1f05205d4bf04b53d968843a92f879f63dd36
CLIENT_TRAFFIC_SECRET_0 5ce09d116c3ffd9e61d1280e399c601312907a09136dc61f659afa52737d1018 4cd5c9dfad9478e970bb49c1cfa0963750245ea5c9243cb96114b781a456a552
SERVER_TRAFFIC_SECRET_0 5ce09d116c3ffd9e61d1280e399c601312907a09136dc61f659afa52737d1018 6cc06e5aa30054e54cb3af98722f47eb14393abee9e9e82fbd109daa5bb77457
EXPORTER_SECRET 5ce09d116c3ffd9e61d1280e399c601312907a09136dc61f659afa52737d1018 f59c522fdc8e50f4e6fe512b6ffea57daa8759d0042a1f4008393c7c13d76524
CLIENT_HANDSHAKE_TRAFFIC_SECRET 597189e098c0ff74179a4bd3d94787cc09650fafa2057e8899d1ed98a9f36233 98c5fce0bb094e379f5ddbee73a42ede65cfe03a94d007cfbae365fb706ab287
SERVER_HANDSHAKE_TRAFFIC_SECRET 597189e098c0ff74179a4bd3d94787cc09650fafa2057e8899d1ed98a9f36233 4e85650b46307867702eb2293c6c975c770709de64f501b9a0a82f8190c28711
CLIENT_TRAFFIC_SECRET_0 597189e098c0ff74179a4bd3d94787cc09650fafa2057e8899d1ed98a9f36233 4905d6d567b46c4054e0324c7231e56d7d86453d3da2110079eeeb17d8bc6803
SERVER_TRAFFIC_SECRET_0 597189e098c0ff74179a4bd3d94787cc09650fafa2057e8899d1ed98a9f36233 9f88908fa7fec6b34e5a25a3e830283e514bb246eb2ee2a86723e118bedc567b
EXPORTER_SECRET 597189e098c0ff74179a4bd3d94787cc09650fafa2057e8899d1ed98a9f36233 7323199c42e221f29c7fc195d48ca2325067e7c2ebe8ec9f71bfe13bb06ebc14
CLIENT_HANDSHAKE_TRAFFIC_SECRET e7bf58650e9b41edbdea1fbb35ddab8bcb5f3e0fad44371eb7ba8d94d09a1b44 dc4fb2b58c023817ff144c7c22c5bd9534e7c3316a2e08b742b40e6a042d755c
SERVER_HANDSHAKE_TRAFFIC_SECRET e7bf58650e9b41edbdea1fbb35ddab8bcb5f3e0fad44371eb7ba8d94d09a1b44 2966b05582ae36328e48310f411d3cd52fc2d0b1c32687f071569918fa59a991
CLIENT_HANDSHAKE_TRAFFIC_SECRET 22201a36a2bff383eb05acba5b7257b53e6f78617f567982f7ab91668b0f9d03 48cf4b905e292136462029fa917291ab85656bcfa98ff05beaefe49f2b00e9a8
SERVER_HANDSHAKE_TRAFFIC_SECRET 22201a36a2bff383eb05acba5b7257b53e6f78617f567982f7ab91668b0f9d03 0694969d06df096c7ae38d9a48b35fc5522cd5b78df172ead74557c055021e24
CLIENT_TRAFFIC_SECRET_0 22201a36a2bff383eb05acba5b7257b53e6f78617f567982f7ab91668b0f9d03 c64abd1cfa13221bfb1f0d9e91f892f2288d390b7dd9b5fe4892b1952f6629f0
SERVER_TRAFFIC_SECRET_0 22201a36a2bff383eb05acba5b7257b53e6f78617f567982f7ab91668b0f9d03 6e146effc622395316523bc42197555f87005d194c20da99fbc7c3e6bc7cfdb9
EXPORTER_SECRET 22201a36a2bff383eb05acba5b7257b53e6f78617f567982f7ab91668b0f9d03 962c064b883043e4fb4db28d0ea8f557dad00931c99e6895be389123d596446b
CLIENT_TRAFFIC_SECRET_0 e7bf58650e9b41edbdea1fbb35ddab8bcb5f3e0fad44371eb7ba8d94d09a1b44 cecabac430477d4dcc8e37dac97b168eb003dee3ab123ac873f75e7498ca370d
SERVER_TRAFFIC_SECRET_0 e7bf58650e9b41edbdea1fbb35ddab8bcb5f3e0fad44371eb7ba8d94d09a1b44 45c4bbaa81dbc12139a9684d31aaa7ef841aa680d435d4309a930e3ad5c81d8e
EXPORTER_SECRET e7bf58650e9b41edbdea1fbb35ddab8bcb5f3e0fad44371eb7ba8d94d09a1b44 a8bbda1a310d11eed7ad9ee5edc8073432740de9308cc8bcbd0c82ada712eee3
CLIENT_HANDSHAKE_TRAFFIC_SECRET 19c153f6297a26647e30857524e622d87a8e01b144026b1c9e476b2f550e7329 7401740bb5851012ae8ef72ebb443e94b686fe0e59940df97dc3dcc8931991cf
SERVER_HANDSHAKE_TRAFFIC_SECRET 19c153f6297a26647e30857524e622d87a8e01b144026b1c9e476b2f550e7329 27470198093a63dca1ece6f6f48a6aa8c6b5ffd69d54ce92ae1b69f325087e08
CLIENT_TRAFFIC_SECRET_0 19c153f6297a26647e30857524e622d87a8e01b144026b1c9e476b2f550e7329 10e9df9ff7f5917b57463406d21919f96a4233a0e34b2929c02423842d1bd9b3
SERVER_TRAFFIC_SECRET_0 19c153f6297a26647e30857524e622d87a8e01b144026b1c9e476b2f550e7329 927749841749c152efced4ec0e2e4f9c858c402d8d64aa67ef8c772b4888cdfc
EXPORTER_SECRET 19c153f6297a26647e30857524e622d87a8e01b144026b1c9e476b2f550e7329 b20344dc58a905187564c40672ceb6c5c72585812737d536e9f8321015eac195
CLIENT_HANDSHAKE_TRAFFIC_SECRET f0af4c2e8c1955182dec3c1beaa3e119a12d802c5f82259a387d6a9d81bcd282 cc0a71a8372307f5503f75843c77a6ab5d266f75535854ab82be353d0062701b
SERVER_HANDSHAKE_TRAFFIC_SECRET f0af4c2e8c1955182dec3c1beaa3e119a12d802c5f82259a387d6a9d81bcd282 e657e16e742af6a62adc86351b79876d50a390a1c200af257695dfb362126b36
CLIENT_TRAFFIC_SECRET_0 f0af4c2e8c1955182dec3c1beaa3e119a12d802c5f82259a387d6a9d81bcd282 f97b057689ab7a3a239ade2b56c3a8ab0d07250f60736b1231ae35caedbc52ea
SERVER_TRAFFIC_SECRET_0 f0af4c2e8c1955182dec3c1beaa3e119a12d802c5f82259a387d6a9d81bcd282 599f41271daddd7e36d0dfba41022b8366dce9321021decfc91bce51711d5dc1
EXPORTER_SECRET f0af4c2e8c1955182dec3c1beaa3e119a12d802c5f82259a387d6a9d81bcd282 0d6a3e95fb830e20c11b15d8c3045d4dbc832d64bfd41232153f2a94d391778d
CLIENT_HANDSHAKE_TRAFFIC_SECRET 9b83126dfbd633b5216f63af29d0af298aeeaa0ab30ec2e0c39e7ac7842d7072 31750b6c95d6c42c24abca77b32bdf292c4ad21138de983f6fc5a1c11ed92eb7
SERVER_HANDSHAKE_TRAFFIC_SECRET 9b83126dfbd633b5216f63af29d0af298aeeaa0ab30ec2e0c39e7ac7842d7072 0b62c34b9479e38da8c639fcbcb08c8363b573104b42c785ad9daace4e4e8bc4
CLIENT_TRAFFIC_SECRET_0 9b83126dfbd633b5216f63af29d0af298aeeaa0ab30ec2e0c39e7ac7842d7072 cd8ef72fdd735b5418607049ce0640b22aeb51f9d2e16b01a7f7a5e6c8e0f985
SERVER_TRAFFIC_SECRET_0 9b83126dfbd633b5216f63af29d0af298aeeaa0ab30ec2e0c39e7ac7842d7072 38206cbed82a1923c23da16bd52ff27ceae4d780ebf2c8b896e364b7a4468c44
EXPORTER_SECRET 9b83126dfbd633b5216f63af29d0af298aeeaa0ab30ec2e0c39e7ac7842d7072 54502855028d6633532a66e2042e80e1f9481c827abfe626e5ba1ef64c9b3615
CLIENT_HANDSHAKE_TRAFFIC_SECRET 70902076fa77d1198a10d6fc4c57a62948439961b1f38e3c1cd9c63713116443 1f83586c6bb391c7f43e8699cf283652f99bfffe5fb04521a568fde151fc69db
SERVER_HANDSHAKE_TRAFFIC_SECRET 70902076fa77d1198a10d6fc4c57a62948439961b1f38e3c1cd9c63713116443 da1902c77d3fefef4fbc1f5fbed262b2a6482f2c9a86aae22b2f1dd685107a97
CLIENT_TRAFFIC_SECRET_0 70902076fa77d1198a10d6fc4c57a62948439961b1f38e3c1cd9c63713116443 6a5faab404ed02933d085dfd1234c5aafa60713522d82f865f0cf3095958ea5e
SERVER_TRAFFIC_SECRET_0 70902076fa77d1198a10d6fc4c57a62948439961b1f38e3c1cd9c63713116443 01f65703e91a72fa2d86cf60d5dc270c14b15566bb974f8459fb9b59caca8512
EXPORTER_SECRET 70902076fa77d1198a10d6fc4c57a62948439961b1f38e3c1cd9c63713116443 f0f1afbc51b387646510b6f5e702eed501c204437871dcf391394db9563e79f3
CLIENT_HANDSHAKE_TRAFFIC_SECRET 441b5992df063f19d735c1a4ef1aa1a33a56c5169693ad5219d0cd059eeb3024 3c5fbf6f09e9e62b2c3efe7f0509302270be295905f8c869aa52dd5fa69bbf8e
SERVER_HANDSHAKE_TRAFFIC_SECRET 441b5992df063f19d735c1a4ef1aa1a33a56c5169693ad5219d0cd059eeb3024 c2748942b4209b34d5fe61c3bc47f7b1632833e00eafc3bd53c2fa04b60157f1
CLIENT_TRAFFIC_SECRET_0 441b5992df063f19d735c1a4ef1aa1a33a56c5169693ad5219d0cd059eeb3024 8534e3eccfd8443325106b8e820a2f84586bb2ac5eeee99078d1448c4891e2ff
SERVER_TRAFFIC_SECRET_0 441b5992df063f19d735c1a4ef1aa1a33a56c5169693ad5219d0cd059eeb3024 ada6945d694d73362e524927d6cca6f2bd48d62dd55017ca996657592a78d6ad
EXPORTER_SECRET 441b5992df063f19d735c1a4ef1aa1a33a56c5169693ad5219d0cd059eeb3024 d067c26cfc4510d8fae27aabad046d98a1fb105158941fe15aef99bf7c060b39
CLIENT_HANDSHAKE_TRAFFIC_SECRET 621e75a7fe3862521cd1311495ace7c8b373ee506059de5af76e8f3f38daf90d aa550ea379e0bee01ad28b4d5d5cff4470b265ed6047db71e6a8923794def159
SERVER_HANDSHAKE_TRAFFIC_SECRET 621e75a7fe3862521cd1311495ace7c8b373ee506059de5af76e8f3f38daf90d 90b19d35386d07406187e047e84cb8e320afe2cca813e2961c51430dd76ec6f0
CLIENT_TRAFFIC_SECRET_0 621e75a7fe3862521cd1311495ace7c8b373ee506059de5af76e8f3f38daf90d 321ab44c5a19e72b091e1501ca33ab0b9de15bfca2bf340c020e76fd72c6bdb4
SERVER_TRAFFIC_SECRET_0 621e75a7fe3862521cd1311495ace7c8b373ee506059de5af76e8f3f38daf90d 2eb1c8ef5fcfd68baf8e04256a1b46e49eb5f7ffb6686fbd6d39e437678665e0
EXPORTER_SECRET 621e75a7fe3862521cd1311495ace7c8b373ee506059de5af76e8f3f38daf90d 258422687ed49485a67b256a84a3a621b272cfc7fbb7948f4a98f6a670f419df
CLIENT_HANDSHAKE_TRAFFIC_SECRET 245efd06429d81ddc706e500b348fc50bffb4dc1be27403fd5dccd932969fe6c 1cf61d843de2c31554b153823b62e4c95a74104f542c6ac189f5b3531053cf86
SERVER_HANDSHAKE_TRAFFIC_SECRET 245efd06429d81ddc706e500b348fc50bffb4dc1be27403fd5dccd932969fe6c 39a4b0252d546a2343a2689b1daf3e140fe7f32e3d64b71e2f474820021afee6
CLIENT_TRAFFIC_SECRET_0 245efd06429d81ddc706e500b348fc50bffb4dc1be27403fd5dccd932969fe6c b963f9b697d9ff4c3658a5511a59fe9ba4bbf547143fb39e546c921735a03d43
SERVER_TRAFFIC_SECRET_0 245efd06429d81ddc706e500b348fc50bffb4dc1be27403fd5dccd932969fe6c 17184f87d34888a7e3b6665bb1d27b7791fbff5575d3b3b6fc2696f77b21d556
EXPORTER_SECRET 245efd06429d81ddc706e500b348fc50bffb4dc1be27403fd5dccd932969fe6c 5de7186b15f70c881de44ac5493f0611babfe3891501b998ea7335e6a0f8edba
CLIENT_HANDSHAKE_TRAFFIC_SECRET 2ee3ebce369d340352b3d8c67f71dbaedc7f02de4d9da0f7cb76148cc3c78dfb 304e77952f559babd96a7aa6e6db15da79dde0fb9062cd7ee2cec73ad6721f865cd77d0f44d3dfa77be30970a955a899
SERVER_HANDSHAKE_TRAFFIC_SECRET 2ee3ebce369d340352b3d8c67f71dbaedc7f02de4d9da0f7cb76148cc3c78dfb 878c0ac57b14e56e74c2901ceadc0d5a368f0af0447e484930314fc11c90f7247816c5f2c5c038c0fef4438a1c2ea542
CLIENT_TRAFFIC_SECRET_0 2ee3ebce369d340352b3d8c67f71dbaedc7f02de4d9da0f7cb76148cc3c78dfb 0d4899338a65ae60f087910ba99675c069f24c0455d89ebf18442e3a054d909099e81784fb6051ebf6c408d63706e52d
SERVER_TRAFFIC_SECRET_0 2ee3ebce369d340352b3d8c67f71dbaedc7f02de4d9da0f7cb76148cc3c78dfb 5fd5165d3e9978c05e601b62edfb141a90edbc41651907616deca02fa0609183f5c673cedd476a8f3dd98be1dafbf6cc
EXPORTER_SECRET 2ee3ebce369d340352b3d8c67f71dbaedc7f02de4d9da0f7cb76148cc3c78dfb 8c8e7c8d1e0585b6ffb54d055d630430af463fbf3cc491f0ea7d59aa8dd0b7dc96f42a15098ba76d079d3e82b73cabd4
CLIENT_HANDSHAKE_TRAFFIC_SECRET becc75b8902a8d4bb8c71596a67eeacb08ca0c6dd4a01c0cb3ebfea8fbe5ef60 e40a8cd0b644987aa0f7c84b59c4b3d7f14ebff1e037a0c087d02e50770a1e5d
SERVER_HANDSHAKE_TRAFFIC_SECRET becc75b8902a8d4bb8c71596a67eeacb08ca0c6dd4a01c0cb3ebfea8fbe5ef60 d2a48edfb9e74e5f2601db8cc2757783cbba71558337b5350b9a8bd0024cd969
CLIENT_TRAFFIC_SECRET_0 becc75b8902a8d4bb8c71596a67eeacb08ca0c6dd4a01c0cb3ebfea8fbe5ef60 e43c3675c36eb0dfb71d699fa1aae3e95889cae6903bf1c410e6d02514ebf3e3
SERVER_TRAFFIC_SECRET_0 becc75b8902a8d4bb8c71596a67eeacb08ca0c6dd4a01c0cb3ebfea8fbe5ef60 a4de66f696f3d236e173b81c5bfea5f1aca21543442ef3ba331fe8f54cabd2fd
EXPORTER_SECRET becc75b8902a8d4bb8c71596a67eeacb08ca0c6dd4a01c0cb3ebfea8fbe5ef60 c68f2ea54b7bc94230104e4181027707994d810f5bb74d8ec4cac6954e0f97d0
CLIENT_HANDSHAKE_TRAFFIC_SECRET 4d92462fe210360494abc1d4abbf8566cd85464cdede482164227c3b89d4c7b3 8499948f7d4e37dbab8bfdf5f0d52ca2ee7676c9caf4049f1532def75966a23815bc48a501f14dbd7dd1dd3b78a2f1c3
SERVER_HANDSHAKE_TRAFFIC_SECRET 4d92462fe210360494abc1d4abbf8566cd85464cdede482164227c3b89d4c7b3 08ff4e7a2b4326fc12b6ae881195b397547d4556bef13afda2b01406d80bd335cfd71cdad7dc26de92977e0fc3aaefcf
CLIENT_TRAFFIC_SECRET_0 4d92462fe210360494abc1d4abbf8566cd85464cdede482164227c3b89d4c7b3 d3aed8967b6119ca306fac9f9bfdc0335f7d7c82ccd50dd7dd2c84c98a13e11c1e60a8db0f141d532ef6ea26f306cba2
SERVER_TRAFFIC_SECRET_0 4d92462fe210360494abc1d4abbf8566cd85464cdede482164227c3b89d4c7b3 d53153e8e6424148f5405a4159f0f03cece1887e1fe204c00d9daaae4ac37ef5709d027ae95faf6289207c695fb947fb
EXPORTER_SECRET 4d92462fe210360494abc1d4abbf8566cd85464cdede482164227c3b89d4c7b3 602fd6b392adb68f8c0b586e57dba0d4541d1b1e98486187bab8641c273ccdfe64493c91653d76ae884c5f8d98d53afe
CLIENT_HANDSHAKE_TRAFFIC_SECRET 3291eb8591268e240508d57fd6cbfe937ea3f5766cdfc266312a13382ee8a179 1e7ea9fcfe8f06e33ae8717ed118ad9d33a34554aa1df8006079c1b192e5add8
SERVER_HANDSHAKE_TRAFFIC_SECRET 3291eb8591268e240508d57fd6cbfe937ea3f5766cdfc266312a13382ee8a179 406828bc2582c782fb6ae55ffa430aa4b722ebd553d918ace548e8de510c3740
CLIENT_TRAFFIC_SECRET_0 3291eb8591268e240508d57fd6cbfe937ea3f5766cdfc266312a13382ee8a179 12c824b973b31d702a83083a26c51c808eecdb6c837e00c3a50c69e6f0e48b77
SERVER_TRAFFIC_SECRET_0 3291eb8591268e240508d57fd6cbfe937ea3f5766cdfc266312a13382ee8a179 061b5b264003b0204506889a5061eddcf90b5760d0b2074c103364f8a53a5e4d
EXPORTER_SECRET 3291eb8591268e240508d57fd6cbfe937ea3f5766cdfc266312a13382ee8a179 95ea1f5892e3f67b270f731f6f446f9a740940af0740ddc58e5659772c6a6765
CLIENT_HANDSHAKE_TRAFFIC_SECRET 71a42f25cfa60ccd9a942373abdff87d98708d436143ee2a98205ffbb076f650 3564822d3f193cc4e0a300e16e41e5b7c0d6261a377a7ed68be569b3e562c1e1
SERVER_HANDSHAKE_TRAFFIC_SECRET 71a42f25cfa60ccd9a942373abdff87d98708d436143ee2a98205ffbb076f650 0efc553222b6c5e4f1af66e3d64a9687c183cb0de4b91233def858bbce4cc9c7
CLIENT_TRAFFIC_SECRET_0 71a42f25cfa60ccd9a942373abdff87d98708d436143ee2a98205ffbb076f650 5b29367483396dc70ac36bb2d2adcdb388da7aec9b66ad9d109e31abfb8717ee
SERVER_TRAFFIC_SECRET_0 71a42f25cfa60ccd9a942373abdff87d98708d436143ee2a98205ffbb076f650 df5fcc037ba6e1a360212a0c7472b008eaef16b14bd80026b6cc098afd92c1e4
EXPORTER_SECRET 71a42f25cfa60ccd9a942373abdff87d98708d436143ee2a98205ffbb076f650 29ddc24faaba7af40f9951fb3b0aa9f94b87c8ef8533ed7f61dc5c1c077af999
CLIENT_HANDSHAKE_TRAFFIC_SECRET dd1c066d018b7b446f79c0541194e54ff795519939f634b9312b6c061d9fdb2a b252077bb05d6e92efeba0f148f419a4150e3cba65cfa0b9aa545e479449dd80
SERVER_HANDSHAKE_TRAFFIC_SECRET dd1c066d018b7b446f79c0541194e54ff795519939f634b9312b6c061d9fdb2a f706d762b2b5e8d0062afd06feeae056aee60d3ab4d663e7d6416b3bea90e2f0
CLIENT_HANDSHAKE_TRAFFIC_SECRET 4bcb19b392915d8af1ee31fe9350817827d036e53e4756649812bec6018c8a00 a27b20e44e614d50d29197e7574c9f521f93e608aa0724258b3f1ac323429a3c
SERVER_HANDSHAKE_TRAFFIC_SECRET 4bcb19b392915d8af1ee31fe9350817827d036e53e4756649812bec6018c8a00 b70cf0269f2e118cba194cb46499b11ae0d623fab88bc44f0dfd4c466a39d697
CLIENT_HANDSHAKE_TRAFFIC_SECRET a51262754c9295367f9673e7af23cceb4fac23ba5c500d049e7cfe9f786f934c b0ff5aaf812e0560176fb846a942ed9b3bdf3de61c0bcd514e33308bfe2c13e3
SERVER_HANDSHAKE_TRAFFIC_SECRET a51262754c9295367f9673e7af23cceb4fac23ba5c500d049e7cfe9f786f934c fbb3169cb664bdcd9cf06c0e83c858103491ecc0a636d1617697ec53e7a2427c
CLIENT_TRAFFIC_SECRET_0 dd1c066d018b7b446f79c0541194e54ff795519939f634b9312b6c061d9fdb2a 3b63535516323fdcb9ffcac5a02e4597ef417572cbd8fdd72451563360290e5b
SERVER_TRAFFIC_SECRET_0 dd1c066d018b7b446f79c0541194e54ff795519939f634b9312b6c061d9fdb2a a2c7ad8811e1462a3c09db9cc78b4629a14c2288fb089853412663252d3bd64a
EXPORTER_SECRET dd1c066d018b7b446f79c0541194e54ff795519939f634b9312b6c061d9fdb2a 2c1ae32299c9e04d19fd4a351a21dc1a29701b66b97d4e7ca37b0f176d7059e7
CLIENT_TRAFFIC_SECRET_0 4bcb19b392915d8af1ee31fe9350817827d036e53e4756649812bec6018c8a00 41e12ffe3114e8ecac20b1ea558da637328b79d8a43d48ede5c9551a1670f36d
SERVER_TRAFFIC_SECRET_0 4bcb19b392915d8af1ee31fe9350817827d036e53e4756649812bec6018c8a00 bf8c202e013565953cbadabe28d86ccf4a9b9ce804443551619e87be14944e40
EXPORTER_SECRET 4bcb19b392915d8af1ee31fe9350817827d036e53e4756649812bec6018c8a00 24baa7c5e5fc6ab5e5443ca6fe416d65acb93c608d344d779da8b6478c23542e
CLIENT_HANDSHAKE_TRAFFIC_SECRET 702c0dbcbdeb98e8d3dda092d681a4351b72c5708648fd48ffd3463b72bea563 753c3356dc7665ae1c40c1bb65ee5bc1d82cabadb0f3b051c9a8127a654daa8e
SERVER_HANDSHAKE_TRAFFIC_SECRET 702c0dbcbdeb98e8d3dda092d681a4351b72c5708648fd48ffd3463b72bea563 756c8cfaf697793558c88b2b5207495738da1bc2d48fff9bb7675d3ef2394252
CLIENT_TRAFFIC_SECRET_0 a51262754c9295367f9673e7af23cceb4fac23ba5c500d049e7cfe9f786f934c 4e4a381cd5e37c9e58f95b02cb8924b78bf4ac8df075494d9c8b0fb8b0ea6de2
SERVER_TRAFFIC_SECRET_0 a51262754c9295367f9673e7af23cceb4fac23ba5c500d049e7cfe9f786f934c 55b99b7918c1b58644f037eaa64e9538a8ad8d33e810489bf153cb745d5d3591
EXPORTER_SECRET a51262754c9295367f9673e7af23cceb4fac23ba5c500d049e7cfe9f786f934c 7fac4ecf7bfec979e87676d59635aa1fafa00c0b155036805db0190e2f1bea31
CLIENT_HANDSHAKE_TRAFFIC_SECRET f8d2f00628c8eb7d9af4caa187bada4371cb721aae843edddac4cd177688020d ef1bb9403a6ea0278d9c59c5586a223a3fa224938bc76452b0283e5eb1b27199
SERVER_HANDSHAKE_TRAFFIC_SECRET f8d2f00628c8eb7d9af4caa187bada4371cb721aae843edddac4cd177688020d 187373efed35c60dcfebc2933d831484ab39085749000ef702f0ebb0734825b3
CLIENT_TRAFFIC_SECRET_0 702c0dbcbdeb98e8d3dda092d681a4351b72c5708648fd48ffd3463b72bea563 c806d82d6dc17b8b19f9eb6fe868553d64094e1734eacc497d28c8c89412c1ca
SERVER_TRAFFIC_SECRET_0 702c0dbcbdeb98e8d3dda092d681a4351b72c5708648fd48ffd3463b72bea563 f9462c16f3b5800867ad94caab47f1691add44bbc37b6720bf8e24a38333779a
EXPORTER_SECRET 702c0dbcbdeb98e8d3dda092d681a4351b72c5708648fd48ffd3463b72bea563 2c443ca895106d7d7a0821602a289d082a6e71148852c265984a9ae5775e87ed
CLIENT_TRAFFIC_SECRET_0 f8d2f00628c8eb7d9af4caa187bada4371cb721aae843edddac4cd177688020d 198ae27a8e6e464b61a2bd5a1b4d50c87aa6e3ffb06db661c934a95a3e43f5ca
SERVER_TRAFFIC_SECRET_0 f8d2f00628c8eb7d9af4caa187bada4371cb721aae843edddac4cd177688020d 9b0426b87cfabf838b56f66fdcef8abb6d5aeae7c924d393845fa4aac800d206
EXPORTER_SECRET f8d2f00628c8eb7d9af4caa187bada4371cb721aae843edddac4cd177688020d eccd3bb7c15a70d9f8fba2be17b00d08a4280545cb8ced47c24d502c36661bcc
CLIENT_EARLY_TRAFFIC_SECRET 1dec1047da843c17705cfa2840ddffd566692482df2758643832c433b8bea042 8690b206cef3238b95e5270534e06021673f9f8fdc99699f9fea9342570d4e17
CLIENT_HANDSHAKE_TRAFFIC_SECRET 1f3e7ec12162956eb09603965ec6d5615c88dcaa6fa332dd67ceb0b032f53ffc 80738667ea5c89c1a06a7d66aa8e2365cf049ebe73305881b2b7306f45302225
SERVER_HANDSHAKE_TRAFFIC_SECRET 1f3e7ec12162956eb09603965ec6d5615c88dcaa6fa332dd67ceb0b032f53ffc be420dac64162953be7e2698ca0a0df5aadf8dea494784f0cff38f1422a9b6ff
CLIENT_TRAFFIC_SECRET_0 1f3e7ec12162956eb09603965ec6d5615c88dcaa6fa332dd67ceb0b032f53ffc dfc3bffeb04b630bc82d1d79344ad0f496e6c7cecdc7e9b3d80c755f7bc5b885
SERVER_TRAFFIC_SECRET_0 1f3e7ec12162956eb09603965ec6d5615c88dcaa6fa332dd67ceb0b032f53ffc 71c515e41069e8c2095afbeb5b3a9b3e0f85f6168a67f01c93b6947ef97c4b40
EXPORTER_SECRET 1f3e7ec12162956eb09603965ec6d5615c88dcaa6fa332dd67ceb0b032f53ffc d1bd970c2443ce711468a0950680dd6f45bd2bfdc428b5fc49d2c7ae826ed739
CLIENT_HANDSHAKE_TRAFFIC_SECRET 1dec1047da843c17705cfa2840ddffd566692482df2758643832c433b8bea042 269303d24eb53b25e1e2a76bd7a2cb7040c3ec4a50f16b007e7964f7f2802b1f
SERVER_HANDSHAKE_TRAFFIC_SECRET 1dec1047da843c17705cfa2840ddffd566692482df2758643832c433b8bea042 59f077cb58aa6a21d968a9618cb4595577ece5eae5e5f782bf753a4b09b5a0a8
CLIENT_TRAFFIC_SECRET_0 1dec1047da843c17705cfa2840ddffd566692482df2758643832c433b8bea042 f62c61724933a95b2cac6389ed9732ba71a9b596ebfc229198c99e1116c19ee0
SERVER_TRAFFIC_SECRET_0 1dec1047da843c17705cfa2840ddffd566692482df2758643832c433b8bea042 bf91daa4f555de789c7a69a97b9f5e339cd79c59bdc2f1d774f9dce8550c7804
EXPORTER_SECRET 1dec1047da843c17705cfa2840ddffd566692482df2758643832c433b8bea042 212d72ecf62a0304034f5a32e9f6e0474e2c287841587dedb3ba181e3759d72c
CLIENT_HANDSHAKE_TRAFFIC_SECRET 15fc6c0dde7d5d9818a9778fcbfe08707534849d2aa18748796c6b1180ea4aa8 9a23352a9bd02af0f58ed10882d7e8b32d66ca1d51cee347a25901a5019099f0
SERVER_HANDSHAKE_TRAFFIC_SECRET 15fc6c0dde7d5d9818a9778fcbfe08707534849d2aa18748796c6b1180ea4aa8 aa2b316a76bb45310472be10b0f91d07e911015ee7fd9642c876d109a5131a4e
CLIENT_TRAFFIC_SECRET_0 15fc6c0dde7d5d9818a9778fcbfe08707534849d2aa18748796c6b1180ea4aa8 593a53933d5ae38dfbc7b88a8e0466c097c32d19c4914e636294045873c1869c
SERVER_TRAFFIC_SECRET_0 15fc6c0dde7d5d9818a9778fcbfe08707534849d2aa18748796c6b1180ea4aa8 fc12f6b89ae4af67ed6bbb88155136b2f5257122d62ed7fb7cc480b845282bab
EXPORTER_SECRET 15fc6c0dde7d5d9818a9778fcbfe08707534849d2aa18748796c6b1180ea4aa8 4e94690fa390bce16ee366fa899e8a5033eecb683df95dc4869b73ed54ad178a
CLIENT_HANDSHAKE_TRAFFIC_SECRET 320309805241e12bfd62453dbafd9348fdb8a27145e44f8e0380df77c51d5a7d 6aa8b6f7570a21827b1149069fdcd6f8b2f4e20b0bf8560a337431cda0ffc281
SERVER_HANDSHAKE_TRAFFIC_SECRET 320309805241e12bfd62453dbafd9348fdb8a27145e44f8e0380df77c51d5a7d 73aa7e50357a09f0632f79fde9ffca0c1a23d639810e1e18db125c601030a39b
CLIENT_HANDSHAKE_TRAFFIC_SECRET 786e1040309edac5e053f72f9379e637a6e1d9022dc98e02316c4ba08151c85d a9580ed49c14705502795a6f4cbcaa3a98e768b1cdda212e514bbd489fe5d824
SERVER_HANDSHAKE_TRAFFIC_SECRET 786e1040309edac5e053f72f9379e637a6e1d9022dc98e02316c4ba08151c85d e4e9e831e458b5c4938a5a843ed7281f3fd1ac62e386435c91a6630470457a13
CLIENT_HANDSHAKE_TRAFFIC_SECRET 0ec9f8ad4f4594c187f02a94551e807b205661c2a3a5464ecf490124e37b03c7 458dfd8e025b0978f8886440e5d1fb2f561c38ea70d50671bb65106511900b26
SERVER_HANDSHAKE_TRAFFIC_SECRET 0ec9f8ad4f4594c187f02a94551e807b205661c2a3a5464ecf490124e37b03c7 5ca747392eab9ce136a45680401882e190cfac426dd270475f50ab9313de3389
CLIENT_TRAFFIC_SECRET_0 320309805241e12bfd62453dbafd9348fdb8a27145e44f8e0380df77c51d5a7d 9b740b45b1b976de5e998070afa52a8b9d83cdaadc54359e7eb291628796ad43
SERVER_TRAFFIC_SECRET_0 320309805241e12bfd62453dbafd9348fdb8a27145e44f8e0380df77c51d5a7d c7ab8e92747571890bc1189d7484339333d5f75ce5dfcd6386737c14c004dae8
EXPORTER_SECRET 320309805241e12bfd62453dbafd9348fdb8a27145e44f8e0380df77c51d5a7d 991d50377a57eba02e5990aece0d746e2745710ee6c22fcdc886480d0dabe0bd
CLIENT_TRAFFIC_SECRET_0 786e1040309edac5e053f72f9379e637a6e1d9022dc98e02316c4ba08151c85d 0373f73206930fc00d0f2c3d28a16792f505b2fa66b42a151c5f871f25dee75e
SERVER_TRAFFIC_SECRET_0 786e1040309edac5e053f72f9379e637a6e1d9022dc98e02316c4ba08151c85d 29ba87d2aba24c12b34f082d1169fbb9ca854c3b5001844518acaa549715268f
EXPORTER_SECRET 786e1040309edac5e053f72f9379e637a6e1d9022dc98e02316c4ba08151c85d 2af8f59dce41e5c55d77d2ec3b5a8fa56ea7a00e3467e480a15286752b1b352a
CLIENT_RANDOM e398c196d919019f6a83879ee64b757ef9ed9da5d0119059376899ffdcbdc0de ecb8281a074dc33406e9df498c22d788f8fac215127c92460bdc041a28f726bca8665381eba02e64c5e7f32282b151d6
CLIENT_TRAFFIC_SECRET_0 0ec9f8ad4f4594c187f02a94551e807b205661c2a3a5464ecf490124e37b03c7 42541d275f7aebdc9322a7a8951c474c43babc4b669d1ab5f7a059fa2dadb086
SERVER_TRAFFIC_SECRET_0 0ec9f8ad4f4594c187f02a94551e807b205661c2a3a5464ecf490124e37b03c7 07c8acb2fcf9f779623aebc32ab46fbfa3b8c3f8f195113705d4b1e0c0cb5c9e
EXPORTER_SECRET 0ec9f8ad4f4594c187f02a94551e807b205661c2a3a5464ecf490124e37b03c7 80e4d13917bf362f78d9fac2256e649c594927280697936f86755be59fbd9f74
CLIENT_HANDSHAKE_TRAFFIC_SECRET 950c11e9c23fea3253bb8a7d3b4e1665ce8e3dc41cde313d6ceeb4dba1d4ccab ceca00cb7957170317c65f76379adafe3240da8652e493dd376291f8a3b2a07c
SERVER_HANDSHAKE_TRAFFIC_SECRET 950c11e9c23fea3253bb8a7d3b4e1665ce8e3dc41cde313d6ceeb4dba1d4ccab bc6c28d22f2e2e681162823db14fc4fcb1f874a5c95cb5f8f3d2d9ea8a910f91
CLIENT_TRAFFIC_SECRET_0 950c11e9c23fea3253bb8a7d3b4e1665ce8e3dc41cde313d6ceeb4dba1d4ccab 0df66c1000840aa3a68e15ce8176cfb19466a4abbf6318a016289f8ae3f40edd
SERVER_TRAFFIC_SECRET_0 950c11e9c23fea3253bb8a7d3b4e1665ce8e3dc41cde313d6ceeb4dba1d4ccab e83cafa0726c26737e5365c4627bfcd4bc8ae9a6607d93b2c67efeea5c733301
EXPORTER_SECRET 950c11e9c23fea3253bb8a7d3b4e1665ce8e3dc41cde313d6ceeb4dba1d4ccab 8e103f268ed590dda6e674e83e62224c5ead2e39a15910a4c1f5ba19eff42378
CLIENT_RANDOM 6892d273e23a7b79954cbf4efcb0a2424d1367ecdcb187eebb076ed3d2b1dfae 144f24f12463fb479e22087e88c44effa462601538042127b1d3ba128afec91efa8375df292f8d951dd71c5af2503031
CLIENT_HANDSHAKE_TRAFFIC_SECRET d0852d413573fc74713e0b3f36f68b6f88a2fab75eadefad31cddb06978948f3 92b5082be988503641fc07e6266ac471141af64f9403177bb04a63018333ef64
SERVER_HANDSHAKE_TRAFFIC_SECRET d0852d413573fc74713e0b3f36f68b6f88a2fab75eadefad31cddb06978948f3 894764cd8ccc22ec802df7157954c5fb6c41d29409c76fa4fa152efa0cff47a0
CLIENT_TRAFFIC_SECRET_0 d0852d413573fc74713e0b3f36f68b6f88a2fab75eadefad31cddb06978948f3 c143562333048523dda2ee3b9beb7acaa6d64feeca7d069d89d32e3974ba680e
SERVER_TRAFFIC_SECRET_0 d0852d413573fc74713e0b3f36f68b6f88a2fab75eadefad31cddb06978948f3 bd8f11fb7064d491f99fc489791ea4950aab1c95c4da5fbf5a20b3ace0dfd7f1
EXPORTER_SECRET d0852d413573fc74713e0b3f36f68b6f88a2fab75eadefad31cddb06978948f3 54f3144fedaf9d5f0538c5470bacf2d3ec762cf9a10438f79d1782948959252f
CLIENT_HANDSHAKE_TRAFFIC_SECRET 64b136c79a474a234cb5954a72583d8247570fd8c73b4a1e34d9a0afcbeb3609 c3ac4e5ac807488229bd9143e013658b81cec44799da4311dff2ec23ed78e8d7
SERVER_HANDSHAKE_TRAFFIC_SECRET 64b136c79a474a234cb5954a72583d8247570fd8c73b4a1e34d9a0afcbeb3609 2fbb0f7f6392d5fcf96f6d90d55336c1b6b4a59a089951c58bb3c02f1367893a
CLIENT_TRAFFIC_SECRET_0 64b136c79a474a234cb5954a72583d8247570fd8c73b4a1e34d9a0afcbeb3609 d4675360588097e4a6f3fc2fb535d1b3b86bfa1e49061dab6eaea1616f7dc90f
SERVER_TRAFFIC_SECRET_0 64b136c79a474a234cb5954a72583d8247570fd8c73b4a1e34d9a0afcbeb3609 271c883228f1f391e4ca1f1aef4ea4c2c42cc1d7a69e49d14a9889ad0bb6ffcb
EXPORTER_SECRET 64b136c79a474a234cb5954a72583d8247570fd8c73b4a1e34d9a0afcbeb3609 a0a9737415cd1814be156c39e15c68d948e3a14c9aa144773dc8d4678dcb125c
CLIENT_HANDSHAKE_TRAFFIC_SECRET ce30f80d36b151f565ec50772b45432ec4ad45bbad0b80543bd98c5a6ccf6bf0 6813777abb58dc5abc69efcee1f6635e117427e820875efffad00676ed166414
SERVER_HANDSHAKE_TRAFFIC_SECRET ce30f80d36b151f565ec50772b45432ec4ad45bbad0b80543bd98c5a6ccf6bf0 00f76017f736ccf7153c2be0657fc5f89432d2ccd4c46ac943d85ab34e79b4ee
CLIENT_TRAFFIC_SECRET_0 ce30f80d36b151f565ec50772b45432ec4ad45bbad0b80543bd98c5a6ccf6bf0 6a9edadfbc216101c44a361692af5b7a4db7c1aa41562f03ab143b507fe8bf8e
SERVER_TRAFFIC_SECRET_0 ce30f80d36b151f565ec50772b45432ec4ad45bbad0b80543bd98c5a6ccf6bf0 63ae2b1cf692a800702d8074841282841514f3c55acd837475133acaaecc7543
EXPORTER_SECRET ce30f80d36b151f565ec50772b45432ec4ad45bbad0b80543bd98c5a6ccf6bf0 36f507e54ebf96c26e9059d366526418e71917048d5ec84844797df87d5fcdcf
CLIENT_HANDSHAKE_TRAFFIC_SECRET 75207b4c75b680de8bc45ed206035bca818a00c14a26fc3c4694b0fa2d1ff5d3 db8a70a0c89d51030f94e1de859866e7aa089f4d1284981528d6e9ecbb9ac919
SERVER_HANDSHAKE_TRAFFIC_SECRET 75207b4c75b680de8bc45ed206035bca818a00c14a26fc3c4694b0fa2d1ff5d3 0c8339731b189dd96ef6bf8a81b89f4a2318bddf404506f0f69f36e9f0b1d6ac
CLIENT_TRAFFIC_SECRET_0 75207b4c75b680de8bc45ed206035bca818a00c14a26fc3c4694b0fa2d1ff5d3 97273efc5b7e66367c72e77c9803e287c66506339f89f95adbf4d7c2911ed15b
SERVER_TRAFFIC_SECRET_0 75207b4c75b680de8bc45ed206035bca818a00c14a26fc3c4694b0fa2d1ff5d3 04e21ef8917bfdb03ac25946af63a04b9ec665986f078bfe42612ef6135c6939
EXPORTER_SECRET 75207b4c75b680de8bc45ed206035bca818a00c14a26fc3c4694b0fa2d1ff5d3 53bff7e381a504de503fd58347c5ece1b2914dcbc23ebde663419aab8519d78e
CLIENT_HANDSHAKE_TRAFFIC_SECRET fff5716180c87a6e3b3a144cd4f8e96f62a9d826554183435272e6b32620aa5e d5e7aef783e4e73b7fa1f1a1a184fd6ce1ef514847e859488f606ad1e2c46a44
SERVER_HANDSHAKE_TRAFFIC_SECRET fff5716180c87a6e3b3a144cd4f8e96f62a9d826554183435272e6b32620aa5e 9be0fabdbff5997ab68f3adc85448e9ec321b711fbaca04b750d68aee9d46bc4
CLIENT_TRAFFIC_SECRET_0 fff5716180c87a6e3b3a144cd4f8e96f62a9d826554183435272e6b32620aa5e 7312df84bf8e79e4d2ac554807bb37b6202e8e5a4feb83a29bc92f7b3b5407b9
SERVER_TRAFFIC_SECRET_0 fff5716180c87a6e3b3a144cd4f8e96f62a9d826554183435272e6b32620aa5e d9a0936f9a5c5e83d926dba4535cc8570334f1563cb09b75ff071912b8ea780f
EXPORTER_SECRET fff5716180c87a6e3b3a144cd4f8e96f62a9d826554183435272e6b32620aa5e 3cd5cf5721024ad1325c0ce2a583c4e4e1e648c155428d8cf71d88632b324725
CLIENT_HANDSHAKE_TRAFFIC_SECRET 404701102a20be161e03313db8b6db805e49b038b6631b3e7923a47e836b9cd3 69e0da2012b72fd6fd54e9155ce329aeb7f552d205a6901be8dcef04dff6e6d6
SERVER_HANDSHAKE_TRAFFIC_SECRET 404701102a20be161e03313db8b6db805e49b038b6631b3e7923a47e836b9cd3 41d889b14e16153c8e7bde935a196bc5cd36f31235a3ce2b7d12ecdd050fecc8
CLIENT_HANDSHAKE_TRAFFIC_SECRET 4c5ee2878279a06a8c8557097614bc934a19509c54c31aaf47d8585f717b4735 eca23c71c69d6c5879cac8e6aae66b3318561c50f54b85d9cc9e90787f38c74f
SERVER_HANDSHAKE_TRAFFIC_SECRET 4c5ee2878279a06a8c8557097614bc934a19509c54c31aaf47d8585f717b4735 f75f30a2e70b7501a682200ca6515bea015d3ba6e2b8b698e00dfb680e94f109
CLIENT_TRAFFIC_SECRET_0 4c5ee2878279a06a8c8557097614bc934a19509c54c31aaf47d8585f717b4735 06b6d8d5ca58cf49470b963e8c8a02f922d7a6cd1db15736cfb59251e9d58297
SERVER_TRAFFIC_SECRET_0 4c5ee2878279a06a8c8557097614bc934a19509c54c31aaf47d8585f717b4735 d78afbb24f59267d2eb5a069112ad5885b1cbebe081b245b874ed20878863b8e
EXPORTER_SECRET 4c5ee2878279a06a8c8557097614bc934a19509c54c31aaf47d8585f717b4735 166f08a8793491b7e8890ac4c4078ae6c72623131abaa8ecde3a0f9e58274f70
CLIENT_TRAFFIC_SECRET_0 404701102a20be161e03313db8b6db805e49b038b6631b3e7923a47e836b9cd3 74edcb42ce6eef07284a178ae5b6755f200538ab774648efc9d4322a48eae8d2
SERVER_TRAFFIC_SECRET_0 404701102a20be161e03313db8b6db805e49b038b6631b3e7923a47e836b9cd3 7a64be6de06e51f2692b8122fd03df237df49a50a436acb9b39a74a8c2df29a7
EXPORTER_SECRET 404701102a20be161e03313db8b6db805e49b038b6631b3e7923a47e836b9cd3 4f7a148785989eff2ef9da8c7fbb848b57ab6607beca478c34566ed285459069
CLIENT_HANDSHAKE_TRAFFIC_SECRET 39396b41424811d22681f0f9120cb1cba0e3cc77d5a934ccd8893d71fa835526 ce34e20ede4bd81cdfedd4539ef9bef3f0ca8d1589f6228d5d2f1fb7585fe7e4
SERVER_HANDSHAKE_TRAFFIC_SECRET 39396b41424811d22681f0f9120cb1cba0e3cc77d5a934ccd8893d71fa835526 d7f454a5bd4840579de1d49ca3f54eddc898d6be5232087329178374a4c3f21c
CLIENT_TRAFFIC_SECRET_0 39396b41424811d22681f0f9120cb1cba0e3cc77d5a934ccd8893d71fa835526 ef8fc8396fc23d62242aa6f180042c9d36286beaa341042687c1397c4ff5d730
SERVER_TRAFFIC_SECRET_0 39396b41424811d22681f0f9120cb1cba0e3cc77d5a934ccd8893d71fa835526 da55376c51628f20eda1000a87e0459367288eacaac99e6fb7808be764f0d923
EXPORTER_SECRET 39396b41424811d22681f0f9120cb1cba0e3cc77d5a934ccd8893d71fa835526 ad219903a5b0cef73505613c77c6aaaebc24b0b04d3c6e81d7ce1486522d67b5
CLIENT_HANDSHAKE_TRAFFIC_SECRET c98145c284a560e6d6ed08a4b481eaed332c4523f957d8d56e85a560c205570e fe2fa6c764783a1cb289ae46dd69119ac3885f80faca175f3a86633b32c037ef
SERVER_HANDSHAKE_TRAFFIC_SECRET c98145c284a560e6d6ed08a4b481eaed332c4523f957d8d56e85a560c205570e b8c15c33441f86f04afbfa122a6e4c324c5e054f09b1f336fa8b44467a663c08
CLIENT_TRAFFIC_SECRET_0 c98145c284a560e6d6ed08a4b481eaed332c4523f957d8d56e85a560c205570e a46a1493225566dc3e57f664774e66c788d0bb8584d0992b5ea65eed21825170
SERVER_TRAFFIC_SECRET_0 c98145c284a560e6d6ed08a4b481eaed332c4523f957d8d56e85a560c205570e 1bb434cb781db071b7b4642b7879721a02a5b8e6264060e4f92268851b57dccc
EXPORTER_SECRET c98145c284a560e6d6ed08a4b481eaed332c4523f957d8d56e85a560c205570e b18c3434c3cd1dca6bccacbb01e3b8bcc1f03ee6708ac7c0ce5c14690a4395ae
CLIENT_HANDSHAKE_TRAFFIC_SECRET 3c4d519bb42082fb72a254628b3a8fe9e8a517c893a0816c5e811a25ec0ece9d 758a97cd0d7ed269246f8f3b13dd4a8fb859b45f4bb00b77736a13496965bf3f
SERVER_HANDSHAKE_TRAFFIC_SECRET 3c4d519bb42082fb72a254628b3a8fe9e8a517c893a0816c5e811a25ec0ece9d 660a3d0e6704e9ab4ef02a42703c079a6f6df894c858b011be87468dcff77233
CLIENT_HANDSHAKE_TRAFFIC_SECRET 5249776ff149df149c6ae44d73ce1529ae45ef006559797b775fed7aeefcc492 20fc34d7f13295941d4c453fb2dd215b66ea435ca745e0f18d9559f2ec7ba40e
SERVER_HANDSHAKE_TRAFFIC_SECRET 5249776ff149df149c6ae44d73ce1529ae45ef006559797b775fed7aeefcc492 cce03fe5dbf45bf92a32dd0367e359da7ac8dff6ca69684733063805e91f7137
CLIENT_HANDSHAKE_TRAFFIC_SECRET 6a9d58762282d82a66c12c9d1cf791a85ffe74a6677e288e11e35508df7fb32b d346af627ca90b76b0d9f143587705110ae7b85cde17a909ad3d31365d109c30
SERVER_HANDSHAKE_TRAFFIC_SECRET 6a9d58762282d82a66c12c9d1cf791a85ffe74a6677e288e11e35508df7fb32b 061cf6b11312e4699f9411fa3e3697c941ca88b31052ff39759d8e0275680d73
CLIENT_TRAFFIC_SECRET_0 3c4d519bb42082fb72a254628b3a8fe9e8a517c893a0816c5e811a25ec0ece9d 3bff37b6ef817a6ad334be848e74637162588d0069fcbc955f42b5482ea3f7d4
SERVER_TRAFFIC_SECRET_0 3c4d519bb42082fb72a254628b3a8fe9e8a517c893a0816c5e811a25ec0ece9d c0dcae22c1bd8e262242f90f3d44b6d491cace1b63622a80e566364ad150cf7e
EXPORTER_SECRET 3c4d519bb42082fb72a254628b3a8fe9e8a517c893a0816c5e811a25ec0ece9d 73095e3b8a3b7b9854c2a097c6ea91612b55f966386b9a98f421d765e15114c7
CLIENT_TRAFFIC_SECRET_0 6a9d58762282d82a66c12c9d1cf791a85ffe74a6677e288e11e35508df7fb32b 7613481eb67dc49d443e048158cee5019143f5397e77b1fc73dd9d9ccbff7512
SERVER_TRAFFIC_SECRET_0 6a9d58762282d82a66c12c9d1cf791a85ffe74a6677e288e11e35508df7fb32b 728a6a53cb55b05f347379b3d9acb022ae898d446e07646e651b7ed3e8d285f8
EXPORTER_SECRET 6a9d58762282d82a66c12c9d1cf791a85ffe74a6677e288e11e35508df7fb32b 528f95b847ac1590f998870898423e731729830dd631a59ab8a45d633ae37ee4
CLIENT_TRAFFIC_SECRET_0 5249776ff149df149c6ae44d73ce1529ae45ef006559797b775fed7aeefcc492 ff0566386f4ab942bb077b1b7dc563d8c2b1607fdc167b2176a5093f1c1459b0
SERVER_TRAFFIC_SECRET_0 5249776ff149df149c6ae44d73ce1529ae45ef006559797b775fed7aeefcc492 3d39e2fbcd82317f4a76eddb21fd112bd4c2dd85c55a885a4324c020e7ab0152
EXPORTER_SECRET 5249776ff149df149c6ae44d73ce1529ae45ef006559797b775fed7aeefcc492 e4114de1207d27d325fa4db546d67a3bceda29c07ddb30e676a6b3061539d06f
CLIENT_HANDSHAKE_TRAFFIC_SECRET aa7b65425370272834df122ab4ca790b41611c78018e559abbb9680ae4a2ec50 53bb53f50fb8e0b881761c576164116b27d3601e2fde34209845048847f61158
SERVER_HANDSHAKE_TRAFFIC_SECRET aa7b65425370272834df122ab4ca790b41611c78018e559abbb9680ae4a2ec50 12f3f03023c9b13f8d800dec210bbd46874c1da2b303ae55a4ed9a2cf0e3977d
CLIENT_TRAFFIC_SECRET_0 aa7b65425370272834df122ab4ca790b41611c78018e559abbb9680ae4a2ec50 77e8a62f84ca00632490b7e04569a19d629abc49ded1c87c4e35de9969856554
SERVER_TRAFFIC_SECRET_0 aa7b65425370272834df122ab4ca790b41611c78018e559abbb9680ae4a2ec50 31767b34fe292287cf6ba620f729a06ae1583440b8c9049e67d9f495ee40b2a8
EXPORTER_SECRET aa7b65425370272834df122ab4ca790b41611c78018e559abbb9680ae4a2ec50 d96e51e2f2e4e64e243ad7141de811182921003c2909827b4d416d79d1bbcedb
CLIENT_EARLY_TRAFFIC_SECRET b8bc64efa209a3de966dc3c87d9d7881d062636ba1f1190347e099e85ef4ea52 4d21ff1f9f657676f6752d7cbdb8f1653bcfa80a7f1434b8e93da9a3a4f1e00c
CLIENT_HANDSHAKE_TRAFFIC_SECRET 91c1b64b0792d5a578e672560000457dda905e3a90d5aec2ef979cef57989b20 44b1901650d2ca08cece8774a317de3e80812cba100c75d181d96bf48cb44ce5
SERVER_HANDSHAKE_TRAFFIC_SECRET 91c1b64b0792d5a578e672560000457dda905e3a90d5aec2ef979cef57989b20 267b19b0e1b2770ad8585a657a34e1d8ddfcf7673ab74e3b2ce830c189f8f276
CLIENT_TRAFFIC_SECRET_0 91c1b64b0792d5a578e672560000457dda905e3a90d5aec2ef979cef57989b20 e1722fa93bd22f323e1a1ce900d63b49f6a1ac854e00a7866e590f4804196759
SERVER_TRAFFIC_SECRET_0 91c1b64b0792d5a578e672560000457dda905e3a90d5aec2ef979cef57989b20 59caa2700304cac7c1c46021721518a289bd4007bd5c70ba97f4ee4128d5acfc
EXPORTER_SECRET 91c1b64b0792d5a578e672560000457dda905e3a90d5aec2ef979cef57989b20 88b6f0f71f15e32c3a96c9d18265e722f7349e440a676e2d8b67f13f4282104f
CLIENT_HANDSHAKE_TRAFFIC_SECRET b8bc64efa209a3de966dc3c87d9d7881d062636ba1f1190347e099e85ef4ea52 58854ae2b5adf4d34c222633a35cadbc1c8a36dcb67a7a503efee4e73a5a75a6
SERVER_HANDSHAKE_TRAFFIC_SECRET b8bc64efa209a3de966dc3c87d9d7881d062636ba1f1190347e099e85ef4ea52 cacba5f66cf570bd44fa852fa8e367cf4daf61d2226b4e0974406eb55c7fe7eb
CLIENT_TRAFFIC_SECRET_0 b8bc64efa209a3de966dc3c87d9d7881d062636ba1f1190347e099e85ef4ea52 b365ee1817791688230529cb74c20c7b4aadffe02726d0f1c5a1150c09c2dbdf
SERVER_TRAFFIC_SECRET_0 b8bc64efa209a3de966dc3c87d9d7881d062636ba1f1190347e099e85ef4ea52 430bf72c3ae7b97a47b4059d5666b9b083ec2bd762b3af94587bf09249241d8e
EXPORTER_SECRET b8bc64efa209a3de966dc3c87d9d7881d062636ba1f1190347e099e85ef4ea52 7a7668f773049357720a37f5d8ae3ccfb0f19ef700334eb96786a4edcc52631c
CLIENT_HANDSHAKE_TRAFFIC_SECRET 083c1acf377f78a7f6057822407029869f876846bb5df0677d91dcee1390afd8 2b4d3d076fc0fab87d509722cb924c7c78c4f205d7ef685f6e79cc0ee0a6453a
SERVER_HANDSHAKE_TRAFFIC_SECRET 083c1acf377f78a7f6057822407029869f876846bb5df0677d91dcee1390afd8 5e2facd57e3a3b30e39108c44024a3ce6343beba800d800e3ddebec225dd7b82
CLIENT_TRAFFIC_SECRET_0 083c1acf377f78a7f6057822407029869f876846bb5df0677d91dcee1390afd8 78fadbe5bae16011fc64566f794c7daa2d156777daf8ebe946f3281c0c274020
SERVER_TRAFFIC_SECRET_0 083c1acf377f78a7f6057822407029869f876846bb5df0677d91dcee1390afd8 2aa9f5e68f88961a1cf200aa379f42a91cddf3fc47be5a97dce8730b09970172
EXPORTER_SECRET 083c1acf377f78a7f6057822407029869f876846bb5df0677d91dcee1390afd8 06520b27d303306bbd510c68e2c51e786c3fa31f4cc162692447eab575a93c4c
CLIENT_HANDSHAKE_TRAFFIC_SECRET b326017987396d0957d52308eed580cca445ec05db815ce3e42dae92421cc7dc ae3780788a02e2c39fc8890aaf08dd8faff1ddadc4c09e5a5bc68ba2a531beda
SERVER_HANDSHAKE_TRAFFIC_SECRET b326017987396d0957d52308eed580cca445ec05db815ce3e42dae92421cc7dc bf4d7195cde06a3b54f898cee29cabae0c068f5d7c7a88dd0a8a78bb02b53653
CLIENT_TRAFFIC_SECRET_0 b326017987396d0957d52308eed580cca445ec05db815ce3e42dae92421cc7dc 9e05a8210984a65d738292f843d948b81c57e8545f51866189c01f2ae7d7b58b
SERVER_TRAFFIC_SECRET_0 b326017987396d0957d52308eed580cca445ec05db815ce3e42dae92421cc7dc 0810ac70a1878f89a86d5a67053c2010169d215321546d10ecdcdc14891cd693
EXPORTER_SECRET b326017987396d0957d52308eed580cca445ec05db815ce3e42dae92421cc7dc b4bc052d5edaa4e8fd3817b1b67e4fbd2e5889b1fdd5f69c15e8e70a07fd3324
CLIENT_HANDSHAKE_TRAFFIC_SECRET 44f772f3710b56035b93b35b902022936ec05dbd3d7603d217f5b9b847e20a09 6767886dac43f6d8ecf1acdfaf9dfd284916e9dcced9144075afc1fbeeb347e5
SERVER_HANDSHAKE_TRAFFIC_SECRET 44f772f3710b56035b93b35b902022936ec05dbd3d7603d217f5b9b847e20a09 2783ac443c426e734ccb327d49b66ee868846316b03d8608104d2c8aabb7326a
CLIENT_TRAFFIC_SECRET_0 44f772f3710b56035b93b35b902022936ec05dbd3d7603d217f5b9b847e20a09 d282c421fea7b5612b1a96cbde3e0aaaaefc76d3d1659ebefedad3dfaba678ea
SERVER_TRAFFIC_SECRET_0 44f772f3710b56035b93b35b902022936ec05dbd3d7603d217f5b9b847e20a09 15aaea607c7de5af9e400d961096fa8de21e1984ba72407d12ed39aea7032b89
EXPORTER_SECRET 44f772f3710b56035b93b35b902022936ec05dbd3d7603d217f5b9b847e20a09 1371e36458eed6b9237aab482c31a47da51c7774ded0ae095c699ace00444475
CLIENT_HANDSHAKE_TRAFFIC_SECRET 70685bfde13a5f26d196d09da547eacc23f12c5729e317eb8fa729e552fa4dc2 7d33e9f12d77e4608e8ae8bbea539cdb3dad260b02e02c5dad30cdb8a36ef503
SERVER_HANDSHAKE_TRAFFIC_SECRET 70685bfde13a5f26d196d09da547eacc23f12c5729e317eb8fa729e552fa4dc2 70cf8980db9dc5152c7a8fd15d99c07b02a28e1b2503ed9f0933d60f0cf82aee
CLIENT_TRAFFIC_SECRET_0 70685bfde13a5f26d196d09da547eacc23f12c5729e317eb8fa729e552fa4dc2 cb3665f8042f9d252adb83d3501797041f78cf56c0c900f0ac47b34d7c706efe
SERVER_TRAFFIC_SECRET_0 70685bfde13a5f26d196d09da547eacc23f12c5729e317eb8fa729e552fa4dc2 21adef4169dacb3ae634d2304d8a9c763a9f8dc54c4e24c5979c37f8a65ed5ab
EXPORTER_SECRET 70685bfde13a5f26d196d09da547eacc23f12c5729e317eb8fa729e552fa4dc2 cac0eef543e3fc752876b0dbf8f817e2cd66dd008c9afced7bc147783143a0aa
CLIENT_HANDSHAKE_TRAFFIC_SECRET 71b69e141304b4e91673fe8848a7bbd5895325f9c0ee6351d212c07bf6de371d 1bb5d4d8f6b6cf5461d517fa66c7b1cc0c37bef719507b9461621d41f8199a14
SERVER_HANDSHAKE_TRAFFIC_SECRET 71b69e141304b4e91673fe8848a7bbd5895325f9c0ee6351d212c07bf6de371d 66639b6cf457c7ec9301aa2b6e8bf84c9af79563cd7e0f21289f94ba6514bffe
CLIENT_TRAFFIC_SECRET_0 71b69e141304b4e91673fe8848a7bbd5895325f9c0ee6351d212c07bf6de371d afbd5c09e019197ac54141679fc075fc6fea8c8ca947eb2f7b2f18a570f724b6
SERVER_TRAFFIC_SECRET_0 71b69e141304b4e91673fe8848a7bbd5895325f9c0ee6351d212c07bf6de371d f9475c9c6617ce50f5f04b5ecaae5a17406c0c0de8fc9afa9262222c458a1b76
EXPORTER_SECRET 71b69e141304b4e91673fe8848a7bbd5895325f9c0ee6351d212c07bf6de371d 1603704fd0caa8deee9a1426afcc16d9c7061dd1d40d0dc984d674a573b587ba
CLIENT_RANDOM c943fc703aede7d1c204c6231b90582924d50225384ac51a8aca22f7d629e0ca c7d435a15c4c2fb2926345ea5cda57c8024549e2cb2497567ef7d63f8ea7e1902dc4ab698aab8cd099aab7b7190e69b3
CLIENT_HANDSHAKE_TRAFFIC_SECRET 7c0168ec6391df80d96a5bf68c4c05eb61d5cc296b5291e43cf30b4c2fd70ebb d78530c386810da56b5eb4a35e8e41a851324a13f8e2ef27496b8d6496126425
SERVER_HANDSHAKE_TRAFFIC_SECRET 7c0168ec6391df80d96a5bf68c4c05eb61d5cc296b5291e43cf30b4c2fd70ebb 8dd88e856ddc8a4ac23b85ab28485c5e7523c730a31d92b4b60b96187239d68c
CLIENT_TRAFFIC_SECRET_0 7c0168ec6391df80d96a5bf68c4c05eb61d5cc296b5291e43cf30b4c2fd70ebb 1c3e4e4596bd5d40034b4705730a5e5c1b469e2bf21be4252392d0a2048cb91a
SERVER_TRAFFIC_SECRET_0 7c0168ec6391df80d96a5bf68c4c05eb61d5cc296b5291e43cf30b4c2fd70ebb 5d134257cdc2e111295cd78a08eb3e719302da9e8742ccc5b2995178d033b9fc
EXPORTER_SECRET 7c0168ec6391df80d96a5bf68c4c05eb61d5cc296b5291e43cf30b4c2fd70ebb 2c984f7014c94eed2c4c00c3c71f36fd8828102b4292cc01a7324505c5e67635
CLIENT_HANDSHAKE_TRAFFIC_SECRET ccade459055d8f6499e615278f1fca044cef44bfdd285702143a16a5d3a67b27 8ca47171dd8e6eb2fe5f1094f59c76904585655e0c2cff3984105dd0ef673f94
SERVER_HANDSHAKE_TRAFFIC_SECRET ccade459055d8f6499e615278f1fca044cef44bfdd285702143a16a5d3a67b27 d801eb0d7c541c05a3a9cb1d976a9789d6ebaa9cc460b0b13af6b7bd082304e6
CLIENT_TRAFFIC_SECRET_0 ccade459055d8f6499e615278f1fca044cef44bfdd285702143a16a5d3a67b27 79d4954c4e6ede324b6e980b9be9064f8d61a6180a1038acae42516d466b0c3e
SERVER_TRAFFIC_SECRET_0 ccade459055d8f6499e615278f1fca044cef44bfdd285702143a16a5d3a67b27 d162f2fe04e338d867facb6f1ed8864b90b93a21bd7bae68fb6fa6e3c08825ae
EXPORTER_SECRET ccade459055d8f6499e615278f1fca044cef44bfdd285702143a16a5d3a67b27 01770dfec59adca6f6f75ec58748772c9733f322b5d0963903734c0fca86bcfb
CLIENT_HANDSHAKE_TRAFFIC_SECRET 47f8b6bbc1b5f8b37eb427485fb5e1c68891c38d82c35a11c2ca56eab44f4069 9dab67bb38b137acea8e1a9c8da96118bc8dc5efd5555bb594793bc08df93c39c0bee4afbcd7180f9684c1b9eb905f94
SERVER_HANDSHAKE_TRAFFIC_SECRET 47f8b6bbc1b5f8b37eb427485fb5e1c68891c38d82c35a11c2ca56eab44f4069 8981013cf7f221530075557acd28732c6a739038c1d70fe8668a6a8d8fd202b64acad3ea2e0062260ff515fd7011f15d
CLIENT_TRAFFIC_SECRET_0 47f8b6bbc1b5f8b37eb427485fb5e1c68891c38d82c35a11c2ca56eab44f4069 badc78fbb496b795dc5492ac86e7149030f3a89b2ec6cd75a43b4fb5e5eb2102bcb76dbfb3aa64ba6109fcf10a4908bf
SERVER_TRAFFIC_SECRET_0 47f8b6bbc1b5f8b37eb427485fb5e1c68891c38d82c35a11c2ca56eab44f4069 55deec23fb407c841885f78ee8a18787ea022e49c7fb5ed197e9c5afabad72a3d56bdaac4643a401674ed58a03783a24
EXPORTER_SECRET 47f8b6bbc1b5f8b37eb427485fb5e1c68891c38d82c35a11c2ca56eab44f4069 b997b3f8ca09fa50520920dec5e62f788cd5743d90db64d6ca0cce9e2b41da0ca1304199cfa3714e0bbb563eed8598b2
CLIENT_HANDSHAKE_TRAFFIC_SECRET 40485f0c569c1aab3b0c1f56da0ac493e410a0a234caf70ce6e3cfeb29aacf39 8d24877ebd0e7985b5050d897595766275704bc0165f200ad6e8708dc307a29c
SERVER_HANDSHAKE_TRAFFIC_SECRET 40485f0c569c1aab3b0c1f56da0ac493e410a0a234caf70ce6e3cfeb29aacf39 ad22ebbca86c7bd6775854eea97a3d6b80e12db89d0c45beb1aa42f8e02d2f9c
CLIENT_HANDSHAKE_TRAFFIC_SECRET 2110f771131ed15351b6a68330184dfc04d1011328bc1154e882f5d2f482f11d 10482c47030479bb90496b6d42ef300e371e0927a772168e27d035ff20ba329f
SERVER_HANDSHAKE_TRAFFIC_SECRET 2110f771131ed15351b6a68330184dfc04d1011328bc1154e882f5d2f482f11d 453fcb50118ed5dc42a0e80d65dfff5de4ac38c7af8a312b590735619cbb19ad
CLIENT_TRAFFIC_SECRET_0 2110f771131ed15351b6a68330184dfc04d1011328bc1154e882f5d2f482f11d 91a6db61eca5c6681f7280a0eefbbc879eb0e50d77a9a7b4b520953eb6b30fa9
SERVER_TRAFFIC_SECRET_0 2110f771131ed15351b6a68330184dfc04d1011328bc1154e882f5d2f482f11d fe7c95b89c093699ca21a503be9e2d4017f91e5d0c495d449551f9e554f3df44
EXPORTER_SECRET 2110f771131ed15351b6a68330184dfc04d1011328bc1154e882f5d2f482f11d f0122b4add8f83ee06257414fb65aa94efd89f8f6817b14d65545649b4fc44f0
CLIENT_TRAFFIC_SECRET_0 40485f0c569c1aab3b0c1f56da0ac493e410a0a234caf70ce6e3cfeb29aacf39 a46e73c75c195fecdea2303f3c8b710d3f0966e59e5ecc367652018c4cfca42a
SERVER_TRAFFIC_SECRET_0 40485f0c569c1aab3b0c1f56da0ac493e410a0a234caf70ce6e3cfeb29aacf39 a66a37231f6ce0848aff13e2ae4f1d628a4a46025599cdf9f6e4052b72d68129
EXPORTER_SECRET 40485f0c569c1aab3b0c1f56da0ac493e410a0a234caf70ce6e3cfeb29aacf39 bfbd690c83d4e453e203e91d9154883e847edaaf3e8e98a4d4def9fd8a0f18fe
CLIENT_HANDSHAKE_TRAFFIC_SECRET dca9fdc896f6ccdb96dc2bc36ceca09f21f2ab4a81430ff02068be2be9356e2b 66fb7a308eeb6386fd1eb9cf02a4533381f1167e1d900aec440a5f861dd8ed63
SERVER_HANDSHAKE_TRAFFIC_SECRET dca9fdc896f6ccdb96dc2bc36ceca09f21f2ab4a81430ff02068be2be9356e2b c3976cf4f8e8069c06199e89762a0c6eedc0f741f810ff2e485ae9dccc1e0a02
CLIENT_HANDSHAKE_TRAFFIC_SECRET 22a401bf3bcdbaee70c6235d1522549f7096a1b98d13285239d8abf97af0673f ad6139d51c272728d52fb238e8049f6d8a1272be5363b16e291c9a494ebce623
SERVER_HANDSHAKE_TRAFFIC_SECRET 22a401bf3bcdbaee70c6235d1522549f7096a1b98d13285239d8abf97af0673f 1906a22cdddfd018d08e78de9a30a543072b86bb45e4c2be104362958bdaf509
CLIENT_TRAFFIC_SECRET_0 dca9fdc896f6ccdb96dc2bc36ceca09f21f2ab4a81430ff02068be2be9356e2b 4bebb05b5a2ec15e8304920e39a1ccd92c272ac0b6bec08aef79c1d3c1c8d948
SERVER_TRAFFIC_SECRET_0 dca9fdc896f6ccdb96dc2bc36ceca09f21f2ab4a81430ff02068be2be9356e2b 82966af182144c089db4ede44bd5fb78f80abf36c532f004f22e7b7062ec770d
EXPORTER_SECRET dca9fdc896f6ccdb96dc2bc36ceca09f21f2ab4a81430ff02068be2be9356e2b 66e0eb84a114b62a13b822834bf9c8beaa9bd89e8b5bc4ab9dd4d7cf0654b786
CLIENT_TRAFFIC_SECRET_0 22a401bf3bcdbaee70c6235d1522549f7096a1b98d13285239d8abf97af0673f d864510e5afa0075784b46ef9d2a1d009854046c5493575d91592c5498915a16
SERVER_TRAFFIC_SECRET_0 22a401bf3bcdbaee70c6235d1522549f7096a1b98d13285239d8abf97af0673f c2ad170fc03bcd17e02d114f24f7903f2ec228fa951697f5b5826366837c3322
EXPORTER_SECRET 22a401bf3bcdbaee70c6235d1522549f7096a1b98d13285239d8abf97af0673f 1b91d55e084c30d2fabf67f00451762d8abb75d6294f544fc65883b7061d3fd0
CLIENT_HANDSHAKE_TRAFFIC_SECRET 0ff2d86abf1a97f13a99f1d178141c61e2708b5e1c98126a045efe7ce55e7ca1 8e331bfec15e6e4eefc13f80f16ee9b4129c55b0ac72f06a34afcf1baa69c385
SERVER_HANDSHAKE_TRAFFIC_SECRET 0ff2d86abf1a97f13a99f1d178141c61e2708b5e1c98126a045efe7ce55e7ca1 bb546a73823096557abdd867301f8df5a8f6ad4756b43a494211ebea812e6b5d
CLIENT_TRAFFIC_SECRET_0 0ff2d86abf1a97f13a99f1d178141c61e2708b5e1c98126a045efe7ce55e7ca1 a9e9ea38508dbc28e7236ab8e71d448869ed45f5a9b717d87e6c086bda572702
SERVER_TRAFFIC_SECRET_0 0ff2d86abf1a97f13a99f1d178141c61e2708b5e1c98126a045efe7ce55e7ca1 d051d26a0486dd55325675d55578c038cbf4f01e54cb719b3d9d124743a28fa5
EXPORTER_SECRET 0ff2d86abf1a97f13a99f1d178141c61e2708b5e1c98126a045efe7ce55e7ca1 fdeece4cdc81b0ce8c3b801f453e15bbd2391c1ee859a1a7ea4d157de63c11ba
CLIENT_HANDSHAKE_TRAFFIC_SECRET ed0a36b5e0af4150f8190a4d31c270827916ad0c14ce28fbdf704699221e4417 5a38a0557a62d0f52cc165dd3aaa3e914a7229201edd891bcc3a14edad72d8d4
SERVER_HANDSHAKE_TRAFFIC_SECRET ed0a36b5e0af4150f8190a4d31c270827916ad0c14ce28fbdf704699221e4417 15179aa3ddb5febb9e3309bb46f883e3a16476a51360c84d851991fc835242ca
CLIENT_TRAFFIC_SECRET_0 ed0a36b5e0af4150f8190a4d31c270827916ad0c14ce28fbdf704699221e4417 ad1ef3bbb773f192fe92c8b8fd898dbfdb70bf8808185b4f300d8fe84af2dace
SERVER_TRAFFIC_SECRET_0 ed0a36b5e0af4150f8190a4d31c270827916ad0c14ce28fbdf704699221e4417 ffc7b7912b1a42e1f2cca564d18a562cefe69f901b45d5be586bdca69fabb089
EXPORTER_SECRET ed0a36b5e0af4150f8190a4d31c270827916ad0c14ce28fbdf704699221e4417 29af3de372db94b37bf8a4533446257d0305942bc4349a623a4693cb8acfdae2
CLIENT_HANDSHAKE_TRAFFIC_SECRET 7793fc8dc85371837cc78e3189f532511a6a4c7d0730e29902940a3f95fa6315 732136f3b70ecb30ba4eb4e44e8a939f6e012fd80bcc27dfd356d8590fa6f771
SERVER_HANDSHAKE_TRAFFIC_SECRET 7793fc8dc85371837cc78e3189f532511a6a4c7d0730e29902940a3f95fa6315 87a77f4621b1d295bb06f82a6404d526774b8649b182f215c21e3f895395a256
CLIENT_TRAFFIC_SECRET_0 7793fc8dc85371837cc78e3189f532511a6a4c7d0730e29902940a3f95fa6315 ca80c9df2d8c43736b8f858146f3dc309d45564b84151226282a4ccf95a51682
SERVER_TRAFFIC_SECRET_0 7793fc8dc85371837cc78e3189f532511a6a4c7d0730e29902940a3f95fa6315 caea3ae9fb60952212b133ae7ca64b2d392676fe80176a9db1e4cae5717fae4c
EXPORTER_SECRET 7793fc8dc85371837cc78e3189f532511a6a4c7d0730e29902940a3f95fa6315 6bab39a2f83ae81d52eeb8154759591aa85622d7d2fbd68ef9b6f3d7acbd470d
CLIENT_HANDSHAKE_TRAFFIC_SECRET 45845f74faa3880a6a2457c3a61e453bdd9087026dd9752dd30550f26c426541 0816dbc361028454ca78844d21239375cd8707f3f4f09f65c9ee5241e6804f27
SERVER_HANDSHAKE_TRAFFIC_SECRET 45845f74faa3880a6a2457c3a61e453bdd9087026dd9752dd30550f26c426541 7319c96969791deaa9fce41dfd6a7f076faac237049225e87ddd55ed454c2f3a
CLIENT_TRAFFIC_SECRET_0 45845f74faa3880a6a2457c3a61e453bdd9087026dd9752dd30550f26c426541 38a51f4e92d929110d4972302f31356aa212b57cb66b249cb4cf912f535ed62f
SERVER_TRAFFIC_SECRET_0 45845f74faa3880a6a2457c3a61e453bdd9087026dd9752dd30550f26c426541 41c061f176c1309445c2a967f1a920642a6a424f5a8577696664e1b3445d1e57
EXPORTER_SECRET 45845f74faa3880a6a2457c3a61e453bdd9087026dd9752dd30550f26c426541 632249a62673787cdb6a83a1fd952f426e961ccd6ecb84467590a8b3231d6b2d
CLIENT_HANDSHAKE_TRAFFIC_SECRET 636e87da794b50082150744740556cf71907b2915f7d88146bf9c4db6b652204 b7148d091c23e2e48d81897e48ccefd1c5ef96de375a7e6d839c5a16b67392f2
SERVER_HANDSHAKE_TRAFFIC_SECRET 636e87da794b50082150744740556cf71907b2915f7d88146bf9c4db6b652204 a6fec381040a440fee66ee3947d9cbd80f72f0861c52c7eca6d53671705b74ed
CLIENT_TRAFFIC_SECRET_0 636e87da794b50082150744740556cf71907b2915f7d88146bf9c4db6b652204 3da0dda2e692304edb561a4abe18b6d51aa7b0a7ecda301e1f35b92bfac5cdc1
SERVER_TRAFFIC_SECRET_0 636e87da794b50082150744740556cf71907b2915f7d88146bf9c4db6b652204 d1141916056fbde0dbbe6002fe8cb3f3fd61498f3e6c817f301a3049d054dcfa
EXPORTER_SECRET 636e87da794b50082150744740556cf71907b2915f7d88146bf9c4db6b652204 0748fd66da4d28553ebf9e8e196d5cbc2e68a2271f89e16eade16eeea4a3c44b
CLIENT_HANDSHAKE_TRAFFIC_SECRET b6e71671e0e084c1336b1533e823dcad1a3e45e8c02da4f46f4c35617ddc89c2 0614f2db437497f6a03e76aba2331bda327e0d12be586c6adb6e4e6928037c87
SERVER_HANDSHAKE_TRAFFIC_SECRET b6e71671e0e084c1336b1533e823dcad1a3e45e8c02da4f46f4c35617ddc89c2 deb5ca65d72048a035ef63206267f09cbce733f0ea22967fdd3d203b81577fc5
CLIENT_TRAFFIC_SECRET_0 b6e71671e0e084c1336b1533e823dcad1a3e45e8c02da4f46f4c35617ddc89c2 d8c1f51a2b801011c777e7590d9b09c18d096aa0c3edd8d4047d61b22a81aee9
SERVER_TRAFFIC_SECRET_0 b6e71671e0e084c1336b1533e823dcad1a3e45e8c02da4f46f4c35617ddc89c2 b08666b3841bf5027a2e2bbcee9ace204ae3006e9847650d43f959e57b2e9cc0
EXPORTER_SECRET b6e71671e0e084c1336b1533e823dcad1a3e45e8c02da4f46f4c35617ddc89c2 0d2db6b5c2f382112df6a05b18f812986663bc4e51fec7cdd606c6e6a3f7fb1e
CLIENT_HANDSHAKE_TRAFFIC_SECRET f89ddb0bfd71ffde138f1fe2623c2ad0e731b166a51294449f316cba45ea90aa 2bcace2d0df4fc788bb117f09d9d1748768a09d2bbaf13612ec2b3c63c26b33e
SERVER_HANDSHAKE_TRAFFIC_SECRET f89ddb0bfd71ffde138f1fe2623c2ad0e731b166a51294449f316cba45ea90aa 080e12a111981ed2c45fcf9d66e56b88bbb3b4cfbb0d9f3537c61f0200b08750
CLIENT_TRAFFIC_SECRET_0 f89ddb0bfd71ffde138f1fe2623c2ad0e731b166a51294449f316cba45ea90aa 907c02c383a5d84c10116ac348362e401bd766035d718ed590943aeeda14bd5e
SERVER_TRAFFIC_SECRET_0 f89ddb0bfd71ffde138f1fe2623c2ad0e731b166a51294449f316cba45ea90aa c6281e16a0e4871e2cb2ac7f93a3e72ba8f8657a4ac6d8601806f2dd5b6ffe09
EXPORTER_SECRET f89ddb0bfd71ffde138f1fe2623c2ad0e731b166a51294449f316cba45ea90aa 18183148189b3b954ec5d23ab8c9cc2d7b56f5bd687d1f6ca7ea84dea20ab241
CLIENT_HANDSHAKE_TRAFFIC_SECRET 4995c95de44c248ff4e097569eb57ffdc29e92e7448e332c08564b29425d18d9 0c14720a341a4e4f2b9187947d99c9e9dabc8a66d9ec16e6b3f5dc16142689d6
SERVER_HANDSHAKE_TRAFFIC_SECRET 4995c95de44c248ff4e097569eb57ffdc29e92e7448e332c08564b29425d18d9 ea991215dca605e6887cc97dd3966c6df6e885b4394990b53ee2742b3d3769af
CLIENT_TRAFFIC_SECRET_0 4995c95de44c248ff4e097569eb57ffdc29e92e7448e332c08564b29425d18d9 c305cd87838559a386a391b66337b7d55681c158c33587961f0f58cdb822a893
SERVER_TRAFFIC_SECRET_0 4995c95de44c248ff4e097569eb57ffdc29e92e7448e332c08564b29425d18d9 48f94836528eac09507ff497782935365a3b8f38e278062ddbdb7b7c42429744
EXPORTER_SECRET 4995c95de44c248ff4e097569eb57ffdc29e92e7448e332c08564b29425d18d9 f63246a4b524e5e85427691cec354c70cc89c4eef9b3b3dc696165c0e5096627
CLIENT_HANDSHAKE_TRAFFIC_SECRET af1837f7e21457e3fd3349e1b92e12f40166952ea32fa1ba53ff1a5cd6339a59 b21d6c792500e1d4244e9107dacfc35c17e7edb99e3c87825e1b261201805ed1
SERVER_HANDSHAKE_TRAFFIC_SECRET af1837f7e21457e3fd3349e1b92e12f40166952ea32fa1ba53ff1a5cd6339a59 62080b1e62b96c1be4632df9640f143b4cecc2855c99feeec83f857cfa93bbbd
CLIENT_TRAFFIC_SECRET_0 af1837f7e21457e3fd3349e1b92e12f40166952ea32fa1ba53ff1a5cd6339a59 40b004f6050997e610734a199e25f39df5b6500d1510981e39e8c80be6394d96
SERVER_TRAFFIC_SECRET_0 af1837f7e21457e3fd3349e1b92e12f40166952ea32fa1ba53ff1a5cd6339a59 a14e9dae4579d13088c5702d47ff49d8e433de282fc8e1f920020c7fd3505e44
EXPORTER_SECRET af1837f7e21457e3fd3349e1b92e12f40166952ea32fa1ba53ff1a5cd6339a59 ada2bf5c58b416f63a9f78b83b080c5c97e4b9b5bd591a5546b1149c3e58b81a
CLIENT_HANDSHAKE_TRAFFIC_SECRET 0ffd4586c2aa47a76fd2a589164b847a62606f885902bc21f2bb652819415374 51b2141784580e05063b2932375156a058176e61ba2e6c57f995be03ac29217a
SERVER_HANDSHAKE_TRAFFIC_SECRET 0ffd4586c2aa47a76fd2a589164b847a62606f885902bc21f2bb652819415374 d475b2ec8855bfa53650f523f171ff21502badbdb6f4a9c4a235ec22f227a9e9
CLIENT_TRAFFIC_SECRET_0 0ffd4586c2aa47a76fd2a589164b847a62606f885902bc21f2bb652819415374 4f27801f3e0616118e704aa40afb826bfadcc72c34f839b6da04bc0621f5deea
SERVER_TRAFFIC_SECRET_0 0ffd4586c2aa47a76fd2a589164b847a62606f885902bc21f2bb652819415374 43643e520b73748e29496f8fda628f21a7e0813dcf496bc509ab1d7ecd75aea9
EXPORTER_SECRET 0ffd4586c2aa47a76fd2a589164b847a62606f885902bc21f2bb652819415374 f22aa81fa3afa7ade92ae56196913dc5f1417e74d610d033cf7d9bd38f5b37c2
CLIENT_HANDSHAKE_TRAFFIC_SECRET c709e011c34fb143e6601d58de33f84bd2a4b3ea7eee77dce9864eae9dca4326 9dfe51ddcdaa553bee892004fb292e8bd8f58fb8a11d6ac6683f803cf8c97e23
SERVER_HANDSHAKE_TRAFFIC_SECRET c709e011c34fb143e6601d58de33f84bd2a4b3ea7eee77dce9864eae9dca4326 a18703234acba4949bb8c3e11c3a2f4b6d757f92bb7317cb52b9fe1dec8b81d9
CLIENT_HANDSHAKE_TRAFFIC_SECRET af8f734221c8a74e92c100ceef7b22017dab6d5b2d683a179e366e857498b3fc 6cbe8caaf095355e7b2368ca957d7c420eb3193673fd5765437f29d7598e6e78
SERVER_HANDSHAKE_TRAFFIC_SECRET af8f734221c8a74e92c100ceef7b22017dab6d5b2d683a179e366e857498b3fc 24e9d5a3fc555b958d228d99e8ca6002056519d98e1fd80d9a0ff3ec04cc6e08
CLIENT_HANDSHAKE_TRAFFIC_SECRET 3515041fb43e5a7794646b038a10865a0cf59c84583b1f06eaad8881351749cb 3d8e2021e548c0bb656bc0bd98c6d2f0396b2c100188f0f639c74c56136e43b4
SERVER_HANDSHAKE_TRAFFIC_SECRET 3515041fb43e5a7794646b038a10865a0cf59c84583b1f06eaad8881351749cb 384b1b9b73d28cf6aba99159bdbc266ce18877f88e147083f7776eee4027a892
CLIENT_TRAFFIC_SECRET_0 c709e011c34fb143e6601d58de33f84bd2a4b3ea7eee77dce9864eae9dca4326 f16c2dd8fb9510475bb49b98ed94aa34ed7ae7b0907a9627a5d73ded8f969033
SERVER_TRAFFIC_SECRET_0 c709e011c34fb143e6601d58de33f84bd2a4b3ea7eee77dce9864eae9dca4326 1a4d03d6ba0272c393e248a480a8006ed5e033fd1da7418c0d7181961f8e5f05
EXPORTER_SECRET c709e011c34fb143e6601d58de33f84bd2a4b3ea7eee77dce9864eae9dca4326 651185378a47bdd2a983cc8e73be50b87ad47888bc8bf86a09924a1d5ee041ed
CLIENT_TRAFFIC_SECRET_0 af8f734221c8a74e92c100ceef7b22017dab6d5b2d683a179e366e857498b3fc 81aa2b49d1032f442cd6a48aeacf4a718b4f13b3b49077fd6f4ca2e0d89eb705
SERVER_TRAFFIC_SECRET_0 af8f734221c8a74e92c100ceef7b22017dab6d5b2d683a179e366e857498b3fc 88a9bcfb128e0e037d5003dfaa69ec0315b7a948244a2cee94f1d002d5fa594c
EXPORTER_SECRET af8f734221c8a74e92c100ceef7b22017dab6d5b2d683a179e366e857498b3fc 6932a6bc22e7bd69e9830de5f5ab6fd72a03360599dae6b39eb43d0f31deaf11
CLIENT_HANDSHAKE_TRAFFIC_SECRET 3c1834aaf3efb140c0f99c46aee327db4a62d43d73f9087ff67f347d6cb091c6 c6244b4a5473e2eb6460ad84c7ab010dd8d178ea501d98da92a1f0d00b925ac40e28ce67b2b2dab0d6002379551b452f
SERVER_HANDSHAKE_TRAFFIC_SECRET 3c1834aaf3efb140c0f99c46aee327db4a62d43d73f9087ff67f347d6cb091c6 c2b38d63b0636b6e8701184b031457933402a3dddd31eaad9cf5665691b651c68bd221b4c37195fbb649b6d905be799d
CLIENT_TRAFFIC_SECRET_0 3515041fb43e5a7794646b038a10865a0cf59c84583b1f06eaad8881351749cb 4aabcc35230766695c7fe584df80dd48e1a7464cb0ee1afab6303f94c5289095
SERVER_TRAFFIC_SECRET_0 3515041fb43e5a7794646b038a10865a0cf59c84583b1f06eaad8881351749cb 5b3d9bfcd1069fa6ab6ec170dd785147d7df2b0073f67efe93f5513663337d6f
EXPORTER_SECRET 3515041fb43e5a7794646b038a10865a0cf59c84583b1f06eaad8881351749cb 614b382fef80e37ab17afd38c26c38529fb5af5e60c28cd6c163e0fa46debbb1
CLIENT_TRAFFIC_SECRET_0 3c1834aaf3efb140c0f99c46aee327db4a62d43d73f9087ff67f347d6cb091c6 20e032a242a4ed12ca4bc4b35b3384c07dd89966f22a99098e0beead997efe7345b66a8ac9b88d013625bf7d37317a19
SERVER_TRAFFIC_SECRET_0 3c1834aaf3efb140c0f99c46aee327db4a62d43d73f9087ff67f347d6cb091c6 06e675cf468a039c56468ca434c8f2d7447f33e53b719ff281197f87cba824b22768586bdc4396bd9be67e3a746c934a
EXPORTER_SECRET 3c1834aaf3efb140c0f99c46aee327db4a62d43d73f9087ff67f347d6cb091c6 f5bfc926cbc21542f94bcdb7a738983892ac6220567f349a2772ea4a8e722a93a091c6e4e31ed1e6713c75d617960922
CLIENT_HANDSHAKE_TRAFFIC_SECRET 9b6690d20e995e5494a9efa5e70251ae2b2405a6a563866d69b54b53a0339690 339fa0b8ba95e42438034559f2410827ff55fee71199e098af6fe3ffa93c3d6d
SERVER_HANDSHAKE_TRAFFIC_SECRET 9b6690d20e995e5494a9efa5e70251ae2b2405a6a563866d69b54b53a0339690 ab5bc6291594685c9ac15b4552ddaf239ff89630d8024927d502212a8e94a149
CLIENT_TRAFFIC_SECRET_0 9b6690d20e995e5494a9efa5e70251ae2b2405a6a563866d69b54b53a0339690 ae62215fa9a5e6a4f5c86a51ad56a3a088b0061f028c3100daa0082c1708b9b7
SERVER_TRAFFIC_SECRET_0 9b6690d20e995e5494a9efa5e70251ae2b2405a6a563866d69b54b53a0339690 f2042d20a0f2d92f898bc850d637430f3443c2e4cef56ab38359536a88cc85b0
EXPORTER_SECRET 9b6690d20e995e5494a9efa5e70251ae2b2405a6a563866d69b54b53a0339690 2739cf33d1241d6be019c5d4b9c84551708a75b3ac4e0682292e44486cef1f5e
CLIENT_HANDSHAKE_TRAFFIC_SECRET fc731e6bf83e7a0d2d83f3077690935d39f89d169fa68b2eb82ba5bd28e56950 4e41ea5f20b50b475f0b2cddafbd1631fc6d141bacfefa9147ac9373077dbe6b
SERVER_HANDSHAKE_TRAFFIC_SECRET fc731e6bf83e7a0d2d83f3077690935d39f89d169fa68b2eb82ba5bd28e56950 49c6f425b9d37d1c6485618d64add06d1c4b8c656b26e58ba2da5c23054b0ca8
CLIENT_TRAFFIC_SECRET_0 fc731e6bf83e7a0d2d83f3077690935d39f89d169fa68b2eb82ba5bd28e56950 47e6ba6dd1253e9f3c5ac9cca9b6864b54c0886cd9e6a1e6cb7b8cdcdd648233
SERVER_TRAFFIC_SECRET_0 fc731e6bf83e7a0d2d83f3077690935d39f89d169fa68b2eb82ba5bd28e56950 58672b5f20b92a4cd64efb73cc72d9cadc7ca3360cb908a6a2509d41dc252f95
EXPORTER_SECRET fc731e6bf83e7a0d2d83f3077690935d39f89d169fa68b2eb82ba5bd28e56950 d02ec87c739cf099aa14d0977bf273c58a29629a56e9325bb6eebc69f4da2c46
CLIENT_HANDSHAKE_TRAFFIC_SECRET e1e20398f7501d3ad0a3a902b2d01da05c1762a3299e47d795f77a67a29accda 45ad4f1d5f1614d26d71456068a2a8899ea0748726b0f57df0d00eda8da94608
SERVER_HANDSHAKE_TRAFFIC_SECRET e1e20398f7501d3ad0a3a902b2d01da05c1762a3299e47d795f77a67a29accda 1d20cfad1279a6a70787c605add9be618f6b3eb4ddd7069dfbfe8c59c70bb454
CLIENT_TRAFFIC_SECRET_0 e1e20398f7501d3ad0a3a902b2d01da05c1762a3299e47d795f77a67a29accda cce9e4ebd9d1d1a2eb2bbc7a6735eb9fd8a806f5dbb233b3916aea0d3b112ad7
SERVER_TRAFFIC_SECRET_0 e1e20398f7501d3ad0a3a902b2d01da05c1762a3299e47d795f77a67a29accda 9424ee9bf9a5ffc78e7a6b543131f6819d0b54ed224f823d26d5766f3af1cab5
EXPORTER_SECRET e1e20398f7501d3ad0a3a902b2d01da05c1762a3299e47d795f77a67a29accda 706220e72db970747c185d773d7cd28ef21ff9bef2e3221c54a145b921af210e
CLIENT_RANDOM dc7e5ba502b07656f01cd02de653828c11468af922bbbb17b28bbdb64e156852 4cae2be544d596b124b19835218df6c40b4a3d52c4a02db0435ae2dec94f6a20ae0d57e218c50a28984af532e90c0c9f
CLIENT_HANDSHAKE_TRAFFIC_SECRET 535bc6f19755134a9caefd8f346d3e3753693521e0ae8f0fb18871bc2b287cbb f9297ff41312861262e261cd7528fde17814ab74abae709dd51fe9aaf7828947
SERVER_HANDSHAKE_TRAFFIC_SECRET 535bc6f19755134a9caefd8f346d3e3753693521e0ae8f0fb18871bc2b287cbb 94580c3d1989af94e5e697fa2e359e2052616831c384e95b84499fdb6b4e8fb0
CLIENT_TRAFFIC_SECRET_0 535bc6f19755134a9caefd8f346d3e3753693521e0ae8f0fb18871bc2b287cbb f4fc426f269afa7230e43a8273b598a67f36c0903c43d401f409165b85c6c16c
SERVER_TRAFFIC_SECRET_0 535bc6f19755134a9caefd8f346d3e3753693521e0ae8f0fb18871bc2b287cbb 06c0b878d075e793fbc4bd490b7e3a9d8ba88ff4ff66f9695c0e194dc4bb477c
EXPORTER_SECRET 535bc6f19755134a9caefd8f346d3e3753693521e0ae8f0fb18871bc2b287cbb e6640c5e0194f3e9540ccd90e733a467e10a4f998b71790b6ff4ce2f950ae860
CLIENT_HANDSHAKE_TRAFFIC_SECRET 435f80bea7a2f03d625d85c947b59c7e80d741804badb15e5f65d8b27babdd92 12f2da1c92bfccd526da8556a1129e37f0404e5a0782151b14244b7c0515a56b
SERVER_HANDSHAKE_TRAFFIC_SECRET 435f80bea7a2f03d625d85c947b59c7e80d741804badb15e5f65d8b27babdd92 9e3405f7cf6d28c931e9f6a809eb3609576e65fbda5a0ef3bb8f7f50e325af65
CLIENT_TRAFFIC_SECRET_0 435f80bea7a2f03d625d85c947b59c7e80d741804badb15e5f65d8b27babdd92 bd9f66531050303cf81c8ab5b85d88aeee9d6c0a5d713a44c984ac29607af44d
SERVER_TRAFFIC_SECRET_0 435f80bea7a2f03d625d85c947b59c7e80d741804badb15e5f65d8b27babdd92 1e85e90641cbc36fa1428ac3e8dff79a13fe3017eb56f1c71695959f7d86560e
EXPORTER_SECRET 435f80bea7a2f03d625d85c947b59c7e80d741804badb15e5f65d8b27babdd92 30f1834928f10750c8d64ea43e7b98615444a3269f3bf6b26475f5689b241a4d
CLIENT_HANDSHAKE_TRAFFIC_SECRET 91eda92d0598e337e5a0e77f8ec42cbf6159929c0e52ce21264efb093067da1a c351baa918a0369606b774274f9745cf128c66621a8701d310aa86219cc5d336
SERVER_HANDSHAKE_TRAFFIC_SECRET 91eda92d0598e337e5a0e77f8ec42cbf6159929c0e52ce21264efb093067da1a 733ec0fd154106a3ea08adca9685e7ae60671fad42ada9ed1c0fa67f566ebdf6
CLIENT_TRAFFIC_SECRET_0 91eda92d0598e337e5a0e77f8ec42cbf6159929c0e52ce21264efb093067da1a 576d0910c1e2417f181ea633540c12cc742c332f9a526de3854bb3530c28fc7b
SERVER_TRAFFIC_SECRET_0 91eda92d0598e337e5a0e77f8ec42cbf6159929c0e52ce21264efb093067da1a f92df93e7e9f77815e8c2357c47a48d6a0287a3da071341033773685ea8853ef
EXPORTER_SECRET 91eda92d0598e337e5a0e77f8ec42cbf6159929c0e52ce21264efb093067da1a c3237d944b4bc8db4179229faed990b42e63743485d7d24988d706d92e69f8fc
CLIENT_HANDSHAKE_TRAFFIC_SECRET a89ca06745e691fd715b7824ffeb4f7f20e63f05b749f706a45a3c6c0e8e898b 365b5f3e960fd7d96a6e3a3b702cece8bd7f5ac32af3879914364c2820754e34
SERVER_HANDSHAKE_TRAFFIC_SECRET a89ca06745e691fd715b7824ffeb4f7f20e63f05b749f706a45a3c6c0e8e898b 2397e0622c111523effd8003c855edac6f8d6446da8c267ec9a04bdf0ff8169c
CLIENT_TRAFFIC_SECRET_0 a89ca06745e691fd715b7824ffeb4f7f20e63f05b749f706a45a3c6c0e8e898b 1f09f813bbcdd71dde2f5bbda7dc27b9a9923a036d925131285550ab12e67e82
SERVER_TRAFFIC_SECRET_0 a89ca06745e691fd715b7824ffeb4f7f20e63f05b749f706a45a3c6c0e8e898b 929597a51d31b6b9756e5c0d88200bb4cdbf83bd3bf1a5b3840a008b4ee16c6a
EXPORTER_SECRET a89ca06745e691fd715b7824ffeb4f7f20e63f05b749f706a45a3c6c0e8e898b b9f4326a662452ba8f1ce7f7087f16f51e090c769dafc9430e7e59b8a858bb3c
CLIENT_RANDOM ca05beeb374b36281206de61e78e6b42b4ec56ed05c8a46202b51d58d65842fb c7f1d5f3473b6cc4dc0d0ec392752b13ac5a80de150684890da078087238af9b8f1a2cf5b3660d829b51d2007302d3e1
CLIENT_HANDSHAKE_TRAFFIC_SECRET 5bfe6eb311c16edd2126ee2ec764b0419a4a04d9bb0a42899cb73fc81665a23f 91293b8beab1b3a562dea0644ab6ef5d67c40209616a2aa25f3e3b0d4c4914f7
SERVER_HANDSHAKE_TRAFFIC_SECRET 5bfe6eb311c16edd2126ee2ec764b0419a4a04d9bb0a42899cb73fc81665a23f c46d387dd8a95e42dd2c7e1b6211a46bf4d5de97819081362840bd84c1d10d09
CLIENT_TRAFFIC_SECRET_0 5bfe6eb311c16edd2126ee2ec764b0419a4a04d9bb0a42899cb73fc81665a23f c2801047959255578c0abc393b0e13d9e276474a5a773330ce134f678da3fe91
SERVER_TRAFFIC_SECRET_0 5bfe6eb311c16edd2126ee2ec764b0419a4a04d9bb0a42899cb73fc81665a23f 3e25ac0dfc3a0b0c556850ef4f9ef93bb49614e3c90cb3ac3e4e0ac86d58116c
EXPORTER_SECRET 5bfe6eb311c16edd2126ee2ec764b0419a4a04d9bb0a42899cb73fc81665a23f 5d0eefdbf7052428d0073df344d59899d5e7c193cbab42a935e92803b344839a
CLIENT_HANDSHAKE_TRAFFIC_SECRET afbdcb5101d8089e5b1632d70ea25b49e0cebd836d0aa40e486de6656b65a2bf 8a5e84b49bc16a1996ff38ddb5d42789d34cce0dff5daa18ed5f82a8d9671f10
SERVER_HANDSHAKE_TRAFFIC_SECRET afbdcb5101d8089e5b1632d70ea25b49e0cebd836d0aa40e486de6656b65a2bf 6f2fa8dcc4112a91c92f3c9b46de740ed6a25223c01a9ed9ae3c9cc33988ff49
CLIENT_TRAFFIC_SECRET_0 afbdcb5101d8089e5b1632d70ea25b49e0cebd836d0aa40e486de6656b65a2bf a0bd4c30f0b377da5a0bf6355354a0a8389310159a7f962b4f0c320f5cbf6b07
SERVER_TRAFFIC_SECRET_0 afbdcb5101d8089e5b1632d70ea25b49e0cebd836d0aa40e486de6656b65a2bf 2e7a9dbfadf9ff2b3a47448b80aa4b9287775c4ddb7a4adfa190ef439f9ac2ef
EXPORTER_SECRET afbdcb5101d8089e5b1632d70ea25b49e0cebd836d0aa40e486de6656b65a2bf c05f0b7520ea3b93eec8e29ae6080c69ed7b77bc2b6067af4c4576caf9191d61
CLIENT_HANDSHAKE_TRAFFIC_SECRET 21c46af9924899483717f4c257d9217863ea7392b29a5a1b74135c6d33d84486 3f813d6728bf7f65c171f8fc3f99f65809c7d62e1a0895fa8e2799d75979b796
SERVER_HANDSHAKE_TRAFFIC_SECRET 21c46af9924899483717f4c257d9217863ea7392b29a5a1b74135c6d33d84486 1a08e9db1bd407ce2a87e4bfa3093f68d5203da474d8e34d827ec6d008b21325
CLIENT_TRAFFIC_SECRET_0 21c46af9924899483717f4c257d9217863ea7392b29a5a1b74135c6d33d84486 dec734364625930c62e259e794e85165b21126b5b03b472947affc9720c10a48
SERVER_TRAFFIC_SECRET_0 21c46af9924899483717f4c257d9217863ea7392b29a5a1b74135c6d33d84486 fb05d7107ac29911357cd97f055e0948d2ed535553d67260b5405ad6504d5b96
EXPORTER_SECRET 21c46af9924899483717f4c257d9217863ea7392b29a5a1b74135c6d33d84486 95544e71a40756557149600e803783950d073a46d1ac61420de861abf6d0bb56
CLIENT_HANDSHAKE_TRAFFIC_SECRET 11a99ecdb908d9ea531d0b9381b3686357dc8d1804cc9fa66b0c09bcdcc73ef9 2c014a32b9cc1726eb6a722ff964a97b21f0e53f84a0c544bb523fc46544f0fe
SERVER_HANDSHAKE_TRAFFIC_SECRET 11a99ecdb908d9ea531d0b9381b3686357dc8d1804cc9fa66b0c09bcdcc73ef9 eb854724a7b729d132036174b43b7a0042b18040fe0f9fca8abf6a7bfdd0d9d5
CLIENT_TRAFFIC_SECRET_0 11a99ecdb908d9ea531d0b9381b3686357dc8d1804cc9fa66b0c09bcdcc73ef9 6139d2cb6a8a6884ffa5ae0daa86ae920537262e4acac3f839b080a1c17bbfca
SERVER_TRAFFIC_SECRET_0 11a99ecdb908d9ea531d0b9381b3686357dc8d1804cc9fa66b0c09bcdcc73ef9 443093e967dd9bbceb588ad936acedffa54fc7532e65a55f5f4b85ef0f9ffff4
EXPORTER_SECRET 11a99ecdb908d9ea531d0b9381b3686357dc8d1804cc9fa66b0c09bcdcc73ef9 8dfb49feb5f0c9f84c5b6bdafa564874fcd288814c94431991b152a74665ae91
CLIENT_HANDSHAKE_TRAFFIC_SECRET ff50a9e2acef81745b2c01de99da5cc232b2c7b44d6c3030164989d6d9e04c62 858d4fe096f3158423953e4d1c3b40ef7d06a42121cb97f7e23044e7a7e669d1
SERVER_HANDSHAKE_TRAFFIC_SECRET ff50a9e2acef81745b2c01de99da5cc232b2c7b44d6c3030164989d6d9e04c62 0d487e345f1dfce2a3c9bc8a96f0105edb1791d2fd2ef5268ba8b0b2e02b5856
CLIENT_TRAFFIC_SECRET_0 ff50a9e2acef81745b2c01de99da5cc232b2c7b44d6c3030164989d6d9e04c62 1e76e91df016a402a39f1c63c6b05929d62e433d64892a0b6158fa1cd2d5e2cf
SERVER_TRAFFIC_SECRET_0 ff50a9e2acef81745b2c01de99da5cc232b2c7b44d6c3030164989d6d9e04c62 f98d8670ed1194f0b9ca37cf15b06a9db73b2ebacff85f10f0163886acb3a55d
EXPORTER_SECRET ff50a9e2acef81745b2c01de99da5cc232b2c7b44d6c3030164989d6d9e04c62 96d69b254a2c4e33c6ef31f88b1f2346fe3fee2629a1c27c2475e17e604feca1
CLIENT_HANDSHAKE_TRAFFIC_SECRET 6f248371625ae7ebc148c87e2d21baab015b79529fb3bd853f9b3998813e924b bdc496334970f238cc4bd5c0168336d7b99ecef7dc5e98fcc3dad1a1435efc39
SERVER_HANDSHAKE_TRAFFIC_SECRET 6f248371625ae7ebc148c87e2d21baab015b79529fb3bd853f9b3998813e924b a6231f4f214f79eea5485f70b9239447d706a110b757d84249351048b27cb030
CLIENT_TRAFFIC_SECRET_0 6f248371625ae7ebc148c87e2d21baab015b79529fb3bd853f9b3998813e924b 11353efb3b347bbff3496ce049bba645c5d845537489ba44729820aad21dba96
SERVER_TRAFFIC_SECRET_0 6f248371625ae7ebc148c87e2d21baab015b79529fb3bd853f9b3998813e924b 96cfdb5fb719c52a75eda071abdde2ad31f144c8ff7cb8ec9e148e53d58c8f3f
EXPORTER_SECRET 6f248371625ae7ebc148c87e2d21baab015b79529fb3bd853f9b3998813e924b 053b0a15bf573fa2eafb3d5bdbedac742eed655468b284406c27f987885b689b
CLIENT_HANDSHAKE_TRAFFIC_SECRET 5fc55ca6373feb4976dff3ffb3a727476d04daeef36dfb60b26ec94b75158d7d f2b4fc85166b4583d00f312a543eb7beccafa3f10a7c7f45337c2ee26af3a76e
SERVER_HANDSHAKE_TRAFFIC_SECRET 5fc55ca6373feb4976dff3ffb3a727476d04daeef36dfb60b26ec94b75158d7d cd40e79341a875d28791ad494ef0c0de7820498395d01ee1e33f517e058f0ef1
CLIENT_TRAFFIC_SECRET_0 5fc55ca6373feb4976dff3ffb3a727476d04daeef36dfb60b26ec94b75158d7d 985fb65fec2728fe6453be436f20c37f5c214bfde673a42e3f0baf3f08ee1924
SERVER_TRAFFIC_SECRET_0 5fc55ca6373feb4976dff3ffb3a727476d04daeef36dfb60b26ec94b75158d7d bdbb2f808c9b8d4560737f23ee1907ebeaed2bf6d58698b23e0431c96b6259a2
EXPORTER_SECRET 5fc55ca6373feb4976dff3ffb3a727476d04daeef36dfb60b26ec94b75158d7d 3940e53dee43d83154b98da9a4c5e3e132e53d1ce45872e30b00b5f24b521aa0
CLIENT_HANDSHAKE_TRAFFIC_SECRET 8bcdbc7da672468e79af0b0f84b1a4cf5f2ed22a16b5ed7bf32f4da88faf36fc df4f8be208881128365abbed6c7a53f7628c7bff5ada513ee8ca223673d3c662
SERVER_HANDSHAKE_TRAFFIC_SECRET 8bcdbc7da672468e79af0b0f84b1a4cf5f2ed22a16b5ed7bf32f4da88faf36fc 3160eb7733a09a491a169eee8897e86e5659cdda2cf6bf562ff3c098122b421d
CLIENT_TRAFFIC_SECRET_0 8bcdbc7da672468e79af0b0f84b1a4cf5f2ed22a16b5ed7bf32f4da88faf36fc 93108255ee6c8155d903ccfcb9a339c0123c5dbe864174daf12dcf4a1f7bb97c
SERVER_TRAFFIC_SECRET_0 8bcdbc7da672468e79af0b0f84b1a4cf5f2ed22a16b5ed7bf32f4da88faf36fc 4ffcd655be3a816c4ceb01ba0f4246bac98392880c8fa75f56b9e67f681a3c20
EXPORTER_SECRET 8bcdbc7da672468e79af0b0f84b1a4cf5f2ed22a16b5ed7bf32f4da88faf36fc 627555511ffb64ff8315de2fbfbc31bba171b1a64c7f3cb2c4dc138bf0185eca
CLIENT_RANDOM dfcfbac7a0624662deb98d3441594049ad1b80c24164d60514995a7555acd467 97990c131ae475b98bef42aa76d9ecb1444215948cd06eec447dff62c389a5afcdeb308277ec62955a19900c4d500847
CLIENT_HANDSHAKE_TRAFFIC_SECRET d22ec7c8ab7b250a82a4593e018e39e03ba3761da9a4bdee67489effbe3902d6 0f76d11953e0d541c07a11fab0d15de14bd50725c0e4e115068b2ccbeefe4023
SERVER_HANDSHAKE_TRAFFIC_SECRET d22ec7c8ab7b250a82a4593e018e39e03ba3761da9a4bdee67489effbe3902d6 d52c1b6b7f039e06a8f02fe2c04304cdf3cd027d66de5d887ccc704338bc849f
CLIENT_TRAFFIC_SECRET_0 d22ec7c8ab7b250a82a4593e018e39e03ba3761da9a4bdee67489effbe3902d6 b270e2ab6fdd68d8b0b4eef10117fec2194a0193cbee177eb847dd377ecdb875
SERVER_TRAFFIC_SECRET_0 d22ec7c8ab7b250a82a4593e018e39e03ba3761da9a4bdee67489effbe3902d6 61ef1760a242fbdf4b68cdbf6b2774883690e8aa1cb5721c8bc0f8484e4e74ea
EXPORTER_SECRET d22ec7c8ab7b250a82a4593e018e39e03ba3761da9a4bdee67489effbe3902d6 21379c0b35b5c9de31c53741ae4fdcf0f63fa23306afd4bc68e4ed8b6baa5e01
CLIENT_HANDSHAKE_TRAFFIC_SECRET 50393be87677b151d377bb17d237481562fba0ade2baabb1e8fb97258c58b958 f63d45fcb20aa80356d9a411ec8b10656fb497097476a34d997482fc07c8eb61
SERVER_HANDSHAKE_TRAFFIC_SECRET 50393be87677b151d377bb17d237481562fba0ade2baabb1e8fb97258c58b958 a47e18925872ed3360eae0f3cdf25f72353c8fa3b516cf216c9c2ca095902c54
CLIENT_TRAFFIC_SECRET_0 50393be87677b151d377bb17d237481562fba0ade2baabb1e8fb97258c58b958 710824f294dac396bfd178e456549cb936a4ead13d38383025f0cd8f159deb8d
SERVER_TRAFFIC_SECRET_0 50393be87677b151d377bb17d237481562fba0ade2baabb1e8fb97258c58b958 1f42fc7eb6c5129139491e0d7a2fda1dda455a7be2b3427cc39e36c8348d98fb
EXPORTER_SECRET 50393be87677b151d377bb17d237481562fba0ade2baabb1e8fb97258c58b958 3e28a6e59707c1a2724ae97f4dd2457cdd16f6f1e8377e5eb5652bda90b3980c
CLIENT_HANDSHAKE_TRAFFIC_SECRET 40d7725a16c9d8f4f251df90f50eb1de6d8540047bc48889113f8e763be1a96f 557ccb9b5ec85eeb117811a9edde25c23c12c246052643d39d7f14a516eb614b
SERVER_HANDSHAKE_TRAFFIC_SECRET 40d7725a16c9d8f4f251df90f50eb1de6d8540047bc48889113f8e763be1a96f 4aa659b4923ff951f147808f0f96fc2486183842f937951eb1d4822e865a999c
CLIENT_HANDSHAKE_TRAFFIC_SECRET bb53e7c097ac6b4209658efc6d0b2f4b66bc273cc1daf05a7ed9821a4bf49f4b 9639f1c1b56e33e340433136407f6f96746b955a4ed8e5cdf91348649b5da912
SERVER_HANDSHAKE_TRAFFIC_SECRET bb53e7c097ac6b4209658efc6d0b2f4b66bc273cc1daf05a7ed9821a4bf49f4b 2d648e4905c274cfdd2676762e9b6fc71af9eb1243664a54d0ae0cf13d831bcd
CLIENT_TRAFFIC_SECRET_0 bb53e7c097ac6b4209658efc6d0b2f4b66bc273cc1daf05a7ed9821a4bf49f4b 657aa4533945c3842111de26811512d4964993939ca8fa160a43eeb28533358f
SERVER_TRAFFIC_SECRET_0 bb53e7c097ac6b4209658efc6d0b2f4b66bc273cc1daf05a7ed9821a4bf49f4b aa7d6bf6daeb4018ffa142e123772524853022f7162f696d99fb086b1153c0c6
EXPORTER_SECRET bb53e7c097ac6b4209658efc6d0b2f4b66bc273cc1daf05a7ed9821a4bf49f4b 95f7697126226dcf99a8e161af0ee6c2cec443d6847efd1fd40da04c93e50e0b
CLIENT_HANDSHAKE_TRAFFIC_SECRET a0697fe2c613a428c2fd6ac53f62bc5f350ea7add981f59a038cd7ff3ed2b057 b109deeaf77f1bdebb97844016017a74be7459f4c7d7175432187cd59ac3aec5
SERVER_HANDSHAKE_TRAFFIC_SECRET a0697fe2c613a428c2fd6ac53f62bc5f350ea7add981f59a038cd7ff3ed2b057 e910f443aab175ae6f4ba10c4a8519993505d59fdda1918016d72e2c66b99d2e
CLIENT_TRAFFIC_SECRET_0 a0697fe2c613a428c2fd6ac53f62bc5f350ea7add981f59a038cd7ff3ed2b057 dc914866481be1de934b4f2e3ea303e66d31ca47a65e358f71e481a084555584
SERVER_TRAFFIC_SECRET_0 a0697fe2c613a428c2fd6ac53f62bc5f350ea7add981f59a038cd7ff3ed2b057 8f84e0a0798c6445d075b95abbbe2da7311584bc9855399005c7886442dfd1fa
EXPORTER_SECRET a0697fe2c613a428c2fd6ac53f62bc5f350ea7add981f59a038cd7ff3ed2b057 30e71893bc9b4b2589bd1b232981a7a0a89090cf8e8fbc12c5327d31faad3275
CLIENT_TRAFFIC_SECRET_0 40d7725a16c9d8f4f251df90f50eb1de6d8540047bc48889113f8e763be1a96f b7db2f7f8196aaefd72460e4dd1615db7626b723e2c2ee04b6c547647c08c326
SERVER_TRAFFIC_SECRET_0 40d7725a16c9d8f4f251df90f50eb1de6d8540047bc48889113f8e763be1a96f c3fd2db664b1aacc23679aad8d85119193f02273f6b871688cb011d4ef07f862
EXPORTER_SECRET 40d7725a16c9d8f4f251df90f50eb1de6d8540047bc48889113f8e763be1a96f 64b3cb5680dc08089b991a85c770d3f20305d32b131e4ccf6255dfc800b40404
CLIENT_HANDSHAKE_TRAFFIC_SECRET b85cc0f6bb5b676a1b70ce770dddaeef7a49e8c85260e40da6bf54849364bb7c d106c5b2cafea2fb4253da83b15d6b118cbcf546dc431225767d858b94da2dfb
SERVER_HANDSHAKE_TRAFFIC_SECRET b85cc0f6bb5b676a1b70ce770dddaeef7a49e8c85260e40da6bf54849364bb7c f3962062c6b9153e6a714077d9fa7af679b0e42ddd6a6d3dd4402f56475b883b
CLIENT_TRAFFIC_SECRET_0 b85cc0f6bb5b676a1b70ce770dddaeef7a49e8c85260e40da6bf54849364bb7c 57fbe13cd82cd980c0d4c7bb4b54c4fb092c5be4a32d429a34262ea1a498160e
SERVER_TRAFFIC_SECRET_0 b85cc0f6bb5b676a1b70ce770dddaeef7a49e8c85260e40da6bf54849364bb7c 6633d126f20d06e3fb8b447f537653520910e97e9141ad86c46d3c6243cfe3dc
EXPORTER_SECRET b85cc0f6bb5b676a1b70ce770dddaeef7a49e8c85260e40da6bf54849364bb7c 0ddceb487900c31c77e5138d4a0e94875878f7f3bd79f578df62d6e0d3345e47
CLIENT_HANDSHAKE_TRAFFIC_SECRET 3ea83f41aecd643657ef09b9149c87fd1ed131029dd4f03caa18fbb343616b27 05cc024e4d1c3d7ba92e1db4b351602ac75a94624a415f00a889b2d1ccbd8eb8
SERVER_HANDSHAKE_TRAFFIC_SECRET 3ea83f41aecd643657ef09b9149c87fd1ed131029dd4f03caa18fbb343616b27 df1201bf48841feeebd7b9ebef4907e44af0a1697a689c0031d5cb163f090cc3
CLIENT_TRAFFIC_SECRET_0 3ea83f41aecd643657ef09b9149c87fd1ed131029dd4f03caa18fbb343616b27 19bb10baa4f9e63c0e306cf3d46eaf95786e6cdb419445e5add965baa5d7eaae
SERVER_TRAFFIC_SECRET_0 3ea83f41aecd643657ef09b9149c87fd1ed131029dd4f03caa18fbb343616b27 5795def0c5f36a6dc91a2b7bb10b1dd63bb7ecdccd630b1414d80c562c8a70eb
EXPORTER_SECRET 3ea83f41aecd643657ef09b9149c87fd1ed131029dd4f03caa18fbb343616b27 d755abbbe2a84dfc9399762e7e8312645e6a8a958b850e08a0771af83046efff
CLIENT_HANDSHAKE_TRAFFIC_SECRET fcd0fffa63f808f3d96a5d1a9bd008fbf18a64b3a268eab22816ec67f60545be 2927b52dd9a646dd7f4b250e829624c413c088f57ae9b06ec12216ec6597f460ccf17b40fa3ed6a2aeec24fb8fc348df
SERVER_HANDSHAKE_TRAFFIC_SECRET fcd0fffa63f808f3d96a5d1a9bd008fbf18a64b3a268eab22816ec67f60545be 1404537acfe5b36c2996f921d688c474e6c375a17a0c18415cc150fc8ae28303defeb57c050567011087b760cb0bec48
CLIENT_TRAFFIC_SECRET_0 fcd0fffa63f808f3d96a5d1a9bd008fbf18a64b3a268eab22816ec67f60545be a8ddef717b538ac97ca18ca217a8fd2667637f02356a01b6932b467a4a9adc050884711161b58eaa1e50fdc9e70eafda
SERVER_TRAFFIC_SECRET_0 fcd0fffa63f808f3d96a5d1a9bd008fbf18a64b3a268eab22816ec67f60545be 18a16d48187747601201f04f86240781b4e38379174ad19e2177b79c518d229c0288805bc3f1cb1cf050e156cf99f478
EXPORTER_SECRET fcd0fffa63f808f3d96a5d1a9bd008fbf18a64b3a268eab22816ec67f60545be e1cacac3cdb86c86c64c4e750fa9f1c8f120dee4a7541663a5393dd3f8f365eb0ba628b29b0bd110c2afb36eabd922dc
CLIENT_RANDOM a4bcc52bf0051e233c81f35ff246f46c5ede592a18b0ec3f43c12434eb551d29 02833577c33f22a0213373e75f61c117b5a587447039dbe12cf232d906b0ed62f280b40b1e274133825f6ec7705acb0d
CLIENT_HANDSHAKE_TRAFFIC_SECRET 11cd43a06cbde7885a27a8fe3f9d43877eb7fdb377641e3d7203793b7f957ce8 3ff73a7b3512ac505f976317c384198f623a1d6118e1c4f7b8787f8223e57986dcd7b1662bad3bdfbcc16c3dfa102735
SERVER_HANDSHAKE_TRAFFIC_SECRET 11cd43a06cbde7885a27a8fe3f9d43877eb7fdb377641e3d7203793b7f957ce8 ddb7989cb6bd9bf1531fae20d67441ae0faddee3fc6999995b8c672dd4b473ca2550955bba4467e0363ed9707c48fe69
CLIENT_TRAFFIC_SECRET_0 11cd43a06cbde7885a27a8fe3f9d43877eb7fdb377641e3d7203793b7f957ce8 d64ba686ca8d02999d73864d414636c590504fd38474ad876c84013efb0220927725361783ebdd26fbd64af4a2c88a6a
SERVER_TRAFFIC_SECRET_0 11cd43a06cbde7885a27a8fe3f9d43877eb7fdb377641e3d7203793b7f957ce8 aa267bd3e47d230331a83a05d7d592d75914f3c313d7a82f1335de8a57c0c21db6c8c25ee376eff8ca824c164598cd3a
EXPORTER_SECRET 11cd43a06cbde7885a27a8fe3f9d43877eb7fdb377641e3d7203793b7f957ce8 67d14ddb8f8605c637451e132e0199caba25dc788f1bebc5aa08daa3efaf894df310f2b662394ab8f461f005230c7201
CLIENT_EARLY_TRAFFIC_SECRET 597d65ee737234145073bf8f9cf914cbcb0ab9efc9233c905fe59cd85e7d92b5 696363f626d9bc654dc2a1054b9ab365ab136db9cd362a3254586ae1bbcc516a
CLIENT_HANDSHAKE_TRAFFIC_SECRET 597d65ee737234145073bf8f9cf914cbcb0ab9efc9233c905fe59cd85e7d92b5 0f3ce65c9871b2cb965387764d9ba55dfaed091c1cb56bbcec343090c9c57639
SERVER_HANDSHAKE_TRAFFIC_SECRET 597d65ee737234145073bf8f9cf914cbcb0ab9efc9233c905fe59cd85e7d92b5 79194e344f0f5b5d1ad3b7b6ca6a108cac6ada78671f6f44d93fd56eef286a64
CLIENT_TRAFFIC_SECRET_0 597d65ee737234145073bf8f9cf914cbcb0ab9efc9233c905fe59cd85e7d92b5 268a63d8627b8a1bce6b8a6452ba9a40b91ab3ea6d0181a42aef7a94838ae1bb
SERVER_TRAFFIC_SECRET_0 597d65ee737234145073bf8f9cf914cbcb0ab9efc9233c905fe59cd85e7d92b5 ac8fe2ee714f412693da7e45b7a140c9047886712e462c32c84e7158e146cd05
EXPORTER_SECRET 597d65ee737234145073bf8f9cf914cbcb0ab9efc9233c905fe59cd85e7d92b5 f3c4eb43446d5084c716ae0f6929b35e61f6cdf5280542bc91a5598b9c96619e
CLIENT_HANDSHAKE_TRAFFIC_SECRET 4aedb295cc063cdbf8fc4e991785c80bd8a94474212185ea7865756c37b29bb5 6ad4006415d574ce677356d85b8689157db4dd8ab47c674c972bb58600898466
SERVER_HANDSHAKE_TRAFFIC_SECRET 4aedb295cc063cdbf8fc4e991785c80bd8a94474212185ea7865756c37b29bb5 9c41d3278abf534b8b649d159e27981e80f2525f072953e5d4522facee5bbfae
CLIENT_TRAFFIC_SECRET_0 4aedb295cc063cdbf8fc4e991785c80bd8a94474212185ea7865756c37b29bb5 3022f64130a3e3a72b008b71d03ed969bfa3ef72e22b91bdfe52d93fb478057e
SERVER_TRAFFIC_SECRET_0 4aedb295cc063cdbf8fc4e991785c80bd8a94474212185ea7865756c37b29bb5 8e3dfbd57a7b1bf90f165890665deedcc437515bf2c813d17fd76d56c1d15c4d
EXPORTER_SECRET 4aedb295cc063cdbf8fc4e991785c80bd8a94474212185ea7865756c37b29bb5 168bee9130238bcbd372629919db68061ef7c3cb64c82d7431899ea551d253d1
CLIENT_EARLY_TRAFFIC_SECRET 5e4d73b9a4a472d07446b4567ef8d0883f68be190221685f22441b8ffaa97148 3612a04584190da548bd8e3ef765b4b9c01605ec131f1e6ed8df23f3cc056b35
CLIENT_HANDSHAKE_TRAFFIC_SECRET 5e4d73b9a4a472d07446b4567ef8d0883f68be190221685f22441b8ffaa97148 9d10676a1f9796990006667c343c4de93439c55bf65cd3266043a4e554690985
SERVER_HANDSHAKE_TRAFFIC_SECRET 5e4d73b9a4a472d07446b4567ef8d0883f68be190221685f22441b8ffaa97148 9e8387ba64ab32ac4d5923d8bf04f92f78f5067ee14afc50ca6a05ac56cce50b
CLIENT_TRAFFIC_SECRET_0 5e4d73b9a4a472d07446b4567ef8d0883f68be190221685f22441b8ffaa97148 86b4291a17dfc19f24236f269778e5047743dc91b187fe89ecad1d4ec784cc8c
SERVER_TRAFFIC_SECRET_0 5e4d73b9a4a472d07446b4567ef8d0883f68be190221685f22441b8ffaa97148 fa10355e072a526a855f1ae4e66678bbf25ae5e39cbc4bb2f5bc8a09bc1696a1
EXPORTER_SECRET 5e4d73b9a4a472d07446b4567ef8d0883f68be190221685f22441b8ffaa97148 d200cf876602cffeceeaf590bd7434cfae351589a92354a4adae241cb13e17d0
CLIENT_HANDSHAKE_TRAFFIC_SECRET 31ec8fb49a85209167513d1292d4489d445e76d85db2ef195e8b88e2b2ec037f 1e87e142fb583628336366a0bdcfd870eec1b845e83716a6f57e8f8993b92ec2
SERVER_HANDSHAKE_TRAFFIC_SECRET 31ec8fb49a85209167513d1292d4489d445e76d85db2ef195e8b88e2b2ec037f 768e745c138b66cd9501d29d5ee51638b5206a0cc0c6d3d4c08c4d3e419fdaa5
CLIENT_TRAFFIC_SECRET_0 31ec8fb49a85209167513d1292d4489d445e76d85db2ef195e8b88e2b2ec037f 33bd11eac9ff175f38769c98dc32ebe770e283521acfbe0206bcda7a9dd18bdf
SERVER_TRAFFIC_SECRET_0 31ec8fb49a85209167513d1292d4489d445e76d85db2ef195e8b88e2b2ec037f 110adbce312430dfeae50f6c1dae48ed95b46dd86a21b947ceecd3a98bb73a05
EXPORTER_SECRET 31ec8fb49a85209167513d1292d4489d445e76d85db2ef195e8b88e2b2ec037f a8e29e30d1faf46b4a6108b5a696b3ce542b9328fa95eefc59ca1c9391026cd1
CLIENT_HANDSHAKE_TRAFFIC_SECRET c4eaa6fe4f9a25b9ba8b0855f7c5d4dafaa036168fc0ecaca3701394208c8390 77e52dbe29bc43eb355217f40572a2fe2d69bb9aa373bed0b5c786850454e094c1eaa9bbd608531e0d3d80ae807be31a
SERVER_HANDSHAKE_TRAFFIC_SECRET c4eaa6fe4f9a25b9ba8b0855f7c5d4dafaa036168fc0ecaca3701394208c8390 4b5a0f44d2a476bebd65b546fe98defdeb6184cc196f677b5b088492cba18b4777b136a8f275af6056574e816bf76ff4
CLIENT_TRAFFIC_SECRET_0 c4eaa6fe4f9a25b9ba8b0855f7c5d4dafaa036168fc0ecaca3701394208c8390 0a034695db3b089b4ebdf6dbb628cbe5ff73f89e074a6ab110ea462b67e6fef8b97a2da2a28840a1cf109fb907c3c636
SERVER_TRAFFIC_SECRET_0 c4eaa6fe4f9a25b9ba8b0855f7c5d4dafaa036168fc0ecaca3701394208c8390 3ac1ec34ad002fac2da893f9376de058d85daf3f224a3766ace479b82f9fe0ee04407c014396999c4811890e6d63bd38
EXPORTER_SECRET c4eaa6fe4f9a25b9ba8b0855f7c5d4dafaa036168fc0ecaca3701394208c8390 083af3aff64d90ba3143593466337a1df15fa0f2da680c2317cf1ff00ca78ecf68c47ab9dea11649f8d75c8d005af481
CLIENT_HANDSHAKE_TRAFFIC_SECRET 3e31be01cfcba2ffe8374e60b42f6d3fd9a8c93229f64df0c4c082a7abeaa0ee 1c77353420ba7ba79b0fb9e4a145bd72f9c24c4292931911fd0a76d542d204060d0a6d4dc22c7f4025c974299bf0824d
SERVER_HANDSHAKE_TRAFFIC_SECRET 3e31be01cfcba2ffe8374e60b42f6d3fd9a8c93229f64df0c4c082a7abeaa0ee bb842dae5689a7fd86bbca7697ecf3c80168e24e0cd71ac925ada9688abafab1fe5ff2e27e7eb1d9710417cf740ddf67
CLIENT_TRAFFIC_SECRET_0 3e31be01cfcba2ffe8374e60b42f6d3fd9a8c93229f64df0c4c082a7abeaa0ee 3e8c37476c5afadc8f041b46ad9b27a38face9a794b5a1b21b0296615e25a0f3c7a65393f355dee931de5ab9efa70ed3
SERVER_TRAFFIC_SECRET_0 3e31be01cfcba2ffe8374e60b42f6d3fd9a8c93229f64df0c4c082a7abeaa0ee 3f9533ea4452a45145a9a3d714da6f1543d54e90e0657abe4c42c32fd95ffaf66f14c483dd41362f9413f964a9f23684
EXPORTER_SECRET 3e31be01cfcba2ffe8374e60b42f6d3fd9a8c93229f64df0c4c082a7abeaa0ee d28256e97c0244bbaa75d4b6f32eabb34750bd14275d6a277e132949dda23270d56970310545c0125f49d961d5a5488c
CLIENT_HANDSHAKE_TRAFFIC_SECRET 0cb8dc370146ea7404acd1d3a3d899aa64c86597a7fbfe05cf58345bc118eda8 0fddd3e6bd3d98687f55bf1666445d483b23e4663a2ef9b2a31e26b938f096ff
SERVER_HANDSHAKE_TRAFFIC_SECRET 0cb8dc370146ea7404acd1d3a3d899aa64c86597a7fbfe05cf58345bc118eda8 6aa4678ea612d35ba2c4d27ea7fa895d92c8defca0cf1f4a57c69acc2a1e1e72
CLIENT_TRAFFIC_SECRET_0 0cb8dc370146ea7404acd1d3a3d899aa64c86597a7fbfe05cf58345bc118eda8 86dc6117508377cb992ed3624c0c360fd810c532ef16844da9e9d51e9aebaca5
SERVER_TRAFFIC_SECRET_0 0cb8dc370146ea7404acd1d3a3d899aa64c86597a7fbfe05cf58345bc118eda8 9e4a3f90b06089149653b53ac422d85048e183de11ff88ec8a3a8955663501e4
EXPORTER_SECRET 0cb8dc370146ea7404acd1d3a3d899aa64c86597a7fbfe05cf58345bc118eda8 1e4248ab53418ec2caf5d536cb811d8c6782e763938f313a07e1af44636fff1d
CLIENT_HANDSHAKE_TRAFFIC_SECRET c25650efba43fe3104f27398f22a8dfbf0299b31b30bee0ffff5277d67e8a0f7 f560d3189ff7b6ff683f271e23c61419db37fc40bc059078d637083bdcfcfe68
SERVER_HANDSHAKE_TRAFFIC_SECRET c25650efba43fe3104f27398f22a8dfbf0299b31b30bee0ffff5277d67e8a0f7 91669f4a60f1241a602f489925cc304670baff06e035cbb6e3ac13fb939a88f1
CLIENT_TRAFFIC_SECRET_0 c25650efba43fe3104f27398f22a8dfbf0299b31b30bee0ffff5277d67e8a0f7 0695c5b657e346914a1e397430c143c0a92b86c2aaa4c363555dafb35b008bda
SERVER_TRAFFIC_SECRET_0 c25650efba43fe3104f27398f22a8dfbf0299b31b30bee0ffff5277d67e8a0f7 120eafff2decd2ac89b5020977b4cba84541c8fd0aa1b2e5961fccee8131287a
EXPORTER_SECRET c25650efba43fe3104f27398f22a8dfbf0299b31b30bee0ffff5277d67e8a0f7 7ff28115401d57fd67e2779e7cac1f72a2c621c16efb18dd1e67422c8d71119a
CLIENT_EARLY_TRAFFIC_SECRET 1b8b521502135fa3d87f2d54d86933a8910d09995f2a3c888d6aa2e8271accba 8ca59fb1d8336e94a21901ccf72d1c6a17fee7a967f084e4a94a48de82c5f5d8
CLIENT_HANDSHAKE_TRAFFIC_SECRET 1b8b521502135fa3d87f2d54d86933a8910d09995f2a3c888d6aa2e8271accba 0cf5209ec5aebd5509b0f6f0e51519a19be077996922259dbff0ade7b5b12a9f
SERVER_HANDSHAKE_TRAFFIC_SECRET 1b8b521502135fa3d87f2d54d86933a8910d09995f2a3c888d6aa2e8271accba 4c81ed5fd3e1664f570e40c2215dfd968b8a6244d550e69ea4fc89fa21f6a97a
CLIENT_TRAFFIC_SECRET_0 1b8b521502135fa3d87f2d54d86933a8910d09995f2a3c888d6aa2e8271accba ccc3332543aee012e6bc1ba2ec44bc7ed64e273e6afe81227a71ffa7e0091c5e
SERVER_TRAFFIC_SECRET_0 1b8b521502135fa3d87f2d54d86933a8910d09995f2a3c888d6aa2e8271accba 7c3d1d662d2642c7333639c18ab5742ed8e82f198f30f0345e7f82797e660990
EXPORTER_SECRET 1b8b521502135fa3d87f2d54d86933a8910d09995f2a3c888d6aa2e8271accba 2800920feb2c09656e80ab2a3b7270ea24ec603cf7419822f2504252988fc72f
CLIENT_EARLY_TRAFFIC_SECRET 907263401b3c783f921a35f4e8810424457ca2fcf140b8ee0c44497d6d399b7f 96d5fa556d5d4ec978f9be02382fee230ca785cb1e3c42b6bdca24c5a4b88078
CLIENT_HANDSHAKE_TRAFFIC_SECRET 907263401b3c783f921a35f4e8810424457ca2fcf140b8ee0c44497d6d399b7f 8255498c240e7ec60aff8e1e3b6773db8d1aa6f388c845a04d57ffa5f4968749
SERVER_HANDSHAKE_TRAFFIC_SECRET 907263401b3c783f921a35f4e8810424457ca2fcf140b8ee0c44497d6d399b7f 722f079b137c7c96303575a9d428a1963500593852f8037d840f26f5ce366186
CLIENT_TRAFFIC_SECRET_0 907263401b3c783f921a35f4e8810424457ca2fcf140b8ee0c44497d6d399b7f fb262393e7045c31dde78a69b9389183c88aa5dbd0b29f08b73e33d65af2430e
SERVER_TRAFFIC_SECRET_0 907263401b3c783f921a35f4e8810424457ca2fcf140b8ee0c44497d6d399b7f 8d7ab47c8e7e8929ed7788c18b90e90ec9d8ee9ca9838b6041e10f3938b2d05e
EXPORTER_SECRET 907263401b3c783f921a35f4e8810424457ca2fcf140b8ee0c44497d6d399b7f 144dc9a1e26a162a36bb1e60d80a051bafaf5caa1989a2467636c4cea8f487e6
CLIENT_RANDOM f832a5a146d34175e18b44b84221f1a305457a64cd45bcac00c6767a8052cf3c 02833577c33f22a0213373e75f61c117b5a587447039dbe12cf232d906b0ed62f280b40b1e274133825f6ec7705acb0d
CLIENT_HANDSHAKE_TRAFFIC_SECRET c858429b2270acd518d68da5eda470eee9c6110b41b05fcc031f92d50c3a7574 fe2bec418323aa97d8db9fea3fd4916eeb50a38fd474c586494bb244930ea678
SERVER_HANDSHAKE_TRAFFIC_SECRET c858429b2270acd518d68da5eda470eee9c6110b41b05fcc031f92d50c3a7574 704b04e3fa8df98b02e17a4ea4f364cd4747ee26798055f2e87bf8db58a7d4d5
CLIENT_TRAFFIC_SECRET_0 c858429b2270acd518d68da5eda470eee9c6110b41b05fcc031f92d50c3a7574 d8f033485806a12763f4bd4e7ed78df1647115f8f05cb3a873a66e8925116446
SERVER_TRAFFIC_SECRET_0 c858429b2270acd518d68da5eda470eee9c6110b41b05fcc031f92d50c3a7574 e7ff47b893b94a4e2d4d472e422e6b0004c65ff994ed7fa250e4767026e69621
EXPORTER_SECRET c858429b2270acd518d68da5eda470eee9c6110b41b05fcc031f92d50c3a7574 904ad5cde19f4c6507f55bec34e6904abd57ecdbf8ef76fd2ff93750654f6b1c
CLIENT_EARLY_TRAFFIC_SECRET 0ef27a88ed5b9adb1b6ea718fb798b97e01e7a28bcf5d9b9f65494f41df4b436 8a5fca1f7127511a650352ca150ae0c1d7835ba6891c318943467a335b6b2fb6
CLIENT_HANDSHAKE_TRAFFIC_SECRET 0ef27a88ed5b9adb1b6ea718fb798b97e01e7a28bcf5d9b9f65494f41df4b436 dc8538e822171ab48b64f98d5c0644f6f82934fb5e57917d8cca06d0a401db83
SERVER_HANDSHAKE_TRAFFIC_SECRET 0ef27a88ed5b9adb1b6ea718fb798b97e01e7a28bcf5d9b9f65494f41df4b436 ff7c7ddd0af3890e85536ae83808268b9ea462b2dbd4467c4a3db9d2d50da200
CLIENT_TRAFFIC_SECRET_0 0ef27a88ed5b9adb1b6ea718fb798b97e01e7a28bcf5d9b9f65494f41df4b436 142d2bda3e5aeb9ab0372d57566c2c19505fb0af3ddc1f749b9e7125e5764b72
SERVER_TRAFFIC_SECRET_0 0ef27a88ed5b9adb1b6ea718fb798b97e01e7a28bcf5d9b9f65494f41df4b436 e8ec2e09c40a105d266d2a28ef0882844c8bec790c2e188eb67c5bae60b22f2d
EXPORTER_SECRET 0ef27a88ed5b9adb1b6ea718fb798b97e01e7a28bcf5d9b9f65494f41df4b436 8067a962a7fc7d9a5e2c77b38149fb4744cab16a42e6a260e11308374304538f
CLIENT_EARLY_TRAFFIC_SECRET cc2a067e0809a451a2b14394b5953dcbfc070359c5f7c5c484bd2d7027eb07f8 f05ff6ea30d3dcae95ff629936b1043509e6b7859a6d73e29cb055a40f830e4c
CLIENT_HANDSHAKE_TRAFFIC_SECRET cc2a067e0809a451a2b14394b5953dcbfc070359c5f7c5c484bd2d7027eb07f8 a021545af95f200b91bafaf57e616e8b99c9211995eeb0fafcd914605233472c
SERVER_HANDSHAKE_TRAFFIC_SECRET cc2a067e0809a451a2b14394b5953dcbfc070359c5f7c5c484bd2d7027eb07f8 294d94e0d3fa4359b54bae53253111c55aa2c772e4fa8cc03f8b6582c855795b
CLIENT_TRAFFIC_SECRET_0 cc2a067e0809a451a2b14394b5953dcbfc070359c5f7c5c484bd2d7027eb07f8 e63d474d827b587dcddc6472e7f6ed7acbdcce8d8ac745d8299c0746690acb5b
SERVER_TRAFFIC_SECRET_0 cc2a067e0809a451a2b14394b5953dcbfc070359c5f7c5c484bd2d7027eb07f8 ecf587d294d094943880f7c6058e009d30abcbd1acaff37d3f812ca19a5d8bda
EXPORTER_SECRET cc2a067e0809a451a2b14394b5953dcbfc070359c5f7c5c484bd2d7027eb07f8 d9f8bb74a77b6d99655343501699d1d4bb79d9658fad57846dc62474b085cede
CLIENT_EARLY_TRAFFIC_SECRET 7046b6ac31e554a5d8913c8e08dee3f6049125458f3769a5efc5861de762de03 f4e494a1e25d766f5c591fcb3a8872912f65ad4b99ebfd6990f632d1d36dc246
CLIENT_HANDSHAKE_TRAFFIC_SECRET 7046b6ac31e554a5d8913c8e08dee3f6049125458f3769a5efc5861de762de03 770126e2ba3534a384dab89a79355341f468087e3787d531618af87b129b79cb
SERVER_HANDSHAKE_TRAFFIC_SECRET 7046b6ac31e554a5d8913c8e08dee3f6049125458f3769a5efc5861de762de03 6703b5c701dde680f180757bb5a07456aa197058e0bf854bcc47d04b6d967292
CLIENT_TRAFFIC_SECRET_0 7046b6ac31e554a5d8913c8e08dee3f6049125458f3769a5efc5861de762de03 f588df8f028aa408f6b910221e0b377765a54479410d3723a4f3036760e10d0d
SERVER_TRAFFIC_SECRET_0 7046b6ac31e554a5d8913c8e08dee3f6049125458f3769a5efc5861de762de03 b2928fcdf0389a1174f15e0ea36f63c53deed0e7121a821f4b81795d7def0173
EXPORTER_SECRET 7046b6ac31e554a5d8913c8e08dee3f6049125458f3769a5efc5861de762de03 8ac581ed7b3578c447b111425881145577ddb24b00546813c370f979cec13419
CLIENT_RANDOM 9d6de1eaf68079c77dd37e66cf0fbfd2403cfa53faab003d31b74a8fe997f7d4 d2e0411b9eea2a07cc7d1be8c5d573f7fa8706a60611b4be14e326d638550e683d871bc3f643debb811c358fbfba842b
