CLIENT_HANDSHAKE_TRAFFIC_SECRET 0d31c8195ba0952a7136a800da8b67f2e84ea2d798a0cd0ec3f9e5ec72656946 c3916c646014e85d11759af9a37f254320db9dc4d8938101e1835198673b879cffc3c6f5969b583ee71729d9cd7a13f1
SERVER_HANDSHAKE_TRAFFIC_SECRET 0d31c8195ba0952a7136a800da8b67f2e84ea2d798a0cd0ec3f9e5ec72656946 4c9815e3306e81e377cbb8140fedde5ad142516d2ddaf2e66accb34f060dec1532fc192a5604a4e243da98279270c2d1
CLIENT_HANDSHAKE_TRAFFIC_SECRET 4a8dea4df8db74da55a706be3f5943cc0a6eb6795894614d0b735bfe687f865b 80d8d118db8cb641cf756d190f6eb6b4911f2e6e0428f5efc199e2e92f0df34d
SERVER_HANDSHAKE_TRAFFIC_SECRET 4a8dea4df8db74da55a706be3f5943cc0a6eb6795894614d0b735bfe687f865b 0e395cb04fa5562db653b54ad6203f3498e6c039cfd10f7cbb77035fe24554d6
CLIENT_HANDSHAKE_TRAFFIC_SECRET 9234e378d48461d1a0b9ec83f876f53d34cf5f2b829185f21ddbeb6c973a6de3 fae2814f764c766fb1ef038b01754192703a391c126cbcb948428eb54843662c
SERVER_HANDSHAKE_TRAFFIC_SECRET 9234e378d48461d1a0b9ec83f876f53d34cf5f2b829185f21ddbeb6c973a6de3 104ab8bbdacc0d8c00dbd345dd69ac93d6ef60add519ddece6612c16e8cb7f40
CLIENT_HANDSHAKE_TRAFFIC_SECRET 98a377776be0bf652c784521deeb954055cf5c72f1a6d8bbfcbd47860912e5f2 849b1c642495387f7f6282877cb0d3af6b9676d5315dc1680f951f892041f10020f745254b3b0200b02cd8a17a06aea5
SERVER_HANDSHAKE_TRAFFIC_SECRET 98a377776be0bf652c784521deeb954055cf5c72f1a6d8bbfcbd47860912e5f2 565e87f0fd8a8d78d2e3629cd3375feec2192a3fd42b4b90734bbd4a9604e051b5d9bd6c1d8bfcdff5aa679515616bb9
CLIENT_HANDSHAKE_TRAFFIC_SECRET af71523add66052652d157cb44b23803758f881f9277666cb5a8349894e63eca 602d01e96127042a92ce6fdcf1bbbf219cdbf33ac6895439ffa8df96edcb24d7
SERVER_HANDSHAKE_TRAFFIC_SECRET af71523add66052652d157cb44b23803758f881f9277666cb5a8349894e63eca b395d2dc1b0e8be04d532c084f6f565179939d85725c154984fa242aa332da43
CLIENT_TRAFFIC_SECRET_0 4a8dea4df8db74da55a706be3f5943cc0a6eb6795894614d0b735bfe687f865b c98a90d759c51e6d000e5de2fb2d29741f95648eea2e33cc29f188841663a710
SERVER_TRAFFIC_SECRET_0 4a8dea4df8db74da55a706be3f5943cc0a6eb6795894614d0b735bfe687f865b e7ab973c435e0e1ec05326b365c1c074e477d2c93effabb20309732b606e9afc
EXPORTER_SECRET 4a8dea4df8db74da55a706be3f5943cc0a6eb6795894614d0b735bfe687f865b aef814bef3b425d83ff9cdb450f9dce61058b268b296d2921b6785bc11eb9c91
CLIENT_TRAFFIC_SECRET_0 98a377776be0bf652c784521deeb954055cf5c72f1a6d8bbfcbd47860912e5f2 b5834b71f6e9ceb687946d8da76efbe98a964c2f5dd9cd8aa9e7a05f13b2c45c7c87f7feee12b65608fea221a4b60953
SERVER_TRAFFIC_SECRET_0 98a377776be0bf652c784521deeb954055cf5c72f1a6d8bbfcbd47860912e5f2 e8c7df932dc2f20b371195fb9e82f3323626056fcdfa38d03b75883569f0b9a5faa01ad21c58f3d7012521f6fe8d2a8a
EXPORTER_SECRET 98a377776be0bf652c784521deeb954055cf5c72f1a6d8bbfcbd47860912e5f2 6f9282ef412acb99b36793c62e5cfc10ec5f6163eb057330147e8c4c3c556e8b314bd6f97573bb81e09b1f16ad4d457a
CLIENT_TRAFFIC_SECRET_0 9234e378d48461d1a0b9ec83f876f53d34cf5f2b829185f21ddbeb6c973a6de3 e0ee8f1a751250773498d85b53d2ff28d4d3f1b0ba7e08cec15909f22d27c68f
SERVER_TRAFFIC_SECRET_0 9234e378d48461d1a0b9ec83f876f53d34cf5f2b829185f21ddbeb6c973a6de3 ccb6267f236f59641b643970b9ae44e635eb4a44b81417166dcee3c1c22e4572
EXPORTER_SECRET 9234e378d48461d1a0b9ec83f876f53d34cf5f2b829185f21ddbeb6c973a6de3 a30ab4c8448676f52f39801e1f9e9bc6a253d128b9ca88ac08cef1b2c419b5ec
CLIENT_HANDSHAKE_TRAFFIC_SECRET aa798c8d0851e4d5197e39ebbafb5346894d4937c5d0f9d5d35d18444f279826 457b12865ff196b0dac95b170a535888c28e5ea9d5c8a717141ae1a099154457
SERVER_HANDSHAKE_TRAFFIC_SECRET aa798c8d0851e4d5197e39ebbafb5346894d4937c5d0f9d5d35d18444f279826 a252d6e06d861a7f1647f318602979fdf8eb7ef7ff13db651df2f074842d9f7f
CLIENT_TRAFFIC_SECRET_0 aa798c8d0851e4d5197e39ebbafb5346894d4937c5d0f9d5d35d18444f279826 db5491410e5d5145996df2d68dc8277ff0d99049d0d589195da3470543941439
SERVER_TRAFFIC_SECRET_0 aa798c8d0851e4d5197e39ebbafb5346894d4937c5d0f9d5d35d18444f279826 c1e41b7f365ca7c9e7acfa5e25c20de87ba02d22fd7fbfb65a2b44f31dab550d
EXPORTER_SECRET aa798c8d0851e4d5197e39ebbafb5346894d4937c5d0f9d5d35d18444f279826 2695feca6af1a36525887dca60ef75a7824eacfe0870b1763d10b0ad983d34b7
CLIENT_TRAFFIC_SECRET_0 af71523add66052652d157cb44b23803758f881f9277666cb5a8349894e63eca eb37b237d5674fcb496d47e5e1a3cba937e337369ba8a9750de382f88fd6022d
SERVER_TRAFFIC_SECRET_0 af71523add66052652d157cb44b23803758f881f9277666cb5a8349894e63eca 265e90166ba20734f01d6647429c6bc3d6f3595b05d5f9b50a15cdeb2b6e57a5
EXPORTER_SECRET af71523add66052652d157cb44b23803758f881f9277666cb5a8349894e63eca 58197a5f5affbb7414241a29354f1afacd8bc0407e2c33f5fc4dc188f1cf75e2
CLIENT_HANDSHAKE_TRAFFIC_SECRET 0b8a9d33a8ec7e2a9f3844dc993b69cf0aaf955abee63584ca82c21cd1d422a7 f153d814b8898714f8a8d58c18f62aaf5c8e46bd3c443075aab64afbb39918c1
SERVER_HANDSHAKE_TRAFFIC_SECRET 0b8a9d33a8ec7e2a9f3844dc993b69cf0aaf955abee63584ca82c21cd1d422a7 a3419bd13d4c37bc37045a751137af235f64670f9274a65c43d5e76beea3d793
CLIENT_TRAFFIC_SECRET_0 0b8a9d33a8ec7e2a9f3844dc993b69cf0aaf955abee63584ca82c21cd1d422a7 8d72a515af335b917fc6bfdc0bdd7f8e41d4617f7c4cd146587069199b826269
SERVER_TRAFFIC_SECRET_0 0b8a9d33a8ec7e2a9f3844dc993b69cf0aaf955abee63584ca82c21cd1d422a7 231f91e4dac70aa32b39fdc09deb0fe3cf5df5d51bef4e6ebfb44bb98e7a6f53
EXPORTER_SECRET 0b8a9d33a8ec7e2a9f3844dc993b69cf0aaf955abee63584ca82c21cd1d422a7 e567cc53bd44d4d3c41fbcdd1e92e3064a1463689a695c4d7de7219187d6422e
CLIENT_HANDSHAKE_TRAFFIC_SECRET c77b1c9b85e5e93be98beffb923354e903ee5c4af0e37b682d82021802791d15 6c348f77de3b9e1d8cb511c3a5f16e9278c352ff88898fb7cb201292ce6e84d0
SERVER_HANDSHAKE_TRAFFIC_SECRET c77b1c9b85e5e93be98beffb923354e903ee5c4af0e37b682d82021802791d15 18bdf4aaba96082899a22e59fec0742f3790743eac8aeb579c6a2b8a6741429a
CLIENT_TRAFFIC_SECRET_0 c77b1c9b85e5e93be98beffb923354e903ee5c4af0e37b682d82021802791d15 71c4fbdcc317646299ca24430077cebe3881f57c34240fcdd6951ea8e3e1177a
SERVER_TRAFFIC_SECRET_0 c77b1c9b85e5e93be98beffb923354e903ee5c4af0e37b682d82021802791d15 df8f55d34c39f09d8b24b235fb83276f9bd0df313e829798747f4fe7a29a4fb0
EXPORTER_SECRET c77b1c9b85e5e93be98beffb923354e903ee5c4af0e37b682d82021802791d15 7579ca59367ec77fb86c1ac75e79a68fc5a524da292ad877142d9ce6ad0151d9
CLIENT_HANDSHAKE_TRAFFIC_SECRET 3905b1dfdb33ae7270bac898e5f67764bb18cc028ec29caa8e186c3dc6048c81 2ed98d926ad35b0cca6670e0b38775e578f263875989f91219c2332c22bb903f
SERVER_HANDSHAKE_TRAFFIC_SECRET 3905b1dfdb33ae7270bac898e5f67764bb18cc028ec29caa8e186c3dc6048c81 c7ed43412c5fea2b8509439822dfa5525caa70803229f61999ac99e80e1da03f
CLIENT_TRAFFIC_SECRET_0 3905b1dfdb33ae7270bac898e5f67764bb18cc028ec29caa8e186c3dc6048c81 fb71e4f11f93ae18ed1fbe32620ba3d0a00e8f2802a2572526528cbdfe154c0a
SERVER_TRAFFIC_SECRET_0 3905b1dfdb33ae7270bac898e5f67764bb18cc028ec29caa8e186c3dc6048c81 b046b47289373b63a4ef869e390f966295fb4e4d2fdc1c27b80b48a8219caae2
EXPORTER_SECRET 3905b1dfdb33ae7270bac898e5f67764bb18cc028ec29caa8e186c3dc6048c81 b8e38bde44fde6591d00d09f30612c27625910d32242d9f429fce03e804e4a1b
CLIENT_HANDSHAKE_TRAFFIC_SECRET 4a35ba6c0fffd53000da1bac4fee7d3e06864bc0846296f96514715c6a9a654d 0fc03d8df5bf99b5f099761e2f1789878184fa8782c8690117dedfc0e5c919466ab976863ecadcb7dee68f63da514f3b
SERVER_HANDSHAKE_TRAFFIC_SECRET 4a35ba6c0fffd53000da1bac4fee7d3e06864bc0846296f96514715c6a9a654d da2ff7e43c7995ccb4664b5b449b558dab472cd794e6fe4c49dc09175b9bbdf0dc0f491ea077b7c50adc1e3b09d64d1c
CLIENT_TRAFFIC_SECRET_0 4a35ba6c0fffd53000da1bac4fee7d3e06864bc0846296f96514715c6a9a654d 91b3f9685ab3b834991d6c1aab21b003f08d8613f2cbcc99102304ef0734f253fad4d95b1758b4e276b75385c2ce75d6
SERVER_TRAFFIC_SECRET_0 4a35ba6c0fffd53000da1bac4fee7d3e06864bc0846296f96514715c6a9a654d 4df03e52c1565e8d3f5e647c921d71fd68edb6122631bbb263ad04b6c13bd8e366bc57191957bd07ecc18432f1f9356b
EXPORTER_SECRET 4a35ba6c0fffd53000da1bac4fee7d3e06864bc0846296f96514715c6a9a654d fa34394c0850864b5f6d8466ca77bbadad6e68a0163c310204f593f5d1993d34a1afd1b58218d1377ed840986e601973
CLIENT_HANDSHAKE_TRAFFIC_SECRET 96165644a4e363def807cdfde402c1432958560221a1c68f60783d0eed62fe2a f299fcedb0e2a3f214a639e284099418a0a33e7abe28a826327d0a1dd5e74b2c
SERVER_HANDSHAKE_TRAFFIC_SECRET 96165644a4e363def807cdfde402c1432958560221a1c68f60783d0eed62fe2a 22eed0949beb7f339eff4c6486b884fc37f410b99a5246dc7fd41ba5923c01d1
CLIENT_TRAFFIC_SECRET_0 96165644a4e363def807cdfde402c1432958560221a1c68f60783d0eed62fe2a ab84f7e6b221814885d33aafadf2c8ed3521304762089990cc405083e1a2a6a5
SERVER_TRAFFIC_SECRET_0 96165644a4e363def807cdfde402c1432958560221a1c68f60783d0eed62fe2a 0a34bb89e8f47261890fd29f5eb909e581171877b832021f2b5fa3c529651478
EXPORTER_SECRET 96165644a4e363def807cdfde402c1432958560221a1c68f60783d0eed62fe2a ce0d7fd340cf7c0738ee0db2f0919e191b7abece0fc802e97681988fb485644d
CLIENT_HANDSHAKE_TRAFFIC_SECRET 89932a23107f98347dfd59be639f8dd21515e412b6c291be5bb7a60d677c1e72 f1a9efcad4061efea46104b5602d158afa887899fdfec6b32d5c59fd83871713
SERVER_HANDSHAKE_TRAFFIC_SECRET 89932a23107f98347dfd59be639f8dd21515e412b6c291be5bb7a60d677c1e72 f7f24d0ca1b257581721ce43ba9e5cb230fbd0c5b691375d0edb89c14478609e
CLIENT_HANDSHAKE_TRAFFIC_SECRET 1078ea14fb1a3bf85eff0e0cc6568ea4e5159dface334274467982321963f8f5 f968d8c87fef302c700bf81a474fb340ad5715044fce75631cd04ced3d0a32c2
SERVER_HANDSHAKE_TRAFFIC_SECRET 1078ea14fb1a3bf85eff0e0cc6568ea4e5159dface334274467982321963f8f5 e1bdec451fab95392fd764384bd5f1cdc17fe81692fbed64797fb36a3b34e240
CLIENT_TRAFFIC_SECRET_0 89932a23107f98347dfd59be639f8dd21515e412b6c291be5bb7a60d677c1e72 5d8ca8a60695cc3858717b855781f4b6c8670e41e908d99f36845ee833bab1a0
SERVER_TRAFFIC_SECRET_0 89932a23107f98347dfd59be639f8dd21515e412b6c291be5bb7a60d677c1e72 4d9ad489475cccc5ccfc26cdde8b48b7511497b96950d25467d22348c198d271
EXPORTER_SECRET 89932a23107f98347dfd59be639f8dd21515e412b6c291be5bb7a60d677c1e72 2e5834c9ccc04e124208486ee46cf025a18d72e3bee772987e48cb27d39b6381
CLIENT_TRAFFIC_SECRET_0 1078ea14fb1a3bf85eff0e0cc6568ea4e5159dface334274467982321963f8f5 e7d03b0a52e52ab8d02800ee805afaf12ce8359916e2b08ee1c74cc4cac9500d
SERVER_TRAFFIC_SECRET_0 1078ea14fb1a3bf85eff0e0cc6568ea4e5159dface334274467982321963f8f5 305c571f99ff2b42a51ae2ec73e8b67547a1711fd20523c19917e3f49eb3ee50
EXPORTER_SECRET 1078ea14fb1a3bf85eff0e0cc6568ea4e5159dface334274467982321963f8f5 367dff346b145137b2a71335c33511a1148434ef072ccf03e6950ec5e4123043
CLIENT_EARLY_TRAFFIC_SECRET 7664f5f83809ad482a83c19395b1d0d204b018b9bfee85dbfda5b95cc0fb1d98 faae10aa636e6950fe76a4a06b37402a727b9145870fe5be6ee4d97e1467670a
CLIENT_HANDSHAKE_TRAFFIC_SECRET 7664f5f83809ad482a83c19395b1d0d204b018b9bfee85dbfda5b95cc0fb1d98 30c4f3d555d0db3e93a03d3c6e4f5adb12eba669d6d34070150e51da08bd4c63
SERVER_HANDSHAKE_TRAFFIC_SECRET 7664f5f83809ad482a83c19395b1d0d204b018b9bfee85dbfda5b95cc0fb1d98 44b8c78500d32fa00dd5b515f3a2c75b10e495f4ba269f143310a1a58ade929e
CLIENT_TRAFFIC_SECRET_0 7664f5f83809ad482a83c19395b1d0d204b018b9bfee85dbfda5b95cc0fb1d98 23fffe015e2da3aea4e610c429710826893449ea5a3543994d009f36d60abcc9
SERVER_TRAFFIC_SECRET_0 7664f5f83809ad482a83c19395b1d0d204b018b9bfee85dbfda5b95cc0fb1d98 4039d210d1d50040be073788e81874161f59c4bce5265654d75a7a4208826fc1
EXPORTER_SECRET 7664f5f83809ad482a83c19395b1d0d204b018b9bfee85dbfda5b95cc0fb1d98 f2de933c5235eca8740612e8b623a203969fa81ba05a48b1d2c7519daf529a15
CLIENT_HANDSHAKE_TRAFFIC_SECRET 7da6215120f311404e5a17483a6d7c766f6c50819f6e06dbd81034ec7b619805 429e4ebf8ecfbc44c4c82bec1d92af296f4a904240eb399aaa04a670c7c27c24de28856970ae3989cc24767dcfc6265b
SERVER_HANDSHAKE_TRAFFIC_SECRET 7da6215120f311404e5a17483a6d7c766f6c50819f6e06dbd81034ec7b619805 da72e732073b6319115ad4c19da52b96c9fc760bcc5c4d03dc500df8aca674b17ebf82b4d957997b89487fc94bc424c2
CLIENT_TRAFFIC_SECRET_0 7da6215120f311404e5a17483a6d7c766f6c50819f6e06dbd81034ec7b619805 780c5c9c71e375cdb81d6e4f45e00f00ca526106600be5247cc0b502285e3c59d13a44e079fc718fca1c83921c225262
SERVER_TRAFFIC_SECRET_0 7da6215120f311404e5a17483a6d7c766f6c50819f6e06dbd81034ec7b619805 07c31761a5bc7f26995724396381ec4793c8371771b7f827e1fa28c68703059dd24351842b156880b74bd7b308749bf9
EXPORTER_SECRET 7da6215120f311404e5a17483a6d7c766f6c50819f6e06dbd81034ec7b619805 ab88c3d38a559d31ad49cde0e15df46455be8b9c264469b8eca8ce160e65fc0d4a88b64ef92cc463f0216a662a527670
CLIENT_HANDSHAKE_TRAFFIC_SECRET 816ef75a42e0c93f4d9a29e15d8a2dd4378588d007428b4bb1cb4b60103789a5 28fa8af3ddfa3032be53098054e71fa21cb14285e94b1694bd3269494a44afbb
SERVER_HANDSHAKE_TRAFFIC_SECRET 816ef75a42e0c93f4d9a29e15d8a2dd4378588d007428b4bb1cb4b60103789a5 1914ab8aa0a04dbf57945dcd3d55f62b365fedd2c09b3d5d6c22ccc20ee6acda
CLIENT_TRAFFIC_SECRET_0 816ef75a42e0c93f4d9a29e15d8a2dd4378588d007428b4bb1cb4b60103789a5 263e0d18aee97887b8f06b774586fef7706ea388f2242b3494dcf75ba0e67ab6
SERVER_TRAFFIC_SECRET_0 816ef75a42e0c93f4d9a29e15d8a2dd4378588d007428b4bb1cb4b60103789a5 73186d67ab9818d4fdc859e31ca12f4202a5096f5e3959435b13448db9ea688b
EXPORTER_SECRET 816ef75a42e0c93f4d9a29e15d8a2dd4378588d007428b4bb1cb4b60103789a5 78a029a52e9ec07c78f0e0d8b0660b7d7e34e56e49feec364ff7185c212f7d4e
CLIENT_HANDSHAKE_TRAFFIC_SECRET e63f6ccaff87f87c920cb4ac6ac8b6893d7f95130b3e4e735a22a8d367088027 639898016f158bf413474516875c94b0df53a07bc01b35e7262dbb789cdbeee1
SERVER_HANDSHAKE_TRAFFIC_SECRET e63f6ccaff87f87c920cb4ac6ac8b6893d7f95130b3e4e735a22a8d367088027 07d0551713fc5f07d10a4c330c3b41eb1ed3a178528cdfa22cfd7a80d889e5b7
CLIENT_TRAFFIC_SECRET_0 e63f6ccaff87f87c920cb4ac6ac8b6893d7f95130b3e4e735a22a8d367088027 364c4f698b76530bc2d4676ac956fd62fee5c418d1592bb1cc45d6a750ff18c2
SERVER_TRAFFIC_SECRET_0 e63f6ccaff87f87c920cb4ac6ac8b6893d7f95130b3e4e735a22a8d367088027 34416874963c1c48d8fb59cb260e8fa283186a3870e52156b61c53d2724ca09f
EXPORTER_SECRET e63f6ccaff87f87c920cb4ac6ac8b6893d7f95130b3e4e735a22a8d367088027 3625283f32d7b5c05c8df3a75cbc923464ebdcf384b17289317852be57c93096
CLIENT_HANDSHAKE_TRAFFIC_SECRET c58b225d53b16438d0a655415db09f0a84f3255dfb0ead117dfb60d61ef8ab08 a64f76a852acc06ce6a5eb874073943e4b424794cfdbfc516488baa78b596f4c
SERVER_HANDSHAKE_TRAFFIC_SECRET c58b225d53b16438d0a655415db09f0a84f3255dfb0ead117dfb60d61ef8ab08 f708d32e01ac1e7cb79fee1da2aa8dcfd0a062775df98fbe1b7b77592a72e8e0
CLIENT_HANDSHAKE_TRAFFIC_SECRET 1080eaac40d44c08dee59f8666096866dd2ba8bafa71b9264167f1a7088086d0 433b9008d6f152d3c733d9388068085cd38b7062d24ba1b179ba37ed8493c4ba
SERVER_HANDSHAKE_TRAFFIC_SECRET 1080eaac40d44c08dee59f8666096866dd2ba8bafa71b9264167f1a7088086d0 2b08c623d4bae71ca83c8ff928754261e156a5c2c047b450089f17f952d63cde
CLIENT_HANDSHAKE_TRAFFIC_SECRET 7529a1a87a4c93e9773c5eaf29bf8932db1ab106b4e3bb2fbb36c750365185d4 3d5152a400525d461d0a9dae904147406cbe14373c7390c9db2076f21b91f57a
SERVER_HANDSHAKE_TRAFFIC_SECRET 7529a1a87a4c93e9773c5eaf29bf8932db1ab106b4e3bb2fbb36c750365185d4 13ea02d97b55620cf1b018d4022714123136744e4687743e65ec76609f96611e
CLIENT_TRAFFIC_SECRET_0 c58b225d53b16438d0a655415db09f0a84f3255dfb0ead117dfb60d61ef8ab08 25a44a877d4c61101493fb9c1b4006a5e774ab9eaeeb1a53072501647fc8fa33
SERVER_TRAFFIC_SECRET_0 c58b225d53b16438d0a655415db09f0a84f3255dfb0ead117dfb60d61ef8ab08 d206284081ea89cda2b055e3af35318f09a4c62e82fea0fcb45f6115c8232fee
EXPORTER_SECRET c58b225d53b16438d0a655415db09f0a84f3255dfb0ead117dfb60d61ef8ab08 527aa47638ac735f566b1a6b7a1b43e509febfd50b7d55436c328373fa1020f8
CLIENT_TRAFFIC_SECRET_0 1080eaac40d44c08dee59f8666096866dd2ba8bafa71b9264167f1a7088086d0 acb7f1bbb1bd0a2fcd6a1cc00a9de7afa8e736f5bcc7d57f82de00dd957348b3
SERVER_TRAFFIC_SECRET_0 1080eaac40d44c08dee59f8666096866dd2ba8bafa71b9264167f1a7088086d0 3fee2f96f3f4f61f960d7e5a6a2c4893e3dac657d7970875a168d2172714836c
EXPORTER_SECRET 1080eaac40d44c08dee59f8666096866dd2ba8bafa71b9264167f1a7088086d0 5c7435ace3a6ff8c4a1d9f48ee57fdc2767de68b04f295cddf0af3b6f5799eec
CLIENT_TRAFFIC_SECRET_0 7529a1a87a4c93e9773c5eaf29bf8932db1ab106b4e3bb2fbb36c750365185d4 78e2bec43295bb0047d454eba6bb6790fd4421580752a7785b7d04d7cbc2696c
SERVER_TRAFFIC_SECRET_0 7529a1a87a4c93e9773c5eaf29bf8932db1ab106b4e3bb2fbb36c750365185d4 296786d17c4b624275124b8f3ff557de2c0b666373478d533a78ec35e38af271
EXPORTER_SECRET 7529a1a87a4c93e9773c5eaf29bf8932db1ab106b4e3bb2fbb36c750365185d4 8d598b23e93a23bf1a40c742c71e8567c2746e02ab9ad0e5f7eeb1a5115d74fc
CLIENT_HANDSHAKE_TRAFFIC_SECRET 4eb4a7f7b644198e54e85dee12a3f6cab94a39c5015dbe649be33d9172469858 2b5b6881aeddfb7afe8ea15abad65179cc2b08b6f8676bc5d61f94393e203b4c
SERVER_HANDSHAKE_TRAFFIC_SECRET 4eb4a7f7b644198e54e85dee12a3f6cab94a39c5015dbe649be33d9172469858 40bc234062a070a5ba0d05b2fb0cdf9448280b347fb1ad2dfd0535c2a42c3211
CLIENT_TRAFFIC_SECRET_0 4eb4a7f7b644198e54e85dee12a3f6cab94a39c5015dbe649be33d9172469858 c7ecd172d09542b29bd70816b8234014458c95bf3cbf85ce34f46bed67f93cda
SERVER_TRAFFIC_SECRET_0 4eb4a7f7b644198e54e85dee12a3f6cab94a39c5015dbe649be33d9172469858 f8b821754664d5490fcd50d424917e2d8519c1b7541c4120ef75a950fffaec5d
EXPORTER_SECRET 4eb4a7f7b644198e54e85dee12a3f6cab94a39c5015dbe649be33d9172469858 aa5139a56f130ac5ef3faa0cfdb8f3bc4fa3ad17f90aa199264a1395ef96d0a1
CLIENT_HANDSHAKE_TRAFFIC_SECRET 48599f9cf74762b1252606bbcd0c0a71e2f218379f8e5837f345f1d790f42ea4 aa372bf2cf82463af8132377ab6ee8e101467c05aed48027c092cdd6b1193a09
SERVER_HANDSHAKE_TRAFFIC_SECRET 48599f9cf74762b1252606bbcd0c0a71e2f218379f8e5837f345f1d790f42ea4 6343f292fa20a0155ce4f6f43d2774d59ac0d4ef0b3274b1e0e5ab7c4c5b0509
CLIENT_TRAFFIC_SECRET_0 48599f9cf74762b1252606bbcd0c0a71e2f218379f8e5837f345f1d790f42ea4 2fb68d7728fcb49714f8d227876ecdbc4abd66a2a7fcbde35d2c2bfc16118f8d
SERVER_TRAFFIC_SECRET_0 48599f9cf74762b1252606bbcd0c0a71e2f218379f8e5837f345f1d790f42ea4 2ad84d637407732d2a99a372c009adce18718d03eee6651b12707b9bdaa1d320
EXPORTER_SECRET 48599f9cf74762b1252606bbcd0c0a71e2f218379f8e5837f345f1d790f42ea4 d72d4070b18c8790efe96110652c110e60109a2e4924e5c1dd11848190c9d420
CLIENT_HANDSHAKE_TRAFFIC_SECRET 1f60c48a87cb7b2fe97138f4bc523986c04b760e75ddda48d1d40dcec3f3a2ee d1d5d13c4576d7354011483478239fd145d714984fb2a9cfcb9ed760129f6f69
SERVER_HANDSHAKE_TRAFFIC_SECRET 1f60c48a87cb7b2fe97138f4bc523986c04b760e75ddda48d1d40dcec3f3a2ee 548c6286a578d9955d50aa52393e8527e4bbd6a4639c906aa25d39637c062bf0
CLIENT_TRAFFIC_SECRET_0 1f60c48a87cb7b2fe97138f4bc523986c04b760e75ddda48d1d40dcec3f3a2ee a3c6f508ad7f93d448893348fd234e5f5e419db8e785614f9c1934970f84eff4
SERVER_TRAFFIC_SECRET_0 1f60c48a87cb7b2fe97138f4bc523986c04b760e75ddda48d1d40dcec3f3a2ee 78f276f9760ecf249b43019962d563a3584e0699f7cbde907491e99907418033
EXPORTER_SECRET 1f60c48a87cb7b2fe97138f4bc523986c04b760e75ddda48d1d40dcec3f3a2ee 7b7feda29ee81afeada25a14f0bc123c41bebdf866503ca7ac3771b6d53a7e85
CLIENT_HANDSHAKE_TRAFFIC_SECRET aa0318dc0fb28f0ebf9e439398da0c77b6351587190c5043807b8477beb4852d cdb9c54d9708dbf360a7ee8e65589360e6684ecfbe0e29cd146f58de81c71551
SERVER_HANDSHAKE_TRAFFIC_SECRET aa0318dc0fb28f0ebf9e439398da0c77b6351587190c5043807b8477beb4852d f2f7fd28ae37c981ff519544df30852488948def3fa3beb937c875838fdae3d7
CLIENT_TRAFFIC_SECRET_0 aa0318dc0fb28f0ebf9e439398da0c77b6351587190c5043807b8477beb4852d e5f54724315e3f48c8f509a3f835b0cd2d3766ced530ad5ead45ec840bb4c946
SERVER_TRAFFIC_SECRET_0 aa0318dc0fb28f0ebf9e439398da0c77b6351587190c5043807b8477beb4852d 8ea9a304b72e0b4893763ebe2071902126ab708938d4e28677a0634c18d7673e
EXPORTER_SECRET aa0318dc0fb28f0ebf9e439398da0c77b6351587190c5043807b8477beb4852d 643cc3b80bbb89b30535e814450cbe04f1b0acc200c86ffa4ec142eeee71bdcd
CLIENT_HANDSHAKE_TRAFFIC_SECRET ea3293276ac2191a688a076b91977fc5ee38dc300395ef9ea86db0ef1c129435 edece049c7adb2b7e34919bbbb2deb65f4d8876c753a065710c25e337813c362
SERVER_HANDSHAKE_TRAFFIC_SECRET ea3293276ac2191a688a076b91977fc5ee38dc300395ef9ea86db0ef1c129435 feb6f3664b3fbbae2a73089d73b1703440ea1ca8a15904359e1868a6c516b6f2
CLIENT_TRAFFIC_SECRET_0 ea3293276ac2191a688a076b91977fc5ee38dc300395ef9ea86db0ef1c129435 ebed99b2916641cddb854ad1248438bb290deb266eab11cf95b65eef9a427503
SERVER_TRAFFIC_SECRET_0 ea3293276ac2191a688a076b91977fc5ee38dc300395ef9ea86db0ef1c129435 c16b04023831f4319f5dfbb0efa796f4f346847fe30576f4657b7808de96fffb
EXPORTER_SECRET ea3293276ac2191a688a076b91977fc5ee38dc300395ef9ea86db0ef1c129435 d53944d145e21494201837a3b71f28acdb5eeef32d1105c69afabd766fbc50ff
CLIENT_HANDSHAKE_TRAFFIC_SECRET 73611e4b3f6d00e7aeddf9c273a4286b10fd0744023fdaf3098fceb554a1acdd 443d8ffb28bc0246724d983ce9ff98655142f4cd782b9803e1e6c25715b82a60
SERVER_HANDSHAKE_TRAFFIC_SECRET 73611e4b3f6d00e7aeddf9c273a4286b10fd0744023fdaf3098fceb554a1acdd 513d664db8d471d147906375a857eb61e1341a08fcf9946d4935e24368a9f3bf
CLIENT_HANDSHAKE_TRAFFIC_SECRET c0f56f3f3cce18acf03793117167ed9ae22ab9efdc7de4e40147612f8895921b f3cc3141f099286a0f3f5a59fd1d6be0248831c2fddd165878651d8a3721476d
SERVER_HANDSHAKE_TRAFFIC_SECRET c0f56f3f3cce18acf03793117167ed9ae22ab9efdc7de4e40147612f8895921b 6c8d59aa3f74c89a8c5c1ca3dc89a90fcb353e5fa7607ba93e966c02ec061b81
CLIENT_TRAFFIC_SECRET_0 c0f56f3f3cce18acf03793117167ed9ae22ab9efdc7de4e40147612f8895921b e780d153046441fef7cbee34eecbdc1ec6ef0d278b55121b07f03e282a8fb07e
SERVER_TRAFFIC_SECRET_0 c0f56f3f3cce18acf03793117167ed9ae22ab9efdc7de4e40147612f8895921b 59cd37127f3b676363fbbd6564bd9ececcb265b52f763d6b72474d808ef831ea
EXPORTER_SECRET c0f56f3f3cce18acf03793117167ed9ae22ab9efdc7de4e40147612f8895921b 77ad89c376c1feaf6bfeb9973561555d81dfca0b5f20cd176c434df19fb2a8b2
CLIENT_TRAFFIC_SECRET_0 73611e4b3f6d00e7aeddf9c273a4286b10fd0744023fdaf3098fceb554a1acdd 87c00162f228181f41c868a6aadd183d1d427e4f1bfd85785fbf27f2aacf7cd2
SERVER_TRAFFIC_SECRET_0 73611e4b3f6d00e7aeddf9c273a4286b10fd0744023fdaf3098fceb554a1acdd 8ef14414e8a107a9c620e3288b0f255dedbee2be9c0de851440efb5c883182a8
EXPORTER_SECRET 73611e4b3f6d00e7aeddf9c273a4286b10fd0744023fdaf3098fceb554a1acdd 8ef9cd7f68c2d730b7fce3b587eca180b9656dcb3ebe163a438fa86c218318f8
CLIENT_HANDSHAKE_TRAFFIC_SECRET dc28667dd91f4044e26a3d176695b26c29654ebe7d431d9bac38cef3cee45389 d8cef8dd8a5cfcfd60cb0bf29f302a99431f543774318b762a30d21cb5180b12
SERVER_HANDSHAKE_TRAFFIC_SECRET dc28667dd91f4044e26a3d176695b26c29654ebe7d431d9bac38cef3cee45389 64cda0208ad5d3fb9df6a55670d39596aaf533ec37ca809aafcf1eddea9fb6fb
CLIENT_TRAFFIC_SECRET_0 dc28667dd91f4044e26a3d176695b26c29654ebe7d431d9bac38cef3cee45389 6651e68f74f893cef53ce638b6b6fc87da61b22c27224fd5b1270848a4fc352a
SERVER_TRAFFIC_SECRET_0 dc28667dd91f4044e26a3d176695b26c29654ebe7d431d9bac38cef3cee45389 c8e1bf9525574232d482f9b35f534fd87086ed6a2b79b3b65ab193ffbf4c3b8a
EXPORTER_SECRET dc28667dd91f4044e26a3d176695b26c29654ebe7d431d9bac38cef3cee45389 fa26b2b7c4fcfe9305c340235a55f16e2ab71ac6a933f28a5516ae767bab04f0
CLIENT_EARLY_TRAFFIC_SECRET 4a900be9333c123c85fd6a23b129c732e24a0531056312f3f24fe806ed1f17cf 24d9c46017fc68b8257c0b8b7d2b85efb5d77b097c1ac84a6357f23e4e11d25a
CLIENT_HANDSHAKE_TRAFFIC_SECRET 24edd9cbb753c5bc4c62aa0928f599909014b01772ea7aa226e3381a0036f22b 132d8b0bd9834b74fbffcdf6bf8e4a23f8d72f60f646da8b82aaede418a44d30
SERVER_HANDSHAKE_TRAFFIC_SECRET 24edd9cbb753c5bc4c62aa0928f599909014b01772ea7aa226e3381a0036f22b c34c35e9b356e3a7fb0cb712c6c5bf897fb0f358e3e704ae971b112f81884988
CLIENT_TRAFFIC_SECRET_0 24edd9cbb753c5bc4c62aa0928f599909014b01772ea7aa226e3381a0036f22b 233d0d1a6a9c5f521ca26026c198df7c8be4371e7a45da10c3db7a6eb21b17ee
SERVER_TRAFFIC_SECRET_0 24edd9cbb753c5bc4c62aa0928f599909014b01772ea7aa226e3381a0036f22b 070704651885b8c4810603eaa7d140bad223c0c96291de02915409dda4dafa77
EXPORTER_SECRET 24edd9cbb753c5bc4c62aa0928f599909014b01772ea7aa226e3381a0036f22b ba480ca6ff7da5e9c845bfa9215dd637a79de9ba5b1f19d11938a713b9f20962
CLIENT_HANDSHAKE_TRAFFIC_SECRET 4a900be9333c123c85fd6a23b129c732e24a0531056312f3f24fe806ed1f17cf 605cb949bf3044e6cf4cb71983a90d70f358aa8abc35cb47d9afef47a1ae138e
SERVER_HANDSHAKE_TRAFFIC_SECRET 4a900be9333c123c85fd6a23b129c732e24a0531056312f3f24fe806ed1f17cf 2da9e25abf88d624b30c5d750e1ff4db12f482750c007291cdbb75bdfcfc6c8e
CLIENT_TRAFFIC_SECRET_0 4a900be9333c123c85fd6a23b129c732e24a0531056312f3f24fe806ed1f17cf da9e796f0a5e680ec349725a4beab34107ad22caa1f9931e98ee7d25c378082a
SERVER_TRAFFIC_SECRET_0 4a900be9333c123c85fd6a23b129c732e24a0531056312f3f24fe806ed1f17cf 8cfc61a1ee9335844dce5961d65cce7502119cdd3e28ba594b931acca3c058a3
EXPORTER_SECRET 4a900be9333c123c85fd6a23b129c732e24a0531056312f3f24fe806ed1f17cf 3e3c064eccfb87669b80909166b26ca5fe2b436ff60372f20d70712f8a6799af
CLIENT_HANDSHAKE_TRAFFIC_SECRET 52a0b66637c35a129a08ef4ff9af911f7ebfdbf6dada4489a51ba27e65387b84 fc76d25292841ec9fb6df4f7b41085228c643fce7bf7d3ee5dd299b8688b4937
SERVER_HANDSHAKE_TRAFFIC_SECRET 52a0b66637c35a129a08ef4ff9af911f7ebfdbf6dada4489a51ba27e65387b84 6496db8fa16766fd96837245e720543752b889b375a3d5f5d310b11310fb104c
CLIENT_HANDSHAKE_TRAFFIC_SECRET 90aa7c99898ab0d70b1694563b61e4e1e3bd6e6a75e0857de044106112e73415 7d433febb959ccd4f9f939359b660571b045efbfac0e2691b3c4882e67901dbf02ddc2e1391160d479b5eef887d1c46d
SERVER_HANDSHAKE_TRAFFIC_SECRET 90aa7c99898ab0d70b1694563b61e4e1e3bd6e6a75e0857de044106112e73415 37d43c9fef6ed4bfaa04d8a86d89d7bd04b6c8e057fe853d222aef62c6b393a09444197768d5c32b72378be92e556278
CLIENT_TRAFFIC_SECRET_0 52a0b66637c35a129a08ef4ff9af911f7ebfdbf6dada4489a51ba27e65387b84 06fc29d3f1309da5dbf530e6f8e368f1ccea103249a2b823ac7eae05dcca4a98
SERVER_TRAFFIC_SECRET_0 52a0b66637c35a129a08ef4ff9af911f7ebfdbf6dada4489a51ba27e65387b84 d6d9a4c7baa35951e76128dded6193538a90297d836e3521ae6b8c001596ba74
EXPORTER_SECRET 52a0b66637c35a129a08ef4ff9af911f7ebfdbf6dada4489a51ba27e65387b84 6c29d3bb0c20778e756fa61a650008c74c3d10762cc5ce1e05d88b407dfb2be9
CLIENT_TRAFFIC_SECRET_0 90aa7c99898ab0d70b1694563b61e4e1e3bd6e6a75e0857de044106112e73415 1f3ebb1b86ada697b896e24068fb38aa81dfb3c35024f300e37249317e1dd02746c23d12ea7a6dc8b8885022090376dc
SERVER_TRAFFIC_SECRET_0 90aa7c99898ab0d70b1694563b61e4e1e3bd6e6a75e0857de044106112e73415 4812b31320be1eede104f49478a1f8c479205f048343dc46ad4091dcaa7016ab60a706e0457f4fde515743fc736e71cd
EXPORTER_SECRET 90aa7c99898ab0d70b1694563b61e4e1e3bd6e6a75e0857de044106112e73415 b843ed26bd60e150838fb855edb2f69802dbaf70365b4920f5f1b994d08a558bec845e1ad65f23203dea6ffa45c0e5fb
CLIENT_HANDSHAKE_TRAFFIC_SECRET ee6038e1addb4fbf9a5328d4a1beeafac87deb46e520e17a8e19a86426ea8225 77d79b65cb56b8d9013dc2e772c2ddf87e61bce7dd714d083fe2d2f55168a5f5
SERVER_HANDSHAKE_TRAFFIC_SECRET ee6038e1addb4fbf9a5328d4a1beeafac87deb46e520e17a8e19a86426ea8225 ffd420ddd0f7e1e606b17925bf7e68ca7c9644f899d561ad2d0f99cbe4b3cf15
CLIENT_TRAFFIC_SECRET_0 ee6038e1addb4fbf9a5328d4a1beeafac87deb46e520e17a8e19a86426ea8225 2b1fba7fd84916bc95a8b2ad23285f6d253baf6051e7e8763f7b863163d74117
SERVER_TRAFFIC_SECRET_0 ee6038e1addb4fbf9a5328d4a1beeafac87deb46e520e17a8e19a86426ea8225 5de45337f90ddc3bc0b9764bb848a1a1b8f51f2f218b2a3337bed9d2046956ee
EXPORTER_SECRET ee6038e1addb4fbf9a5328d4a1beeafac87deb46e520e17a8e19a86426ea8225 47512c95717b3c6172d423159ea3e28f2127ea3d2863d4129e85714bb2e65fa0
CLIENT_HANDSHAKE_TRAFFIC_SECRET 918ea4d6bcf3ff2336453eec3d4c45466facff32e99d8f96ab16695da40428a3 cf30ed797ff4e5052cbdafbe10b0997d2711d4971dd06b3a389a26877e9c3d50
SERVER_HANDSHAKE_TRAFFIC_SECRET 918ea4d6bcf3ff2336453eec3d4c45466facff32e99d8f96ab16695da40428a3 594b7c0abbb9e681fe2502865582bf63aaecfaa11641289bc2a76a30d2380eee
CLIENT_TRAFFIC_SECRET_0 918ea4d6bcf3ff2336453eec3d4c45466facff32e99d8f96ab16695da40428a3 8fa7793df6ec40e3eca59c1953c5b9f1594df00f9a06c3c16476cde523457255
SERVER_TRAFFIC_SECRET_0 918ea4d6bcf3ff2336453eec3d4c45466facff32e99d8f96ab16695da40428a3 5ba3f36e390e6d0012b1e402422e84e548563c7ff05a861d3142cc557e3ffa54
EXPORTER_SECRET 918ea4d6bcf3ff2336453eec3d4c45466facff32e99d8f96ab16695da40428a3 b0dc1885b988b48b072cb03c51ec9f905a9d6236d79841124e5d9353c2c40d3c
CLIENT_HANDSHAKE_TRAFFIC_SECRET 45e3d2e74ddf450cc1901601ffe5ee1fe5c74caf4cf9a49348c1aed912abb7ca 8a33db49fd4d3100c1708348d3f78308aabdf79bb261aa964bedc45b9fcd342c
SERVER_HANDSHAKE_TRAFFIC_SECRET 45e3d2e74ddf450cc1901601ffe5ee1fe5c74caf4cf9a49348c1aed912abb7ca 8cc78d341d9402a97263b72350892bd0b669ba6f1ec17e11b87a39e18129d6bd
CLIENT_HANDSHAKE_TRAFFIC_SECRET 34e4c6a80b034ccd671a044d0c750fefaa16d56eba7ac3b859ddd6ab9d79fee1 7b04d408589f71d07af8db2742de403124eb0c1a4421e8a8350e4b83e21a80e6
SERVER_HANDSHAKE_TRAFFIC_SECRET 34e4c6a80b034ccd671a044d0c750fefaa16d56eba7ac3b859ddd6ab9d79fee1 10099cbe8ce290dedb79eeacc17771a674bbe0e90e05e71f400134337dc27439
CLIENT_TRAFFIC_SECRET_0 34e4c6a80b034ccd671a044d0c750fefaa16d56eba7ac3b859ddd6ab9d79fee1 92c7183a4707bca7365ac061fbc0d4bf301156eedd636535c006463d54453444
SERVER_TRAFFIC_SECRET_0 34e4c6a80b034ccd671a044d0c750fefaa16d56eba7ac3b859ddd6ab9d79fee1 0bfae9faa6d01e3c4f4eaf8a29fa5b963bdb5ed2c8599b667c9f07b5ff48d962
EXPORTER_SECRET 34e4c6a80b034ccd671a044d0c750fefaa16d56eba7ac3b859ddd6ab9d79fee1 05027666d917ab54da6645b2dcb3d00a64fe261a496b8b06deec6f2efb211740
CLIENT_TRAFFIC_SECRET_0 45e3d2e74ddf450cc1901601ffe5ee1fe5c74caf4cf9a49348c1aed912abb7ca c3a2f327309eb5118efb99c10c5a9bbbeb0bad0ef1277878f830ea059b42597e
SERVER_TRAFFIC_SECRET_0 45e3d2e74ddf450cc1901601ffe5ee1fe5c74caf4cf9a49348c1aed912abb7ca 92c0f4615592662f170173b6a68342abedbecd4974aef7ecec106176115811a2
EXPORTER_SECRET 45e3d2e74ddf450cc1901601ffe5ee1fe5c74caf4cf9a49348c1aed912abb7ca fe388681b999ca8a5fe1ea8786e83256dd63e1e77b4dd1928dec67da3f15f842
CLIENT_HANDSHAKE_TRAFFIC_SECRET c2935333c407ab5834adb2ecec912d29b9d0eb9bf5a4b8ef46951024e2a70f7c 5d9ce6ef2570da224664b36fb734a19acdb5907adf8dd6b629e032bb05ea1d16
SERVER_HANDSHAKE_TRAFFIC_SECRET c2935333c407ab5834adb2ecec912d29b9d0eb9bf5a4b8ef46951024e2a70f7c 0c545b3e9c941e1ff8e504ab46e04311cfaaa3e63ef5222c55a06983d121bb3c
CLIENT_TRAFFIC_SECRET_0 c2935333c407ab5834adb2ecec912d29b9d0eb9bf5a4b8ef46951024e2a70f7c fd0c5aa67c249f2c20c3a8e6de32550e5834394807522df1e7c935b6d467024c
SERVER_TRAFFIC_SECRET_0 c2935333c407ab5834adb2ecec912d29b9d0eb9bf5a4b8ef46951024e2a70f7c d434c195408d00c865a78ca2dac0d6c29027e43a9ee3c25235fa756f8f00965b
EXPORTER_SECRET c2935333c407ab5834adb2ecec912d29b9d0eb9bf5a4b8ef46951024e2a70f7c c25b88a2752919dee0ee3bc351161a84a5723373329095673a0572e08fd6c601
CLIENT_HANDSHAKE_TRAFFIC_SECRET 81c2a9ff4d51a0a24142df31907e0754c9a25b897c9e7239ed3082e17ec4c5ef 55b64501243baaeb021d6f4643c1d71fa049397c25b09b47574e9958a3e27192
SERVER_HANDSHAKE_TRAFFIC_SECRET 81c2a9ff4d51a0a24142df31907e0754c9a25b897c9e7239ed3082e17ec4c5ef 29827eea9e6004f4ada233531b9e640f80654f75a735af57008be42445f6d287
CLIENT_TRAFFIC_SECRET_0 81c2a9ff4d51a0a24142df31907e0754c9a25b897c9e7239ed3082e17ec4c5ef dab25f32f90cddc445c8ecb1e938a3b9bc4694821312e3e32915fa7a0a23e046
SERVER_TRAFFIC_SECRET_0 81c2a9ff4d51a0a24142df31907e0754c9a25b897c9e7239ed3082e17ec4c5ef 58117d4a4372a1807d741589e4851727b4a691b89ce3daea5a92e46bd33ed277
EXPORTER_SECRET 81c2a9ff4d51a0a24142df31907e0754c9a25b897c9e7239ed3082e17ec4c5ef a2a431f9831c3082b53f5469d4d9cab156dbca5cd93d2d1cd3c4478904d7cf07
CLIENT_HANDSHAKE_TRAFFIC_SECRET cc430ea305c6a8d6674a7e7526287f23f2adb35300cc9edec4969ae054e1b1ca 4dc71d3c6d9139faeb6dbfd0fea920476d5996596ae0210268a2d642f969ac14
SERVER_HANDSHAKE_TRAFFIC_SECRET cc430ea305c6a8d6674a7e7526287f23f2adb35300cc9edec4969ae054e1b1ca 2f27d325a40618c2859d1347111f359b24c1eb1808600348c9cc84a25d89ea57
CLIENT_TRAFFIC_SECRET_0 cc430ea305c6a8d6674a7e7526287f23f2adb35300cc9edec4969ae054e1b1ca 997c2074619fc55872970df8a50a649ef6ed5aaf7de632662d1ad0b635cb2c4d
SERVER_TRAFFIC_SECRET_0 cc430ea305c6a8d6674a7e7526287f23f2adb35300cc9edec4969ae054e1b1ca a305998f1dcf056af18be1d1731d3e65fbf75354fd6acee0fa529757c32f0a64
EXPORTER_SECRET cc430ea305c6a8d6674a7e7526287f23f2adb35300cc9edec4969ae054e1b1ca 659b4418cc3335ed66ef5439d679c2773f8356dedb5456df178735efd2f74593
CLIENT_HANDSHAKE_TRAFFIC_SECRET f5259363dbd87dbfe93c89dab53452959807f52399a03b8eacc042cca70f2da4 d9b59dc01d0ac60e896c293279192a6ea9e89de860a055c8b20ea2254bdc8aad
SERVER_HANDSHAKE_TRAFFIC_SECRET f5259363dbd87dbfe93c89dab53452959807f52399a03b8eacc042cca70f2da4 835002fe9cb7f1206a9bd533caab04fecc2b2f2fd1f7fe18253798498a489581
CLIENT_TRAFFIC_SECRET_0 f5259363dbd87dbfe93c89dab53452959807f52399a03b8eacc042cca70f2da4 8c34ed5ca02754e11179323b62e8ee052a609107ada59ec5a1558a833143395d
SERVER_TRAFFIC_SECRET_0 f5259363dbd87dbfe93c89dab53452959807f52399a03b8eacc042cca70f2da4 d0c2dfe4acdec9323e12edf46d18094168b1dbb543e9779d0bcd73de1759cb18
EXPORTER_SECRET f5259363dbd87dbfe93c89dab53452959807f52399a03b8eacc042cca70f2da4 85ac994503854820b932e4af99d2a6fd81eb013397fec7e5966bf67e231a1756
CLIENT_HANDSHAKE_TRAFFIC_SECRET e61dca82773b69b4947bb0602f6a4818c7d6cb45fe30a582c3ac1630a406362c 665d7ebdee8e31cf5d8d53607591990511f15f6d7a7cb10a6fd4557c3389f57c
SERVER_HANDSHAKE_TRAFFIC_SECRET e61dca82773b69b4947bb0602f6a4818c7d6cb45fe30a582c3ac1630a406362c fbad3880787e84a6f2af7cf9a38e20cdd7ea5c42c50b456b5d99df6adfc741d9
CLIENT_TRAFFIC_SECRET_0 e61dca82773b69b4947bb0602f6a4818c7d6cb45fe30a582c3ac1630a406362c 0cccbef364a904ac97e87e754310ebdfbc6dd7a350016775d937865339b8c594
SERVER_TRAFFIC_SECRET_0 e61dca82773b69b4947bb0602f6a4818c7d6cb45fe30a582c3ac1630a406362c e5cdd3ce78dba075a0c0a51f8c8006cf2c0569a9d0cf08c9396929e221eb84a7
EXPORTER_SECRET e61dca82773b69b4947bb0602f6a4818c7d6cb45fe30a582c3ac1630a406362c 82e6483d6df4e108a60ea1fb963ce42d8729b87a38f6c433f627396182be1b19
CLIENT_HANDSHAKE_TRAFFIC_SECRET 94902538ef3db82659259ca5944d989416f94f81a061710e30f541b12721c532 f2f71acd001198be3595df6d593832d17fcded18d4575a7a3013899443a6a700
SERVER_HANDSHAKE_TRAFFIC_SECRET 94902538ef3db82659259ca5944d989416f94f81a061710e30f541b12721c532 b341f257e7357c49eea8588bfaf5e424bc15fc3ef6520d72bdb226be045ee214
CLIENT_TRAFFIC_SECRET_0 94902538ef3db82659259ca5944d989416f94f81a061710e30f541b12721c532 73735fdfe8dc0276a2650bea08d3cfcfd5f3acec5079254063cc3af54436bf27
SERVER_TRAFFIC_SECRET_0 94902538ef3db82659259ca5944d989416f94f81a061710e30f541b12721c532 e0e2bd55ea5acc7a20c274cbd70f7a28763db9131ab34b5bce83e7f1577fc21e
EXPORTER_SECRET 94902538ef3db82659259ca5944d989416f94f81a061710e30f541b12721c532 a6e8b42148b215babca358059f0fd72a813ca9972ef35ade264f0d8d1afe9bcb
CLIENT_HANDSHAKE_TRAFFIC_SECRET bbb1677fa0521f0bb01cc033523225d03e30b261f3f728af739fefcbd5c29612 d1aaa6289e7f71b683b4e59439c488820dc26004ac9a33bd1b3f26799bb6e81d
SERVER_HANDSHAKE_TRAFFIC_SECRET bbb1677fa0521f0bb01cc033523225d03e30b261f3f728af739fefcbd5c29612 ee7d3d0ab9ccfc0026d7e41980117c7579c48372d46f86a275bac960d6ee7c79
CLIENT_TRAFFIC_SECRET_0 bbb1677fa0521f0bb01cc033523225d03e30b261f3f728af739fefcbd5c29612 5d9c8ca9fe21104304114c7dfff6005a6ec933ee2dbf72f34b5ac359dfdafa94
SERVER_TRAFFIC_SECRET_0 bbb1677fa0521f0bb01cc033523225d03e30b261f3f728af739fefcbd5c29612 a6ac29ca6bfe82d35adaa4184c95dea854daa91f05f81d1c6a78b0b048be23ab
EXPORTER_SECRET bbb1677fa0521f0bb01cc033523225d03e30b261f3f728af739fefcbd5c29612 ff16c94b1f823044f7385c10b2033f504599c06ce357beb2c1235786e6957a25
CLIENT_HANDSHAKE_TRAFFIC_SECRET b5ea1e6f1839de0abd50069bec461b092f7b9d5ce884319b50c120e263be9c11 84f35d98a6741e0386e8efa5e667bf7798df98f46374d062b49ab2b661fd89f6
SERVER_HANDSHAKE_TRAFFIC_SECRET b5ea1e6f1839de0abd50069bec461b092f7b9d5ce884319b50c120e263be9c11 c17fe5e70ff7f8d068b0cdd32161b9013a0403627d876b80ef3fcc38e338c4fc
CLIENT_TRAFFIC_SECRET_0 b5ea1e6f1839de0abd50069bec461b092f7b9d5ce884319b50c120e263be9c11 7613e8c442f2f8b3e6f77789e0d04ea607ccfa1535a0a5c04a92514321b4ffa5
SERVER_TRAFFIC_SECRET_0 b5ea1e6f1839de0abd50069bec461b092f7b9d5ce884319b50c120e263be9c11 612e6169dd5942e5abf900b49e5c83e2d6c8185605086934bc017de2c660c27b
EXPORTER_SECRET b5ea1e6f1839de0abd50069bec461b092f7b9d5ce884319b50c120e263be9c11 8a18145c44516c182f3d8013840deb4ecf64197265d997b0b5d1c011bcc43a9c
CLIENT_HANDSHAKE_TRAFFIC_SECRET 2452436d47c420b10b82e0042afd151cd6187a0a80f32ae6d3c0dcfb73a002d2 203a7fc876f4c7b3f9e8a927e5ba44ac9b19bba024c2504fe5a190f4fb4b4e06
SERVER_HANDSHAKE_TRAFFIC_SECRET 2452436d47c420b10b82e0042afd151cd6187a0a80f32ae6d3c0dcfb73a002d2 8b09e39a02bc31de12b340f08a85188374921a067492d833032a52ff0f7cbe4d
CLIENT_TRAFFIC_SECRET_0 2452436d47c420b10b82e0042afd151cd6187a0a80f32ae6d3c0dcfb73a002d2 935d822f528b673d869284901c1b321bc05c03d60a60198f541ca01f4e18df14
SERVER_TRAFFIC_SECRET_0 2452436d47c420b10b82e0042afd151cd6187a0a80f32ae6d3c0dcfb73a002d2 edb389d4a7c5dcc5940f8c8a0a32bfc3f4c9ebf668edb85692a3fbca56d33e83
EXPORTER_SECRET 2452436d47c420b10b82e0042afd151cd6187a0a80f32ae6d3c0dcfb73a002d2 9ed22d238b435e5e0c0056329edeac0b7f3205c51c144e01fa8d3e1cc48c544d
CLIENT_RANDOM 3e74f43b778e7697c8fb5cc4dc113875644445f9f544fc97a74b81bdaace878c 3ff0fe218a24bbd4a32528fc032e4415f2993b096beb4dadeeb2b7d030889ad2c25edeee94532e498304d9a5a76bbe7e
CLIENT_RANDOM 62e52d9475b9966fad695e942dc4e231d7b1b1431303f6483025358040f8b1d9 16b0301111a4e260bf0e1754d7092c189f8e7590489e012eb3594aabd3b18e8f0c824c9d142ad11c900dae7cc61316a6
CLIENT_HANDSHAKE_TRAFFIC_SECRET 9b76936ef95f84d91a6738e8df89e2dfd0a3c8f97882ac9556ed0746496f45db 85194ee9491d777840c84d405ba8eca8de78ad1861110a31c470d69d35c2cb8c
SERVER_HANDSHAKE_TRAFFIC_SECRET 9b76936ef95f84d91a6738e8df89e2dfd0a3c8f97882ac9556ed0746496f45db 8c918039253b2289eb27803b01930b2e9c5bc7cc6a545370270ae992de5eed65
CLIENT_TRAFFIC_SECRET_0 9b76936ef95f84d91a6738e8df89e2dfd0a3c8f97882ac9556ed0746496f45db 27ce7a7309e15ac07a1deee007c93a0d9ec1dcce414622cdbf28ad9e19f9c238
SERVER_TRAFFIC_SECRET_0 9b76936ef95f84d91a6738e8df89e2dfd0a3c8f97882ac9556ed0746496f45db ec6a1f24fafa79cf3be9dc3c0961c964841cb2c454d1b562491715a82330be5b
EXPORTER_SECRET 9b76936ef95f84d91a6738e8df89e2dfd0a3c8f97882ac9556ed0746496f45db 8e511076245048e9761e93f34f5d25a23cc0a0f55ebc2479ef6cf64498846024
CLIENT_HANDSHAKE_TRAFFIC_SECRET 6fc26342fc23aeab5a1b4ee0c0ff90941ad46ade5f38232ad6816c5a65c56dcc b97709c20d0f0d75be0e106ed11d268f5b96f4130da72ce891ce4b5d9793c604
SERVER_HANDSHAKE_TRAFFIC_SECRET 6fc26342fc23aeab5a1b4ee0c0ff90941ad46ade5f38232ad6816c5a65c56dcc d7957ef9958599d3b45d10ad1ac7f1117c62cf63978a6720e5800e7376536078
CLIENT_HANDSHAKE_TRAFFIC_SECRET 4adc0a83e6f78748c3a5fef6ea4e7639e109290171c6daee82992312c3caff1f d11eba8a5b1605fbe8804fbe717fe1f8e0ff49bc778a0e44e43eee8a7aed24b8
SERVER_HANDSHAKE_TRAFFIC_SECRET 4adc0a83e6f78748c3a5fef6ea4e7639e109290171c6daee82992312c3caff1f 2c579d9b711af9d8ace120f172471827ac9e8ece3922d22e4250e8076a726062
CLIENT_TRAFFIC_SECRET_0 4adc0a83e6f78748c3a5fef6ea4e7639e109290171c6daee82992312c3caff1f 048a2f8fd97550647673a8ff7a185bfb28517dff5d7989c8f9033f354a9d6122
SERVER_TRAFFIC_SECRET_0 4adc0a83e6f78748c3a5fef6ea4e7639e109290171c6daee82992312c3caff1f a31a1f354c921cc76b672c28d5887a1333d414ef137c499fa92d42c5977cc6d9
EXPORTER_SECRET 4adc0a83e6f78748c3a5fef6ea4e7639e109290171c6daee82992312c3caff1f 1a15a73acf7df25b4eed88e85106c713ebf03e7c54944d8c4b7985e98a87fb60
CLIENT_TRAFFIC_SECRET_0 6fc26342fc23aeab5a1b4ee0c0ff90941ad46ade5f38232ad6816c5a65c56dcc 46ce0dab82abb8ff65416abbb72d4e2daea2fe2ed926717a45561d8f5f7a66bc
SERVER_TRAFFIC_SECRET_0 6fc26342fc23aeab5a1b4ee0c0ff90941ad46ade5f38232ad6816c5a65c56dcc 582569266eeca8818df6e9193873f92cd476e1a27e8ad49987fabe9b9e83544a
EXPORTER_SECRET 6fc26342fc23aeab5a1b4ee0c0ff90941ad46ade5f38232ad6816c5a65c56dcc 2bb1e00d5a7d9a07e98af79d6d670b827b0a6fa62df5f8961a657d6e83293892
CLIENT_HANDSHAKE_TRAFFIC_SECRET a6a21674c8302e9bb8c8e85395ec233aaaecedc5d7b500eb9e4aa4e4a40b154c d4c80c4cd3756b9f9282db461501f3acfc27590029208652f4a8273cf30f26ab
SERVER_HANDSHAKE_TRAFFIC_SECRET a6a21674c8302e9bb8c8e85395ec233aaaecedc5d7b500eb9e4aa4e4a40b154c 3006211ae08f932e5417876503e7f8d10d9754aa49a8d7f84d5d29a70f912cba
CLIENT_TRAFFIC_SECRET_0 a6a21674c8302e9bb8c8e85395ec233aaaecedc5d7b500eb9e4aa4e4a40b154c 0392d570986ed1e06f337499312c14ff0eafb3d080af97ea41c43a26ad715f1b
SERVER_TRAFFIC_SECRET_0 a6a21674c8302e9bb8c8e85395ec233aaaecedc5d7b500eb9e4aa4e4a40b154c aaa39b1bbb5c894abf92a6f70c5bbf7521b22eaa0a6fb893edff1e9c65ab5371
EXPORTER_SECRET a6a21674c8302e9bb8c8e85395ec233aaaecedc5d7b500eb9e4aa4e4a40b154c 088b03f22cc597ff567624aa64c7a8b0bea2de8edc43c388b6f310ae7671eb69
CLIENT_HANDSHAKE_TRAFFIC_SECRET 60469c50f96ca178685d154817e4b7a2f2bec3bd380d3d31eafcfb36dab04735 f02268b2187e6fed1e9860ae97737dc5402c74b383a8806b6a1d4d1204d0cdf5
SERVER_HANDSHAKE_TRAFFIC_SECRET 60469c50f96ca178685d154817e4b7a2f2bec3bd380d3d31eafcfb36dab04735 301d05d4bc8c9467719ab4e541a6a3097bed1a5dfddacf48616ef290cced4cb0
CLIENT_HANDSHAKE_TRAFFIC_SECRET 106c196c6844eed42c363cb8d8cc7f750a0ee77636ae1a7b30b2a3f6364a163d 7e1ebf56988303290df52d6c00fd3dd8af500b97db51e8beacb9afdf4e75b683
SERVER_HANDSHAKE_TRAFFIC_SECRET 106c196c6844eed42c363cb8d8cc7f750a0ee77636ae1a7b30b2a3f6364a163d 59485da407ac84817ce00ed8c4e29314508355747bb2d34696ad988a50f2730e
CLIENT_TRAFFIC_SECRET_0 60469c50f96ca178685d154817e4b7a2f2bec3bd380d3d31eafcfb36dab04735 58a06a4eb3ac0a329a52647dbd01bf12f5c275cb5a546f8991f6ec44459c9d39
SERVER_TRAFFIC_SECRET_0 60469c50f96ca178685d154817e4b7a2f2bec3bd380d3d31eafcfb36dab04735 7ec1fef058b9a5a8be8e9b99e75e7605d1366d0d5687fa89b57fbcef79b21ffe
EXPORTER_SECRET 60469c50f96ca178685d154817e4b7a2f2bec3bd380d3d31eafcfb36dab04735 cae5f6488964ae14a7d58665360d94a65eacd8e7d72aa1e1ae6abf31d3fbe0e7
CLIENT_TRAFFIC_SECRET_0 106c196c6844eed42c363cb8d8cc7f750a0ee77636ae1a7b30b2a3f6364a163d 7d5ff3fee63b7d8971f9a4ed4b3e75c396c7516f29b2e370faeaf1f1b7b105c1
SERVER_TRAFFIC_SECRET_0 106c196c6844eed42c363cb8d8cc7f750a0ee77636ae1a7b30b2a3f6364a163d 3e71dfdc6923ac18004f1a1cee61a40c1c5f723a894a7576c0673ea5441ec23b
EXPORTER_SECRET 106c196c6844eed42c363cb8d8cc7f750a0ee77636ae1a7b30b2a3f6364a163d c492299f4e6a6bade87162bac52089866be04e3b8d29109d96eb67418123c3c3
CLIENT_HANDSHAKE_TRAFFIC_SECRET e2f501610c65ac3cb9f305a639c8431999bd4988353a6aa65dcdcdc6d46cc117 eff47b5f399270b9bbe6dee51ca32a6bc5abec4f84524f35aacf858d0496414f
SERVER_HANDSHAKE_TRAFFIC_SECRET e2f501610c65ac3cb9f305a639c8431999bd4988353a6aa65dcdcdc6d46cc117 9dfb02446e3f5742fe503339ccbf8603e4729b3cf883d117ec02cd9223311f58
CLIENT_TRAFFIC_SECRET_0 e2f501610c65ac3cb9f305a639c8431999bd4988353a6aa65dcdcdc6d46cc117 627e76682da47a4f7b136808b5a1ff511da95f6fb332ea1a7f4c466148d2a8f3
SERVER_TRAFFIC_SECRET_0 e2f501610c65ac3cb9f305a639c8431999bd4988353a6aa65dcdcdc6d46cc117 ab1c561453dc0709464f7167a7061c3a49259e3c2391f64b302da31040d5c6de
EXPORTER_SECRET e2f501610c65ac3cb9f305a639c8431999bd4988353a6aa65dcdcdc6d46cc117 b2c5acf7f2d0a0d75224fabf0ef259748a098cde2e4c2e68b1c8e353b4431831
CLIENT_HANDSHAKE_TRAFFIC_SECRET 2f71194fbc799cccec2c667751a7c5415d601705e3f7599927a3e00c3d501393 340e19898981e38c3c937145333c77c406b6fe9fd5787abe0060ba0d6297ff28
SERVER_HANDSHAKE_TRAFFIC_SECRET 2f71194fbc799cccec2c667751a7c5415d601705e3f7599927a3e00c3d501393 8388ca00bf3faf3d75e3f0a6e3aa6c9f007ca9b8ffbf53467faec93383c02e58
CLIENT_HANDSHAKE_TRAFFIC_SECRET 1cfbfb4e6a435b9726872c1e96f62f6b271e0b153d44aeae9bc886bac6cae2f3 9c4a564f7a271ccecce9256df5994658ed1cf2c702c6503d0b5200c114a247e4
SERVER_HANDSHAKE_TRAFFIC_SECRET 1cfbfb4e6a435b9726872c1e96f62f6b271e0b153d44aeae9bc886bac6cae2f3 6ad285b18cd887cda871301673a0a709f26d6ae142d22e067e2a60f8367c4028
CLIENT_TRAFFIC_SECRET_0 2f71194fbc799cccec2c667751a7c5415d601705e3f7599927a3e00c3d501393 b56879c0d17d00226658ccab5a9c660b6e7a5c056e2ac57ce6cf15027254613a
SERVER_TRAFFIC_SECRET_0 2f71194fbc799cccec2c667751a7c5415d601705e3f7599927a3e00c3d501393 98ef2c5bced035e118aff156d85a01e0ddd475c21fa180771dd48035155b29ec
EXPORTER_SECRET 2f71194fbc799cccec2c667751a7c5415d601705e3f7599927a3e00c3d501393 643f3b6f872be569c1c04e9c248593cd6111fdeda5779ce1212a2485a50e34df
CLIENT_HANDSHAKE_TRAFFIC_SECRET 2615cb9d80a5bcd86b48f8addca2559b955eafd46a2f44e69430164dc573ab3f 46d8a69c3d80ad4f105737e49def8c131e775a28b4b9c8b533046c74fcc2268e
SERVER_HANDSHAKE_TRAFFIC_SECRET 2615cb9d80a5bcd86b48f8addca2559b955eafd46a2f44e69430164dc573ab3f 30f16b3d61cbc4dcfb73dbff29a00f3a19ee055ed0b5a0c69a970129393d5343
CLIENT_TRAFFIC_SECRET_0 1cfbfb4e6a435b9726872c1e96f62f6b271e0b153d44aeae9bc886bac6cae2f3 3494f1104a2740e6cffc3e0e315adff2314bff3bb96caa00020e191d9cec2117
SERVER_TRAFFIC_SECRET_0 1cfbfb4e6a435b9726872c1e96f62f6b271e0b153d44aeae9bc886bac6cae2f3 48e469f5daec32ffbd873f530945dbd6452352525e4603f1bfc3700c538fed39
EXPORTER_SECRET 1cfbfb4e6a435b9726872c1e96f62f6b271e0b153d44aeae9bc886bac6cae2f3 3cd859f0f1a074eff16edc38e6223392e2c1ceecfa61d5387b65c868d0e31247
CLIENT_TRAFFIC_SECRET_0 2615cb9d80a5bcd86b48f8addca2559b955eafd46a2f44e69430164dc573ab3f 1349af18c39d48fb603099ffd53020d541aef7dc318239c50038dbceb1650f07
SERVER_TRAFFIC_SECRET_0 2615cb9d80a5bcd86b48f8addca2559b955eafd46a2f44e69430164dc573ab3f 22b2a0c90dbd006194d959a03fca1f725dcc5a1617cf81ed1a96cfd4fc49f51e
EXPORTER_SECRET 2615cb9d80a5bcd86b48f8addca2559b955eafd46a2f44e69430164dc573ab3f 367d7ee37c6e777d95069c4ec1b4b7c82e850b958aa06709a23f30780172411f
CLIENT_HANDSHAKE_TRAFFIC_SECRET a47a326d29a40b23602403d5f95827a70451c69cb11c057e94ee3c2aff9ede3a f3c56314751708085405fb4f47383dc72f8e5c0d8a903c7df2aa984a97b37888
SERVER_HANDSHAKE_TRAFFIC_SECRET a47a326d29a40b23602403d5f95827a70451c69cb11c057e94ee3c2aff9ede3a 3dbec5e8f0f1e18c45d5ca80a6b6730790d6e6e25b7718eeb56ea4d4c014699d
CLIENT_HANDSHAKE_TRAFFIC_SECRET 25135a02a92f0f0f97c4af8d888ae2dca8ad048c41a9eab08cb4ade9b66e4c16 87e86d83ad296b64139e22ed3c3b2ebcf2829292cc119229ee8dfdad07304ee6
SERVER_HANDSHAKE_TRAFFIC_SECRET 25135a02a92f0f0f97c4af8d888ae2dca8ad048c41a9eab08cb4ade9b66e4c16 ea017259a045aa84be2671b94b3fc838a46c7507dadaa6a43c655567e7c5ca18
CLIENT_HANDSHAKE_TRAFFIC_SECRET b6ab9f85eb22d91b7c1c0f8d3f503b869dc72e52be174fe7a129897caca7beba 81d1db8095f285d1d62d4fe117d10cccbf3556ea79656acb351c39633c7cddb2
SERVER_HANDSHAKE_TRAFFIC_SECRET b6ab9f85eb22d91b7c1c0f8d3f503b869dc72e52be174fe7a129897caca7beba 054639dca37ccc88687544bb551c8462554dee4d4bcccad985e7e6ffad14a04a
CLIENT_TRAFFIC_SECRET_0 b6ab9f85eb22d91b7c1c0f8d3f503b869dc72e52be174fe7a129897caca7beba 95ff371067f93deea8810de612b76bfe71144f6a276e092f99cbcd75b63f4994
SERVER_TRAFFIC_SECRET_0 b6ab9f85eb22d91b7c1c0f8d3f503b869dc72e52be174fe7a129897caca7beba ad86818d584b39292f974af42240b8cd6cbd373804ac7e3ae48a733c94da9255
EXPORTER_SECRET b6ab9f85eb22d91b7c1c0f8d3f503b869dc72e52be174fe7a129897caca7beba 1787a7b230f98d42283a052bcf4aa2360df31fb00c06b82ca953187903ad8f5b
CLIENT_TRAFFIC_SECRET_0 a47a326d29a40b23602403d5f95827a70451c69cb11c057e94ee3c2aff9ede3a 536bd1b0072b0c3393390537392f8a396317a920be3bf8cf328eecd0a23bf5f9
SERVER_TRAFFIC_SECRET_0 a47a326d29a40b23602403d5f95827a70451c69cb11c057e94ee3c2aff9ede3a 1ba2e865aece4a6871c47adcf591c9218a3556cac65c01f4b78c8b0e95bb27c9
EXPORTER_SECRET a47a326d29a40b23602403d5f95827a70451c69cb11c057e94ee3c2aff9ede3a df220273dd4ae6c7b1da75c1a9452ef6623f40776743432a152ca5dc96ec2d7a
CLIENT_TRAFFIC_SECRET_0 25135a02a92f0f0f97c4af8d888ae2dca8ad048c41a9eab08cb4ade9b66e4c16 3aba0c5727a36bdacc95cafb1c5868330c4f8a5d8ac835204fc9c6bfd7788b92
SERVER_TRAFFIC_SECRET_0 25135a02a92f0f0f97c4af8d888ae2dca8ad048c41a9eab08cb4ade9b66e4c16 90db1552cb4e0191e5556052ccaf8c12ce3f1d86ff1e1a8dce798c5fe09bff2e
EXPORTER_SECRET 25135a02a92f0f0f97c4af8d888ae2dca8ad048c41a9eab08cb4ade9b66e4c16 5f2a1e64e5b0cce9e6ae264d9753d74ec05d9254a7da54023f9b661679987311
CLIENT_EARLY_TRAFFIC_SECRET ef91a0551cdc9e6dc0a22749b2191f691c23afd558434ecbf653e064104c41d3 d9fea020328e81ec4923b9f8c99ddee4bdd387c1f668f19a1d999f18af4ff229
CLIENT_RANDOM 5e1410ee6e1c12806c92b756d942330401989c1bd621f0e160c4976547939083 1d95c85e1aa7ae20f385d97f10761e693c4d33e572ae353ce9a0f465150dcc7ff8128b85eb1192896be997f546d034bf
CLIENT_HANDSHAKE_TRAFFIC_SECRET 017d84847680c87eeb66f3d173e1225d56cf109d33946c58281610c2aef5b92c 34da306dae1d05aaa655355c15b6a1befa076406bb32bff9e29e1501e4cc0f72
SERVER_HANDSHAKE_TRAFFIC_SECRET 017d84847680c87eeb66f3d173e1225d56cf109d33946c58281610c2aef5b92c e69353ed5e3b675bebca0492585fc43290522aab28aade1ab19264850e95ed93
CLIENT_TRAFFIC_SECRET_0 017d84847680c87eeb66f3d173e1225d56cf109d33946c58281610c2aef5b92c 6502e2eeba4219f0660692fee435e23d87c8026034d0f3e98b87f4f35e623478
SERVER_TRAFFIC_SECRET_0 017d84847680c87eeb66f3d173e1225d56cf109d33946c58281610c2aef5b92c 45cd2d33cac253e2f343f175b3ebde300f3f6ef8bff7e5a556ac97ada278eeb1
EXPORTER_SECRET 017d84847680c87eeb66f3d173e1225d56cf109d33946c58281610c2aef5b92c 66e44ca3f8dc023ed3754cdef904dd8caacc3f9814d7e4718e0aae363e880c8a
CLIENT_HANDSHAKE_TRAFFIC_SECRET ef91a0551cdc9e6dc0a22749b2191f691c23afd558434ecbf653e064104c41d3 76ee4cdeb228731f463b2e007de2e429353a05af73d2e0f8166b1f57b24ecfd7
SERVER_HANDSHAKE_TRAFFIC_SECRET ef91a0551cdc9e6dc0a22749b2191f691c23afd558434ecbf653e064104c41d3 d2683caf988a0859c9a31635a19bef638c5691e5f88c6b396181341fbd96ea9d
CLIENT_TRAFFIC_SECRET_0 ef91a0551cdc9e6dc0a22749b2191f691c23afd558434ecbf653e064104c41d3 2c205b84469b3a55f4fc4a98eefa8ba7968eb340836e7d0531ac41d31c7816f1
SERVER_TRAFFIC_SECRET_0 ef91a0551cdc9e6dc0a22749b2191f691c23afd558434ecbf653e064104c41d3 3010a32b6b7fca8abb90e2215d818e048a8fd1496d5546caa559ab3af1dff825
EXPORTER_SECRET ef91a0551cdc9e6dc0a22749b2191f691c23afd558434ecbf653e064104c41d3 40926712cc286e0e74542ed42d067d116c2c507a0a97202585602478cf8da7b4
CLIENT_HANDSHAKE_TRAFFIC_SECRET 31b6509af9e1eb84c17333302a86613900dc4f0fe80ec3cb7a266023244bf00b 46fd616c004e91a3966c3cccc1b7cbae2a6ecc3beb1efaf5f21693b65ca0e540
SERVER_HANDSHAKE_TRAFFIC_SECRET 31b6509af9e1eb84c17333302a86613900dc4f0fe80ec3cb7a266023244bf00b fdc6f3d749a2dbc8d986355244f3a335386b116c44bd09e8d2bb1526f25a20b9
CLIENT_TRAFFIC_SECRET_0 31b6509af9e1eb84c17333302a86613900dc4f0fe80ec3cb7a266023244bf00b c66ef874cdf18f3168887511d300f27e16f333348e84ada37a8ab8c502eb6a6b
SERVER_TRAFFIC_SECRET_0 31b6509af9e1eb84c17333302a86613900dc4f0fe80ec3cb7a266023244bf00b f97bcbac3ce26e5ce90a6f0b6127510bb7f91f55bc7f5305351f3f8425cb210f
EXPORTER_SECRET 31b6509af9e1eb84c17333302a86613900dc4f0fe80ec3cb7a266023244bf00b e78b040934eb839e44a50af80cc00057ce0dbccf1688b44cb5c76c872f45add9
CLIENT_HANDSHAKE_TRAFFIC_SECRET 572601a02393d05055e498ed5b6132cc9c5848ad0097936d49baef7bd4c8423a 9c297fecb528d1cf734d5ccdf0927827e936a62a6c7bf74e8f430f534d849be9
SERVER_HANDSHAKE_TRAFFIC_SECRET 572601a02393d05055e498ed5b6132cc9c5848ad0097936d49baef7bd4c8423a 3acf5f65cf4885a7788961176fd8d73870cf6e7348a38ec1bbb66f1f8f6b1067
CLIENT_TRAFFIC_SECRET_0 572601a02393d05055e498ed5b6132cc9c5848ad0097936d49baef7bd4c8423a 44d057bfc58cb14d92a083234e81f71525ea23dc79286144624256113731b0f0
SERVER_TRAFFIC_SECRET_0 572601a02393d05055e498ed5b6132cc9c5848ad0097936d49baef7bd4c8423a aa53107620407249bea2145ea1c613dbf21cd3387285fa9f0c50d9101b08bf21
EXPORTER_SECRET 572601a02393d05055e498ed5b6132cc9c5848ad0097936d49baef7bd4c8423a b3d1ae8033aff94d5c276dac7054d1241b2e460cee715a628cc4d18834c0553f
CLIENT_HANDSHAKE_TRAFFIC_SECRET ac7c4b01cd070cf6bfba6996567321c960d129b1a2c100bc2443491c0aa57ded 750f3c7f416d9a6323b89edae0d786901844054db602a37037a9705be00cb63a
SERVER_HANDSHAKE_TRAFFIC_SECRET ac7c4b01cd070cf6bfba6996567321c960d129b1a2c100bc2443491c0aa57ded 17a18e82065fb1b0f04d97834d5df80506f80683681e1147dcc1571180f2d310
CLIENT_TRAFFIC_SECRET_0 ac7c4b01cd070cf6bfba6996567321c960d129b1a2c100bc2443491c0aa57ded 1cf07c7956ae33f21fb4deb82f6ee0995c9965d2d7560f524cf7761841770d37
SERVER_TRAFFIC_SECRET_0 ac7c4b01cd070cf6bfba6996567321c960d129b1a2c100bc2443491c0aa57ded 08a2715ad3a249884a3d443e991884025e5064cca970e33fddc8f2a5b1fd1a49
EXPORTER_SECRET ac7c4b01cd070cf6bfba6996567321c960d129b1a2c100bc2443491c0aa57ded 113a0fa9102477dfaa1eca4be9089a10b26ac76e313df90af1c6b78ba5a83fcd
CLIENT_HANDSHAKE_TRAFFIC_SECRET d2ec2ed1e3fafd093bde78b69ac39102a61beeb5af9fe579512ab16d5f3514d8 de78fd801a4fe95a6343bbafb5fefb6df3218383fac894554d18c28b9efeea6f
SERVER_HANDSHAKE_TRAFFIC_SECRET d2ec2ed1e3fafd093bde78b69ac39102a61beeb5af9fe579512ab16d5f3514d8 6a96626b7efe65d81843b0df04894b60b7c9cd74a46070808a1490b321e4e0f5
CLIENT_TRAFFIC_SECRET_0 d2ec2ed1e3fafd093bde78b69ac39102a61beeb5af9fe579512ab16d5f3514d8 918ab037e34c1f8629f8ba3872bd0a4ff11d3e2a120f64d44f3bae8e441edc10
SERVER_TRAFFIC_SECRET_0 d2ec2ed1e3fafd093bde78b69ac39102a61beeb5af9fe579512ab16d5f3514d8 5203694ef32f3fed8bbbba558fa3492908c57976aa20f57121cb76cb3b74d6cd
EXPORTER_SECRET d2ec2ed1e3fafd093bde78b69ac39102a61beeb5af9fe579512ab16d5f3514d8 47b4ae415044ea2a3ce72f9b44063c6a99e1a722bc8ef034cff34c34a638634f
CLIENT_HANDSHAKE_TRAFFIC_SECRET 4b35663b41fa5b6a527e936a72a30eaa3d225df6f9c8eed47ea07f18b41755f2 2970809ce9e625f79b80824273c001533a7ba479c95c6dbd43cc1e4770aee50e
SERVER_HANDSHAKE_TRAFFIC_SECRET 4b35663b41fa5b6a527e936a72a30eaa3d225df6f9c8eed47ea07f18b41755f2 d8e995b2df8dd3b7bfd5d692e5006f8d972994683859304633b0d8698a4d3649
CLIENT_HANDSHAKE_TRAFFIC_SECRET 1d8a5b5f46eb10e20e25d794e0278d85910d995e5db62540dcdd235149f5b0c1 fe278e9ecf147b3bf161f109411d454b78c5071dea632bd2a61af87d197fd7c7
SERVER_HANDSHAKE_TRAFFIC_SECRET 1d8a5b5f46eb10e20e25d794e0278d85910d995e5db62540dcdd235149f5b0c1 7688ecfd2eedcbaa951f49763d809cc934f4bf0cbf81901be028ba3ef9c6d359
CLIENT_TRAFFIC_SECRET_0 1d8a5b5f46eb10e20e25d794e0278d85910d995e5db62540dcdd235149f5b0c1 0050f5ead33508b3936957cc888b2120b094274e60c031f60bc6ec8470f04d93
SERVER_TRAFFIC_SECRET_0 1d8a5b5f46eb10e20e25d794e0278d85910d995e5db62540dcdd235149f5b0c1 29d3a94b8f048e12f3ca82c3775944835d6e2dcdde599278cd015f4ff6bdad6a
EXPORTER_SECRET 1d8a5b5f46eb10e20e25d794e0278d85910d995e5db62540dcdd235149f5b0c1 188b5eb8805a5372e397bead0fdac0b56c974ac9704093f79f15724960df252d
CLIENT_HANDSHAKE_TRAFFIC_SECRET e7b01fba4f33b82cad8b0eb11a83a3a0364328c6dfbea19040463859b3a67972 2b13a40f44e82761f94b9a6547301a0ce7417f12bd55243fd835f9b4f542a330
SERVER_HANDSHAKE_TRAFFIC_SECRET e7b01fba4f33b82cad8b0eb11a83a3a0364328c6dfbea19040463859b3a67972 6e8fa4adca660e47b885bd44bad1b676a4b7b812065b1bdad1c0f7aaf5267ce9
CLIENT_TRAFFIC_SECRET_0 e7b01fba4f33b82cad8b0eb11a83a3a0364328c6dfbea19040463859b3a67972 41061300dcc7c5e9fdd5316c95fc0bb11f0f2303d16df3aa4e0e40f6a3e5e95f
SERVER_TRAFFIC_SECRET_0 e7b01fba4f33b82cad8b0eb11a83a3a0364328c6dfbea19040463859b3a67972 fe3c52a6e21b6ef0e0de8c9f1b23f4c71720d0c018a458442c60900dea726c8f
EXPORTER_SECRET e7b01fba4f33b82cad8b0eb11a83a3a0364328c6dfbea19040463859b3a67972 c179e942e717ecca8065d2513f6ac63b6785af81bde06ff3798a9a730423353c
CLIENT_HANDSHAKE_TRAFFIC_SECRET 9c362010adb49972b6b83097a18620afc03ce2ddd584b97b1a9dcede4ca5597b c2f2e28dfecda904921f45dcc40ea6ff90ce178dca6079f090255009634ff95f
SERVER_HANDSHAKE_TRAFFIC_SECRET 9c362010adb49972b6b83097a18620afc03ce2ddd584b97b1a9dcede4ca5597b 097eec945b086904a9070612f6386167f7c451013728ab17a813cddb6d102586
CLIENT_TRAFFIC_SECRET_0 4b35663b41fa5b6a527e936a72a30eaa3d225df6f9c8eed47ea07f18b41755f2 897f6a9c9ffbae68658c44aacd760b77b062a65bf2c76a3fd681f2539b49079a
SERVER_TRAFFIC_SECRET_0 4b35663b41fa5b6a527e936a72a30eaa3d225df6f9c8eed47ea07f18b41755f2 294db74c9973711f5ed46088b13b537f4bb8a87bbde258dc8d04ea18fccd974f
EXPORTER_SECRET 4b35663b41fa5b6a527e936a72a30eaa3d225df6f9c8eed47ea07f18b41755f2 127804825dce191bd67b419f4ccb8ecb32682d75c49a6e653697fada868c8b98
CLIENT_TRAFFIC_SECRET_0 9c362010adb49972b6b83097a18620afc03ce2ddd584b97b1a9dcede4ca5597b 7877c9fc901c25fb04e0b3fb345001d75286d8ad438b0500f448e28cf0c4be03
SERVER_TRAFFIC_SECRET_0 9c362010adb49972b6b83097a18620afc03ce2ddd584b97b1a9dcede4ca5597b ae9d72c6110a941c642065ec575aa9f427a884e225c59ef5cf18a19b29ebfb42
EXPORTER_SECRET 9c362010adb49972b6b83097a18620afc03ce2ddd584b97b1a9dcede4ca5597b dde8a57710d5756816a7f0c09448b54f76f5e3b3bfe80ffd6a2cf980e599d7c6
CLIENT_HANDSHAKE_TRAFFIC_SECRET 5a2aa7e50574f7352149cf48df4b0ae22c73a8c1fcbdd80e69d812423b42577f a04882906463fe3b94f72d4f89a204e7f78725e2b159650ee458c79746438847
SERVER_HANDSHAKE_TRAFFIC_SECRET 5a2aa7e50574f7352149cf48df4b0ae22c73a8c1fcbdd80e69d812423b42577f 4587775e25c57c26707e443272d78701c5abef8ba57b7e70418f4dd5462bbd32
CLIENT_HANDSHAKE_TRAFFIC_SECRET 45b03de18c37f098c1f192d4d33ce05d276620d7f3ec594841bbc4c600520400 2f14de0e0c2a77184705c64f7436c4cb7b0d85c7e0e496e9596d5830e73e7231
SERVER_HANDSHAKE_TRAFFIC_SECRET 45b03de18c37f098c1f192d4d33ce05d276620d7f3ec594841bbc4c600520400 f256356b5f5b43077f7b3d6940bc67fe84c7e64840dbef8921431d108df8092d
CLIENT_HANDSHAKE_TRAFFIC_SECRET a454cb7bd5c9e0af656140654ec614b3179e0711cbbdfbe7e891a4d1ec9bd06a c7777838fe4515f4ee464d94413fbe197c4f016aeb402def3d8ce6a193fafff2
SERVER_HANDSHAKE_TRAFFIC_SECRET a454cb7bd5c9e0af656140654ec614b3179e0711cbbdfbe7e891a4d1ec9bd06a 7ead557f686f7ab2c7dd3ca5c16f6379ef4c82854887e238ea1c3b3e6af784ae
CLIENT_TRAFFIC_SECRET_0 5a2aa7e50574f7352149cf48df4b0ae22c73a8c1fcbdd80e69d812423b42577f 0da6232a2a3d628323c733b9e4d9bfc41c05686c6708b7fb84386159d2634060
SERVER_TRAFFIC_SECRET_0 5a2aa7e50574f7352149cf48df4b0ae22c73a8c1fcbdd80e69d812423b42577f 477fee1d3e0542c8e8781a7c4ac76c2fb22b22362a2260e23933b48379de4872
EXPORTER_SECRET 5a2aa7e50574f7352149cf48df4b0ae22c73a8c1fcbdd80e69d812423b42577f c75e1ace275e178120642ffade748db456b0c2f8d56ffdef5df728581fa29309
CLIENT_TRAFFIC_SECRET_0 a454cb7bd5c9e0af656140654ec614b3179e0711cbbdfbe7e891a4d1ec9bd06a b34f2397c37808d032625bf393a9429ef6a392b8b099f7bf560739cc89095270
SERVER_TRAFFIC_SECRET_0 a454cb7bd5c9e0af656140654ec614b3179e0711cbbdfbe7e891a4d1ec9bd06a 9bea1a222589322439ccddcc74763704cbde05bbe88804e2fb4b487cd19f890a
EXPORTER_SECRET a454cb7bd5c9e0af656140654ec614b3179e0711cbbdfbe7e891a4d1ec9bd06a 8d5c7edb834a520e668af459fd5eca8dd128dfa2d47b554a7dc231e975913948
CLIENT_TRAFFIC_SECRET_0 45b03de18c37f098c1f192d4d33ce05d276620d7f3ec594841bbc4c600520400 b1b44703402655d92340372690a9bef023ad2bba58593bb2189ded7a9e25d054
SERVER_TRAFFIC_SECRET_0 45b03de18c37f098c1f192d4d33ce05d276620d7f3ec594841bbc4c600520400 73b978bd03b3032f748793b39e7c913554508ef033b751807e0ec1577fa2bdeb
EXPORTER_SECRET 45b03de18c37f098c1f192d4d33ce05d276620d7f3ec594841bbc4c600520400 7c8ac8e50d135ff2af7759edadb3b3768f36b84c1ecf67649f6b2dbc65d19089
CLIENT_HANDSHAKE_TRAFFIC_SECRET 89dbe0e002c5aeada86c2ff6d6b9f2c6c910e58cbe0c691e9d94244c500bb2b4 39a32e845cc0b39ef01431525a1423acbc7d3a10d1493a4db5e47b3b70718ceb
SERVER_HANDSHAKE_TRAFFIC_SECRET 89dbe0e002c5aeada86c2ff6d6b9f2c6c910e58cbe0c691e9d94244c500bb2b4 9ce28e2a6eac904979e395f980906410e08ba80737a550a47fc46ef281f22159
CLIENT_TRAFFIC_SECRET_0 89dbe0e002c5aeada86c2ff6d6b9f2c6c910e58cbe0c691e9d94244c500bb2b4 a0c18d8d38dd5bd199a57f0fd779df5dad7b804f7026d30b058ca5a347c84beb
SERVER_TRAFFIC_SECRET_0 89dbe0e002c5aeada86c2ff6d6b9f2c6c910e58cbe0c691e9d94244c500bb2b4 81184b6c60923f0d6213c1e644a44e47e0eee80f53a8aa82c7b7f25785b38d73
EXPORTER_SECRET 89dbe0e002c5aeada86c2ff6d6b9f2c6c910e58cbe0c691e9d94244c500bb2b4 cc197b4ab9fe7543a0b6a8e9d835bc185ce979a7ff696aa9bd1552c1a1a9b59d
CLIENT_HANDSHAKE_TRAFFIC_SECRET 23eee78a9bba5314c3b88dbb7df40c9513f1f2f140c889cc491d5b64beff4e55 3143df3deca46c4d3c664588f9575cd3171838aca734de9d505eb2e4352cc791
SERVER_HANDSHAKE_TRAFFIC_SECRET 23eee78a9bba5314c3b88dbb7df40c9513f1f2f140c889cc491d5b64beff4e55 6490a7fd13b01fe0c43cb465aa1da9bbcd4c46bf8f474b2f83e78830c8027171
CLIENT_TRAFFIC_SECRET_0 23eee78a9bba5314c3b88dbb7df40c9513f1f2f140c889cc491d5b64beff4e55 72cc5164974213d14fb507b11e864e99ad8b5c9af98d421ae77dcb209811e1a9
SERVER_TRAFFIC_SECRET_0 23eee78a9bba5314c3b88dbb7df40c9513f1f2f140c889cc491d5b64beff4e55 d0cf3eac876eba32eab04787e25c2cc92e416da19f3edf6743c4c655144d0838
EXPORTER_SECRET 23eee78a9bba5314c3b88dbb7df40c9513f1f2f140c889cc491d5b64beff4e55 ed7ba5210b9c5b090e17a881a506e5fc2481a7da5a5c313ad03b4bb73fd26720
CLIENT_HANDSHAKE_TRAFFIC_SECRET c4a4c5431c6f80e8e0aa95561b1c676b159fec2c1b61d78bc2427817267cd203 9812759d9aa3668c7ac776cb1747185879e5c1e8644e2670a7f2909188a739ec
SERVER_HANDSHAKE_TRAFFIC_SECRET c4a4c5431c6f80e8e0aa95561b1c676b159fec2c1b61d78bc2427817267cd203 b4cb1d46abcbd1f4f5c91c1df380a28abe7d047abb4ffa90a35ff26a0df448fe
CLIENT_TRAFFIC_SECRET_0 c4a4c5431c6f80e8e0aa95561b1c676b159fec2c1b61d78bc2427817267cd203 d8ce74eebf690ea4a59a81c24bdfb9ec234c16363ef9091f5d926f8cc4ac4b48
SERVER_TRAFFIC_SECRET_0 c4a4c5431c6f80e8e0aa95561b1c676b159fec2c1b61d78bc2427817267cd203 830aa3536463680e1060ec325018dd7b22e7a678daf733e78bb088608436ffa5
EXPORTER_SECRET c4a4c5431c6f80e8e0aa95561b1c676b159fec2c1b61d78bc2427817267cd203 7225da4e6d19dd25dccadd5acbf82c450d1d6db8084c85fce9857b7c5422d14e
CLIENT_HANDSHAKE_TRAFFIC_SECRET 0a4130d6d522fe0d708a73c262a1b3a7f5ef79842fd875737d25f5edf3b736e4 6d679b3f3f847898b03cd71e8dc6a2c901498d6183e88f8c5be23f93956ef615
SERVER_HANDSHAKE_TRAFFIC_SECRET 0a4130d6d522fe0d708a73c262a1b3a7f5ef79842fd875737d25f5edf3b736e4 475de17866e605ef6914e226b9b8ba0eb0f5d2d64a7b17a74d0c9b35db079c91
CLIENT_TRAFFIC_SECRET_0 0a4130d6d522fe0d708a73c262a1b3a7f5ef79842fd875737d25f5edf3b736e4 3d0e010454016d1ee406bf11feecfeea6b7d6777bf3fdd50fa4c942a50245c81
SERVER_TRAFFIC_SECRET_0 0a4130d6d522fe0d708a73c262a1b3a7f5ef79842fd875737d25f5edf3b736e4 9be550aa45bd4a03f67ef9284e163c8adeb402d16d56674057f8fccf8df63892
EXPORTER_SECRET 0a4130d6d522fe0d708a73c262a1b3a7f5ef79842fd875737d25f5edf3b736e4 af8f4212647f9eb41b502b82bc644365899edf3346f24820f1cd15f49d6ac87d
CLIENT_HANDSHAKE_TRAFFIC_SECRET 6fd43c1e4cb9f5bb72c420ac4385d69af6dfbfb1d35e3d110d1a19a9d12bd091 4691c9b55fbe7312e6a36772e5616e8288b05a54244bbea9992883d8a3c09c16
SERVER_HANDSHAKE_TRAFFIC_SECRET 6fd43c1e4cb9f5bb72c420ac4385d69af6dfbfb1d35e3d110d1a19a9d12bd091 b3a535366ab0911eb7518799c29e6d4b461410a8b35ffc2b5ba96776814bc4a4
CLIENT_TRAFFIC_SECRET_0 6fd43c1e4cb9f5bb72c420ac4385d69af6dfbfb1d35e3d110d1a19a9d12bd091 fece75d5cb1866bebd318915bbd4f7e5aebb3350e1ee5467cf0928b550914717
SERVER_TRAFFIC_SECRET_0 6fd43c1e4cb9f5bb72c420ac4385d69af6dfbfb1d35e3d110d1a19a9d12bd091 317dfa0ca6cb606ee7aca1672e702aae7778fe42801f269afd48a1731118bdd9
EXPORTER_SECRET 6fd43c1e4cb9f5bb72c420ac4385d69af6dfbfb1d35e3d110d1a19a9d12bd091 800883d79f46558dbcb07908f524bb872705868ea378e4441e978f96514c54a8
CLIENT_HANDSHAKE_TRAFFIC_SECRET 19748a50c554f92b73685ed5217474a02f60786efe1ae89337871c3b467e048d 5dcdef2ff11e97f2482201a92f4ff78d85cadb6059c22fb3aa20676b87ee8f04
SERVER_HANDSHAKE_TRAFFIC_SECRET 19748a50c554f92b73685ed5217474a02f60786efe1ae89337871c3b467e048d 8e12c9c6edb56a7f411a8701349a98ff52b8b5526da688006b346507012672f3
CLIENT_TRAFFIC_SECRET_0 19748a50c554f92b73685ed5217474a02f60786efe1ae89337871c3b467e048d 4963d61a7c4dd284640cae34564df95ebbaa0b196bd3256ee293a13cdb933773
SERVER_TRAFFIC_SECRET_0 19748a50c554f92b73685ed5217474a02f60786efe1ae89337871c3b467e048d 054377e31f645c8c5504ed8f43422020794cd646b5eb8aef8e32cc6d944b260e
EXPORTER_SECRET 19748a50c554f92b73685ed5217474a02f60786efe1ae89337871c3b467e048d aa30ec3656407fdb9743eaa99e731e7c41669948411e81a9989fdc584f847a21
CLIENT_HANDSHAKE_TRAFFIC_SECRET dfb49d4ba2f246c1fdb4d914fb9a256e755f995a13da7fd2e8c5ed7b402349e8 1f84f9a1a2e8360681d44cfce25daddf130344850bb328817986fcaed34df417
SERVER_HANDSHAKE_TRAFFIC_SECRET dfb49d4ba2f246c1fdb4d914fb9a256e755f995a13da7fd2e8c5ed7b402349e8 68cdee1b1250ca703b50e54cff2e6b2c5a6c2016f85ab9af9fee8f8689411ca9
CLIENT_HANDSHAKE_TRAFFIC_SECRET 8d16ace881e586ee08d60a403a17954864fd964db7f0263c8ace0c265d952085 8231bf5c7607ffaa224e0465b74502b5cb64de955f178447476df5cc6d749434
SERVER_HANDSHAKE_TRAFFIC_SECRET 8d16ace881e586ee08d60a403a17954864fd964db7f0263c8ace0c265d952085 73605a877591be825b5c4ecd0a42146fb7b6a341602509a362dd3a3034eefc04
CLIENT_HANDSHAKE_TRAFFIC_SECRET c23981c879ed3bbb271eb7bce7c54b8b6c3d6dd7324dcacd8bec38bb57274342 ac0aa9c19073e1ff9acbc5547f41df02f365d5b867c5b11e5b5fa1a4e3f70c24
SERVER_HANDSHAKE_TRAFFIC_SECRET c23981c879ed3bbb271eb7bce7c54b8b6c3d6dd7324dcacd8bec38bb57274342 bfd15d3925e3d810079f6e7dde635c825e0b45e7e333c63510380a2dfd2fa2db
CLIENT_TRAFFIC_SECRET_0 8d16ace881e586ee08d60a403a17954864fd964db7f0263c8ace0c265d952085 2282b0c14343614190191b9334e02d2926d626d7eadd9f67bbd16ecee4411776
SERVER_TRAFFIC_SECRET_0 8d16ace881e586ee08d60a403a17954864fd964db7f0263c8ace0c265d952085 28bd28f5f185efdcce6b9fac31c5592148d6a6d23ac8672c37bc50c63c743520
EXPORTER_SECRET 8d16ace881e586ee08d60a403a17954864fd964db7f0263c8ace0c265d952085 21dec894bf97a018a011e318c450d8c3346d7d697b70e0657b3944208c6cd9eb
CLIENT_TRAFFIC_SECRET_0 dfb49d4ba2f246c1fdb4d914fb9a256e755f995a13da7fd2e8c5ed7b402349e8 fe6ffcf60f0b61f57dbb4334e62466c7283a70006bb2bd40ed10b65e1a50d89e
SERVER_TRAFFIC_SECRET_0 dfb49d4ba2f246c1fdb4d914fb9a256e755f995a13da7fd2e8c5ed7b402349e8 671235f86caa0f872f502967160edd4ded2b131e9b721750243476c8c59336ea
EXPORTER_SECRET dfb49d4ba2f246c1fdb4d914fb9a256e755f995a13da7fd2e8c5ed7b402349e8 35ff62ca2dd101b54208f976427ce1a4e1adac97f294cb988fcc33f81c59c90f
CLIENT_TRAFFIC_SECRET_0 c23981c879ed3bbb271eb7bce7c54b8b6c3d6dd7324dcacd8bec38bb57274342 8295048294b853bc532b53e34f6c128781833fdcbcdcd62c2a6bd0767fd04efa
SERVER_TRAFFIC_SECRET_0 c23981c879ed3bbb271eb7bce7c54b8b6c3d6dd7324dcacd8bec38bb57274342 f7c99e34eb46d5a5512c37616627637be20ab84df17044f5ff399f2016ab856b
EXPORTER_SECRET c23981c879ed3bbb271eb7bce7c54b8b6c3d6dd7324dcacd8bec38bb57274342 95e0a7a3b2bb170828ec44d28ce6341e671616a69fb3cf465967b286f6f784ad
CLIENT_HANDSHAKE_TRAFFIC_SECRET 6a06dc5d11be0e499a42dd22023723dc71889de3ac94b475760e8e16ee690151 8a671d0993ac12911253e01b0b5b06ffc6b672ef9d46388e38ec653071fc43f2
SERVER_HANDSHAKE_TRAFFIC_SECRET 6a06dc5d11be0e499a42dd22023723dc71889de3ac94b475760e8e16ee690151 dab2a584e94a696b8970b34d18794495761ffd3bc8a43fc0a44c268d62aac8ca
CLIENT_HANDSHAKE_TRAFFIC_SECRET 040938ffbf65d22a5e5176ada4ef78bae5b3d6b26fd183669a5e354740f14b30 92b972acee27b0cccc162833f20683956bbd040504e1c4b7ddcdb76106a134c7
SERVER_HANDSHAKE_TRAFFIC_SECRET 040938ffbf65d22a5e5176ada4ef78bae5b3d6b26fd183669a5e354740f14b30 73c3d0cb83361d2550308d6edfaf5f49d7d3ccb9d6b318fa5ba1a51a143ca00e
CLIENT_TRAFFIC_SECRET_0 040938ffbf65d22a5e5176ada4ef78bae5b3d6b26fd183669a5e354740f14b30 b19ef7fab7a5e6bf85ab7cd89a0b59e89760808ae496dfd9d6c0c6d3b4bc188d
SERVER_TRAFFIC_SECRET_0 040938ffbf65d22a5e5176ada4ef78bae5b3d6b26fd183669a5e354740f14b30 3f437e3c9733df85a6990d382e5a23896572bf5788b6ee39d59c63d77bb93c30
EXPORTER_SECRET 040938ffbf65d22a5e5176ada4ef78bae5b3d6b26fd183669a5e354740f14b30 0fd49c367956a2f1b732d5ea671cb9657a6f20533c8a2bedf2f536efa7a349e5
CLIENT_TRAFFIC_SECRET_0 6a06dc5d11be0e499a42dd22023723dc71889de3ac94b475760e8e16ee690151 687548e0f7bc935f5574bee8c8b8f7789b6ee0229ae969b218943b791970d9c7
SERVER_TRAFFIC_SECRET_0 6a06dc5d11be0e499a42dd22023723dc71889de3ac94b475760e8e16ee690151 d1c79abe1038188a0bafd317a2109aecaeb848324beb55cd360e98465f99ddab
EXPORTER_SECRET 6a06dc5d11be0e499a42dd22023723dc71889de3ac94b475760e8e16ee690151 3014eef6d04826dc720877bbd0d97239cde123b6273217bb338b0afff95324da
CLIENT_HANDSHAKE_TRAFFIC_SECRET 74fd585b8a3b7ae7a22105d68c3d24e1b904ab004535e596032ddea3a949e4f2 54ad2ef76d72802f8991801d0c1a0509980901ee85a7703240c0892979385fd2
SERVER_HANDSHAKE_TRAFFIC_SECRET 74fd585b8a3b7ae7a22105d68c3d24e1b904ab004535e596032ddea3a949e4f2 9e20adda4c49547dcfbfb244831974079a6beaff37fa6660dc33bdc3778eabc5
CLIENT_TRAFFIC_SECRET_0 74fd585b8a3b7ae7a22105d68c3d24e1b904ab004535e596032ddea3a949e4f2 2cb66f4991e3dbb5701a0b98394f54ddef2ea986a5399da5d9fa20ffebaae903
SERVER_TRAFFIC_SECRET_0 74fd585b8a3b7ae7a22105d68c3d24e1b904ab004535e596032ddea3a949e4f2 6fc4b40bdefeaa8724ffbb67126d4c9d1f6a93b2bd14c11c2fb054dd64b97802
EXPORTER_SECRET 74fd585b8a3b7ae7a22105d68c3d24e1b904ab004535e596032ddea3a949e4f2 ed5a8679a1793e5b8f90d6befa44b0cbdc3aaa01682a44162466e1f2d6f8eb07
CLIENT_HANDSHAKE_TRAFFIC_SECRET 0bffd9801ecc2a5ad982e54cddd96658979748a401ca97c4a0c657ab2ebba8dd 3840d6d0bd65b39ccf9b386fe2f1242ad3a6af2caa5d74a75133475a06d76436
SERVER_HANDSHAKE_TRAFFIC_SECRET 0bffd9801ecc2a5ad982e54cddd96658979748a401ca97c4a0c657ab2ebba8dd 12bc288179f37d2f1d6a47dbbd0d94e0f06e9b3ee0feba5636b556f4d5bf0052
CLIENT_TRAFFIC_SECRET_0 0bffd9801ecc2a5ad982e54cddd96658979748a401ca97c4a0c657ab2ebba8dd 816d427ff9a1056693cab78c35b35049db8496e184648b152029e3397018cf5b
SERVER_TRAFFIC_SECRET_0 0bffd9801ecc2a5ad982e54cddd96658979748a401ca97c4a0c657ab2ebba8dd 4063b2c2935f84ab857ab2f195398d80ffeb04dd3bb1f85bb2588b8497220465
EXPORTER_SECRET 0bffd9801ecc2a5ad982e54cddd96658979748a401ca97c4a0c657ab2ebba8dd d6964a67b6f4dacb197b8a0ff24966f750f799ba33fc927ed91ce0f5623faac0
CLIENT_HANDSHAKE_TRAFFIC_SECRET 59a54682203c05b5907eb4bf3d238701d66e208ba84aee349e90092cc20a4955 6708f9b795c26417906accac7ef230358aa5ccd94455341156b7b0e5c353b36ad57230e6ba923bf99dff8ca3e9db7637
SERVER_HANDSHAKE_TRAFFIC_SECRET 59a54682203c05b5907eb4bf3d238701d66e208ba84aee349e90092cc20a4955 fdca36fa10f3bd1ecc99e43bd447ce65e752554df7a8b9f0ac64512cb7873036648e22b4472606f1717d2c3f33d47f47
CLIENT_TRAFFIC_SECRET_0 59a54682203c05b5907eb4bf3d238701d66e208ba84aee349e90092cc20a4955 5267df4af38dc83515c3f63b28601e7c068a25cb4e725b9376c532e6dbaba2c11103cc3e6cf1ef1a0c3b6c3ea9d91fab
SERVER_TRAFFIC_SECRET_0 59a54682203c05b5907eb4bf3d238701d66e208ba84aee349e90092cc20a4955 ec14999341e221c93d32945f991a67be9bba0b2289a0826cc720926d290b9ed70b6bd9b19f3be1904582bc0c04beb7f8
EXPORTER_SECRET 59a54682203c05b5907eb4bf3d238701d66e208ba84aee349e90092cc20a4955 340b5fb54e067a5c0ff2711a6720de11d34c1ca29229f8c61ffc13933d91fdd050cf0204c431ad8539b205278c7880dc
CLIENT_HANDSHAKE_TRAFFIC_SECRET b3f7643294ba25c343cddf10a1d226a73ce208210c45c975e4dd08b39ac4c85f f36017e433d90e79496dfb0d0ae6904acbc0cf5337c550763b25e157437f0968
SERVER_HANDSHAKE_TRAFFIC_SECRET b3f7643294ba25c343cddf10a1d226a73ce208210c45c975e4dd08b39ac4c85f a31acfcc3ee286ccedc6437b8b3d2d78ac3176918cc166e9c5916a92626176d6
CLIENT_TRAFFIC_SECRET_0 b3f7643294ba25c343cddf10a1d226a73ce208210c45c975e4dd08b39ac4c85f da5b3dca39495bea736f95c4fc2f9ae3784b7c61ad56c717e7c92f955e433f9e
SERVER_TRAFFIC_SECRET_0 b3f7643294ba25c343cddf10a1d226a73ce208210c45c975e4dd08b39ac4c85f 171f799ce586ddf9408329970d478973b2808352e0cfe946e1cffbe20df526fb
EXPORTER_SECRET b3f7643294ba25c343cddf10a1d226a73ce208210c45c975e4dd08b39ac4c85f ec088abdc37f4d1e1e671519b3f1d39349df87e24a4c2dede0121730d3bd9370
CLIENT_HANDSHAKE_TRAFFIC_SECRET 3cc89609d05617dbe8e77964a96cf319fa4c1fc10e7fa5e97c56214596c393de 22a6f8d1a7612e2182c383b78a28268b7f027499d935e9fa4d34db86cbfc1af4
SERVER_HANDSHAKE_TRAFFIC_SECRET 3cc89609d05617dbe8e77964a96cf319fa4c1fc10e7fa5e97c56214596c393de 7f4d01dac188fbfa58cb55fef885ec30d31e82267a9f8b3d3fa893d9f8712fba
CLIENT_TRAFFIC_SECRET_0 3cc89609d05617dbe8e77964a96cf319fa4c1fc10e7fa5e97c56214596c393de 6ad3adcefce75e49b308cb52bf937d5ece5437de40340683860b05b6d15982d4
SERVER_TRAFFIC_SECRET_0 3cc89609d05617dbe8e77964a96cf319fa4c1fc10e7fa5e97c56214596c393de b37e76a5a9965e932981ca9bba6ac9a8ff10b07cf26923dc6115c20e04d006d5
EXPORTER_SECRET 3cc89609d05617dbe8e77964a96cf319fa4c1fc10e7fa5e97c56214596c393de 9ba6fc2855245ec5bd7a2788978cea2b921e38c59d0a08d1f01572e4679c1e68
CLIENT_HANDSHAKE_TRAFFIC_SECRET 95570ee430e17ca2b27f8037d6400ef8c58ce3bf1a4dd2b589873400aea4c4f9 a415bd4bd721394830dd89e1391c8e5c34376af7e961c2dacea6611727947797
SERVER_HANDSHAKE_TRAFFIC_SECRET 95570ee430e17ca2b27f8037d6400ef8c58ce3bf1a4dd2b589873400aea4c4f9 69049becfdca4e12618b4a706524c6ddeb6fe84c6f410703fe26acecc6a0ab3b
CLIENT_HANDSHAKE_TRAFFIC_SECRET ab450f27e5404d09419230a1946e530dcadcbfbdc41dab8dff4be525355f81ba c1fd8ba33351b78dc78c65e744a5317eed390e86dba321f037476b1272fba85c
SERVER_HANDSHAKE_TRAFFIC_SECRET ab450f27e5404d09419230a1946e530dcadcbfbdc41dab8dff4be525355f81ba 736473640ae89440c66c2bbc899fa72cec528b7269dd7ed31200e33907198799
CLIENT_TRAFFIC_SECRET_0 95570ee430e17ca2b27f8037d6400ef8c58ce3bf1a4dd2b589873400aea4c4f9 2190620216aad7c83c23ae02063a870e495b6dc7c24e359439cfa79e2f24a4b7
SERVER_TRAFFIC_SECRET_0 95570ee430e17ca2b27f8037d6400ef8c58ce3bf1a4dd2b589873400aea4c4f9 32d1d3e13eec4d124226e7f92c6c803f923c5fddcfdb079ec8386fc3d19d7d93
EXPORTER_SECRET 95570ee430e17ca2b27f8037d6400ef8c58ce3bf1a4dd2b589873400aea4c4f9 5448965132fbdca30a8c2745080ebeeb00919779f1d7ced917d5a68a947a50f5
CLIENT_TRAFFIC_SECRET_0 ab450f27e5404d09419230a1946e530dcadcbfbdc41dab8dff4be525355f81ba 8e668608db4a0ffa68ff7a6d01a0f80111773d0e4a4590948049343324394975
SERVER_TRAFFIC_SECRET_0 ab450f27e5404d09419230a1946e530dcadcbfbdc41dab8dff4be525355f81ba 32eca9a62c507edae23820613ac17282e0317d31ca7d4f7a032bd80daea647bc
EXPORTER_SECRET ab450f27e5404d09419230a1946e530dcadcbfbdc41dab8dff4be525355f81ba e405693cdbff47fdf19537e4826bf527770bb9780cc9aef0ae167602d9e99db7
CLIENT_HANDSHAKE_TRAFFIC_SECRET 3baa55299dd699816cddbcbb75bdadb5d14a37108f0410c5a3250e7c2f4504f9 cf34580d1b1424e86cd4354bdd5f472d1a29806b0c68b7ff7bab0ddf5fe6edb0
SERVER_HANDSHAKE_TRAFFIC_SECRET 3baa55299dd699816cddbcbb75bdadb5d14a37108f0410c5a3250e7c2f4504f9 a403b26801d9ee2bc109e2df526dc9d43472752ba9c565c3ad1024d8e885e076
CLIENT_TRAFFIC_SECRET_0 3baa55299dd699816cddbcbb75bdadb5d14a37108f0410c5a3250e7c2f4504f9 6ece4e75a4d190053bbfe5dbca2bab83843ab90c3f0e7d01decf6098a6118b63
SERVER_TRAFFIC_SECRET_0 3baa55299dd699816cddbcbb75bdadb5d14a37108f0410c5a3250e7c2f4504f9 bd5b93ae42c831fc56b76029a59b1348ce9fe6d4c2137cbc3a8794e22e2b1155
EXPORTER_SECRET 3baa55299dd699816cddbcbb75bdadb5d14a37108f0410c5a3250e7c2f4504f9 c6da71246cc5f3a11a80d01fd2f6c07d07a165fac24645f8611512620534ac79
CLIENT_HANDSHAKE_TRAFFIC_SECRET 5e3a1cdf5ea0ed8c049376901d832ea32960feefa8797f610ac45d28207fbd87 da8ca50838c29f0bedc022d83844b459b50b8a1e6388566dba77a452e65cdef2
SERVER_HANDSHAKE_TRAFFIC_SECRET 5e3a1cdf5ea0ed8c049376901d832ea32960feefa8797f610ac45d28207fbd87 e9f164bf45af958d67d13d1737472b72f33745fcdfd0a340be3a3176739ac215
CLIENT_TRAFFIC_SECRET_0 5e3a1cdf5ea0ed8c049376901d832ea32960feefa8797f610ac45d28207fbd87 ee06ec0e2fabb190d572b7025de3d47a38b367b228ec6810606f71ca5c803ed4
SERVER_TRAFFIC_SECRET_0 5e3a1cdf5ea0ed8c049376901d832ea32960feefa8797f610ac45d28207fbd87 f30fd491ad3e70482bae35f9828d8761e5f722eb985e78b589c7fe451c57991a
EXPORTER_SECRET 5e3a1cdf5ea0ed8c049376901d832ea32960feefa8797f610ac45d28207fbd87 6e1ff257890cf713c7d6a9e670c92398238d1be2947f3ac4080f8626ef5e59f9
CLIENT_HANDSHAKE_TRAFFIC_SECRET 1125f327924557527f3d8455a311c1db1a13a8726c7d686c7819c4768c8ee538 2ce6e4b8f4da441dbca99fc31202270d01b246b6ac3a04079704bc804e2c53b5
SERVER_HANDSHAKE_TRAFFIC_SECRET 1125f327924557527f3d8455a311c1db1a13a8726c7d686c7819c4768c8ee538 11910fae75dfffb1c3df0d526605a8e735ae0b42394e909810dad3fedcab990d
CLIENT_TRAFFIC_SECRET_0 1125f327924557527f3d8455a311c1db1a13a8726c7d686c7819c4768c8ee538 ffe537f2ce27ef82d31279df9b1f8dc80355337d0b3d101ff1bed333a5b3958a
SERVER_TRAFFIC_SECRET_0 1125f327924557527f3d8455a311c1db1a13a8726c7d686c7819c4768c8ee538 88ea7711b39cad308b59ecab8d6519f78c276d5e66fb1a71d48bf261926aaef4
EXPORTER_SECRET 1125f327924557527f3d8455a311c1db1a13a8726c7d686c7819c4768c8ee538 a22280c37a71b5c61a5d8195b51220fad1428cdf809a306c0f39eae8d121ea68
CLIENT_HANDSHAKE_TRAFFIC_SECRET ec3872e91edec0ece9712b91df4e069281ee1aa56214cea45c58c70b26befef6 a74ca895e322a6d04218bb9cec1f27187c26dde09aa2382d8340b698eac9e681
SERVER_HANDSHAKE_TRAFFIC_SECRET ec3872e91edec0ece9712b91df4e069281ee1aa56214cea45c58c70b26befef6 0dce18184d3d859ddb779dee2c1f5c1f9bcdf59e8fee3fb8bc3076bdcdb15bf5
CLIENT_TRAFFIC_SECRET_0 ec3872e91edec0ece9712b91df4e069281ee1aa56214cea45c58c70b26befef6 1251ac3050599a9aabf8e39326f786f9ee59eea6b030ce4791a343ec190c0e52
SERVER_TRAFFIC_SECRET_0 ec3872e91edec0ece9712b91df4e069281ee1aa56214cea45c58c70b26befef6 a549fd144c224754cb0e94acd8b04b4e29554e31f124411af4e10b635579e9e4
EXPORTER_SECRET ec3872e91edec0ece9712b91df4e069281ee1aa56214cea45c58c70b26befef6 303a64701f62be46b65f9c7aeccc2f3c5b5e4f3e0650269c1843c1ca144e3135
CLIENT_HANDSHAKE_TRAFFIC_SECRET 32e1d3a014a64e8d78ad22f99a8d96b490e0a47fb7544b0548c7179afb827155 8f2eaf4c56efd319be46bf0316c0e201638e9f762bd3ed01161d2cb103a921d9
SERVER_HANDSHAKE_TRAFFIC_SECRET 32e1d3a014a64e8d78ad22f99a8d96b490e0a47fb7544b0548c7179afb827155 b18168e3fe7e85158d1bf03b54118f312bb95224c278a92a3a9c8ecd7fbfbddf
CLIENT_TRAFFIC_SECRET_0 32e1d3a014a64e8d78ad22f99a8d96b490e0a47fb7544b0548c7179afb827155 a95189e314dee6097fcc37542bbc73fa242589e66a8d9becec4db4009357ecb3
SERVER_TRAFFIC_SECRET_0 32e1d3a014a64e8d78ad22f99a8d96b490e0a47fb7544b0548c7179afb827155 e42352af7229587646991bcf9dcd5bf7a7ef97d7dfa3f355dcf1f8ec8152b0c2
EXPORTER_SECRET 32e1d3a014a64e8d78ad22f99a8d96b490e0a47fb7544b0548c7179afb827155 2360cb0cdd0bfce1e6148da7a1dd21f9dd28d3d7d842ed985fb07ec53a1af7a7
CLIENT_HANDSHAKE_TRAFFIC_SECRET 2985362105006c8f6bfc6915b6544852ee8737e9474d5538b13f50979df49041 f9344ea30b15f6e80543f1d70e6ecfbb3513148100bb3a6887826eefb1d52e07
SERVER_HANDSHAKE_TRAFFIC_SECRET 2985362105006c8f6bfc6915b6544852ee8737e9474d5538b13f50979df49041 00a14e91b462690bb8f329b35ab293f5334bb855e3b33ecc8e9382309d094439
CLIENT_TRAFFIC_SECRET_0 2985362105006c8f6bfc6915b6544852ee8737e9474d5538b13f50979df49041 2cb6adaa2e0a76e5d6a92422ea4b823b0d3394a1fa1fbb7a2688e6399c4ee756
SERVER_TRAFFIC_SECRET_0 2985362105006c8f6bfc6915b6544852ee8737e9474d5538b13f50979df49041 581eb7744d7370c59dcde4856d98b8d1b9d8bc1e1283cc843071b349d92e72d5
EXPORTER_SECRET 2985362105006c8f6bfc6915b6544852ee8737e9474d5538b13f50979df49041 982080e93626a8b46e9fa6d34d7f97327ff970ff7a28ee2187ec38cb1d9608df
CLIENT_HANDSHAKE_TRAFFIC_SECRET df16283b74cd83401b264a008dbcf96f6f42d10152d15d28e6438d9b9ccf1ada 7a84ad269b0e83bb2dd08ca6383ff1364b95f94fadaafa926eb69a02a89ecb09
SERVER_HANDSHAKE_TRAFFIC_SECRET df16283b74cd83401b264a008dbcf96f6f42d10152d15d28e6438d9b9ccf1ada 2644d657504fa8be6d6822191fdfedc33d5f25117e6fb37897edcc405aeeb4d9
CLIENT_TRAFFIC_SECRET_0 df16283b74cd83401b264a008dbcf96f6f42d10152d15d28e6438d9b9ccf1ada 1580ece53dfde4d97897a6c696e3911f31beff8fe7f23f73b74c8ac61f9207f9
SERVER_TRAFFIC_SECRET_0 df16283b74cd83401b264a008dbcf96f6f42d10152d15d28e6438d9b9ccf1ada af74503d31697b8cad7bd634eb5891931f0ba845a048a4e4178e925a6321c836
EXPORTER_SECRET df16283b74cd83401b264a008dbcf96f6f42d10152d15d28e6438d9b9ccf1ada 9798080e09c092abac8e3a7faef402a37264509b9f0de9dd9eaf28db2d5e3e18
CLIENT_HANDSHAKE_TRAFFIC_SECRET 579b68a22a1beea00629178b010d6755ad445135838d99a8d46d62d5b22ece9e e79729d810c44ef0107866b1e877a70c389497c977e1c5f17a0106cbe81f9ee0
SERVER_HANDSHAKE_TRAFFIC_SECRET 579b68a22a1beea00629178b010d6755ad445135838d99a8d46d62d5b22ece9e 9ece27d388829fc339ef95e04b882f7ca1412b7a61e17dc1f5703787ae8e841a
CLIENT_TRAFFIC_SECRET_0 579b68a22a1beea00629178b010d6755ad445135838d99a8d46d62d5b22ece9e ac3e5c6a0a4732991c3860637ef2ead809314cb1560abcf515ac83904f5f4410
SERVER_TRAFFIC_SECRET_0 579b68a22a1beea00629178b010d6755ad445135838d99a8d46d62d5b22ece9e 19ca7cac83e1d153652c1644a83692aee4a567e0115dc7b3a1b57c93156899e7
EXPORTER_SECRET 579b68a22a1beea00629178b010d6755ad445135838d99a8d46d62d5b22ece9e 8ad039117da19f1258ce95f33be1d228411fe43d085b170794cd273d099b3bd2
CLIENT_HANDSHAKE_TRAFFIC_SECRET 632fc36f87ad9b9ebb4bcbac9aa19a6ea5a587e937293389bde84518ba31e252 ff8098e1dea2f09f3acf9961089c372c9f2c4a4a7a79dcb26cb6694e465c6c0c
SERVER_HANDSHAKE_TRAFFIC_SECRET 632fc36f87ad9b9ebb4bcbac9aa19a6ea5a587e937293389bde84518ba31e252 99810d8b9a9230dc98c785e06c687ecb0cccadb45a2fd9824f3cb5c16d9e4890
CLIENT_HANDSHAKE_TRAFFIC_SECRET c0582df24deee14934360a5c6273177923bfffff4f425f60fbb50a6c30d91f68 c2db619e287c901c8d4966afafd69a943570189cbc37f1f8db4ddbd21e9bf0ca
SERVER_HANDSHAKE_TRAFFIC_SECRET c0582df24deee14934360a5c6273177923bfffff4f425f60fbb50a6c30d91f68 56e661c9f4163f9b90ef95e544f7a899b8de207e0e2d0e6359adabcd6a6bbf73
CLIENT_TRAFFIC_SECRET_0 c0582df24deee14934360a5c6273177923bfffff4f425f60fbb50a6c30d91f68 cfba2f48029204eaadcce6ba98618698d625da9d470b0ada2dd6db4d4fadde87
SERVER_TRAFFIC_SECRET_0 c0582df24deee14934360a5c6273177923bfffff4f425f60fbb50a6c30d91f68 78a5144f06f613cd2a7280dd25f4665cee0087abe27b6afafbc59c7da13504f4
EXPORTER_SECRET c0582df24deee14934360a5c6273177923bfffff4f425f60fbb50a6c30d91f68 d7781a40e677a227b5f180112dd8905b9a3c5350609da5d15e0c7bbb3999b195
CLIENT_TRAFFIC_SECRET_0 632fc36f87ad9b9ebb4bcbac9aa19a6ea5a587e937293389bde84518ba31e252 0160fa5c45116e127382d5aa311c2bdc3e3e3bb70e3efbdbf1a76869747f6b1a
SERVER_TRAFFIC_SECRET_0 632fc36f87ad9b9ebb4bcbac9aa19a6ea5a587e937293389bde84518ba31e252 7f15a8f53fce0250c6549c7057c063fd2b5d26dd8e2bb1ad101e0bee1f868026
EXPORTER_SECRET 632fc36f87ad9b9ebb4bcbac9aa19a6ea5a587e937293389bde84518ba31e252 f37047f08bc61155df9097ba21d8b9ccd9874cd9307d937d4a3bc8958093368e
CLIENT_HANDSHAKE_TRAFFIC_SECRET 3b0f67161b8e18c3cd508613fb4c95e3ed0a54aa96c199b4eacf749002ecdf8a d972aa5a694973fa27c374808073538eb4c5abcadfe8760a5ba9a506a9a6598c
SERVER_HANDSHAKE_TRAFFIC_SECRET 3b0f67161b8e18c3cd508613fb4c95e3ed0a54aa96c199b4eacf749002ecdf8a 7b346998489927b0060c49da2f3a30b308c9da8c2830fb86c8a7f17c27c8dfc1
CLIENT_HANDSHAKE_TRAFFIC_SECRET 52bf953c125c7639fa973780dd1ffacab70698dcf8ae484c01c9887374d908a3 beab074d1312da2741ba894f7885a938e7a8350a19356e01155479de7802caba
SERVER_HANDSHAKE_TRAFFIC_SECRET 52bf953c125c7639fa973780dd1ffacab70698dcf8ae484c01c9887374d908a3 7b9e4485688b5f816094b5122baf2df2a19e0c9342b44a2a0cfcd503326d4e7a
CLIENT_HANDSHAKE_TRAFFIC_SECRET 1126a62f3eaf61c23260e92d72992b3746c5d3e856b25801af3409fe2ce6c020 ba0aace82c272a116be795ef053fb128738c693976508094a6c431d3769e4610
SERVER_HANDSHAKE_TRAFFIC_SECRET 1126a62f3eaf61c23260e92d72992b3746c5d3e856b25801af3409fe2ce6c020 ceec2a898dabcc33bdfa4bab9d321dc58678446e150cbfbcda8c771608c47e7f
CLIENT_TRAFFIC_SECRET_0 52bf953c125c7639fa973780dd1ffacab70698dcf8ae484c01c9887374d908a3 1b9dc0251c7a436cbc253ac0d6e2d5ffec10ed4578b9c74fbe44e991beea9270
SERVER_TRAFFIC_SECRET_0 52bf953c125c7639fa973780dd1ffacab70698dcf8ae484c01c9887374d908a3 281fea2a493de9c7ac4f7b7ed281bb2d0e643938bc603a3374718acfe899313c
EXPORTER_SECRET 52bf953c125c7639fa973780dd1ffacab70698dcf8ae484c01c9887374d908a3 62668fca28c053188604266d94345dfe723cbc76bfecd3ac1ac8549afaf1b6d6
CLIENT_TRAFFIC_SECRET_0 1126a62f3eaf61c23260e92d72992b3746c5d3e856b25801af3409fe2ce6c020 950024f8a492ec42656eae0239aeacd33aa5c4f6c346ed5638e94df21dda4c03
SERVER_TRAFFIC_SECRET_0 1126a62f3eaf61c23260e92d72992b3746c5d3e856b25801af3409fe2ce6c020 1ff4363fc553fbc2f24868687355c9dfc5d85a867f4304221bd13bb9281eeaa1
EXPORTER_SECRET 1126a62f3eaf61c23260e92d72992b3746c5d3e856b25801af3409fe2ce6c020 6ea245d60968880cc61be00f17c8c90d6fbe4f2fb3e3fe555088a40a97cb78ab
CLIENT_HANDSHAKE_TRAFFIC_SECRET 11a040c21136f8b4d80a3724f919d62e9d247e3c8bc4f5097b070fdfa689bf32 f2e70cbf859b8d1dacd591d4992a1b59baed3cae831f056b2f154754d8aa749d
SERVER_HANDSHAKE_TRAFFIC_SECRET 11a040c21136f8b4d80a3724f919d62e9d247e3c8bc4f5097b070fdfa689bf32 c722caea9beda1ae08bba03c9b216662638d3848dbefaccf6fb153779e700cbe
CLIENT_TRAFFIC_SECRET_0 3b0f67161b8e18c3cd508613fb4c95e3ed0a54aa96c199b4eacf749002ecdf8a 3eb10b5c5e11c1c6d1311fdaec0d486ddc2999e65f8dff857ad521c3e65886cc
SERVER_TRAFFIC_SECRET_0 3b0f67161b8e18c3cd508613fb4c95e3ed0a54aa96c199b4eacf749002ecdf8a 4b3ad8a0804be7707f2b58b4cbe4135e385d8d53f33ed03cecb86b12456b8128
EXPORTER_SECRET 3b0f67161b8e18c3cd508613fb4c95e3ed0a54aa96c199b4eacf749002ecdf8a 3b50d4f3029c56e4334405857015b37f276ddccdd9ce9fcb613172cd5bd4a4b4
CLIENT_TRAFFIC_SECRET_0 11a040c21136f8b4d80a3724f919d62e9d247e3c8bc4f5097b070fdfa689bf32 8bf31673c1dfae07a6d149dc329ee4ac78310921139c16f2def6dceab2b1cab8
SERVER_TRAFFIC_SECRET_0 11a040c21136f8b4d80a3724f919d62e9d247e3c8bc4f5097b070fdfa689bf32 029022d17ca92068989a5efc275e4d13c10d142688777a4fcabda98dca09d3b9
EXPORTER_SECRET 11a040c21136f8b4d80a3724f919d62e9d247e3c8bc4f5097b070fdfa689bf32 603a5c5b9a6869a0c7b893b9b4c9b200c6e95ad2b2fd1d853e3cecb5a7a44b26
CLIENT_HANDSHAKE_TRAFFIC_SECRET 9ed933fa947508d6f582a6ea049f897fa27e005711112baa74e0f54dcfd1c07a f2bada109c197fa913403f9bf50cda996438a952648e5698f949670ec46d52c8
SERVER_HANDSHAKE_TRAFFIC_SECRET 9ed933fa947508d6f582a6ea049f897fa27e005711112baa74e0f54dcfd1c07a 5ba5d4839e01624fc2b8aa86a155ba4b78edce40a2ee86236dc0eb99221fed88
CLIENT_TRAFFIC_SECRET_0 9ed933fa947508d6f582a6ea049f897fa27e005711112baa74e0f54dcfd1c07a 17707f85d36284e10a0f682acebe3879ff834d042007b2d3a9f46498d37015e7
SERVER_TRAFFIC_SECRET_0 9ed933fa947508d6f582a6ea049f897fa27e005711112baa74e0f54dcfd1c07a d4f6fe04f7dc81ca41841a5db01f1ace58ffae0dd3f611169b1aaa7da66f801a
EXPORTER_SECRET 9ed933fa947508d6f582a6ea049f897fa27e005711112baa74e0f54dcfd1c07a 566457d65660f35da1be537098ebdb6a01dd89d8c520adf44aee40633492597d
CLIENT_HANDSHAKE_TRAFFIC_SECRET b28a854d4ffee3829ba99c48e2420c06621625b37e15f33925497cf545a8dda5 5e0d09fa94da43440ce86f8f50a3489f879446b3d5211f304b6ff79fd193070c
SERVER_HANDSHAKE_TRAFFIC_SECRET b28a854d4ffee3829ba99c48e2420c06621625b37e15f33925497cf545a8dda5 569c1889549604b2c645fe7cc1069165d1580943bd5ad8ba0d1b63098329e725
CLIENT_TRAFFIC_SECRET_0 b28a854d4ffee3829ba99c48e2420c06621625b37e15f33925497cf545a8dda5 90c8a2a40f2bcb2b11d7d823c246c436a52d4a18104fe9b83dc57fa01eaabf76
SERVER_TRAFFIC_SECRET_0 b28a854d4ffee3829ba99c48e2420c06621625b37e15f33925497cf545a8dda5 5120f9aee0dc22bd690d431a9a83648e3fc0bc1c50550acbe998fca1802dc270
EXPORTER_SECRET b28a854d4ffee3829ba99c48e2420c06621625b37e15f33925497cf545a8dda5 6dfd3635193d6f11e972e85627fed699ee309f43340c6d280ddff62dc9c22661
CLIENT_HANDSHAKE_TRAFFIC_SECRET 99d4864eba9af21ed93c73ebc92d8da8d0651355815101147840050c9b286853 c817f2c844036970b575120bd90e8200e5a1305e38775d9a8dddcdfab756d6ae
SERVER_HANDSHAKE_TRAFFIC_SECRET 99d4864eba9af21ed93c73ebc92d8da8d0651355815101147840050c9b286853 8e8ba8e5598b90059e3a57138e098cdf2918b37180af7cd11e49950f30c2a247
CLIENT_TRAFFIC_SECRET_0 99d4864eba9af21ed93c73ebc92d8da8d0651355815101147840050c9b286853 7b63b8335e61ae20ad794739f56bc2993c071b30d61999a1d2226c8c45fec948
SERVER_TRAFFIC_SECRET_0 99d4864eba9af21ed93c73ebc92d8da8d0651355815101147840050c9b286853 0237113ea8f666ee51281db25f49436787ef24c2aa61d6b059902db90d52778c
EXPORTER_SECRET 99d4864eba9af21ed93c73ebc92d8da8d0651355815101147840050c9b286853 a38d84757b4d16cb735c41b71d5bd0fcfdc966da49b316b0a3f60b5d7fbcb042
CLIENT_HANDSHAKE_TRAFFIC_SECRET 08c4940a4e967fc948552f1bf2e1500266e5ea2a25218a7c2742e85417d6034e e97f374ecda13961bcc69d64fb1b3a4ac35f45844fc340bd28a9a84b4590598d
SERVER_HANDSHAKE_TRAFFIC_SECRET 08c4940a4e967fc948552f1bf2e1500266e5ea2a25218a7c2742e85417d6034e ec40e56f922233a63fd291376edd398ec9a9d02add96f9d6c0266b03930556bf
CLIENT_TRAFFIC_SECRET_0 08c4940a4e967fc948552f1bf2e1500266e5ea2a25218a7c2742e85417d6034e 996b90afa9c6d8a6a094ba3dc3e06029f64c4a58069aeffd175ad8b7e781a2d7
SERVER_TRAFFIC_SECRET_0 08c4940a4e967fc948552f1bf2e1500266e5ea2a25218a7c2742e85417d6034e 64c1a93c3435e5495a8b53bb49faf3299c7ea28e083e3a6680bed3db733e339b
EXPORTER_SECRET 08c4940a4e967fc948552f1bf2e1500266e5ea2a25218a7c2742e85417d6034e b1391db0908f70632e754c2e7e1112322bf895b7a70d9f02120d12df707b7443
CLIENT_HANDSHAKE_TRAFFIC_SECRET 035c5336c7e60f4d5ee50fbe91239f604c70a8053b19935b1ab5d28e04b7604e 01a9ca72bce8a087a2253016b2eaa675024d916fb7769bd03681b8423eb610e4
SERVER_HANDSHAKE_TRAFFIC_SECRET 035c5336c7e60f4d5ee50fbe91239f604c70a8053b19935b1ab5d28e04b7604e 03b07cf70883c37f7984019d9ca674455841a0fe1997c51f2cd59d3c9347739e
CLIENT_RANDOM ab76cee7a455a69b4af5a3b283a65fedf4ab2216fd97496e84c92d646a5c571d 70acf916981cf5620e4b78ffa37890fb9967b5d489eaaf6cccd0263734560d5a18a563b7d81eb2f21df362f2f202f224
CLIENT_TRAFFIC_SECRET_0 035c5336c7e60f4d5ee50fbe91239f604c70a8053b19935b1ab5d28e04b7604e 86818ba3db58e90de939fe9b981d6b99c08b6f5b74a693aa9a791f69fedf4915
SERVER_TRAFFIC_SECRET_0 035c5336c7e60f4d5ee50fbe91239f604c70a8053b19935b1ab5d28e04b7604e f658100175ec947646d727b66c31884eb814ef04637f59ed592e862ab6233d6d
EXPORTER_SECRET 035c5336c7e60f4d5ee50fbe91239f604c70a8053b19935b1ab5d28e04b7604e dea47512be4c451fef8c3b861b5b66ba5b76acf551ce162a003aa7db204c5add
CLIENT_HANDSHAKE_TRAFFIC_SECRET 2a1ba16f571621964f22a086d2f8923738fcb2acce634dfa77d5bd3d5e6851d7 3aeff5e3fc2499cfebf2362b853baad24822d0e85309bc892b846f2c63c7e22d
SERVER_HANDSHAKE_TRAFFIC_SECRET 2a1ba16f571621964f22a086d2f8923738fcb2acce634dfa77d5bd3d5e6851d7 4c887693b0934af96e07c1f1cf84f512007f18f2b9804990bbe67a1399ace875
CLIENT_TRAFFIC_SECRET_0 2a1ba16f571621964f22a086d2f8923738fcb2acce634dfa77d5bd3d5e6851d7 e0703526489b826ef2e3605e4a4e9ea09e5d52d9b3e22c36715f94d867ced347
SERVER_TRAFFIC_SECRET_0 2a1ba16f571621964f22a086d2f8923738fcb2acce634dfa77d5bd3d5e6851d7 5ddfd890be9bd9fbedd6afb38bf0c3ff2a648c3c6e31a78a1e4aa40526ec6426
EXPORTER_SECRET 2a1ba16f571621964f22a086d2f8923738fcb2acce634dfa77d5bd3d5e6851d7 022c8deaf4603cc93c485c68840992848a45015cf858877b7da002ce6955066a
CLIENT_HANDSHAKE_TRAFFIC_SECRET aaaa9f0fa705c9a4b48ddc45eb553286ff5bf13470f92b42356d847fd5718f8e ec79d3db19138827628aeb7d987a0752032372d49fc52388eeb5e423f84bfb8a
SERVER_HANDSHAKE_TRAFFIC_SECRET aaaa9f0fa705c9a4b48ddc45eb553286ff5bf13470f92b42356d847fd5718f8e dbd626d4899dbc897f377f6de45d735edf3bdebe67e0030d17554f557afb91a1
CLIENT_TRAFFIC_SECRET_0 aaaa9f0fa705c9a4b48ddc45eb553286ff5bf13470f92b42356d847fd5718f8e b9f4c95ab46e67c00cbd032ad834cf73e27ed64738e0590b739f7f34119f609e
SERVER_TRAFFIC_SECRET_0 aaaa9f0fa705c9a4b48ddc45eb553286ff5bf13470f92b42356d847fd5718f8e a4fb68cfa9095b9057888f3e93121ef70d50f8599f78a36a1590d756089ac7ab
EXPORTER_SECRET aaaa9f0fa705c9a4b48ddc45eb553286ff5bf13470f92b42356d847fd5718f8e ea996737ee1c2025c85f51bebb19f5f7d50399ec63ec92b3194feeba9529b584
CLIENT_RANDOM 3cb20ef4717a6c1b68d36013c77191603bec8779ae2342500245d2dd16f00b39 42f8c7c4e659fd1e701b07b4a7ed196b854cca0b2f19a3e24483e1f64160439cdde9a2cefdf67c90baab21c351987ddc
CLIENT_HANDSHAKE_TRAFFIC_SECRET 636e5af41c863526b82d41dc0db5399263dfc3507aea23f2048954ce215ef8e8 ac619abb8c67924680755c3d1cb055e9b2252aa0958ac060d10e468ce8d46c8a
SERVER_HANDSHAKE_TRAFFIC_SECRET 636e5af41c863526b82d41dc0db5399263dfc3507aea23f2048954ce215ef8e8 b600f2db62fc3284685484132176d3544aabb44bb16258c74f1059af650fdc4b
CLIENT_TRAFFIC_SECRET_0 636e5af41c863526b82d41dc0db5399263dfc3507aea23f2048954ce215ef8e8 66f00ba4c5c509a62739c68c7a4a5e24d94d34ebb0ea4b42fc3c4eb1ccd2c85a
SERVER_TRAFFIC_SECRET_0 636e5af41c863526b82d41dc0db5399263dfc3507aea23f2048954ce215ef8e8 38b99dd892c5984cfebbd92ec778332c1b819fe238dcc202ef26c5acd68a54d6
EXPORTER_SECRET 636e5af41c863526b82d41dc0db5399263dfc3507aea23f2048954ce215ef8e8 149342f945908655dd8e30cabb44e5ef19433c87fc9dc061fd24e53ad2929ddb
CLIENT_EARLY_TRAFFIC_SECRET 4477f48920cae6bd5297ffe8eda625de29c023e34d399d566841849b10d6291f e4ce722af323c48b2fa4114c3d975ade4f2060517633c466916fec306dd390a1
CLIENT_HANDSHAKE_TRAFFIC_SECRET 4477f48920cae6bd5297ffe8eda625de29c023e34d399d566841849b10d6291f 9de1cf383e1f461abd0fdd956124650a9ec356c96183ae819cb90327912e8aab
SERVER_HANDSHAKE_TRAFFIC_SECRET 4477f48920cae6bd5297ffe8eda625de29c023e34d399d566841849b10d6291f f234a50e6f8e4c6e8b6ef9fece3dd3f702dddedfd9cc4181f932dc2b7e4131e4
CLIENT_TRAFFIC_SECRET_0 4477f48920cae6bd5297ffe8eda625de29c023e34d399d566841849b10d6291f 3db45e0987c11eca1a7ffb1186d6acc7434ec078a0cb7fbee6895a6e32cda50c
SERVER_TRAFFIC_SECRET_0 4477f48920cae6bd5297ffe8eda625de29c023e34d399d566841849b10d6291f b2ebd785dfcf36eede7ab5c4b05331bcfdfa383c5951a85c6f11dce3e1d9b21d
EXPORTER_SECRET 4477f48920cae6bd5297ffe8eda625de29c023e34d399d566841849b10d6291f 03b539460d527122582bad97825b41eddd678324596e48bcf7d097e3193881f4
CLIENT_HANDSHAKE_TRAFFIC_SECRET 73a532d5d8e31cb45ac365af0e77ae7b942c050600fb9da6cdba9dbe8eb5f86d 9675200a399740dd2c537a6a69ea1deefe1b2bdcb16a3ba3053cf10b5234defb4d71382192fcdf74e335a6bf1eb819a2
SERVER_HANDSHAKE_TRAFFIC_SECRET 73a532d5d8e31cb45ac365af0e77ae7b942c050600fb9da6cdba9dbe8eb5f86d 9e722b5c22b5bbaeda0e87a2956f5e8132a869972ed1fb4f20bebf4a6213d5028eb8f281c25e7a9dc6196b87b8fdf9c3
CLIENT_TRAFFIC_SECRET_0 73a532d5d8e31cb45ac365af0e77ae7b942c050600fb9da6cdba9dbe8eb5f86d 75c05731517632d972ae6e87c5fd85c20bcedc9aa9ce0094f71adbd0096efe1951757d08c4c5eeaa2749f1ffb3c65f6c
SERVER_TRAFFIC_SECRET_0 73a532d5d8e31cb45ac365af0e77ae7b942c050600fb9da6cdba9dbe8eb5f86d 2953c88886efd4d65472df93cf84e98bd28079d201a42cd3fcb92634248b3884001d3afa57d5441fce16d4fa37fc2c67
EXPORTER_SECRET 73a532d5d8e31cb45ac365af0e77ae7b942c050600fb9da6cdba9dbe8eb5f86d 8dbabe1c367f2290eb98a1df0eb6d1a6feb0fc408ab68379fc04f9bd28af62dc2572c5efd684d93241b6795f1c5a1713
CLIENT_HANDSHAKE_TRAFFIC_SECRET 930193315d28b18cc2896e3293cd5bdc29363cef283581054a22ca48682f9656 5b2f4900ec85596035dc23a2a0b2bd186a53399498daacd63326bc610797f555
SERVER_HANDSHAKE_TRAFFIC_SECRET 930193315d28b18cc2896e3293cd5bdc29363cef283581054a22ca48682f9656 c42e37b364e330c3bff27965c5b807daed0a9b47e287e8d9a2d20385e93e646b
CLIENT_TRAFFIC_SECRET_0 930193315d28b18cc2896e3293cd5bdc29363cef283581054a22ca48682f9656 36f05e4c81ee71303010fe4e797c6960f0f1bc09833c1ae1e139ec58131aab02
SERVER_TRAFFIC_SECRET_0 930193315d28b18cc2896e3293cd5bdc29363cef283581054a22ca48682f9656 b6b6d725b666fa01ce2c5a39f6c43966004690ab041522fa533e36656b5a4de9
EXPORTER_SECRET 930193315d28b18cc2896e3293cd5bdc29363cef283581054a22ca48682f9656 e27005d8d3c08f7e702ae415f259629e5485a33d581fe80eb02f3e02518f211f
CLIENT_RANDOM 1c434ab5ef3c7253acb82a4724723f04ce32728a60c3b7fece605ead26c4ab31 d9afc2164f052530c5dc9ca40a7661733e1b6de0410840e630ebbd4bdbfd6ccc2ed173bd61c5d1c16dd14c73befa3ee2
CLIENT_EARLY_TRAFFIC_SECRET d89f55004530a42bc36b3f26043e270485881647473634a83de9401bd2b8262a 6c90541b3f06aa40a82f3a562ab050f1fa52fa683f88130ec8da70b2dd2c05c3
CLIENT_HANDSHAKE_TRAFFIC_SECRET a6263b52665745a1d4f9c5797e91e9e13a0805fbc1ff141baaccb51d9fc1c1a8 484630593541861070e24dbe3b29aa43fb137796d7499c7142ce4c3cfae9d4a0f1baaed2ea1fb76ba9c2ec8d09d953df
SERVER_HANDSHAKE_TRAFFIC_SECRET a6263b52665745a1d4f9c5797e91e9e13a0805fbc1ff141baaccb51d9fc1c1a8 5952f07b9ff1a1671dd86fd95f2e5cc703c36ac90bc6298949e390ae315a905a90b08f6d57437af9fffdb04e3cf1abf3
CLIENT_TRAFFIC_SECRET_0 a6263b52665745a1d4f9c5797e91e9e13a0805fbc1ff141baaccb51d9fc1c1a8 26f300f7e2be3f70993b578e67192e0bd1d62f54e5efebc3da0bafcea89776c227635b76be3c6ecb5634abbe6a046bd0
SERVER_TRAFFIC_SECRET_0 a6263b52665745a1d4f9c5797e91e9e13a0805fbc1ff141baaccb51d9fc1c1a8 798bdb34cfb9bda73e2ad1289074e54e242739568499197edfd3df613607df5d3d59797f2ab415670c43e04d18ca52d2
EXPORTER_SECRET a6263b52665745a1d4f9c5797e91e9e13a0805fbc1ff141baaccb51d9fc1c1a8 2e429c2400a0b5a2722b060db2668ce8e52ea84001bf04e8e53b6321448f356f71f51fd3b6817f9f70ffbfa801457ab1
CLIENT_HANDSHAKE_TRAFFIC_SECRET d89f55004530a42bc36b3f26043e270485881647473634a83de9401bd2b8262a 6d6ff4c7efe76c0127f0c1b2810c680325727ba1b2004f243df6bc23fbdc592e
SERVER_HANDSHAKE_TRAFFIC_SECRET d89f55004530a42bc36b3f26043e270485881647473634a83de9401bd2b8262a 4f87db5d22d02f6bea5b54f8cfed8756c55ef56dcbf23fff1c2c364054ef466b
CLIENT_TRAFFIC_SECRET_0 d89f55004530a42bc36b3f26043e270485881647473634a83de9401bd2b8262a 2bc3bed0037b6d99d40ff802f9abdfb8be5af0710824a067cf32b1e65fb24c7e
SERVER_TRAFFIC_SECRET_0 d89f55004530a42bc36b3f26043e270485881647473634a83de9401bd2b8262a 2d913c1edec0f683e18118be64bf842e3d7513e63d5ee558cb56749f1d66f9c8
EXPORTER_SECRET d89f55004530a42bc36b3f26043e270485881647473634a83de9401bd2b8262a 20e38bb9e77660c473b2b861e96bbb50b5ba302fbdf7dd7ab0b148720b4db458
CLIENT_HANDSHAKE_TRAFFIC_SECRET 4a94eb6fd38d1786551e3397155fdba7191ac8f6ceadad2f08b7b39f4622f1c7 03066ba13932b6b8baddfd21b3d6e44e4e1d67a9af30be5916c3d95b9e0b20e1
SERVER_HANDSHAKE_TRAFFIC_SECRET 4a94eb6fd38d1786551e3397155fdba7191ac8f6ceadad2f08b7b39f4622f1c7 9a99c64b909852f4bd0b124c123ab60eebd97e2b959bda5e360b9cacd713c265
CLIENT_TRAFFIC_SECRET_0 4a94eb6fd38d1786551e3397155fdba7191ac8f6ceadad2f08b7b39f4622f1c7 752f8305371cd70aa415ccf8a2e61b567b388f2d4b45218bbb9b0fadde176819
SERVER_TRAFFIC_SECRET_0 4a94eb6fd38d1786551e3397155fdba7191ac8f6ceadad2f08b7b39f4622f1c7 a4ab0e11f3d5692e745db1ae0d5658b879129ce36b0088fd8eef094303180cee
EXPORTER_SECRET 4a94eb6fd38d1786551e3397155fdba7191ac8f6ceadad2f08b7b39f4622f1c7 6a546081aee6ecdbd0376dd9d4739e8a6a7055f18a31c258a48165858b8eae05
CLIENT_HANDSHAKE_TRAFFIC_SECRET 16f074d44635682b9555129117a1eadff6321d4d3d5ef9711de942aeda73ad57 cbc18a254ce8d53e80c8b85de34de3bddecb86722ed1a6ef0eb54ec2dc480b6b
SERVER_HANDSHAKE_TRAFFIC_SECRET 16f074d44635682b9555129117a1eadff6321d4d3d5ef9711de942aeda73ad57 82027a668ed5a46cb6a697e989d7ba1cdc9f99eee414d7e5c99b7eda3073c378
CLIENT_TRAFFIC_SECRET_0 16f074d44635682b9555129117a1eadff6321d4d3d5ef9711de942aeda73ad57 1b42db5699c0c675959b717781baa7b0dd977a1b8dab4a0e96f27b6404e101ac
SERVER_TRAFFIC_SECRET_0 16f074d44635682b9555129117a1eadff6321d4d3d5ef9711de942aeda73ad57 8495001c5b7d1b0ddd8302bf3e06f1debb682fee7b047daaf706d05b8f6265ab
EXPORTER_SECRET 16f074d44635682b9555129117a1eadff6321d4d3d5ef9711de942aeda73ad57 14c0d7491a4210854184db3295e1b3cf7d6a377beb94331167d3aba949add41f
CLIENT_HANDSHAKE_TRAFFIC_SECRET e7ab60017bf32c9999bd1e0c5195e781a6acdbc3acdb2ebe4cc1a4c507b4ba1b 5bc63462c6999a491dbcc60dba9986d419dceb963e03f6b354fc73724d18ba0e
SERVER_HANDSHAKE_TRAFFIC_SECRET e7ab60017bf32c9999bd1e0c5195e781a6acdbc3acdb2ebe4cc1a4c507b4ba1b 95912b88785c43f4e3d980446645c4881a3b699932dfa69f5415a493a4d2fb4f
CLIENT_HANDSHAKE_TRAFFIC_SECRET 7025823ebdba2bbf240a1a808960d32d2ed31a27f201d93103da931869607bb7 383c42b392d8f7c004fc5362d18f620e75498d83b6c9ad4dab25c04e17e4d733
SERVER_HANDSHAKE_TRAFFIC_SECRET 7025823ebdba2bbf240a1a808960d32d2ed31a27f201d93103da931869607bb7 bd6da464b0dbbaaf531008938a9f966d5ff976e153fb69a31e839c0d9195fcc6
CLIENT_TRAFFIC_SECRET_0 e7ab60017bf32c9999bd1e0c5195e781a6acdbc3acdb2ebe4cc1a4c507b4ba1b 1a6804b6ed21974b7c01214c7c167d8bc814def66d59185c493a025f52358df1
SERVER_TRAFFIC_SECRET_0 e7ab60017bf32c9999bd1e0c5195e781a6acdbc3acdb2ebe4cc1a4c507b4ba1b 3bb2cff8643804eded6958c38fc7b0db30aff17c188e1367b505d2ede98ffbbd
EXPORTER_SECRET e7ab60017bf32c9999bd1e0c5195e781a6acdbc3acdb2ebe4cc1a4c507b4ba1b 574c453051b124b023958c1d1a142ec041e4fda5326839bea9db0d778b73a213
CLIENT_TRAFFIC_SECRET_0 7025823ebdba2bbf240a1a808960d32d2ed31a27f201d93103da931869607bb7 1d3dba969ba47c2859e765dc1dc2d4a8d6c4d2c8aac9f9c9ffff5cf8895b3e5e
SERVER_TRAFFIC_SECRET_0 7025823ebdba2bbf240a1a808960d32d2ed31a27f201d93103da931869607bb7 a895975d3afc80de87232130c510db685b4c365a3479af4f6405d0f378976f38
EXPORTER_SECRET 7025823ebdba2bbf240a1a808960d32d2ed31a27f201d93103da931869607bb7 92a690ff21856653b0e4eade8c890e1bf30ad4af07aa1386f8afcd500b66a3b7
CLIENT_HANDSHAKE_TRAFFIC_SECRET 8c8d1ddb0658b9f4c59882150d1df1434924f38958cf3fd65f8065d526555ccb b295c9e9893bf399016b6cefe2e696342e53130ff44fbad765e8ec2fc72417db
SERVER_HANDSHAKE_TRAFFIC_SECRET 8c8d1ddb0658b9f4c59882150d1df1434924f38958cf3fd65f8065d526555ccb 0b81eff5af65096999930584d4e1faa1cee411f7a4025ef335bdf2c7e659a900
CLIENT_TRAFFIC_SECRET_0 8c8d1ddb0658b9f4c59882150d1df1434924f38958cf3fd65f8065d526555ccb 9b210d3c7a6234ec49b865743f7a12c468647bec9e03fb83579c8049fe72e2da
SERVER_TRAFFIC_SECRET_0 8c8d1ddb0658b9f4c59882150d1df1434924f38958cf3fd65f8065d526555ccb f708269d41b6ba980a84a37504ca2c2aa51e4a4e2f2868e211a8a6d2e29cfbed
EXPORTER_SECRET 8c8d1ddb0658b9f4c59882150d1df1434924f38958cf3fd65f8065d526555ccb 02ef892fcdc441fa16b0109436b3ef246c8d0c4517f0e8c42c9e5d0a8b46881d
CLIENT_HANDSHAKE_TRAFFIC_SECRET 987fc631633aacd921c40f9ee6096f2a24aea3eb66e222c19d8750fd6f3d780a 9e5d26590715a9d968911983fca5715ec2e85c68e20a4af448b5c347b362f22e
SERVER_HANDSHAKE_TRAFFIC_SECRET 987fc631633aacd921c40f9ee6096f2a24aea3eb66e222c19d8750fd6f3d780a e499cd50168d4040bea37e0ba6a9400498999597de782690529fa620fbb7d143
CLIENT_TRAFFIC_SECRET_0 987fc631633aacd921c40f9ee6096f2a24aea3eb66e222c19d8750fd6f3d780a 92d71f4e4b4cec9556c2be94b55114e0e7bb9460703bb1e51001ef4120e25187
SERVER_TRAFFIC_SECRET_0 987fc631633aacd921c40f9ee6096f2a24aea3eb66e222c19d8750fd6f3d780a 3f83b94d9960adbc1069acf3a6a4744c5d20c28cf9ac1c3bee86a2bdecd01a25
EXPORTER_SECRET 987fc631633aacd921c40f9ee6096f2a24aea3eb66e222c19d8750fd6f3d780a d5a3b706375033f2e95e03cf6a1dbe21a801938543cadd6d22a9c816d38358be
CLIENT_HANDSHAKE_TRAFFIC_SECRET ed0870f9029d1c9321d6bf880472326561594d99246cacd6bdfb5b3f7992d3f8 2e15df286c343c2d0c99cdcc00ace0f7960554ae19539d380ed1d3c81961bd8a16dfdb846be8a17b405b829a79272096
SERVER_HANDSHAKE_TRAFFIC_SECRET ed0870f9029d1c9321d6bf880472326561594d99246cacd6bdfb5b3f7992d3f8 8cc0918ae6954f29f8ec3644654fd7766b58dd780a9f06c763403c5ed04f8c19f783d546e6e24d55bc418e622c13c7e1
CLIENT_TRAFFIC_SECRET_0 ed0870f9029d1c9321d6bf880472326561594d99246cacd6bdfb5b3f7992d3f8 9cfb77fe8d36bef621d9613dabee7186bac484d5e788706f79c1c2dda50621d7e288d2a446f84221ce4a02e992840493
SERVER_TRAFFIC_SECRET_0 ed0870f9029d1c9321d6bf880472326561594d99246cacd6bdfb5b3f7992d3f8 7bfaa06f23a3f583da28b2ecc124a6a390858a17a0b8941a694b89257f509cb6f4bb594b060cfd390a5f84ae09dcdaaa
EXPORTER_SECRET ed0870f9029d1c9321d6bf880472326561594d99246cacd6bdfb5b3f7992d3f8 66ee7f1da20c41954f65e48423164c0758ab08bb6beda093c8c50e8875aa162ca8ec4b40443e5e104016887ac0a66b9a
CLIENT_HANDSHAKE_TRAFFIC_SECRET ce0022e79a4967403e252ef9e1d4579000fa6486f504d93b934ddc89e635a4d3 1a087372d8e2ae1ed0978e51cf45217e28be53ed62e113dd44df1e7d996f7670417ab49354d25abf0397f04e5d5c5bcc
SERVER_HANDSHAKE_TRAFFIC_SECRET ce0022e79a4967403e252ef9e1d4579000fa6486f504d93b934ddc89e635a4d3 3eded4fd779c16595cbec01e3944e11d848ea1c5c7daeca098690cf5a9506415cb0e263b2ecd0502a0c34bdf1f02daa5
CLIENT_TRAFFIC_SECRET_0 ce0022e79a4967403e252ef9e1d4579000fa6486f504d93b934ddc89e635a4d3 0221e217e0ee02dc9d77fe2849e0cf4b4d2f6107ffbe974c3b314e119310724d9266b7ff64e734577548abbd624e2e7d
SERVER_TRAFFIC_SECRET_0 ce0022e79a4967403e252ef9e1d4579000fa6486f504d93b934ddc89e635a4d3 915b07b099269ad9b90e2f8473188c911c3c4c409ecbaf1ff9f6ce55252c4e9076b8ec0b9f17341d013b780ab3fd0c2d
EXPORTER_SECRET ce0022e79a4967403e252ef9e1d4579000fa6486f504d93b934ddc89e635a4d3 657a56d38b9a8466558851fd231477d1b9814a4e70078904f44da92dd61992b7e0e1ab004ce9a4b4795e60905203236b
CLIENT_HANDSHAKE_TRAFFIC_SECRET 303eab577ba1922b927e9e281c23d17cae031de9ebb03afa17839fb2874fc3ab b361f38c35943d7afbad5cb5bb2837c7e905781abfb1bf23d5c4c0737fc02c54
SERVER_HANDSHAKE_TRAFFIC_SECRET 303eab577ba1922b927e9e281c23d17cae031de9ebb03afa17839fb2874fc3ab 894ee636d4ebabd1a442cbacdf922778c57c7438cab9f3a941f02e27c01dec09
CLIENT_TRAFFIC_SECRET_0 303eab577ba1922b927e9e281c23d17cae031de9ebb03afa17839fb2874fc3ab 05c8b85f1df2cee8e1dd4fb46f1f30214e46b99c275d39bf628a2750702eede6
SERVER_TRAFFIC_SECRET_0 303eab577ba1922b927e9e281c23d17cae031de9ebb03afa17839fb2874fc3ab 30bc15135aac4eca5af8efbf5e546b8efc76f16dc036734f8e5a57b00839c931
EXPORTER_SECRET 303eab577ba1922b927e9e281c23d17cae031de9ebb03afa17839fb2874fc3ab 89373b84d5c2a5d261203d0315a7eeeb8d0eeb369c445a55d872c1f3e618c142
CLIENT_EARLY_TRAFFIC_SECRET 0a1a0469760e279d4ae8ff21837b4090d7253acbb341409d0ae22ac7b20eeee1 39fb2d71599a4e0316c83e580cc0ad2403c0ab2e91ebd9dd15050a44cf4f5514
CLIENT_HANDSHAKE_TRAFFIC_SECRET 0a1a0469760e279d4ae8ff21837b4090d7253acbb341409d0ae22ac7b20eeee1 63358591c2d2f7721b569231a3989a4d60f73f2da8260bd65c628ac95a1ea942
SERVER_HANDSHAKE_TRAFFIC_SECRET 0a1a0469760e279d4ae8ff21837b4090d7253acbb341409d0ae22ac7b20eeee1 4ed10895a865a9f1c29b4421961d50e8d996ee4f6f05d9af25ed0fc4e737bb11
CLIENT_TRAFFIC_SECRET_0 0a1a0469760e279d4ae8ff21837b4090d7253acbb341409d0ae22ac7b20eeee1 28c4f690b2e6c3cbbf4fca90a8eb401b92f64cbad515e9e24ee3247ac31de0f3
SERVER_TRAFFIC_SECRET_0 0a1a0469760e279d4ae8ff21837b4090d7253acbb341409d0ae22ac7b20eeee1 a31634f5a6042bd81d969b4e0f0ba9d838b3d6e79f21d2b8609e09e10e9b39e0
EXPORTER_SECRET 0a1a0469760e279d4ae8ff21837b4090d7253acbb341409d0ae22ac7b20eeee1 f66c60347b1520ed3892ff10c1aee2fa54f72fa0f83cc0459f8628e4376dac17
CLIENT_EARLY_TRAFFIC_SECRET 589b3a020935f276e94654b64257bf9ba0adfe50fc418c52e7fc11c8465849b5 5c72feb12d507c535984e1ba54d867797667d5efff826712a989a078b8b3b702
CLIENT_HANDSHAKE_TRAFFIC_SECRET 589b3a020935f276e94654b64257bf9ba0adfe50fc418c52e7fc11c8465849b5 d1855bfef200370828377fef635c044b02cc25801a4ef272ccbf5aec5d4c070f
SERVER_HANDSHAKE_TRAFFIC_SECRET 589b3a020935f276e94654b64257bf9ba0adfe50fc418c52e7fc11c8465849b5 5d917d8928d63ab80ec358f14970dc07051512e7dac01ee72d6445154ea6be43
CLIENT_TRAFFIC_SECRET_0 589b3a020935f276e94654b64257bf9ba0adfe50fc418c52e7fc11c8465849b5 7faaa719739f70a2c9d0fb0c84773353137d59338c8ea9dc513a9f71915565ce
SERVER_TRAFFIC_SECRET_0 589b3a020935f276e94654b64257bf9ba0adfe50fc418c52e7fc11c8465849b5 78fa14a2b9a637141080b062fbad5bc9b005b4afe5ae2fa9c55092d0d241e437
EXPORTER_SECRET 589b3a020935f276e94654b64257bf9ba0adfe50fc418c52e7fc11c8465849b5 1a32ae5f5a8b8c5c994968203313b47ff52f4845c37053ec75fd6a8c067cca2d
CLIENT_HANDSHAKE_TRAFFIC_SECRET 05d9701ed627b303450ec4be9ffb1b1f62c0260124030d763c2142a07d29219f bbf111b025259f39ed2464dce0eb449e6e256b0cba22af0acd73c9aca224490e
SERVER_HANDSHAKE_TRAFFIC_SECRET 05d9701ed627b303450ec4be9ffb1b1f62c0260124030d763c2142a07d29219f 0ed30296da4bebbe72a8617fd94cac3bf9b1d102ab41455f133a58a48985cc64
CLIENT_TRAFFIC_SECRET_0 05d9701ed627b303450ec4be9ffb1b1f62c0260124030d763c2142a07d29219f 7d89206bfd59988614b59a5da8e33cc96ec9f1a1f0a71a0211d40323e09fd3ed
SERVER_TRAFFIC_SECRET_0 05d9701ed627b303450ec4be9ffb1b1f62c0260124030d763c2142a07d29219f 4502d457ce942303742742744a4f84006accb2829098f30b2a18a1a26078f131
EXPORTER_SECRET 05d9701ed627b303450ec4be9ffb1b1f62c0260124030d763c2142a07d29219f b068759999d2940c4a962a13c3f5ddc0ed0493f55278b24663ba336659a7589b
CLIENT_EARLY_TRAFFIC_SECRET 3aff4a78d6a99b277a6c635540eb1c83b690855c605b642bf5c7f47581a0ca77 9fa2434452d82bae6a705a9e59d405c5e75ccf827880456f4f558fc8a7c617ee
CLIENT_HANDSHAKE_TRAFFIC_SECRET 3aff4a78d6a99b277a6c635540eb1c83b690855c605b642bf5c7f47581a0ca77 639af92005861fb73a1c9e5bda090421bbb647bd3401b50564689a7f5517f754
SERVER_HANDSHAKE_TRAFFIC_SECRET 3aff4a78d6a99b277a6c635540eb1c83b690855c605b642bf5c7f47581a0ca77 8c6525b977a3167e2892f5936ef20087606a272982b75cf4deaf1f6832f2e438
CLIENT_TRAFFIC_SECRET_0 3aff4a78d6a99b277a6c635540eb1c83b690855c605b642bf5c7f47581a0ca77 553a792b364832664dca67ebe0fe2bf5db180d4467c9b9da087ff5526d517dd4
SERVER_TRAFFIC_SECRET_0 3aff4a78d6a99b277a6c635540eb1c83b690855c605b642bf5c7f47581a0ca77 a1db0c01a43ba22fe6130eaafa3b837392e3be331eabd05ec705c4ef4d9154f5
EXPORTER_SECRET 3aff4a78d6a99b277a6c635540eb1c83b690855c605b642bf5c7f47581a0ca77 613e4739ef4b2f6de9a5787a8c71e263b712f038f012c22c42031b58e4855c2e
CLIENT_EARLY_TRAFFIC_SECRET 50a3b4b9945296d0c34e3185e2ddc8406e78f7b51a4cca62e79abdc5dec234f7 09719ad500ed45056a797462436713be412dad0c55175a2570d0c1c93f4bff7f
CLIENT_HANDSHAKE_TRAFFIC_SECRET 50a3b4b9945296d0c34e3185e2ddc8406e78f7b51a4cca62e79abdc5dec234f7 aee2cc6aa8321cf8976f89890f1bba2e536b7da5bef49d06b7e216be39a758c9
SERVER_HANDSHAKE_TRAFFIC_SECRET 50a3b4b9945296d0c34e3185e2ddc8406e78f7b51a4cca62e79abdc5dec234f7 28a95f754151a651b648d7dca5f45de073c98f10271122e783c1961c7c4ee66e
CLIENT_TRAFFIC_SECRET_0 50a3b4b9945296d0c34e3185e2ddc8406e78f7b51a4cca62e79abdc5dec234f7 9a8f5b5d03b27ed5c14c0d7f573d6aca8264f89228fd33d81e2ac71532a73495
SERVER_TRAFFIC_SECRET_0 50a3b4b9945296d0c34e3185e2ddc8406e78f7b51a4cca62e79abdc5dec234f7 e5e609558490b553ad9c555e0b5a2412c673518138731a0a1b5a11fac3b57801
EXPORTER_SECRET 50a3b4b9945296d0c34e3185e2ddc8406e78f7b51a4cca62e79abdc5dec234f7 a97b33c916b15f6cebb2281606552c38acdf32751e2d7785d3ce9a973e3f77db
CLIENT_EARLY_TRAFFIC_SECRET 3f76ec26b369b8e7267b2f3c116c22f19b68be60271bc2390e4875f9cf8b2c11 7e1f90ecf3daf0f9cb50965e1d9e49e93e4b439099b55e28f71c0fd00087e945
CLIENT_HANDSHAKE_TRAFFIC_SECRET 3f76ec26b369b8e7267b2f3c116c22f19b68be60271bc2390e4875f9cf8b2c11 dcfc012b4e61febef050863604db6598b119b5edd030f0ab4facdf8953811c5a
SERVER_HANDSHAKE_TRAFFIC_SECRET 3f76ec26b369b8e7267b2f3c116c22f19b68be60271bc2390e4875f9cf8b2c11 d1ff372828aa905dc5d5006e24b32dc5b2b27f8f68e015f4885277bdfbd895cd
CLIENT_TRAFFIC_SECRET_0 3f76ec26b369b8e7267b2f3c116c22f19b68be60271bc2390e4875f9cf8b2c11 b8dfea84efaf9ad9347686261ce235c3cbf195a5ef037d15704bb9a7c5faf1c1
SERVER_TRAFFIC_SECRET_0 3f76ec26b369b8e7267b2f3c116c22f19b68be60271bc2390e4875f9cf8b2c11 ea5df135988164c6038704e8830694f54ef60a77f3217f9be20871f14119f746
EXPORTER_SECRET 3f76ec26b369b8e7267b2f3c116c22f19b68be60271bc2390e4875f9cf8b2c11 c4be56b3b9b5190c9ccdf2547c6f87d9dea40f2ffa8ffb82775910237c7eb82e
CLIENT_HANDSHAKE_TRAFFIC_SECRET c1b6b5e8ea6d4d6743e80b24b60fca0b16c05fb742916a83f7733913e5afd62d fe8fe1ffbf6653589e4b947557188e718c573faf97113a088b2374dc99cb2fb7
SERVER_HANDSHAKE_TRAFFIC_SECRET c1b6b5e8ea6d4d6743e80b24b60fca0b16c05fb742916a83f7733913e5afd62d d039a53d67f1fd77555c2671b394b926d00e0b7c1df6589d39d03d8498a5c3d1
CLIENT_TRAFFIC_SECRET_0 c1b6b5e8ea6d4d6743e80b24b60fca0b16c05fb742916a83f7733913e5afd62d cf8c912ca687b52b7be047b3bd81519cf412d6007678ca8ff23296d42bbb779f
SERVER_TRAFFIC_SECRET_0 c1b6b5e8ea6d4d6743e80b24b60fca0b16c05fb742916a83f7733913e5afd62d 08c4669ba1f4b4f3501cfb0dea3fdd194ee0cd1b0f5e8f134266c59e8a66e4ae
EXPORTER_SECRET c1b6b5e8ea6d4d6743e80b24b60fca0b16c05fb742916a83f7733913e5afd62d 3ed00c1e8060fab7135ac5de0998524014646577bc093620f2de3836c93e7cb4
CLIENT_HANDSHAKE_TRAFFIC_SECRET 9a72f194467c556c5b001c270b9ffde2a82887e29ab627b6746b22cfbfe260cc 15992f27c18d7baab83358ad2847a7f01514073cb6a0556770d967756a39de21
SERVER_HANDSHAKE_TRAFFIC_SECRET 9a72f194467c556c5b001c270b9ffde2a82887e29ab627b6746b22cfbfe260cc 26e9754bdf2807a461026ee5f53ef364d597736e2e47629147e75e7e83dcb808
CLIENT_TRAFFIC_SECRET_0 9a72f194467c556c5b001c270b9ffde2a82887e29ab627b6746b22cfbfe260cc 2247f67eb53cb17c70b4777a013ef9a93bc8ef58fc497bfbb557e8f719e795c1
SERVER_TRAFFIC_SECRET_0 9a72f194467c556c5b001c270b9ffde2a82887e29ab627b6746b22cfbfe260cc fec6a6259df8124ae43d335153de52b9b1a209e3cb40dd087f94f9319b811d51
EXPORTER_SECRET 9a72f194467c556c5b001c270b9ffde2a82887e29ab627b6746b22cfbfe260cc 3219f5c013fcdfcdded6e63ce3fe2edbbddb829a09133511564d47b48cdd501c
CLIENT_HANDSHAKE_TRAFFIC_SECRET 7a34e7b1f245defa10ff364102003a97ce085b2985d103211754b3bb5f7d0758 4b0d9c0966fbe1c195517b9a94a475c0ecef0518bb995dee25b52e50fc22ee2d
SERVER_HANDSHAKE_TRAFFIC_SECRET 7a34e7b1f245defa10ff364102003a97ce085b2985d103211754b3bb5f7d0758 7e0ea1fe677045fc09a60dcd26dfd0c59c6e1b26f3d0119f58fb55fe2291b1b5
CLIENT_TRAFFIC_SECRET_0 7a34e7b1f245defa10ff364102003a97ce085b2985d103211754b3bb5f7d0758 a5483f1395685d676d6eba240ce9c72976f044e5acf6500fbe53398d3c4a29b9
SERVER_TRAFFIC_SECRET_0 7a34e7b1f245defa10ff364102003a97ce085b2985d103211754b3bb5f7d0758 5e17fbbe605af5ca80791ff01f51a1bf3b8afc2ab2827790de963805100fc86c
EXPORTER_SECRET 7a34e7b1f245defa10ff364102003a97ce085b2985d103211754b3bb5f7d0758 62a2422d7f4b4548725dc9983dd63062266ae9b9b66f633f83e7b7d5ee9ec66b
CLIENT_HANDSHAKE_TRAFFIC_SECRET 1721365098d7bcd0ce479289dd06069990ce29dfaabfb67c8d06fe0493aa0b72 23a85363244b3cdf54049b1c3ed33f631968b9f65543949a13225225d72211c2
SERVER_HANDSHAKE_TRAFFIC_SECRET 1721365098d7bcd0ce479289dd06069990ce29dfaabfb67c8d06fe0493aa0b72 f20d6970d40e6875cb3e2106f4e1ea62dcf8a3a8802ea7c2ad5577bb5a56603e
CLIENT_TRAFFIC_SECRET_0 1721365098d7bcd0ce479289dd06069990ce29dfaabfb67c8d06fe0493aa0b72 0d48ccd43d3fb557baf27f54b77eb2fcc5277ea9ca8d33c94941f69ce52b0bec
SERVER_TRAFFIC_SECRET_0 1721365098d7bcd0ce479289dd06069990ce29dfaabfb67c8d06fe0493aa0b72 ff73c72242dbcfa7a1c1dbe45941b62c6b2b0eb0a12ed5f30c0b6ba49e3e04c8
EXPORTER_SECRET 1721365098d7bcd0ce479289dd06069990ce29dfaabfb67c8d06fe0493aa0b72 c3b4563084c7dabd2ca938ef46d2d756f2c313052cd187d723e56ffdc06e4e3a
CLIENT_EARLY_TRAFFIC_SECRET 7038f4c81762382e3ff07cf6e3fe8b74c0c756b34f2ba3405f310f611ee26226 32842d2d63c8bec140b0c32ef2b8b6010de6368876a9891993bb65f05412e5a6
CLIENT_HANDSHAKE_TRAFFIC_SECRET 7038f4c81762382e3ff07cf6e3fe8b74c0c756b34f2ba3405f310f611ee26226 cfabcdd1f65e38179142fa4d5b45117df2056f8c3648d72ff29d08fb927d8f8c
SERVER_HANDSHAKE_TRAFFIC_SECRET 7038f4c81762382e3ff07cf6e3fe8b74c0c756b34f2ba3405f310f611ee26226 9e2c88cdb243a212996ffb465143c74295e771c7301ce4bc0b9463d20903943a
CLIENT_TRAFFIC_SECRET_0 7038f4c81762382e3ff07cf6e3fe8b74c0c756b34f2ba3405f310f611ee26226 d2eab36d4e32bdcb56a58aff1fb2a205bbade43c4d55a346a8d086b7cc5cee90
SERVER_TRAFFIC_SECRET_0 7038f4c81762382e3ff07cf6e3fe8b74c0c756b34f2ba3405f310f611ee26226 ea1c6574d22c2db4bd3dfd42c65ab7ef503bc19858d19f329587a2aa4571fce1
EXPORTER_SECRET 7038f4c81762382e3ff07cf6e3fe8b74c0c756b34f2ba3405f310f611ee26226 e852d3a7a18787d1a7d688a6e3c3b220a6a0fab8a32bfc3e6e19782607b482c9
CLIENT_EARLY_TRAFFIC_SECRET 4d91b74343404f4a3586e443cf90df50bfd1d6914f6485751eeac6550288588a e3c5bba760f846b27ed1a563331a138bc70e94195858c192116dc1eed90c7405
CLIENT_HANDSHAKE_TRAFFIC_SECRET 4d91b74343404f4a3586e443cf90df50bfd1d6914f6485751eeac6550288588a 8163a1c566d6c9990c5e43742af0bf97aa3f3d5b57cfbedf1afd30bd8fcfa213
SERVER_HANDSHAKE_TRAFFIC_SECRET 4d91b74343404f4a3586e443cf90df50bfd1d6914f6485751eeac6550288588a 870bf2275ff7cc8f04e84db60327e053167c5077df5231901c8089e20c08391f
CLIENT_TRAFFIC_SECRET_0 4d91b74343404f4a3586e443cf90df50bfd1d6914f6485751eeac6550288588a 52b891022343df2c140e38e29dd010b62e36763759f700e5339287fcf1fb0415
SERVER_TRAFFIC_SECRET_0 4d91b74343404f4a3586e443cf90df50bfd1d6914f6485751eeac6550288588a 2ce4f896fddab2e9f0d13d9a436c7f5e6999836f6be7a5d169f29fd7cace7e8f
EXPORTER_SECRET 4d91b74343404f4a3586e443cf90df50bfd1d6914f6485751eeac6550288588a e19c7b287f44d4024b85fcc15dc18dc3255033a02171b5c861e0fc7f6388302b
