2067  execve("/usr/bin/tshark", ["tshark", "-nr", "capture2.pcap", "-c", "1"], 0xfffff8bf1758 /* 25 vars */) = 0
2067  brk(NULL)                         = 0xb77f4ce78000
2067  mmap(NULL, 8192, PROT_READ|PROT_WRITE, MAP_PRIVATE|MAP_ANONYMOUS, -1, 0) = 0xe8819575d000
2067  faccessat(AT_FDCWD, "/etc/ld.so.preload", R_OK) = -1 ENOENT (No such file or directory)
2067  openat(AT_FDCWD, "/etc/ld.so.cache", O_RDONLY|O_CLOEXEC) = 3
2067  fstat(3, {st_mode=S_IFREG|0644, st_size=35777, ...}) = 0
2067  mmap(NULL, 35777, PROT_READ, MAP_PRIVATE, 3, 0) = 0xe88195754000
2067  close(3)                          = 0
2067  openat(AT_FDCWD, "/usr/lib/aarch64-linux-gnu/libwireshark.so.19", O_RDONLY|O_CLOEXEC) = 3
2067  read(3, "\177ELF\2\1\1\0\0\0\0\0\0\0\0\0\3\0\267\0\1\0\0\0\0\0\0\0\0\0\0\0"..., 832) = 832
2067  fstat(3, {st_mode=S_IFREG|0644, st_size=137047592, ...}) = 0
2067  mmap(NULL, 139204480, PROT_NONE, MAP_PRIVATE|MAP_ANONYMOUS|MAP_DENYWRITE, -1, 0) = 0xe8818d265000
2067  mmap(0xe8818d270000, 139138944, PROT_READ|PROT_EXEC, MAP_PRIVATE|MAP_FIXED|MAP_DENYWRITE, 3, 0) = 0xe8818d270000
2067  munmap(0xe8818d265000, 45056)     = 0
2067  munmap(0xe88195722000, 18304)     = 0
2067  mprotect(0xe88193222000, 86016, PROT_NONE) = 0
2067  mmap(0xe88193237000, 36683776, PROT_READ|PROT_WRITE, MAP_PRIVATE|MAP_FIXED|MAP_DENYWRITE, 3, 0x5fb7000) = 0xe88193237000
2067  mmap(0xe88195533000, 2025344, PROT_READ|PROT_WRITE, MAP_PRIVATE|MAP_FIXED|MAP_ANONYMOUS, -1, 0) = 0xe88195533000
2067  close(3)                          = 0
2067  openat(AT_FDCWD, "/usr/lib/aarch64-linux-gnu/libm.so.6", O_RDONLY|O_CLOEXEC) = 3
2067  read(3, "\177ELF\2\1\1\0\0\0\0\0\0\0\0\0\3\0\267\0\1\0\0\0\0\0\0\0\0\0\0\0"..., 832) = 832
2067  fstat(3, {st_mode=S_IFREG|0644, st_size=723144, ...}) = 0
2067  mmap(NULL, 851992, PROT_NONE, MAP_PRIVATE|MAP_ANONYMOUS|MAP_DENYWRITE, -1, 0) = 0xe8818d19f000
2067  mmap(0xe8818d1a0000, 786456, PROT_READ|PROT_EXEC, MAP_PRIVATE|MAP_FIXED|MAP_DENYWRITE, 3, 0) = 0xe8818d1a0000
2067  munmap(0xe8818d19f000, 4096)      = 0
2067  munmap(0xe8818d261000, 57368)     = 0
2067  mprotect(0xe8818d24f000, 65536, PROT_NONE) = 0
2067  mmap(0xe8818d25f000, 8192, PROT_READ|PROT_WRITE, MAP_PRIVATE|MAP_FIXED|MAP_DENYWRITE, 3, 0xaf000) = 0xe8818d25f000
2067  close(3)                          = 0
2067  openat(AT_FDCWD, "/usr/lib/aarch64-linux-gnu/libpcap.so.0.8", O_RDONLY|O_CLOEXEC) = 3
2067  read(3, "\177ELF\2\1\1\0\0\0\0\0\0\0\0\0\3\0\267\0\1\0\0\0\0\0\0\0\0\0\0\0"..., 832) = 832
2067  fstat(3, {st_mode=S_IFREG|0644, st_size=330240, ...}) = 0
2067  mmap(NULL, 459152, PROT_NONE, MAP_PRIVATE|MAP_ANONYMOUS|MAP_DENYWRITE, -1, 0) = 0xe8818d12f000
2067  mmap(0xe8818d130000, 393616, PROT_READ|PROT_EXEC, MAP_PRIVATE|MAP_FIXED|MAP_DENYWRITE, 3, 0) = 0xe8818d130000
2067  munmap(0xe8818d12f000, 4096)      = 0
2067  munmap(0xe8818d191000, 57744)     = 0
2067  mprotect(0xe8818d17b000, 73728, PROT_NONE) = 0
2067  mmap(0xe8818d18d000, 16384, PROT_READ|PROT_WRITE, MAP_PRIVATE|MAP_FIXED|MAP_DENYWRITE, 3, 0x4d000) = 0xe8818d18d000
2067  close(3)                          = 0
2067  openat(AT_FDCWD, "/usr/lib/aarch64-linux-gnu/libwiretap.so.16", O_RDONLY|O_CLOEXEC) = 3
2067  read(3, "\177ELF\2\1\1\0\0\0\0\0\0\0\0\0\3\0\267\0\1\0\0\0\0\0\0\0\0\0\0\0"..., 832) = 832
2067  fstat(3, {st_mode=S_IFREG|0644, st_size=791560, ...}) = 0
2067  mmap(NULL, 1445048, PROT_NONE, MAP_PRIVATE|MAP_ANONYMOUS|MAP_DENYWRITE, -1, 0) = 0xe8818cfcf000
2067  mmap(0xe8818cfd0000, 1379512, PROT_READ|PROT_EXEC, MAP_PRIVATE|MAP_FIXED|MAP_DENYWRITE, 3, 0) = 0xe8818cfd0000
2067  munmap(0xe8818cfcf000, 4096)      = 0
2067  munmap(0xe8818d121000, 60600)     = 0
2067  mprotect(0xe8818d07d000, 40960, PROT_NONE) = 0
2067  mmap(0xe8818d087000, 40960, PROT_READ|PROT_WRITE, MAP_PRIVATE|MAP_FIXED|MAP_DENYWRITE, 3, 0xb7000) = 0xe8818d087000
2067  mmap(0xe8818d091000, 588984, PROT_READ|PROT_WRITE, MAP_PRIVATE|MAP_FIXED|MAP_ANONYMOUS, -1, 0) = 0xe8818d091000
2067  close(3)                          = 0
2067  openat(AT_FDCWD, "/usr/lib/aarch64-linux-gnu/libwsutil.so.17", O_RDONLY|O_CLOEXEC) = 3
2067  read(3, "\177ELF\2\1\1\0\0\0\0\0\0\0\0\0\3\0\267\0\1\0\0\0\0\0\0\0\0\0\0\0"..., 832) = 832
2067  fstat(3, {st_mode=S_IFREG|0644, st_size=329888, ...}) = 0
2067  mmap(NULL, 467896, PROT_NONE, MAP_PRIVATE|MAP_ANONYMOUS|MAP_DENYWRITE, -1, 0) = 0xe8818cf5d000
2067  mmap(0xe8818cf60000, 402360, PROT_READ|PROT_EXEC, MAP_PRIVATE|MAP_FIXED|MAP_DENYWRITE, 3, 0) = 0xe8818cf60000
2067  munmap(0xe8818cf5d000, 12288)     = 0
2067  munmap(0xe8818cfc3000, 50104)     = 0
2067  mprotect(0xe8818cfac000, 73728, PROT_NONE) = 0
2067  mmap(0xe8818cfbe000, 12288, PROT_READ|PROT_WRITE, MAP_PRIVATE|MAP_FIXED|MAP_DENYWRITE, 3, 0x4e000) = 0xe8818cfbe000
2067  mmap(0xe8818cfc1000, 5048, PROT_READ|PROT_WRITE, MAP_PRIVATE|MAP_FIXED|MAP_ANONYMOUS, -1, 0) = 0xe8818cfc1000
2067  close(3)                          = 0
2067  openat(AT_FDCWD, "/usr/lib/aarch64-linux-gnu/libglib-2.0.so.0", O_RDONLY|O_CLOEXEC) = 3
2067  read(3, "\177ELF\2\1\1\0\0\0\0\0\0\0\0\0\3\0\267\0\1\0\0\0\0\0\0\0\0\0\0\0"..., 832) = 832
2067  fstat(3, {st_mode=S_IFREG|0644, st_size=1511112, ...}) = 0
2067  mmap(NULL, 8192, PROT_READ|PROT_WRITE, MAP_PRIVATE|MAP_ANONYMOUS, -1, 0) = 0xe88195752000
2067  mmap(NULL, 1642856, PROT_NONE, MAP_PRIVATE|MAP_ANONYMOUS|MAP_DENYWRITE, -1, 0) = 0xe8818cdce000
2067  mmap(0xe8818cdd0000, 1577320, PROT_READ|PROT_EXEC, MAP_PRIVATE|MAP_FIXED|MAP_DENYWRITE, 3, 0) = 0xe8818cdd0000
2067  munmap(0xe8818cdce000, 8192)      = 0
2067  munmap(0xe8818cf52000, 53608)     = 0
2067  mprotect(0xe8818cf33000, 114688, PROT_NONE) = 0
2067  mmap(0xe8818cf4f000, 8192, PROT_READ|PROT_WRITE, MAP_PRIVATE|MAP_FIXED|MAP_DENYWRITE, 3, 0x16f000) = 0xe8818cf4f000
2067  mmap(0xe8818cf51000, 360, PROT_READ|PROT_WRITE, MAP_PRIVATE|MAP_FIXED|MAP_ANONYMOUS, -1, 0) = 0xe8818cf51000
2067  close(3)                          = 0
2067  openat(AT_FDCWD, "/usr/lib/aarch64-linux-gnu/libc.so.6", O_RDONLY|O_CLOEXEC) = 3
2067  read(3, "\177ELF\2\1\1\3\0\0\0\0\0\0\0\0\3\0\267\0\1\0\0\0\3101\2\0\0\0\0\0"..., 832) = 832
2067  fstat(3, {st_mode=S_IFREG|0755, st_size=1788240, ...}) = 0
2067  mmap(NULL, 1957440, PROT_NONE, MAP_PRIVATE|MAP_ANONYMOUS|MAP_DENYWRITE, -1, 0) = 0xe8818cbf2000
2067  mmap(0xe8818cc00000, 1891904, PROT_READ|PROT_EXEC, MAP_PRIVATE|MAP_FIXED|MAP_DENYWRITE, 3, 0) = 0xe8818cc00000
2067  munmap(0xe8818cbf2000, 57344)     = 0
2067  munmap(0xe8818cdce000, 7744)      = 0
2067  mprotect(0xe8818cda9000, 81920, PROT_NONE) = 0
2067  mmap(0xe8818cdbd000, 20480, PROT_READ|PROT_WRITE, MAP_PRIVATE|MAP_FIXED|MAP_DENYWRITE, 3, 0x1ad000) = 0xe8818cdbd000
2067  mmap(0xe8818cdc2000, 48704, PROT_READ|PROT_WRITE, MAP_PRIVATE|MAP_FIXED|MAP_ANONYMOUS, -1, 0) = 0xe8818cdc2000
2067  close(3)                          = 0
2067  openat(AT_FDCWD, "/usr/lib/aarch64-linux-gnu/libbrotlidec.so.1", O_RDONLY|O_CLOEXEC) = 3
2067  read(3, "\177ELF\2\1\1\0\0\0\0\0\0\0\0\0\3\0\267\0\1\0\0\0\0\0\0\0\0\0\0\0"..., 832) = 832
2067  fstat(3, {st_mode=S_IFREG|0644, st_size=67968, ...}) = 0
2067  mmap(NULL, 196728, PROT_NONE, MAP_PRIVATE|MAP_ANONYMOUS|MAP_DENYWRITE, -1, 0) = 0xe8818cbcf000
2067  mmap(0xe8818cbd0000, 131192, PROT_READ|PROT_EXEC, MAP_PRIVATE|MAP_FIXED|MAP_DENYWRITE, 3, 0) = 0xe8818cbd0000
2067  munmap(0xe8818cbcf000, 4096)      = 0
2067  munmap(0xe8818cbf1000, 57464)     = 0
2067  mprotect(0xe8818cbdb000, 81920, PROT_NONE) = 0
2067  mmap(0xe8818cbef000, 8192, PROT_READ|PROT_WRITE, MAP_PRIVATE|MAP_FIXED|MAP_DENYWRITE, 3, 0xf000) = 0xe8818cbef000
2067  close(3)                          = 0
2067  openat(AT_FDCWD, "/usr/lib/aarch64-linux-gnu/libcares.so.2", O_RDONLY|O_CLOEXEC) = 3
2067  read(3, "\177ELF\2\1\1\0\0\0\0\0\0\0\0\0\3\0\267\0\1\0\0\0\0\0\0\0\0\0\0\0"..., 832) = 832
2067  fstat(3, {st_mode=S_IFREG|0644, st_size=264224, ...}) = 0
2067  mmap(NULL, 393256, PROT_NONE, MAP_PRIVATE|MAP_ANONYMOUS|MAP_DENYWRITE, -1, 0) = 0xe8818cb6f000
2067  mmap(0xe8818cb70000, 327720, PROT_READ|PROT_EXEC, MAP_PRIVATE|MAP_FIXED|MAP_DENYWRITE, 3, 0) = 0xe8818cb70000
2067  munmap(0xe8818cb6f000, 4096)      = 0
2067  munmap(0xe8818cbc1000, 57384)     = 0
2067  mprotect(0xe8818cba4000, 110592, PROT_NONE) = 0
2067  mmap(0xe8818cbbf000, 8192, PROT_READ|PROT_WRITE, MAP_PRIVATE|MAP_FIXED|MAP_DENYWRITE, 3, 0x3f000) = 0xe8818cbbf000
2067  close(3)                          = 0
2067  openat(AT_FDCWD, "/usr/lib/aarch64-linux-gnu/libgcrypt.so.20", O_RDONLY|O_CLOEXEC) = 3
2067  read(3, "\177ELF\2\1\1\0\0\0\0\0\0\0\0\0\3\0\267\0\1\0\0\0\0\0\0\0\0\0\0\0"..., 832) = 832
2067  fstat(3, {st_mode=S_IFREG|0644, st_size=1267800, ...}) = 0
2067  mmap(NULL, 1398056, PROT_NONE, MAP_PRIVATE|MAP_ANONYMOUS|MAP_DENYWRITE, -1, 0) = 0xe8818ca1a000
2067  mmap(0xe8818ca20000, 1332520, PROT_READ|PROT_EXEC, MAP_PRIVATE|MAP_FIXED|MAP_DENYWRITE, 3, 0) = 0xe8818ca20000
2067  munmap(0xe8818ca1a000, 24576)     = 0
2067  munmap(0xe8818cb66000, 38184)     = 0
2067  mprotect(0xe8818cb42000, 102400, PROT_NONE) = 0
2067  mmap(0xe8818cb5b000, 40960, PROT_READ|PROT_WRITE, MAP_PRIVATE|MAP_FIXED|MAP_DENYWRITE, 3, 0x12b000) = 0xe8818cb5b000
2067  mmap(0xe8818cb65000, 1320, PROT_READ|PROT_WRITE, MAP_PRIVATE|MAP_FIXED|MAP_ANONYMOUS, -1, 0) = 0xe8818cb65000
2067  close(3)                          = 0
2067  openat(AT_FDCWD, "/usr/lib/aarch64-linux-gnu/libgnutls.so.30", O_RDONLY|O_CLOEXEC) = 3
2067  read(3, "\177ELF\2\1\1\0\0\0\0\0\0\0\0\0\3\0\267\0\1\0\0\0\0\0\0\0\0\0\0\0"..., 832) = 832
2067  fstat(3, {st_mode=S_IFREG|0644, st_size=2172784, ...}) = 0
2067  mmap(NULL, 2249528, PROT_NONE, MAP_PRIVATE|MAP_ANONYMOUS|MAP_DENYWRITE, -1, 0) = 0xe8818c7fa000
2067  mmap(0xe8818c800000, 2183992, PROT_READ|PROT_EXEC, MAP_PRIVATE|MAP_FIXED|MAP_DENYWRITE, 3, 0) = 0xe8818c800000
2067  munmap(0xe8818c7fa000, 24576)     = 0
2067  munmap(0xe8818ca16000, 37688)     = 0
2067  mprotect(0xe8818c9f3000, 53248, PROT_NONE) = 0
2067  mmap(0xe8818ca00000, 73728, PROT_READ|PROT_WRITE, MAP_PRIVATE|MAP_FIXED|MAP_DENYWRITE, 3, 0x200000) = 0xe8818ca00000
2067  mmap(0xe8818ca12000, 13112, PROT_READ|PROT_WRITE, MAP_PRIVATE|MAP_FIXED|MAP_ANONYMOUS, -1, 0) = 0xe8818ca12000
2067  close(3)                          = 0
2067  openat(AT_FDCWD, "/usr/lib/aarch64-linux-gnu/libkrb5.so.3", O_RDONLY|O_CLOEXEC) = 3
2067  read(3, "\177ELF\2\1\1\0\0\0\0\0\0\0\0\0\3\0\267\0\1\0\0\0\0\0\0\0\0\0\0\0"..., 832) = 832
2067  fstat(3, {st_mode=S_IFREG|0644, st_size=860192, ...}) = 0
2067  mmap(NULL, 8192, PROT_READ|PROT_WRITE, MAP_PRIVATE|MAP_ANONYMOUS, -1, 0) = 0xe88195725000
2067  mmap(NULL, 924080, PROT_NONE, MAP_PRIVATE|MAP_ANONYMOUS|MAP_DENYWRITE, -1, 0) = 0xe8818c71e000
2067  mmap(0xe8818c720000, 858544, PROT_READ|PROT_EXEC, MAP_PRIVATE|MAP_FIXED|MAP_DENYWRITE, 3, 0) = 0xe8818c720000
2067  munmap(0xe8818c71e000, 8192)      = 0
2067  munmap(0xe8818c7f2000, 55728)     = 0
2067  mprotect(0xe8818c7df000, 24576, PROT_NONE) = 0
2067  mmap(0xe8818c7e5000, 53248, PROT_READ|PROT_WRITE, MAP_PRIVATE|MAP_FIXED|MAP_DENYWRITE, 3, 0xc5000) = 0xe8818c7e5000
2067  close(3)                          = 0
2067  openat(AT_FDCWD, "/usr/lib/aarch64-linux-gnu/libk5crypto.so.3", O_RDONLY|O_CLOEXEC) = 3
2067  read(3, "\177ELF\2\1\1\0\0\0\0\0\0\0\0\0\3\0\267\0\1\0\0\0\0\0\0\0\0\0\0\0"..., 832) = 832
2067  fstat(3, {st_mode=S_IFREG|0644, st_size=199192, ...}) = 0
2067  mmap(NULL, 327960, PROT_NONE, MAP_PRIVATE|MAP_ANONYMOUS|MAP_DENYWRITE, -1, 0) = 0xe8818c6cf000
2067  mmap(0xe8818c6d0000, 262424, PROT_READ|PROT_EXEC, MAP_PRIVATE|MAP_FIXED|MAP_DENYWRITE, 3, 0) = 0xe8818c6d0000
2067  munmap(0xe8818c6cf000, 4096)      = 0
2067  munmap(0xe8818c711000, 57624)     = 0
2067  mprotect(0xe8818c6fa000, 86016, PROT_NONE) = 0
2067  mmap(0xe8818c70f000, 8192, PROT_READ|PROT_WRITE, MAP_PRIVATE|MAP_FIXED|MAP_DENYWRITE, 3, 0x2f000) = 0xe8818c70f000
2067  close(3)                          = 0
2067  openat(AT_FDCWD, "/usr/lib/aarch64-linux-gnu/libxml2.so.16", O_RDONLY|O_CLOEXEC) = 3
2067  read(3, "\177ELF\2\1\1\0\0\0\0\0\0\0\0\0\3\0\267\0\1\0\0\0\0\0\0\0\0\0\0\0"..., 832) = 832
2067  fstat(3, {st_mode=S_IFREG|0644, st_size=1510416, ...}) = 0
2067  mmap(NULL, 1643272, PROT_NONE, MAP_PRIVATE|MAP_ANONYMOUS|MAP_DENYWRITE, -1, 0) = 0xe8818c53e000
2067  mmap(0xe8818c540000, 1577736, PROT_READ|PROT_EXEC, MAP_PRIVATE|MAP_FIXED|MAP_DENYWRITE, 3, 0) = 0xe8818c540000
2067  munmap(0xe8818c53e000, 8192)      = 0
2067  munmap(0xe8818c6c2000, 54024)     = 0
2067  mprotect(0xe8818c6a6000, 73728, PROT_NONE) = 0
2067  mmap(0xe8818c6b8000, 36864, PROT_READ|PROT_WRITE, MAP_PRIVATE|MAP_FIXED|MAP_DENYWRITE, 3, 0x168000) = 0xe8818c6b8000
2067  mmap(0xe8818c6c1000, 776, PROT_READ|PROT_WRITE, MAP_PRIVATE|MAP_FIXED|MAP_ANONYMOUS, -1, 0) = 0xe8818c6c1000
2067  close(3)                          = 0
2067  openat(AT_FDCWD, "/usr/lib/aarch64-linux-gnu/liblua5.4.so.0", O_RDONLY|O_CLOEXEC) = 3
2067  read(3, "\177ELF\2\1\1\0\0\0\0\0\0\0\0\0\3\0\267\0\1\0\0\0\0\0\0\0\0\0\0\0"..., 832) = 832
2067  fstat(3, {st_mode=S_IFREG|0644, st_size=330800, ...}) = 0
2067  mmap(NULL, 459488, PROT_NONE, MAP_PRIVATE|MAP_ANONYMOUS|MAP_DENYWRITE, -1, 0) = 0xe8818c4cf000
2067  mmap(0xe8818c4d0000, 393952, PROT_READ|PROT_EXEC, MAP_PRIVATE|MAP_FIXED|MAP_DENYWRITE, 3, 0) = 0xe8818c4d0000
2067  munmap(0xe8818c4cf000, 4096)      = 0
2067  munmap(0xe8818c531000, 58080)     = 0
2067  mprotect(0xe8818c511000, 118784, PROT_NONE) = 0
2067  mmap(0xe8818c52e000, 12288, PROT_READ|PROT_WRITE, MAP_PRIVATE|MAP_FIXED|MAP_DENYWRITE, 3, 0x4e000) = 0xe8818c52e000
2067  close(3)                          = 0
2067  openat(AT_FDCWD, "/usr/lib/aarch64-linux-gnu/liblz4.so.1", O_RDONLY|O_CLOEXEC) = 3
2067  read(3, "\177ELF\2\1\1\0\0\0\0\0\0\0\0\0\3\0\267\0\1\0\0\0\0\0\0\0\0\0\0\0"..., 832) = 832
2067  fstat(3, {st_mode=S_IFREG|0644, st_size=198984, ...}) = 0
2067  mmap(NULL, 327824, PROT_NONE, MAP_PRIVATE|MAP_ANONYMOUS|MAP_DENYWRITE, -1, 0) = 0xe8818c47f000
2067  mmap(0xe8818c480000, 262288, PROT_READ|PROT_EXEC, MAP_PRIVATE|MAP_FIXED|MAP_DENYWRITE, 3, 0) = 0xe8818c480000
2067  munmap(0xe8818c47f000, 4096)      = 0
2067  munmap(0xe8818c4c1000, 57488)     = 0
2067  mprotect(0xe8818c4a4000, 110592, PROT_NONE) = 0
2067  mmap(0xe8818c4bf000, 8192, PROT_READ|PROT_WRITE, MAP_PRIVATE|MAP_FIXED|MAP_DENYWRITE, 3, 0x2f000) = 0xe8818c4bf000
2067  close(3)                          = 0
2067  openat(AT_FDCWD, "/usr/lib/aarch64-linux-gnu/libnghttp2.so.14", O_RDONLY|O_CLOEXEC) = 3
2067  read(3, "\177ELF\2\1\1\0\0\0\0\0\0\0\0\0\3\0\267\0\1\0\0\0\0\0\0\0\0\0\0\0"..., 832) = 832
2067  fstat(3, {st_mode=S_IFREG|0644, st_size=199040, ...}) = 0
2067  mmap(NULL, 328008, PROT_NONE, MAP_PRIVATE|MAP_ANONYMOUS|MAP_DENYWRITE, -1, 0) = 0xe8818c42f000
2067  mmap(0xe8818c430000, 262472, PROT_READ|PROT_EXEC, MAP_PRIVATE|MAP_FIXED|MAP_DENYWRITE, 3, 0) = 0xe8818c430000
2067  munmap(0xe8818c42f000, 4096)      = 0
2067  munmap(0xe8818c471000, 57672)     = 0
2067  mprotect(0xe8818c455000, 98304, PROT_NONE) = 0
2067  mmap(0xe8818c46d000, 16384, PROT_READ|PROT_WRITE, MAP_PRIVATE|MAP_FIXED|MAP_DENYWRITE, 3, 0x2d000) = 0xe8818c46d000
2067  close(3)                          = 0
2067  openat(AT_FDCWD, "/usr/lib/aarch64-linux-gnu/libnghttp3.so.9", O_RDONLY|O_CLOEXEC) = 3
2067  read(3, "\177ELF\2\1\1\0\0\0\0\0\0\0\0\0\3\0\267\0\1\0\0\0\0\0\0\0\0\0\0\0"..., 832) = 832
2067  fstat(3, {st_mode=S_IFREG|0644, st_size=205904, ...}) = 0
2067  mmap(NULL, 8192, PROT_READ|PROT_WRITE, MAP_PRIVATE|MAP_ANONYMOUS, -1, 0) = 0xe88195723000
2067  mmap(NULL, 335048, PROT_NONE, MAP_PRIVATE|MAP_ANONYMOUS|MAP_DENYWRITE, -1, 0) = 0xe8818c3de000
2067  mmap(0xe8818c3e0000, 269512, PROT_READ|PROT_EXEC, MAP_PRIVATE|MAP_FIXED|MAP_DENYWRITE, 3, 0) = 0xe8818c3e0000
2067  munmap(0xe8818c3de000, 8192)      = 0
2067  munmap(0xe8818c422000, 56520)     = 0
2067  mprotect(0xe8818c402000, 118784, PROT_NONE) = 0
2067  mmap(0xe8818c41f000, 12288, PROT_READ|PROT_WRITE, MAP_PRIVATE|MAP_FIXED|MAP_DENYWRITE, 3, 0x2f000) = 0xe8818c41f000
2067  close(3)                          = 0
2067  openat(AT_FDCWD, "/usr/lib/aarch64-linux-gnu/libsmi.so.2", O_RDONLY|O_CLOEXEC) = 3
2067  read(3, "\177ELF\2\1\1\0\0\0\0\0\0\0\0\0\3\0\267\0\1\0\0\0\0\0\0\0\0\0\0\0"..., 832) = 832
2067  fstat(3, {st_mode=S_IFREG|0644, st_size=404736, ...}) = 0
2067  mmap(NULL, 534152, PROT_NONE, MAP_PRIVATE|MAP_ANONYMOUS|MAP_DENYWRITE, -1, 0) = 0xe8818c35d000
2067  mmap(0xe8818c360000, 468616, PROT_READ|PROT_EXEC, MAP_PRIVATE|MAP_FIXED|MAP_DENYWRITE, 3, 0) = 0xe8818c360000
2067  munmap(0xe8818c35d000, 12288)     = 0
2067  munmap(0xe8818c3d3000, 50824)     = 0
2067  mprotect(0xe8818c3b7000, 94208, PROT_NONE) = 0
2067  mmap(0xe8818c3ce000, 20480, PROT_READ|PROT_WRITE, MAP_PRIVATE|MAP_FIXED|MAP_DENYWRITE, 3, 0x5e000) = 0xe8818c3ce000
2067  close(3)                          = 0
2067  openat(AT_FDCWD, "/usr/lib/aarch64-linux-gnu/libsnappy.so.1", O_RDONLY|O_CLOEXEC) = 3
2067  read(3, "\177ELF\2\1\1\0\0\0\0\0\0\0\0\0\3\0\267\0\1\0\0\0\0\0\0\0\0\0\0\0"..., 832) = 832
2067  fstat(3, {st_mode=S_IFREG|0644, st_size=67712, ...}) = 0
2067  mmap(NULL, 196752, PROT_NONE, MAP_PRIVATE|MAP_ANONYMOUS|MAP_DENYWRITE, -1, 0) = 0xe8818c32f000
2067  mmap(0xe8818c330000, 131216, PROT_READ|PROT_EXEC, MAP_PRIVATE|MAP_FIXED|MAP_DENYWRITE, 3, 0) = 0xe8818c330000
2067  munmap(0xe8818c32f000, 4096)      = 0
2067  munmap(0xe8818c351000, 57488)     = 0
2067  mprotect(0xe8818c339000, 90112, PROT_NONE) = 0
2067  mmap(0xe8818c34f000, 8192, PROT_READ|PROT_WRITE, MAP_PRIVATE|MAP_FIXED|MAP_DENYWRITE, 3, 0xf000) = 0xe8818c34f000
2067  close(3)                          = 0
2067  openat(AT_FDCWD, "/usr/lib/aarch64-linux-gnu/libxxhash.so.0", O_RDONLY|O_CLOEXEC) = 3
2067  read(3, "\177ELF\2\1\1\0\0\0\0\0\0\0\0\0\3\0\267\0\1\0\0\0\0\0\0\0\0\0\0\0"..., 832) = 832
2067  fstat(3, {st_mode=S_IFREG|0644, st_size=67512, ...}) = 0
2067  mmap(NULL, 196624, PROT_NONE, MAP_PRIVATE|MAP_ANONYMOUS|MAP_DENYWRITE, -1, 0) = 0xe8818c2ff000
2067  mmap(0xe8818c300000, 131088, PROT_READ|PROT_EXEC, MAP_PRIVATE|MAP_FIXED|MAP_DENYWRITE, 3, 0) = 0xe8818c300000
2067  munmap(0xe8818c2ff000, 4096)      = 0
2067  munmap(0xe8818c321000, 57360)     = 0
2067  mprotect(0xe8818c309000, 90112, PROT_NONE) = 0
2067  mmap(0xe8818c31f000, 8192, PROT_READ|PROT_WRITE, MAP_PRIVATE|MAP_FIXED|MAP_DENYWRITE, 3, 0xf000) = 0xe8818c31f000
2067  close(3)                          = 0
2067  openat(AT_FDCWD, "/usr/lib/aarch64-linux-gnu/libz.so.1", O_RDONLY|O_CLOEXEC) = 3
2067  read(3, "\177ELF\2\1\1\0\0\0\0\0\0\0\0\0\3\0\267\0\1\0\0\0\0\0\0\0\0\0\0\0"..., 832) = 832
2067  fstat(3, {st_mode=S_IFREG|0644, st_size=133432, ...}) = 0
2067  mmap(NULL, 262312, PROT_NONE, MAP_PRIVATE|MAP_ANONYMOUS|MAP_DENYWRITE, -1, 0) = 0xe8818c2bf000
2067  mmap(0xe8818c2c0000, 196776, PROT_READ|PROT_EXEC, MAP_PRIVATE|MAP_FIXED|MAP_DENYWRITE, 3, 0) = 0xe8818c2c0000
2067  munmap(0xe8818c2bf000, 4096)      = 0
2067  munmap(0xe8818c2f1000, 57512)     = 0
2067  mprotect(0xe8818c2db000, 81920, PROT_NONE) = 0
2067  mmap(0xe8818c2ef000, 8192, PROT_READ|PROT_WRITE, MAP_PRIVATE|MAP_FIXED|MAP_DENYWRITE, 3, 0x1f000) = 0xe8818c2ef000
2067  close(3)                          = 0
2067  openat(AT_FDCWD, "/usr/lib/aarch64-linux-gnu/libzstd.so.1", O_RDONLY|O_CLOEXEC) = 3
2067  read(3, "\177ELF\2\1\1\0\0\0\0\0\0\0\0\0\3\0\267\0\1\0\0\0\0\0\0\0\0\0\0\0"..., 832) = 832
2067  fstat(3, {st_mode=S_IFREG|0644, st_size=657512, ...}) = 0
2067  mmap(NULL, 786576, PROT_NONE, MAP_PRIVATE|MAP_ANONYMOUS|MAP_DENYWRITE, -1, 0) = 0xe8818c1ff000
2067  mmap(0xe8818c200000, 721040, PROT_READ|PROT_EXEC, MAP_PRIVATE|MAP_FIXED|MAP_DENYWRITE, 3, 0) = 0xe8818c200000
2067  munmap(0xe8818c1ff000, 4096)      = 0
2067  munmap(0xe8818c2b1000, 57488)     = 0
2067  mprotect(0xe8818c29f000, 65536, PROT_NONE) = 0
2067  mmap(0xe8818c2af000, 8192, PROT_READ|PROT_WRITE, MAP_PRIVATE|MAP_FIXED|MAP_DENYWRITE, 3, 0x9f000) = 0xe8818c2af000
2067  close(3)                          = 0
2067  openat(AT_FDCWD, "/usr/lib/aarch64-linux-gnu/libpcre2-8.so.0", O_RDONLY|O_CLOEXEC) = 3
2067  read(3, "\177ELF\2\1\1\0\0\0\0\0\0\0\0\0\3\0\267\0\1\0\0\0\0\0\0\0\0\0\0\0"..., 832) = 832
2067  fstat(3, {st_mode=S_IFREG|0644, st_size=658040, ...}) = 0
2067  mmap(NULL, 8192, PROT_READ|PROT_WRITE, MAP_PRIVATE|MAP_ANONYMOUS, -1, 0) = 0xe8818d26e000
2067  mmap(NULL, 786968, PROT_NONE, MAP_PRIVATE|MAP_ANONYMOUS|MAP_DENYWRITE, -1, 0) = 0xe8818c13f000
2067  mmap(0xe8818c140000, 721432, PROT_READ|PROT_EXEC, MAP_PRIVATE|MAP_FIXED|MAP_DENYWRITE, 3, 0) = 0xe8818c140000
2067  munmap(0xe8818c13f000, 4096)      = 0
2067  munmap(0xe8818c1f1000, 57880)     = 0
2067  mprotect(0xe8818c1d7000, 98304, PROT_NONE) = 0
2067  mmap(0xe8818c1ef000, 8192, PROT_READ|PROT_WRITE, MAP_PRIVATE|MAP_FIXED|MAP_DENYWRITE, 3, 0x9f000) = 0xe8818c1ef000
2067  close(3)                          = 0
2067  openat(AT_FDCWD, "/usr/lib/aarch64-linux-gnu/libgcc_s.so.1", O_RDONLY|O_CLOEXEC) = 3
2067  read(3, "\177ELF\2\1\1\0\0\0\0\0\0\0\0\0\3\0\267\0\1\0\0\0\0\0\0\0\0\0\0\0"..., 832) = 832
2067  fstat(3, {st_mode=S_IFREG|0644, st_size=133776, ...}) = 0
2067  mmap(NULL, 263072, PROT_NONE, MAP_PRIVATE|MAP_ANONYMOUS|MAP_DENYWRITE, -1, 0) = 0xe8818c0ff000
2067  mmap(0xe8818c100000, 197536, PROT_READ|PROT_EXEC, MAP_PRIVATE|MAP_FIXED|MAP_DENYWRITE, 3, 0) = 0xe8818c100000
2067  munmap(0xe8818c0ff000, 4096)      = 0
2067  munmap(0xe8818c131000, 58272)     = 0
2067  mprotect(0xe8818c11f000, 65536, PROT_NONE) = 0
2067  mmap(0xe8818c12f000, 8192, PROT_READ|PROT_WRITE, MAP_PRIVATE|MAP_FIXED|MAP_DENYWRITE, 3, 0x1f000) = 0xe8818c12f000
2067  close(3)                          = 0
2067  openat(AT_FDCWD, "/usr/lib/aarch64-linux-gnu/libibverbs.so.1", O_RDONLY|O_CLOEXEC) = 3
2067  read(3, "\177ELF\2\1\1\0\0\0\0\0\0\0\0\0\3\0\267\0\1\0\0\0\0\0\0\0\0\0\0\0"..., 832) = 832
2067  fstat(3, {st_mode=S_IFREG|0644, st_size=199536, ...}) = 0
2067  mmap(NULL, 263008, PROT_NONE, MAP_PRIVATE|MAP_ANONYMOUS|MAP_DENYWRITE, -1, 0) = 0xe8818c0bf000
2067  mmap(0xe8818c0c0000, 197472, PROT_READ|PROT_EXEC, MAP_PRIVATE|MAP_FIXED|MAP_DENYWRITE, 3, 0) = 0xe8818c0c0000
2067  munmap(0xe8818c0bf000, 4096)      = 0
2067  munmap(0xe8818c0f1000, 58208)     = 0
2067  mprotect(0xe8818c0e0000, 61440, PROT_NONE) = 0
2067  mmap(0xe8818c0ef000, 8192, PROT_READ|PROT_WRITE, MAP_PRIVATE|MAP_FIXED|MAP_DENYWRITE, 3, 0x2f000) = 0xe8818c0ef000
2067  close(3)                          = 0
2067  openat(AT_FDCWD, "/usr/lib/aarch64-linux-gnu/libdbus-1.so.3", O_RDONLY|O_CLOEXEC) = 3
2067  read(3, "\177ELF\2\1\1\0\0\0\0\0\0\0\0\0\3\0\267\0\1\0\0\0\0\0\0\0\0\0\0\0"..., 832) = 832
2067  fstat(3, {st_mode=S_IFREG|0644, st_size=395608, ...}) = 0
2067  mmap(NULL, 524880, PROT_NONE, MAP_PRIVATE|MAP_ANONYMOUS|MAP_DENYWRITE, -1, 0) = 0xe8818c03f000
2067  mmap(0xe8818c040000, 459344, PROT_READ|PROT_EXEC, MAP_PRIVATE|MAP_FIXED|MAP_DENYWRITE, 3, 0) = 0xe8818c040000
2067  munmap(0xe8818c03f000, 4096)      = 0
2067  munmap(0xe8818c0b1000, 57936)     = 0
2067  mprotect(0xe8818c091000, 122880, PROT_NONE) = 0
2067  mmap(0xe8818c0af000, 8192, PROT_READ|PROT_WRITE, MAP_PRIVATE|MAP_FIXED|MAP_DENYWRITE, 3, 0x5f000) = 0xe8818c0af000
2067  close(3)                          = 0
2067  openat(AT_FDCWD, "/usr/lib/aarch64-linux-gnu/libgmodule-2.0.so.0", O_RDONLY|O_CLOEXEC) = 3
2067  read(3, "\177ELF\2\1\1\0\0\0\0\0\0\0\0\0\3\0\267\0\1\0\0\0\0\0\0\0\0\0\0\0"..., 832) = 832
2067  fstat(3, {st_mode=S_IFREG|0644, st_size=67832, ...}) = 0
2067  mmap(NULL, 196712, PROT_NONE, MAP_PRIVATE|MAP_ANONYMOUS|MAP_DENYWRITE, -1, 0) = 0xe8818c00f000
2067  mmap(0xe8818c010000, 131176, PROT_READ|PROT_EXEC, MAP_PRIVATE|MAP_FIXED|MAP_DENYWRITE, 3, 0) = 0xe8818c010000
2067  munmap(0xe8818c00f000, 4096)      = 0
2067  munmap(0xe8818c031000, 57448)     = 0
2067  mprotect(0xe8818c013000, 114688, PROT_NONE) = 0
2067  mmap(0xe8818c02f000, 8192, PROT_READ|PROT_WRITE, MAP_PRIVATE|MAP_FIXED|MAP_DENYWRITE, 3, 0xf000) = 0xe8818c02f000
2067  close(3)                          = 0
2067  openat(AT_FDCWD, "/usr/lib/aarch64-linux-gnu/libatomic.so.1", O_RDONLY|O_CLOEXEC) = 3
2067  read(3, "\177ELF\2\1\1\3\0\0\0\0\0\0\0\0\3\0\267\0\1\0\0\0\0\0\0\0\0\0\0\0"..., 832) = 832
2067  fstat(3, {st_mode=S_IFREG|0644, st_size=67848, ...}) = 0
2067  mmap(NULL, 8192, PROT_READ|PROT_WRITE, MAP_PRIVATE|MAP_ANONYMOUS, -1, 0) = 0xe8818d26c000
2067  mmap(NULL, 200936, PROT_NONE, MAP_PRIVATE|MAP_ANONYMOUS|MAP_DENYWRITE, -1, 0) = 0xe8818bfde000
2067  mmap(0xe8818bfe0000, 135400, PROT_READ|PROT_EXEC, MAP_PRIVATE|MAP_FIXED|MAP_DENYWRITE, 3, 0) = 0xe8818bfe0000
2067  munmap(0xe8818bfde000, 8192)      = 0
2067  munmap(0xe8818c002000, 53480)     = 0
2067  mprotect(0xe8818bfe9000, 90112, PROT_NONE) = 0
2067  mmap(0xe8818bfff000, 8192, PROT_READ|PROT_WRITE, MAP_PRIVATE|MAP_FIXED|MAP_DENYWRITE, 3, 0xf000) = 0xe8818bfff000
2067  mmap(0xe8818c001000, 232, PROT_READ|PROT_WRITE, MAP_PRIVATE|MAP_FIXED|MAP_ANONYMOUS, -1, 0) = 0xe8818c001000
2067  close(3)                          = 0
2067  openat(AT_FDCWD, "/usr/lib/aarch64-linux-gnu/libbrotlicommon.so.1", O_RDONLY|O_CLOEXEC) = 3
2067  read(3, "\177ELF\2\1\1\0\0\0\0\0\0\0\0\0\3\0\267\0\1\0\0\0\0\0\0\0\0\0\0\0"..., 832) = 832
2067  fstat(3, {st_mode=S_IFREG|0644, st_size=199056, ...}) = 0
2067  mmap(NULL, 262208, PROT_NONE, MAP_PRIVATE|MAP_ANONYMOUS|MAP_DENYWRITE, -1, 0) = 0xe8818bf9f000
2067  mmap(0xe8818bfa0000, 196672, PROT_READ|PROT_EXEC, MAP_PRIVATE|MAP_FIXED|MAP_DENYWRITE, 3, 0) = 0xe8818bfa0000
2067  munmap(0xe8818bf9f000, 4096)      = 0
2067  munmap(0xe8818bfd1000, 57408)     = 0
2067  mprotect(0xe8818bfc0000, 61440, PROT_NONE) = 0
2067  mmap(0xe8818bfcf000, 8192, PROT_READ|PROT_WRITE, MAP_PRIVATE|MAP_FIXED|MAP_DENYWRITE, 3, 0x2f000) = 0xe8818bfcf000
2067  close(3)                          = 0
2067  openat(AT_FDCWD, "/usr/lib/aarch64-linux-gnu/libgpg-error.so.0", O_RDONLY|O_CLOEXEC) = 3
2067  read(3, "\177ELF\2\1\1\0\0\0\0\0\0\0\0\0\3\0\267\0\1\0\0\0\0\0\0\0\0\0\0\0"..., 832) = 832
2067  fstat(3, {st_mode=S_IFREG|0644, st_size=198928, ...}) = 0
2067  mmap(NULL, 328048, PROT_NONE, MAP_PRIVATE|MAP_ANONYMOUS|MAP_DENYWRITE, -1, 0) = 0xe8818bf4f000
2067  mmap(0xe8818bf50000, 262512, PROT_READ|PROT_EXEC, MAP_PRIVATE|MAP_FIXED|MAP_DENYWRITE, 3, 0) = 0xe8818bf50000
2067  munmap(0xe8818bf4f000, 4096)      = 0
2067  munmap(0xe8818bf91000, 57712)     = 0
2067  mprotect(0xe8818bf7b000, 81920, PROT_NONE) = 0
2067  mmap(0xe8818bf8f000, 8192, PROT_READ|PROT_WRITE, MAP_PRIVATE|MAP_FIXED|MAP_DENYWRITE, 3, 0x2f000) = 0xe8818bf8f000
2067  close(3)                          = 0
2067  openat(AT_FDCWD, "/usr/lib/aarch64-linux-gnu/libp11-kit.so.0", O_RDONLY|O_CLOEXEC) = 3
2067  read(3, "\177ELF\2\1\1\0\0\0\0\0\0\0\0\0\3\0\267\0\1\0\0\0\0\0\0\0\0\0\0\0"..., 832) = 832
2067  fstat(3, {st_mode=S_IFREG|0644, st_size=2158936, ...}) = 0
2067  mmap(NULL, 2224072, PROT_NONE, MAP_PRIVATE|MAP_ANONYMOUS|MAP_DENYWRITE, -1, 0) = 0xe8818bd31000
2067  mmap(0xe8818bd40000, 2158536, PROT_READ|PROT_EXEC, MAP_PRIVATE|MAP_FIXED|MAP_DENYWRITE, 3, 0) = 0xe8818bd40000
2067  munmap(0xe8818bd31000, 61440)     = 0
2067  munmap(0xe8818bf4f000, 4040)      = 0
2067  mprotect(0xe8818bf20000, 57344, PROT_NONE) = 0
2067  mmap(0xe8818bf2e000, 135168, PROT_READ|PROT_WRITE, MAP_PRIVATE|MAP_FIXED|MAP_DENYWRITE, 3, 0x1ee000) = 0xe8818bf2e000
2067  close(3)                          = 0
2067  openat(AT_FDCWD, "/usr/lib/aarch64-linux-gnu/libidn2.so.0", O_RDONLY|O_CLOEXEC) = 3
2067  read(3, "\177ELF\2\1\1\0\0\0\0\0\0\0\0\0\3\0\267\0\1\0\0\0\0\0\0\0\0\0\0\0"..., 832) = 832
2067  fstat(3, {st_mode=S_IFREG|0644, st_size=133248, ...}) = 0
2067  mmap(NULL, 262160, PROT_NONE, MAP_PRIVATE|MAP_ANONYMOUS|MAP_DENYWRITE, -1, 0) = 0xe8818bcff000
2067  mmap(0xe8818bd00000, 196624, PROT_READ|PROT_EXEC, MAP_PRIVATE|MAP_FIXED|MAP_DENYWRITE, 3, 0) = 0xe8818bd00000
2067  munmap(0xe8818bcff000, 4096)      = 0
2067  munmap(0xe8818bd31000, 57360)     = 0
2067  mprotect(0xe8818bd1e000, 69632, PROT_NONE) = 0
2067  mmap(0xe8818bd2f000, 8192, PROT_READ|PROT_WRITE, MAP_PRIVATE|MAP_FIXED|MAP_DENYWRITE, 3, 0x1f000) = 0xe8818bd2f000
2067  close(3)                          = 0
2067  openat(AT_FDCWD, "/usr/lib/aarch64-linux-gnu/libunistring.so.5", O_RDONLY|O_CLOEXEC) = 3
2067  read(3, "\177ELF\2\1\1\0\0\0\0\0\0\0\0\0\3\0\267\0\1\0\0\0\0\0\0\0\0\0\0\0"..., 832) = 832
2067  fstat(3, {st_mode=S_IFREG|0644, st_size=1968328, ...}) = 0
2067  mmap(NULL, 8192, PROT_READ|PROT_WRITE, MAP_PRIVATE|MAP_ANONYMOUS, -1, 0) = 0xe8818d26a000
2067  mmap(NULL, 2099376, PROT_NONE, MAP_PRIVATE|MAP_ANONYMOUS|MAP_DENYWRITE, -1, 0) = 0xe8818baff000
2067  mmap(0xe8818bb00000, 2033840, PROT_READ|PROT_EXEC, MAP_PRIVATE|MAP_FIXED|MAP_DENYWRITE, 3, 0) = 0xe8818bb00000
2067  munmap(0xe8818baff000, 4096)      = 0
2067  munmap(0xe8818bcf1000, 59568)     = 0
2067  mprotect(0xe8818bcdc000, 65536, PROT_NONE) = 0
2067  mmap(0xe8818bcec000, 20480, PROT_READ|PROT_WRITE, MAP_PRIVATE|MAP_FIXED|MAP_DENYWRITE, 3, 0x1dc000) = 0xe8818bcec000
2067  close(3)                          = 0
2067  openat(AT_FDCWD, "/usr/lib/aarch64-linux-gnu/libtasn1.so.6", O_RDONLY|O_CLOEXEC) = 3
2067  read(3, "\177ELF\2\1\1\0\0\0\0\0\0\0\0\0\3\0\267\0\1\0\0\0\0\0\0\0\0\0\0\0"..., 832) = 832
2067  fstat(3, {st_mode=S_IFREG|0644, st_size=133208, ...}) = 0
2067  mmap(NULL, 262592, PROT_NONE, MAP_PRIVATE|MAP_ANONYMOUS|MAP_DENYWRITE, -1, 0) = 0xe8818babf000
2067  mmap(0xe8818bac0000, 197056, PROT_READ|PROT_EXEC, MAP_PRIVATE|MAP_FIXED|MAP_DENYWRITE, 3, 0) = 0xe8818bac0000
2067  munmap(0xe8818babf000, 4096)      = 0
2067  munmap(0xe8818baf1000, 57792)     = 0
2067  mprotect(0xe8818bad4000, 110592, PROT_NONE) = 0
2067  mmap(0xe8818baef000, 8192, PROT_READ|PROT_WRITE, MAP_PRIVATE|MAP_FIXED|MAP_DENYWRITE, 3, 0x1f000) = 0xe8818baef000
2067  close(3)                          = 0
2067  openat(AT_FDCWD, "/usr/lib/aarch64-linux-gnu/libhogweed.so.6", O_RDONLY|O_CLOEXEC) = 3
2067  read(3, "\177ELF\2\1\1\0\0\0\0\0\0\0\0\0\3\0\267\0\1\0\0\0\0\0\0\0\0\0\0\0"..., 832) = 832
2067  fstat(3, {st_mode=S_IFREG|0644, st_size=329736, ...}) = 0
2067  mmap(NULL, 458768, PROT_NONE, MAP_PRIVATE|MAP_ANONYMOUS|MAP_DENYWRITE, -1, 0) = 0xe8818ba4f000
2067  mmap(0xe8818ba50000, 393232, PROT_READ|PROT_EXEC, MAP_PRIVATE|MAP_FIXED|MAP_DENYWRITE, 3, 0) = 0xe8818ba50000
2067  munmap(0xe8818ba4f000, 4096)      = 0
2067  munmap(0xe8818bab1000, 57360)     = 0
2067  mprotect(0xe8818ba97000, 94208, PROT_NONE) = 0
2067  mmap(0xe8818baae000, 12288, PROT_READ|PROT_WRITE, MAP_PRIVATE|MAP_FIXED|MAP_DENYWRITE, 3, 0x4e000) = 0xe8818baae000
2067  close(3)                          = 0
2067  openat(AT_FDCWD, "/usr/lib/aarch64-linux-gnu/libnettle.so.8", O_RDONLY|O_CLOEXEC) = 3
2067  read(3, "\177ELF\2\1\1\0\0\0\0\0\0\0\0\0\3\0\267\0\1\0\0\0\0\0\0\0\0\0\0\0"..., 832) = 832
2067  fstat(3, {st_mode=S_IFREG|0644, st_size=395272, ...}) = 0
2067  mmap(NULL, 458848, PROT_NONE, MAP_PRIVATE|MAP_ANONYMOUS|MAP_DENYWRITE, -1, 0) = 0xe8818b9df000
2067  mmap(0xe8818b9e0000, 393312, PROT_READ|PROT_EXEC, MAP_PRIVATE|MAP_FIXED|MAP_DENYWRITE, 3, 0) = 0xe8818b9e0000
2067  munmap(0xe8818b9df000, 4096)      = 0
2067  munmap(0xe8818ba41000, 57440)     = 0
2067  mprotect(0xe8818ba30000, 57344, PROT_NONE) = 0
2067  mmap(0xe8818ba3e000, 12288, PROT_READ|PROT_WRITE, MAP_PRIVATE|MAP_FIXED|MAP_DENYWRITE, 3, 0x5e000) = 0xe8818ba3e000
2067  close(3)                          = 0
2067  openat(AT_FDCWD, "/usr/lib/aarch64-linux-gnu/libgmp.so.10", O_RDONLY|O_CLOEXEC) = 3
2067  read(3, "\177ELF\2\1\1\0\0\0\0\0\0\0\0\0\3\0\267\0\1\0\0\0\0\0\0\0\0\0\0\0"..., 832) = 832
2067  fstat(3, {st_mode=S_IFREG|0644, st_size=526824, ...}) = 0
2067  mmap(NULL, 655800, PROT_NONE, MAP_PRIVATE|MAP_ANONYMOUS|MAP_DENYWRITE, -1, 0) = 0xe8818b93f000
2067  mmap(0xe8818b940000, 590264, PROT_READ|PROT_EXEC, MAP_PRIVATE|MAP_FIXED|MAP_DENYWRITE, 3, 0) = 0xe8818b940000
2067  munmap(0xe8818b93f000, 4096)      = 0
2067  munmap(0xe8818b9d1000, 57784)     = 0
2067  mprotect(0xe8818b9c0000, 61440, PROT_NONE) = 0
2067  mmap(0xe8818b9cf000, 8192, PROT_READ|PROT_WRITE, MAP_PRIVATE|MAP_FIXED|MAP_DENYWRITE, 3, 0x7f000) = 0xe8818b9cf000
2067  close(3)                          = 0
2067  openat(AT_FDCWD, "/usr/lib/aarch64-linux-gnu/libcom_err.so.2", O_RDONLY|O_CLOEXEC) = 3
2067  read(3, "\177ELF\2\1\1\0\0\0\0\0\0\0\0\0\3\0\267\0\1\0\0\0\0\0\0\0\0\0\0\0"..., 832) = 832
2067  fstat(3, {st_mode=S_IFREG|0644, st_size=67712, ...}) = 0
2067  mmap(NULL, 8192, PROT_READ|PROT_WRITE, MAP_PRIVATE|MAP_ANONYMOUS, -1, 0) = 0xe8818d268000
2067  mmap(NULL, 196680, PROT_NONE, MAP_PRIVATE|MAP_ANONYMOUS|MAP_DENYWRITE, -1, 0) = 0xe8818b90f000
2067  mmap(0xe8818b910000, 131144, PROT_READ|PROT_EXEC, MAP_PRIVATE|MAP_FIXED|MAP_DENYWRITE, 3, 0) = 0xe8818b910000
2067  munmap(0xe8818b90f000, 4096)      = 0
2067  munmap(0xe8818b931000, 57416)     = 0
2067  mprotect(0xe8818b913000, 114688, PROT_NONE) = 0
2067  mmap(0xe8818b92f000, 8192, PROT_READ|PROT_WRITE, MAP_PRIVATE|MAP_FIXED|MAP_DENYWRITE, 3, 0xf000) = 0xe8818b92f000
2067  close(3)                          = 0
2067  openat(AT_FDCWD, "/usr/lib/aarch64-linux-gnu/libkrb5support.so.0", O_RDONLY|O_CLOEXEC) = 3
2067  read(3, "\177ELF\2\1\1\0\0\0\0\0\0\0\0\0\3\0\267\0\1\0\0\0\0\0\0\0\0\0\0\0"..., 832) = 832
2067  fstat(3, {st_mode=S_IFREG|0644, st_size=68456, ...}) = 0
2067  mmap(NULL, 197440, PROT_NONE, MAP_PRIVATE|MAP_ANONYMOUS|MAP_DENYWRITE, -1, 0) = 0xe8818b8df000
2067  mmap(0xe8818b8e0000, 131904, PROT_READ|PROT_EXEC, MAP_PRIVATE|MAP_FIXED|MAP_DENYWRITE, 3, 0) = 0xe8818b8e0000
2067  munmap(0xe8818b8df000, 4096)      = 0
2067  munmap(0xe8818b901000, 58176)     = 0
2067  mprotect(0xe8818b8eb000, 81920, PROT_NONE) = 0
2067  mmap(0xe8818b8ff000, 8192, PROT_READ|PROT_WRITE, MAP_PRIVATE|MAP_FIXED|MAP_DENYWRITE, 3, 0xf000) = 0xe8818b8ff000
2067  close(3)                          = 0
2067  openat(AT_FDCWD, "/usr/lib/aarch64-linux-gnu/libkeyutils.so.1", O_RDONLY|O_CLOEXEC) = 3
2067  read(3, "\177ELF\2\1\1\0\0\0\0\0\0\0\0\0\3\0\267\0\1\0\0\0\0\0\0\0\0\0\0\0"..., 832) = 832
2067  fstat(3, {st_mode=S_IFREG|0644, st_size=67712, ...}) = 0
2067  mmap(NULL, 196624, PROT_NONE, MAP_PRIVATE|MAP_ANONYMOUS|MAP_DENYWRITE, -1, 0) = 0xe8818b8af000
2067  mmap(0xe8818b8b0000, 131088, PROT_READ|PROT_EXEC, MAP_PRIVATE|MAP_FIXED|MAP_DENYWRITE, 3, 0) = 0xe8818b8b0000
2067  munmap(0xe8818b8af000, 4096)      = 0
2067  munmap(0xe8818b8d1000, 57360)     = 0
2067  mprotect(0xe8818b8b4000, 110592, PROT_NONE) = 0
2067  mmap(0xe8818b8cf000, 8192, PROT_READ|PROT_WRITE, MAP_PRIVATE|MAP_FIXED|MAP_DENYWRITE, 3, 0xf000) = 0xe8818b8cf000
2067  close(3)                          = 0
2067  openat(AT_FDCWD, "/usr/lib/aarch64-linux-gnu/libresolv.so.2", O_RDONLY|O_CLOEXEC) = 3
2067  read(3, "\177ELF\2\1\1\0\0\0\0\0\0\0\0\0\3\0\267\0\1\0\0\0\0\0\0\0\0\0\0\0"..., 832) = 832
2067  fstat(3, {st_mode=S_IFREG|0644, st_size=68000, ...}) = 0
2067  mmap(NULL, 206920, PROT_NONE, MAP_PRIVATE|MAP_ANONYMOUS|MAP_DENYWRITE, -1, 0) = 0xe8818b87d000
2067  mmap(0xe8818b880000, 141384, PROT_READ|PROT_EXEC, MAP_PRIVATE|MAP_FIXED|MAP_DENYWRITE, 3, 0) = 0xe8818b880000
2067  munmap(0xe8818b87d000, 12288)     = 0
2067  munmap(0xe8818b8a3000, 51272)     = 0
2067  mprotect(0xe8818b88d000, 73728, PROT_NONE) = 0
2067  mmap(0xe8818b89f000, 8192, PROT_READ|PROT_WRITE, MAP_PRIVATE|MAP_FIXED|MAP_DENYWRITE, 3, 0xf000) = 0xe8818b89f000
2067  mmap(0xe8818b8a1000, 6216, PROT_READ|PROT_WRITE, MAP_PRIVATE|MAP_FIXED|MAP_ANONYMOUS, -1, 0) = 0xe8818b8a1000
2067  close(3)                          = 0
2067  openat(AT_FDCWD, "/usr/lib/aarch64-linux-gnu/libstdc++.so.6", O_RDONLY|O_CLOEXEC) = 3
2067  read(3, "\177ELF\2\1\1\3\0\0\0\0\0\0\0\0\3\0\267\0\1\0\0\0\0\0\0\0\0\0\0\0"..., 832) = 832
2067  fstat(3, {st_mode=S_IFREG|0644, st_size=2699072, ...}) = 0
2067  mmap(NULL, 2781320, PROT_NONE, MAP_PRIVATE|MAP_ANONYMOUS|MAP_DENYWRITE, -1, 0) = 0xe8818b5d8000
2067  mmap(0xe8818b5e0000, 2715784, PROT_READ|PROT_EXEC, MAP_PRIVATE|MAP_FIXED|MAP_DENYWRITE, 3, 0) = 0xe8818b5e0000
2067  munmap(0xe8818b5d8000, 32768)     = 0
2067  munmap(0xe8818b878000, 28808)     = 0
2067  mprotect(0xe8818b857000, 40960, PROT_NONE) = 0
2067  mmap(0xe8818b861000, 73728, PROT_READ|PROT_WRITE, MAP_PRIVATE|MAP_FIXED|MAP_DENYWRITE, 3, 0x281000) = 0xe8818b861000
2067  mmap(0xe8818b873000, 16520, PROT_READ|PROT_WRITE, MAP_PRIVATE|MAP_FIXED|MAP_ANONYMOUS, -1, 0) = 0xe8818b873000
2067  close(3)                          = 0
2067  openat(AT_FDCWD, "/usr/lib/aarch64-linux-gnu/libnl-route-3.so.200", O_RDONLY|O_CLOEXEC) = 3
2067  read(3, "\177ELF\2\1\1\0\0\0\0\0\0\0\0\0\3\0\267\0\1\0\0\0\0\0\0\0\0\0\0\0"..., 832) = 832
2067  fstat(3, {st_mode=S_IFREG|0644, st_size=675304, ...}) = 0
2067  mmap(NULL, 8192, PROT_READ|PROT_WRITE, MAP_PRIVATE|MAP_ANONYMOUS, -1, 0) = 0xe8818d266000
2067  mmap(NULL, 813040, PROT_NONE, MAP_PRIVATE|MAP_ANONYMOUS|MAP_DENYWRITE, -1, 0) = 0xe8818b519000
2067  mmap(0xe8818b520000, 747504, PROT_READ|PROT_EXEC, MAP_PRIVATE|MAP_FIXED|MAP_DENYWRITE, 3, 0) = 0xe8818b520000
2067  munmap(0xe8818b519000, 28672)     = 0
2067  munmap(0xe8818b5d7000, 34800)     = 0
2067  mprotect(0xe8818b5ba000, 77824, PROT_NONE) = 0
2067  mmap(0xe8818b5cd000, 32768, PROT_READ|PROT_WRITE, MAP_PRIVATE|MAP_FIXED|MAP_DENYWRITE, 3, 0x9d000) = 0xe8818b5cd000
2067  mmap(0xe8818b5d5000, 6128, PROT_READ|PROT_WRITE, MAP_PRIVATE|MAP_FIXED|MAP_ANONYMOUS, -1, 0) = 0xe8818b5d5000
2067  close(3)                          = 0
2067  openat(AT_FDCWD, "/usr/lib/aarch64-linux-gnu/libnl-3.so.200", O_RDONLY|O_CLOEXEC) = 3
2067  read(3, "\177ELF\2\1\1\0\0\0\0\0\0\0\0\0\3\0\267\0\1\0\0\0\0\0\0\0\0\0\0\0"..., 832) = 832
2067  fstat(3, {st_mode=S_IFREG|0644, st_size=198840, ...}) = 0
2067  mmap(NULL, 328096, PROT_NONE, MAP_PRIVATE|MAP_ANONYMOUS|MAP_DENYWRITE, -1, 0) = 0xe8818b4cf000
2067  mmap(0xe8818b4d0000, 262560, PROT_READ|PROT_EXEC, MAP_PRIVATE|MAP_FIXED|MAP_DENYWRITE, 3, 0) = 0xe8818b4d0000
2067  munmap(0xe8818b4cf000, 4096)      = 0
2067  munmap(0xe8818b511000, 57760)     = 0
2067  mprotect(0xe8818b4f1000, 118784, PROT_NONE) = 0
2067  mmap(0xe8818b50e000, 12288, PROT_READ|PROT_WRITE, MAP_PRIVATE|MAP_FIXED|MAP_DENYWRITE, 3, 0x2e000) = 0xe8818b50e000
2067  close(3)                          = 0
2067  openat(AT_FDCWD, "/usr/lib/aarch64-linux-gnu/libsystemd.so.0", O_RDONLY|O_CLOEXEC) = 3
2067  read(3, "\177ELF\2\1\1\0\0\0\0\0\0\0\0\0\3\0\267\0\1\0\0\0\0\0\0\0\0\0\0\0"..., 832) = 832
2067  fstat(3, {st_mode=S_IFREG|0644, st_size=1186224, ...}) = 0
2067  mmap(NULL, 1252584, PROT_NONE, MAP_PRIVATE|MAP_ANONYMOUS|MAP_DENYWRITE, -1, 0) = 0xe8818b39e000
2067  mmap(0xe8818b3a0000, 1187048, PROT_READ|PROT_EXEC, MAP_PRIVATE|MAP_FIXED|MAP_DENYWRITE, 3, 0) = 0xe8818b3a0000
2067  munmap(0xe8818b39e000, 8192)      = 0
2067  munmap(0xe8818b4c2000, 56552)     = 0
2067  mprotect(0xe8818b4ac000, 49152, PROT_NONE) = 0
2067  mmap(0xe8818b4b8000, 36864, PROT_READ|PROT_WRITE, MAP_PRIVATE|MAP_FIXED|MAP_DENYWRITE, 3, 0x118000) = 0xe8818b4b8000
2067  mmap(0xe8818b4c1000, 3304, PROT_READ|PROT_WRITE, MAP_PRIVATE|MAP_FIXED|MAP_ANONYMOUS, -1, 0) = 0xe8818b4c1000
2067  close(3)                          = 0
2067  openat(AT_FDCWD, "/usr/lib/aarch64-linux-gnu/libffi.so.8", O_RDONLY|O_CLOEXEC) = 3
2067  read(3, "\177ELF\2\1\1\0\0\0\0\0\0\0\0\0\3\0\267\0\1\0\0\0\0\0\0\0\0\0\0\0"..., 832) = 832
2067  fstat(3, {st_mode=S_IFREG|0644, st_size=133800, ...}) = 0
2067  mmap(NULL, 263848, PROT_NONE, MAP_PRIVATE|MAP_ANONYMOUS|MAP_DENYWRITE, -1, 0) = 0xe8818b35f000
2067  mmap(0xe8818b360000, 198312, PROT_READ|PROT_EXEC, MAP_PRIVATE|MAP_FIXED|MAP_DENYWRITE, 3, 0) = 0xe8818b360000
2067  munmap(0xe8818b35f000, 4096)      = 0
2067  munmap(0xe8818b391000, 59048)     = 0
2067  mprotect(0xe8818b376000, 102400, PROT_NONE) = 0
2067  mmap(0xe8818b38f000, 8192, PROT_READ|PROT_WRITE, MAP_PRIVATE|MAP_FIXED|MAP_DENYWRITE, 3, 0x1f000) = 0xe8818b38f000
2067  close(3)                          = 0
2067  mmap(NULL, 8192, PROT_READ|PROT_WRITE, MAP_PRIVATE|MAP_ANONYMOUS, -1, 0) = 0xe8818d264000
2067  mmap(NULL, 8192, PROT_READ|PROT_WRITE, MAP_PRIVATE|MAP_ANONYMOUS, -1, 0) = 0xe8818d262000
2067  mmap(NULL, 12288, PROT_READ|PROT_WRITE, MAP_PRIVATE|MAP_ANONYMOUS, -1, 0) = 0xe8818d19d000
2067  set_tid_address(0xe8818d19d448)   = 2067
2067  set_robust_list(0xe8818d19d100, 24) = 0
2067  rseq(0xe8818d19de40, 0x21, 0, 0xd428bc00) = 0
2067  mprotect(0xe8818cdbd000, 12288, PROT_READ) = 0
2067  mprotect(0xe8818b38f000, 4096, PROT_READ) = 0
2067  mprotect(0xe8818d25f000, 4096, PROT_READ) = 0
2067  mprotect(0xe8818b4b8000, 32768, PROT_READ) = 0
2067  mprotect(0xe8818b50e000, 8192, PROT_READ) = 0
2067  mprotect(0xe8818b5cd000, 12288, PROT_READ) = 0
2067  mprotect(0xe8818c12f000, 4096, PROT_READ) = 0
2067  mmap(NULL, 8192, PROT_READ|PROT_WRITE, MAP_PRIVATE|MAP_ANONYMOUS, -1, 0) = 0xe8818d19b000
2067  mprotect(0xe8818b861000, 61440, PROT_READ) = 0
2067  mprotect(0xe8818b89f000, 4096, PROT_READ) = 0
2067  mprotect(0xe8818b8cf000, 4096, PROT_READ) = 0
2067  mprotect(0xe8818b8ff000, 4096, PROT_READ) = 0
2067  mprotect(0xe8818b92f000, 4096, PROT_READ) = 0
2067  mprotect(0xe8818b9cf000, 4096, PROT_READ) = 0
2067  mprotect(0xe8818ba3e000, 8192, PROT_READ) = 0
2067  mprotect(0xe8818baae000, 8192, PROT_READ) = 0
2067  mprotect(0xe8818baef000, 4096, PROT_READ) = 0
2067  mprotect(0xe8818bcec000, 16384, PROT_READ) = 0
2067  mprotect(0xe8818bd2f000, 4096, PROT_READ) = 0
2067  mprotect(0xe8818bf2e000, 73728, PROT_READ) = 0
2067  mprotect(0xe8818bf8f000, 4096, PROT_READ) = 0
2067  mprotect(0xe8818bfcf000, 4096, PROT_READ) = 0
2067  mprotect(0xe8818bfff000, 4096, PROT_READ) = 0
2067  mprotect(0xe8818c1ef000, 4096, PROT_READ) = 0
2067  mprotect(0xe8818cf4f000, 4096, PROT_READ) = 0
2067  mprotect(0xe8818c02f000, 4096, PROT_READ) = 0
2067  mprotect(0xe8818c0af000, 4096, PROT_READ) = 0
2067  mprotect(0xe8818c0ef000, 4096, PROT_READ) = 0
2067  mprotect(0xe8818c2af000, 4096, PROT_READ) = 0
2067  mprotect(0xe8818c2ef000, 4096, PROT_READ) = 0
2067  mprotect(0xe8818c31f000, 4096, PROT_READ) = 0
2067  mprotect(0xe8818c34f000, 4096, PROT_READ) = 0
2067  mprotect(0xe8818c3ce000, 8192, PROT_READ) = 0
2067  mprotect(0xe8818c41f000, 4096, PROT_READ) = 0
2067  mprotect(0xe8818c46d000, 12288, PROT_READ) = 0
2067  mprotect(0xe8818c4bf000, 4096, PROT_READ) = 0
2067  mprotect(0xe8818c52e000, 8192, PROT_READ) = 0
2067  mprotect(0xe8818c6b8000, 32768, PROT_READ) = 0
2067  mprotect(0xe8818c70f000, 4096, PROT_READ) = 0
2067  mprotect(0xe8818c7e5000, 45056, PROT_READ) = 0
2067  mprotect(0xe8818ca00000, 65536, PROT_READ) = 0
2067  mprotect(0xe8818cb5b000, 20480, PROT_READ) = 0
2067  mprotect(0xe8818cbbf000, 4096, PROT_READ) = 0
2067  mprotect(0xe8818cbef000, 4096, PROT_READ) = 0
2067  mprotect(0xe8818cfbe000, 8192, PROT_READ) = 0
2067  mprotect(0xe8818d087000, 36864, PROT_READ) = 0
2067  mprotect(0xe8818d18d000, 12288, PROT_READ) = 0
2067  mprotect(0xe88193237000, 15503360, PROT_READ) = 0
2067  mprotect(0xb77f3912d000, 12288, PROT_READ) = 0
2067  mprotect(0xe88195765000, 8192, PROT_READ) = 0
2067  prlimit64(0, RLIMIT_STACK, NULL, {rlim_cur=8192*1024, rlim_max=RLIM64_INFINITY}) = 0
2067  getrandom("\x16\xe1\xb6\x65\x49\x7e\x5e\xb7", 8, GRND_NONBLOCK) = 8
2067  munmap(0xe88195754000, 35777)     = 0
2067  brk(NULL)                         = 0xb77f4ce78000
2067  brk(0xb77f4d000000)               = 0xb77f4d000000
2067  newfstatat(AT_FDCWD, "/etc/libnl/classid", 0xffffe3a788b8, 0) = -1 ENOENT (No such file or directory)
2067  openat(AT_FDCWD, "/etc/libnl/classid", O_RDONLY|O_CLOEXEC) = -1 ENOENT (No such file or directory)
2067  futex(0xe8818b8738dc, FUTEX_WAKE_PRIVATE, 2147483647) = 0
2067  rt_sigprocmask(SIG_BLOCK, ~[], [], 8) = 0
2067  mmap(NULL, 4096, PROT_READ|PROT_WRITE, MAP_DROPPABLE|MAP_ANONYMOUS, -1, 0) = 0xe8819575c000
2067  mmap(NULL, 4096, PROT_READ|PROT_WRITE, MAP_PRIVATE|MAP_ANONYMOUS, -1, 0) = 0xe8819575b000
2067  rt_sigprocmask(SIG_SETMASK, [], NULL, 8) = 0
2067  getrandom("\x29\xc0\x02\x2d\xfd\x25\x3b\xe0\xc3\x42\x52\x91\xb3\xd8\xdf\xb1\x02\xf0\xe2\x5f\x0f\x71\xbc\x0d\x94\x34\x8a\xf1\x62\x61\x4d\x4f", 32, 0) = 32
2067  newfstatat(AT_FDCWD, "/etc/gnutls/config", {st_mode=S_IFREG|0644, st_size=119, ...}, 0) = 0
2067  openat(AT_FDCWD, "/etc/gnutls/config", O_RDONLY|O_CLOEXEC) = 3
2067  fstat(3, {st_mode=S_IFREG|0644, st_size=119, ...}) = 0
2067  read(3, "[overrides]\ndisabled-version = t"..., 4096) = 119
2067  read(3, "", 4096)                 = 0
2067  lseek(3, 0, SEEK_SET)             = 0
2067  read(3, "[overrides]\ndisabled-version = t"..., 4096) = 119
2067  read(3, "", 4096)                 = 0
2067  close(3)                          = 0
2067  openat(AT_FDCWD, "/var/lib/crypto-config/profiles/current/gnutls.conf", O_RDONLY|O_CLOEXEC) = -1 ENOENT (No such file or directory)
2067  openat(AT_FDCWD, "/usr/lib/locale/locale-archive", O_RDONLY|O_CLOEXEC) = 3
2067  fstat(3, {st_mode=S_IFREG|0644, st_size=3064432, ...}) = 0
2067  mmap(NULL, 3064432, PROT_READ, MAP_PRIVATE, 3, 0) = 0xe8818b000000
2067  close(3)                          = 0
2067  openat(AT_FDCWD, "/usr/share/locale/locale.alias", O_RDONLY|O_CLOEXEC) = -1 ENOENT (No such file or directory)
2067  openat(AT_FDCWD, "/usr/lib/locale/C.UTF-8/LC_IDENTIFICATION", O_RDONLY|O_CLOEXEC) = -1 ENOENT (No such file or directory)
2067  openat(AT_FDCWD, "/usr/lib/locale/C.utf8/LC_IDENTIFICATION", O_RDONLY|O_CLOEXEC) = 3
2067  fstat(3, {st_mode=S_IFREG|0644, st_size=258, ...}) = 0
2067  mmap(NULL, 258, PROT_READ, MAP_PRIVATE, 3, 0) = 0xe8819575a000
2067  close(3)                          = 0
2067  openat(AT_FDCWD, "/usr/lib/aarch64-linux-gnu/gconv/gconv-modules.cache", O_RDONLY|O_CLOEXEC) = 3
2067  fstat(3, {st_mode=S_IFREG|0644, st_size=27028, ...}) = 0
2067  mmap(NULL, 27028, PROT_READ, MAP_SHARED, 3, 0) = 0xe8818d194000
2067  close(3)                          = 0
2067  futex(0xe8818cdc151c, FUTEX_WAKE_PRIVATE, 2147483647) = 0
2067  openat(AT_FDCWD, "/usr/lib/locale/C.UTF-8/LC_MEASUREMENT", O_RDONLY|O_CLOEXEC) = -1 ENOENT (No such file or directory)
2067  openat(AT_FDCWD, "/usr/lib/locale/C.utf8/LC_MEASUREMENT", O_RDONLY|O_CLOEXEC) = 3
2067  fstat(3, {st_mode=S_IFREG|0644, st_size=23, ...}) = 0
2067  mmap(NULL, 23, PROT_READ, MAP_PRIVATE, 3, 0) = 0xe88195759000
2067  close(3)                          = 0
2067  openat(AT_FDCWD, "/usr/lib/locale/C.UTF-8/LC_TELEPHONE", O_RDONLY|O_CLOEXEC) = -1 ENOENT (No such file or directory)
2067  openat(AT_FDCWD, "/usr/lib/locale/C.utf8/LC_TELEPHONE", O_RDONLY|O_CLOEXEC) = 3
2067  fstat(3, {st_mode=S_IFREG|0644, st_size=47, ...}) = 0
2067  mmap(NULL, 47, PROT_READ, MAP_PRIVATE, 3, 0) = 0xe88195758000
2067  close(3)                          = 0
2067  openat(AT_FDCWD, "/usr/lib/locale/C.UTF-8/LC_ADDRESS", O_RDONLY|O_CLOEXEC) = -1 ENOENT (No such file or directory)
2067  openat(AT_FDCWD, "/usr/lib/locale/C.utf8/LC_ADDRESS", O_RDONLY|O_CLOEXEC) = 3
2067  fstat(3, {st_mode=S_IFREG|0644, st_size=127, ...}) = 0
2067  mmap(NULL, 127, PROT_READ, MAP_PRIVATE, 3, 0) = 0xe88195757000
2067  close(3)                          = 0
2067  openat(AT_FDCWD, "/usr/lib/locale/C.UTF-8/LC_NAME", O_RDONLY|O_CLOEXEC) = -1 ENOENT (No such file or directory)
2067  openat(AT_FDCWD, "/usr/lib/locale/C.utf8/LC_NAME", O_RDONLY|O_CLOEXEC) = 3
2067  fstat(3, {st_mode=S_IFREG|0644, st_size=62, ...}) = 0
2067  mmap(NULL, 62, PROT_READ, MAP_PRIVATE, 3, 0) = 0xe88195756000
2067  close(3)                          = 0
2067  openat(AT_FDCWD, "/usr/lib/locale/C.UTF-8/LC_PAPER", O_RDONLY|O_CLOEXEC) = -1 ENOENT (No such file or directory)
2067  openat(AT_FDCWD, "/usr/lib/locale/C.utf8/LC_PAPER", O_RDONLY|O_CLOEXEC) = 3
2067  fstat(3, {st_mode=S_IFREG|0644, st_size=34, ...}) = 0
2067  mmap(NULL, 34, PROT_READ, MAP_PRIVATE, 3, 0) = 0xe88195755000
2067  close(3)                          = 0
2067  openat(AT_FDCWD, "/usr/lib/locale/C.UTF-8/LC_MESSAGES", O_RDONLY|O_CLOEXEC) = -1 ENOENT (No such file or directory)
2067  openat(AT_FDCWD, "/usr/lib/locale/C.utf8/LC_MESSAGES", O_RDONLY|O_CLOEXEC) = 3
2067  fstat(3, {st_mode=S_IFDIR|0755, st_size=4096, ...}) = 0
2067  close(3)                          = 0
2067  openat(AT_FDCWD, "/usr/lib/locale/C.utf8/LC_MESSAGES/SYS_LC_MESSAGES", O_RDONLY|O_CLOEXEC) = 3
2067  fstat(3, {st_mode=S_IFREG|0644, st_size=48, ...}) = 0
2067  mmap(NULL, 48, PROT_READ, MAP_PRIVATE, 3, 0) = 0xe88195754000
2067  close(3)                          = 0
2067  openat(AT_FDCWD, "/usr/lib/locale/C.UTF-8/LC_MONETARY", O_RDONLY|O_CLOEXEC) = -1 ENOENT (No such file or directory)
2067  openat(AT_FDCWD, "/usr/lib/locale/C.utf8/LC_MONETARY", O_RDONLY|O_CLOEXEC) = 3
2067  fstat(3, {st_mode=S_IFREG|0644, st_size=270, ...}) = 0
2067  mmap(NULL, 270, PROT_READ, MAP_PRIVATE, 3, 0) = 0xe88195751000
2067  close(3)                          = 0
2067  openat(AT_FDCWD, "/usr/lib/locale/C.UTF-8/LC_COLLATE", O_RDONLY|O_CLOEXEC) = -1 ENOENT (No such file or directory)
2067  openat(AT_FDCWD, "/usr/lib/locale/C.utf8/LC_COLLATE", O_RDONLY|O_CLOEXEC) = 3
2067  fstat(3, {st_mode=S_IFREG|0644, st_size=1406, ...}) = 0
2067  mmap(NULL, 1406, PROT_READ, MAP_PRIVATE, 3, 0) = 0xe88195722000
2067  close(3)                          = 0
2067  openat(AT_FDCWD, "/usr/lib/locale/C.UTF-8/LC_TIME", O_RDONLY|O_CLOEXEC) = -1 ENOENT (No such file or directory)
2067  openat(AT_FDCWD, "/usr/lib/locale/C.utf8/LC_TIME", O_RDONLY|O_CLOEXEC) = 3
2067  fstat(3, {st_mode=S_IFREG|0644, st_size=3360, ...}) = 0
2067  mmap(NULL, 3360, PROT_READ, MAP_PRIVATE, 3, 0) = 0xe8818d261000
2067  close(3)                          = 0
2067  openat(AT_FDCWD, "/usr/lib/locale/C.UTF-8/LC_NUMERIC", O_RDONLY|O_CLOEXEC) = -1 ENOENT (No such file or directory)
2067  openat(AT_FDCWD, "/usr/lib/locale/C.utf8/LC_NUMERIC", O_RDONLY|O_CLOEXEC) = 3
2067  fstat(3, {st_mode=S_IFREG|0644, st_size=50, ...}) = 0
2067  mmap(NULL, 50, PROT_READ, MAP_PRIVATE, 3, 0) = 0xe8818d193000
2067  close(3)                          = 0
2067  openat(AT_FDCWD, "/usr/lib/locale/C.UTF-8/LC_CTYPE", O_RDONLY|O_CLOEXEC) = -1 ENOENT (No such file or directory)
2067  openat(AT_FDCWD, "/usr/lib/locale/C.utf8/LC_CTYPE", O_RDONLY|O_CLOEXEC) = 3
2067  fstat(3, {st_mode=S_IFREG|0644, st_size=369120, ...}) = 0
2067  mmap(NULL, 369120, PROT_READ, MAP_PRIVATE, 3, 0) = 0xe8818b305000
2067  close(3)                          = 0
2067  openat(AT_FDCWD, "/etc/localtime", O_RDONLY|O_CLOEXEC) = 3
2067  fstat(3, {st_mode=S_IFREG|0644, st_size=114, ...}) = 0
2067  fstat(3, {st_mode=S_IFREG|0644, st_size=114, ...}) = 0
2067  read(3, "TZif2\0\0\0\0\0\0\0\0\0\0\0\0\0\0\0\0\0\0\0\0\0\0\0\0\0\0\0"..., 4096) = 114
2067  lseek(3, -60, SEEK_CUR)           = 54
2067  read(3, "TZif2\0\0\0\0\0\0\0\0\0\0\0\0\0\0\0\0\0\0\0\0\0\0\0\0\0\0\0"..., 4096) = 60
2067  lseek(3, 113, SEEK_SET)           = 113
2067  close(3)                          = 0
2067  newfstatat(AT_FDCWD, "/etc/localtime", {st_mode=S_IFREG|0644, st_size=114, ...}, 0) = 0
2067  ioctl(1, TCGETS2, {c_iflag=ICRNL|IXON|IXANY|IMAXBEL|IUTF8, c_oflag=NL0|CR0|TAB0|BS0|VT0|FF0|OPOST|ONLCR, c_cflag=B9600|CS8|CREAD, c_lflag=ISIG|ICANON|ECHO|ECHOE|IEXTEN|ECHOCTL|ECHOKE|PENDIN, ...}) = 0
2067  ioctl(2, TCGETS2, {c_iflag=ICRNL|IXON|IXANY|IMAXBEL|IUTF8, c_oflag=NL0|CR0|TAB0|BS0|VT0|FF0|OPOST|ONLCR, c_cflag=B9600|CS8|CREAD, c_lflag=ISIG|ICANON|ECHO|ECHOE|IEXTEN|ECHOCTL|ECHOKE|PENDIN, ...}) = 0
2067  getuid()                          = 1000
2067  geteuid()                         = 1000
2067  getgid()                          = 107
2067  getegid()                         = 107
2067  uname({sysname="Linux", nodename="kavya", ...}) = 0
2067  readlinkat(AT_FDCWD, "/proc/self/exe", "/usr/bin/tshark", 4096) = 15
2067  uname({sysname="Linux", nodename="kavya", ...}) = 0
2067  openat(AT_FDCWD, "/proc/cpuinfo", O_RDONLY) = 3
2067  fstat(3, {st_mode=S_IFREG|0444, st_size=0, ...}) = 0
2067  read(3, "processor\t: 0\nBogoMIPS\t: 48.00\nF"..., 1024) = 1024
2067  read(3, "tures\t: fp asimd evtstrm aes pmu"..., 1024) = 296
2067  read(3, "", 1024)                 = 0
2067  close(3)                          = 0
2067  sysinfo({uptime=174, loads=[19392, 13376, 5888], totalram=3544956928, freeram=2458357760, sharedram=5476352, bufferram=33558528, totalswap=4081053696, freeswap=4081053696, procs=171, totalhigh=0, freehigh=0, mem_unit=1}) = 0
2067  faccessat(AT_FDCWD, "/etc/gcrypt/fips_enabled", F_OK) = -1 ENOENT (No such file or directory)
2067  openat(AT_FDCWD, "/proc/sys/crypto/fips_enabled", O_RDONLY) = -1 ENOENT (No such file or directory)
2067  openat(AT_FDCWD, "/etc/gcrypt/hwf.deny", O_RDONLY) = -1 ENOENT (No such file or directory)
2067  openat(AT_FDCWD, "/proc/cpuinfo", O_RDONLY) = 3
2067  fstat(3, {st_mode=S_IFREG|0444, st_size=0, ...}) = 0
2067  read(3, "processor\t: 0\nBogoMIPS\t: 48.00\nF"..., 1024) = 1024
2067  close(3)                          = 0
2067  getuid()                          = 1000
2067  getgid()                          = 107
2067  openat(AT_FDCWD, "/usr/lib/aarch64-linux-gnu/wireshark/plugins/4.6/wiretap", O_RDONLY|O_NONBLOCK|O_CLOEXEC|O_DIRECTORY) = 3
2067  fstat(3, {st_mode=S_IFDIR|0755, st_size=4096, ...}) = 0
2067  getdents64(3, 0xb77f4cebf260 /* 3 entries */, 32768) = 80
2067  newfstatat(AT_FDCWD, "/usr/lib/aarch64-linux-gnu/wireshark/plugins/4.6/wiretap/usbdump.so", {st_mode=S_IFREG|0644, st_size=67872, ...}, 0) = 0
2067  openat(AT_FDCWD, "/usr/lib/aarch64-linux-gnu/wireshark/plugins/4.6/wiretap/usbdump.so", O_RDONLY|O_CLOEXEC) = 4
2067  read(4, "\177ELF\2\1\1\0\0\0\0\0\0\0\0\0\3\0\267\0\1\0\0\0\0\0\0\0\0\0\0\0"..., 832) = 832
2067  fstat(4, {st_mode=S_IFREG|0644, st_size=67872, ...}) = 0
2067  mmap(NULL, 196640, PROT_NONE, MAP_PRIVATE|MAP_ANONYMOUS|MAP_DENYWRITE, -1, 0) = 0xe8818afcf000
2067  mmap(0xe8818afd0000, 131104, PROT_READ|PROT_EXEC, MAP_PRIVATE|MAP_FIXED|MAP_DENYWRITE, 4, 0) = 0xe8818afd0000
2067  munmap(0xe8818afcf000, 4096)      = 0
2067  munmap(0xe8818aff1000, 57376)     = 0
2067  mprotect(0xe8818afd2000, 118784, PROT_NONE) = 0
2067  mmap(0xe8818afef000, 8192, PROT_READ|PROT_WRITE, MAP_PRIVATE|MAP_FIXED|MAP_DENYWRITE, 4, 0xf000) = 0xe8818afef000
2067  close(4)                          = 0
2067  mprotect(0xe8818afef000, 4096, PROT_READ) = 0
2067  getdents64(3, 0xb77f4cebf260 /* 0 entries */, 32768) = 0
2067  close(3)                          = 0
2067  newfstatat(AT_FDCWD, "/usr/lib/aarch64-linux-gnu/wireshark/plugins/4.6", {st_mode=S_IFDIR|0755, st_size=4096, ...}, 0) = 0
2067  newfstatat(AT_FDCWD, "/home/hpe/.local/lib/wireshark/plugins/4.6", 0xffffe3a77cc8, 0) = -1 ENOENT (No such file or directory)
2067  openat(AT_FDCWD, "/home/hpe/.local/lib/wireshark/plugins/4.6/wiretap", O_RDONLY|O_NONBLOCK|O_CLOEXEC|O_DIRECTORY) = -1 ENOENT (No such file or directory)
2067  openat(AT_FDCWD, "/dev/urandom", O_RDONLY|O_CLOEXEC) = 3
2067  read(3, "/\6\2270\364\0R\202\373\"\210\3\201\277\365\242", 16) = 16
2067  close(3)                          = 0
2067  futex(0xe8818cf50db8, FUTEX_WAKE_PRIVATE, 2147483647) = 0
2067  mmap(NULL, 8392704, PROT_READ|PROT_WRITE, MAP_PRIVATE|MAP_ANONYMOUS, -1, 0) = 0xe8818a7cf000
2067  madvise(0xe8818a7cf000, 8392704, MADV_HUGEPAGE) = 0
2067  mmap(NULL, 8392704, PROT_READ|PROT_WRITE, MAP_PRIVATE|MAP_ANONYMOUS, -1, 0) = 0xe88189fce000
2067  madvise(0xe88189fce000, 8392704, MADV_HUGEPAGE) = 0
2067  openat(AT_FDCWD, "/usr/share/wireshark/services", O_RDONLY) = -1 ENOENT (No such file or directory)
2067  newfstatat(AT_FDCWD, "/home/hpe/.config/wireshark", 0xffffe3a77328, 0) = -1 ENOENT (No such file or directory)
2067  newfstatat(AT_FDCWD, "/home/hpe/.wireshark", 0xffffe3a77328, 0) = -1 ENOENT (No such file or directory)
2067  openat(AT_FDCWD, "/home/hpe/.config/wireshark/services", O_RDONLY) = -1 ENOENT (No such file or directory)
2067  openat(AT_FDCWD, "/home/hpe/.config/wireshark/services", O_RDONLY) = -1 ENOENT (No such file or directory)
2067  newfstatat(AT_FDCWD, "/home/hpe/.config/wireshark/ethers", 0xffffe3a773b8, 0) = -1 ENOENT (No such file or directory)
2067  newfstatat(AT_FDCWD, "/usr/share/wireshark/manuf", 0xffffe3a773b8, 0) = -1 ENOENT (No such file or directory)
2067  newfstatat(AT_FDCWD, "/home/hpe/.config/wireshark/manuf", 0xffffe3a773b8, 0) = -1 ENOENT (No such file or directory)
2067  newfstatat(AT_FDCWD, "/home/hpe/.config/wireshark/manuf", 0xffffe3a773b8, 0) = -1 ENOENT (No such file or directory)
2067  openat(AT_FDCWD, "/usr/share/wireshark/wka", O_RDONLY) = 3
2067  fstat(3, {st_mode=S_IFREG|0644, st_size=12448, ...}) = 0
2067  read(3, "#\n# Well-known addresses.\n#\n# Wi"..., 4096) = 4096
2067  read(3, "C2-00-00-1C\tESIS-all-multicast-a"..., 4096) = 4096
2067  read(3, "on either).\n03-00-00-00-00-01\tNE"..., 4096) = 4096
2067  read(3, "thernet-Configuration-Test-proto"..., 4096) = 160
2067  read(3, "", 4096)                 = 0
2067  close(3)                          = 0
2067  openat(AT_FDCWD, "/etc/ethers", O_RDONLY) = -1 ENOENT (No such file or directory)
2067  newfstatat(AT_FDCWD, "/home/hpe/.config/wireshark/ethers", 0xffffe3a773b8, 0) = -1 ENOENT (No such file or directory)
2067  newfstatat(AT_FDCWD, "/home/hpe/.config/wireshark/ipxnets", 0xffffe3a773b8, 0) = -1 ENOENT (No such file or directory)
2067  newfstatat(AT_FDCWD, "/home/hpe/.config/wireshark/vlans", 0xffffe3a773b8, 0) = -1 ENOENT (No such file or directory)
2067  openat(AT_FDCWD, "/usr/share/wireshark/enterprises", O_RDONLY) = -1 ENOENT (No such file or directory)
2067  newfstatat(AT_FDCWD, "/home/hpe/.config/wireshark/enterprises", 0xffffe3a773b8, 0) = -1 ENOENT (No such file or directory)
2067  openat(AT_FDCWD, "/home/hpe/.config/wireshark/enterprises", O_RDONLY) = -1 ENOENT (No such file or directory)
2067  openat(AT_FDCWD, "/usr/share/wireshark/hosts", O_RDONLY) = -1 ENOENT (No such file or directory)
2067  openat(AT_FDCWD, "/home/hpe/.config/wireshark/hosts", O_RDONLY) = -1 ENOENT (No such file or directory)
2067  openat(AT_FDCWD, "/etc/resolv.conf", O_RDONLY) = 3
2067  fstat(3, {st_mode=S_IFREG|0644, st_size=920, ...}) = 0
2067  fstat(3, {st_mode=S_IFREG|0644, st_size=920, ...}) = 0
2067  lseek(3, 0, SEEK_SET)             = 0
2067  read(3, "# This is /run/systemd/resolve/s"..., 920) = 920
2067  lseek(3, 920, SEEK_SET)           = 920
2067  close(3)                          = 0
2067  openat(AT_FDCWD, "/etc/nsswitch.conf", O_RDONLY) = 3
2067  fstat(3, {st_mode=S_IFREG|0644, st_size=526, ...}) = 0
2067  fstat(3, {st_mode=S_IFREG|0644, st_size=526, ...}) = 0
2067  lseek(3, 0, SEEK_SET)             = 0
2067  read(3, "# /etc/nsswitch.conf\n#\n# Example"..., 526) = 526
2067  lseek(3, 526, SEEK_SET)           = 526
2067  close(3)                          = 0
2067  openat(AT_FDCWD, "/etc/netsvc.conf", O_RDONLY) = -1 ENOENT (No such file or directory)
2067  openat(AT_FDCWD, "/etc/svc.conf", O_RDONLY) = -1 ENOENT (No such file or directory)
2067  openat(AT_FDCWD, "/etc/resolv.conf", O_RDONLY) = 3
2067  fstat(3, {st_mode=S_IFREG|0644, st_size=920, ...}) = 0
2067  fstat(3, {st_mode=S_IFREG|0644, st_size=920, ...}) = 0
2067  lseek(3, 0, SEEK_SET)             = 0
2067  read(3, "# This is /run/systemd/resolve/s"..., 920) = 920
2067  lseek(3, 920, SEEK_SET)           = 920
2067  close(3)                          = 0
2067  openat(AT_FDCWD, "/etc/nsswitch.conf", O_RDONLY) = 3
2067  fstat(3, {st_mode=S_IFREG|0644, st_size=526, ...}) = 0
2067  fstat(3, {st_mode=S_IFREG|0644, st_size=526, ...}) = 0
2067  lseek(3, 0, SEEK_SET)             = 0
2067  read(3, "# /etc/nsswitch.conf\n#\n# Example"..., 526) = 526
2067  lseek(3, 526, SEEK_SET)           = 526
2067  close(3)                          = 0
2067  openat(AT_FDCWD, "/etc/netsvc.conf", O_RDONLY) = -1 ENOENT (No such file or directory)
2067  openat(AT_FDCWD, "/etc/svc.conf", O_RDONLY) = -1 ENOENT (No such file or directory)
2067  openat(AT_FDCWD, "/home/hpe/.config/wireshark/subnets", O_RDONLY) = -1 ENOENT (No such file or directory)
2067  openat(AT_FDCWD, "/home/hpe/.config/wireshark/subnets", O_RDONLY) = -1 ENOENT (No such file or directory)
2067  openat(AT_FDCWD, "/usr/share/wireshark/subnets", O_RDONLY) = -1 ENOENT (No such file or directory)
2067  openat(AT_FDCWD, "/home/hpe/.config/wireshark/ss7pcs", O_RDONLY) = -1 ENOENT (No such file or directory)
2067  openat(AT_FDCWD, "/usr/lib/aarch64-linux-gnu/wireshark/plugins/4.6/epan", O_RDONLY|O_NONBLOCK|O_CLOEXEC|O_DIRECTORY) = 3
2067  fstat(3, {st_mode=S_IFDIR|0755, st_size=4096, ...}) = 0
2067  getdents64(3, 0xb77f4cec86b0 /* 16 entries */, 32768) = 528
2067  newfstatat(AT_FDCWD, "/usr/lib/aarch64-linux-gnu/wireshark/plugins/4.6/epan/wimaxmacphy.so", {st_mode=S_IFREG|0644, st_size=151712, ...}, 0) = 0
2067  openat(AT_FDCWD, "/usr/lib/aarch64-linux-gnu/wireshark/plugins/4.6/epan/wimaxmacphy.so", O_RDONLY|O_CLOEXEC) = 4
2067  read(4, "\177ELF\2\1\1\0\0\0\0\0\0\0\0\0\3\0\267\0\1\0\0\0\0\0\0\0\0\0\0\0"..., 832) = 832
2067  fstat(4, {st_mode=S_IFREG|0644, st_size=151712, ...}) = 0
2067  mmap(NULL, 216040, PROT_NONE, MAP_PRIVATE|MAP_ANONYMOUS|MAP_DENYWRITE, -1, 0) = 0xe88189f99000
2067  mmap(0xe88189fa0000, 150504, PROT_READ|PROT_EXEC, MAP_PRIVATE|MAP_FIXED|MAP_DENYWRITE, 4, 0) = 0xe88189fa0000
2067  munmap(0xe88189f99000, 28672)     = 0
2067  munmap(0xe88189fc5000, 35816)     = 0
2067  mprotect(0xe88189faf000, 61440, PROT_NONE) = 0
2067  mmap(0xe88189fbe000, 28672, PROT_READ|PROT_WRITE, MAP_PRIVATE|MAP_FIXED|MAP_DENYWRITE, 4, 0x1e000) = 0xe88189fbe000
2067  close(4)                          = 0
2067  mprotect(0xe88189fbe000, 8192, PROT_READ) = 0
2067  newfstatat(AT_FDCWD, "/usr/lib/aarch64-linux-gnu/wireshark/plugins/4.6/epan/gryphon.so", {st_mode=S_IFREG|0644, st_size=157288, ...}, 0) = 0
2067  openat(AT_FDCWD, "/usr/lib/aarch64-linux-gnu/wireshark/plugins/4.6/epan/gryphon.so", O_RDONLY|O_CLOEXEC) = 4
2067  read(4, "\177ELF\2\1\1\0\0\0\0\0\0\0\0\0\3\0\267\0\1\0\0\0\0\0\0\0\0\0\0\0"..., 832) = 832
2067  fstat(4, {st_mode=S_IFREG|0644, st_size=157288, ...}) = 0
2067  mmap(NULL, 287392, PROT_NONE, MAP_PRIVATE|MAP_ANONYMOUS|MAP_DENYWRITE, -1, 0) = 0xe88189f59000
2067  mmap(0xe88189f60000, 221856, PROT_READ|PROT_EXEC, MAP_PRIVATE|MAP_FIXED|MAP_DENYWRITE, 4, 0) = 0xe88189f60000
2067  munmap(0xe88189f59000, 28672)     = 0
2067  munmap(0xe88189f97000, 33440)     = 0
2067  mprotect(0xe88189f7a000, 77824, PROT_NONE) = 0
2067  mmap(0xe88189f8d000, 36864, PROT_READ|PROT_WRITE, MAP_PRIVATE|MAP_FIXED|MAP_DENYWRITE, 4, 0x1d000) = 0xe88189f8d000
2067  mmap(0xe88189f96000, 672, PROT_READ|PROT_WRITE, MAP_PRIVATE|MAP_FIXED|MAP_ANONYMOUS, -1, 0) = 0xe88189f96000
2067  close(4)                          = 0
2067  mprotect(0xe88189f8d000, 12288, PROT_READ) = 0
2067  newfstatat(AT_FDCWD, "/usr/lib/aarch64-linux-gnu/wireshark/plugins/4.6/epan/stats_tree.so", {st_mode=S_IFREG|0644, st_size=68112, ...}, 0) = 0
2067  openat(AT_FDCWD, "/usr/lib/aarch64-linux-gnu/wireshark/plugins/4.6/epan/stats_tree.so", O_RDONLY|O_CLOEXEC) = 4
2067  read(4, "\177ELF\2\1\1\0\0\0\0\0\0\0\0\0\3\0\267\0\1\0\0\0\0\0\0\0\0\0\0\0"..., 832) = 832
2067  fstat(4, {st_mode=S_IFREG|0644, st_size=68112, ...}) = 0
2067  mmap(NULL, 197176, PROT_NONE, MAP_PRIVATE|MAP_ANONYMOUS|MAP_DENYWRITE, -1, 0) = 0xe88189f2f000
2067  mmap(0xe88189f30000, 131640, PROT_READ|PROT_EXEC, MAP_PRIVATE|MAP_FIXED|MAP_DENYWRITE, 4, 0) = 0xe88189f30000
2067  munmap(0xe88189f2f000, 4096)      = 0
2067  munmap(0xe88189f51000, 57912)     = 0
2067  mprotect(0xe88189f34000, 110592, PROT_NONE) = 0
2067  mmap(0xe88189f4f000, 8192, PROT_READ|PROT_WRITE, MAP_PRIVATE|MAP_FIXED|MAP_DENYWRITE, 4, 0xf000) = 0xe88189f4f000
2067  close(4)                          = 0
2067  mprotect(0xe88189f4f000, 4096, PROT_READ) = 0
2067  newfstatat(AT_FDCWD, "/usr/lib/aarch64-linux-gnu/wireshark/plugins/4.6/epan/wimax.so", {st_mode=S_IFREG|0644, st_size=767784, ...}, 0) = 0
2067  openat(AT_FDCWD, "/usr/lib/aarch64-linux-gnu/wireshark/plugins/4.6/epan/wimax.so", O_RDONLY|O_CLOEXEC) = 4
2067  read(4, "\177ELF\2\1\1\0\0\0\0\0\0\0\0\0\3\0\267\0\1\0\0\0\0\0\0\0\0\0\0\0"..., 832) = 832
2067  fstat(4, {st_mode=S_IFREG|0644, st_size=767784, ...}) = 0
2067  mmap(NULL, 910448, PROT_NONE, MAP_PRIVATE|MAP_ANONYMOUS|MAP_DENYWRITE, -1, 0) = 0xe88189e51000
2067  mmap(0xe88189e60000, 844912, PROT_READ|PROT_EXEC, MAP_PRIVATE|MAP_FIXED|MAP_DENYWRITE, 4, 0) = 0xe88189e60000
2067  munmap(0xe88189e51000, 61440)     = 0
2067  munmap(0xe88189f2f000, 1136)      = 0
2067  mprotect(0xe88189ee1000, 106496, PROT_NONE) = 0
2067  mmap(0xe88189efb000, 196608, PROT_READ|PROT_WRITE, MAP_PRIVATE|MAP_FIXED|MAP_DENYWRITE, 4, 0x8b000) = 0xe88189efb000
2067  mmap(0xe88189f2b000, 13424, PROT_READ|PROT_WRITE, MAP_PRIVATE|MAP_FIXED|MAP_ANONYMOUS, -1, 0) = 0xe88189f2b000
2067  close(4)                          = 0
2067  mprotect(0xe88189efb000, 20480, PROT_READ) = 0
2067  newfstatat(AT_FDCWD, "/usr/lib/aarch64-linux-gnu/wireshark/plugins/4.6/epan/transum.so", {st_mode=S_IFREG|0644, st_size=69488, ...}, 0) = 0
2067  openat(AT_FDCWD, "/usr/lib/aarch64-linux-gnu/wireshark/plugins/4.6/epan/transum.so", O_RDONLY|O_CLOEXEC) = 4
2067  read(4, "\177ELF\2\1\1\0\0\0\0\0\0\0\0\0\3\0\267\0\1\0\0\0\0\0\0\0\0\0\0\0"..., 832) = 832
2067  fstat(4, {st_mode=S_IFREG|0644, st_size=69488, ...}) = 0
2067  mmap(NULL, 198496, PROT_NONE, MAP_PRIVATE|MAP_ANONYMOUS|MAP_DENYWRITE, -1, 0) = 0xe88189e2f000
2067  mmap(0xe88189e30000, 132960, PROT_READ|PROT_EXEC, MAP_PRIVATE|MAP_FIXED|MAP_DENYWRITE, 4, 0) = 0xe88189e30000
2067  munmap(0xe88189e2f000, 4096)      = 0
2067  munmap(0xe88189e51000, 59232)     = 0
2067  mprotect(0xe88189e36000, 102400, PROT_NONE) = 0
2067  mmap(0xe88189e4f000, 8192, PROT_READ|PROT_WRITE, MAP_PRIVATE|MAP_FIXED|MAP_DENYWRITE, 4, 0xf000) = 0xe88189e4f000
2067  close(4)                          = 0
2067  mprotect(0xe88189e4f000, 4096, PROT_READ) = 0
2067  newfstatat(AT_FDCWD, "/usr/lib/aarch64-linux-gnu/wireshark/plugins/4.6/epan/mate.so", {st_mode=S_IFREG|0644, st_size=133912, ...}, 0) = 0
2067  openat(AT_FDCWD, "/usr/lib/aarch64-linux-gnu/wireshark/plugins/4.6/epan/mate.so", O_RDONLY|O_CLOEXEC) = 4
2067  read(4, "\177ELF\2\1\1\0\0\0\0\0\0\0\0\0\3\0\267\0\1\0\0\0\0\0\0\0\0\0\0\0"..., 832) = 832
2067  fstat(4, {st_mode=S_IFREG|0644, st_size=133912, ...}) = 0
2067  mmap(NULL, 205776, PROT_NONE, MAP_PRIVATE|MAP_ANONYMOUS|MAP_DENYWRITE, -1, 0) = 0xe88189dfd000
2067  mmap(0xe88189e00000, 140240, PROT_READ|PROT_EXEC, MAP_PRIVATE|MAP_FIXED|MAP_DENYWRITE, 4, 0) = 0xe88189e00000
2067  munmap(0xe88189dfd000, 12288)     = 0
2067  munmap(0xe88189e23000, 50128)     = 0
2067  mprotect(0xe88189e10000, 61440, PROT_NONE) = 0
2067  mmap(0xe88189e1f000, 8192, PROT_READ|PROT_WRITE, MAP_PRIVATE|MAP_FIXED|MAP_DENYWRITE, 4, 0x1f000) = 0xe88189e1f000
2067  mmap(0xe88189e21000, 5072, PROT_READ|PROT_WRITE, MAP_PRIVATE|MAP_FIXED|MAP_ANONYMOUS, -1, 0) = 0xe88189e21000
2067  close(4)                          = 0
2067  mprotect(0xe88189e1f000, 4096, PROT_READ) = 0
2067  newfstatat(AT_FDCWD, "/usr/lib/aarch64-linux-gnu/wireshark/plugins/4.6/epan/opcua.so", {st_mode=S_IFREG|0644, st_size=370080, ...}, 0) = 0
2067  openat(AT_FDCWD, "/usr/lib/aarch64-linux-gnu/wireshark/plugins/4.6/epan/opcua.so", O_RDONLY|O_CLOEXEC) = 4
2067  read(4, "\177ELF\2\1\1\0\0\0\0\0\0\0\0\0\3\0\267\0\1\0\0\0\0\0\0\0\0\0\0\0"..., 832) = 832
2067  fstat(4, {st_mode=S_IFREG|0644, st_size=370080, ...}) = 0
2067  mmap(NULL, 437328, PROT_NONE, MAP_PRIVATE|MAP_ANONYMOUS|MAP_DENYWRITE, -1, 0) = 0xe88189d95000
2067  mmap(0xe88189da0000, 371792, PROT_READ|PROT_EXEC, MAP_PRIVATE|MAP_FIXED|MAP_DENYWRITE, 4, 0) = 0xe88189da0000
2067  munmap(0xe88189d95000, 45056)     = 0
2067  munmap(0xe88189dfb000, 19536)     = 0
2067  mprotect(0xe88189ddc000, 61440, PROT_NONE) = 0
2067  mmap(0xe88189deb000, 61440, PROT_READ|PROT_WRITE, MAP_PRIVATE|MAP_FIXED|MAP_DENYWRITE, 4, 0x4b000) = 0xe88189deb000
2067  mmap(0xe88189dfa000, 3152, PROT_READ|PROT_WRITE, MAP_PRIVATE|MAP_FIXED|MAP_ANONYMOUS, -1, 0) = 0xe88189dfa000
2067  close(4)                          = 0
2067  mprotect(0xe88189deb000, 20480, PROT_READ) = 0
2067  newfstatat(AT_FDCWD, "/usr/lib/aarch64-linux-gnu/wireshark/plugins/4.6/epan/ethercat.so", {st_mode=S_IFREG|0644, st_size=255640, ...}, 0) = 0
2067  openat(AT_FDCWD, "/usr/lib/aarch64-linux-gnu/wireshark/plugins/4.6/epan/ethercat.so", O_RDONLY|O_CLOEXEC) = 4
2067  read(4, "\177ELF\2\1\1\0\0\0\0\0\0\0\0\0\3\0\267\0\1\0\0\0\0\0\0\0\0\0\0\0"..., 832) = 832
2067  fstat(4, {st_mode=S_IFREG|0644, st_size=255640, ...}) = 0
2067  mmap(NULL, 387992, PROT_NONE, MAP_PRIVATE|MAP_ANONYMOUS|MAP_DENYWRITE, -1, 0) = 0xe88189d41000
2067  mmap(0xe88189d50000, 322456, PROT_READ|PROT_EXEC, MAP_PRIVATE|MAP_FIXED|MAP_DENYWRITE, 4, 0) = 0xe88189d50000
2067  munmap(0xe88189d41000, 61440)     = 0
2067  munmap(0xe88189d9f000, 2968)      = 0
2067  mprotect(0xe88189d75000, 94208, PROT_NONE) = 0
2067  mmap(0xe88189d8c000, 73728, PROT_READ|PROT_WRITE, MAP_PRIVATE|MAP_FIXED|MAP_DENYWRITE, 4, 0x2c000) = 0xe88189d8c000
2067  mmap(0xe88189d9e000, 2968, PROT_READ|PROT_WRITE, MAP_PRIVATE|MAP_FIXED|MAP_ANONYMOUS, -1, 0) = 0xe88189d9e000
2067  close(4)                          = 0
2067  mprotect(0xe88189d8c000, 16384, PROT_READ) = 0
2067  newfstatat(AT_FDCWD, "/usr/lib/aarch64-linux-gnu/wireshark/plugins/4.6/epan/wimaxasncp.so", {st_mode=S_IFREG|0644, st_size=70416, ...}, 0) = 0
2067  openat(AT_FDCWD, "/usr/lib/aarch64-linux-gnu/wireshark/plugins/4.6/epan/wimaxasncp.so", O_RDONLY|O_CLOEXEC) = 4
2067  read(4, "\177ELF\2\1\1\0\0\0\0\0\0\0\0\0\3\0\267\0\1\0\0\0\0\0\0\0\0\0\0\0"..., 832) = 832
2067  fstat(4, {st_mode=S_IFREG|0644, st_size=70416, ...}) = 0
2067  mmap(NULL, 199448, PROT_NONE, MAP_PRIVATE|MAP_ANONYMOUS|MAP_DENYWRITE, -1, 0) = 0xe88189d1f000
2067  mmap(0xe88189d20000, 133912, PROT_READ|PROT_EXEC, MAP_PRIVATE|MAP_FIXED|MAP_DENYWRITE, 4, 0) = 0xe88189d20000
2067  munmap(0xe88189d1f000, 4096)      = 0
2067  munmap(0xe88189d41000, 60184)     = 0
2067  mprotect(0xe88189d2b000, 77824, PROT_NONE) = 0
2067  mmap(0xe88189d3e000, 12288, PROT_READ|PROT_WRITE, MAP_PRIVATE|MAP_FIXED|MAP_DENYWRITE, 4, 0xe000) = 0xe88189d3e000
2067  close(4)                          = 0
2067  mprotect(0xe88189d3e000, 8192, PROT_READ) = 0
2067  newfstatat(AT_FDCWD, "/usr/lib/aarch64-linux-gnu/wireshark/plugins/4.6/epan/profinet.so", {st_mode=S_IFREG|0644, st_size=827744, ...}, 0) = 0
2067  openat(AT_FDCWD, "/usr/lib/aarch64-linux-gnu/wireshark/plugins/4.6/epan/profinet.so", O_RDONLY|O_CLOEXEC) = 4
2067  read(4, "\177ELF\2\1\1\0\0\0\0\0\0\0\0\0\3\0\267\0\1\0\0\0\0\0\0\0\0\0\0\0"..., 832) = 832
2067  fstat(4, {st_mode=S_IFREG|0644, st_size=827744, ...}) = 0
2067  mmap(NULL, 897656, PROT_NONE, MAP_PRIVATE|MAP_ANONYMOUS|MAP_DENYWRITE, -1, 0) = 0xe88189c44000
2067  mmap(0xe88189c50000, 832120, PROT_READ|PROT_EXEC, MAP_PRIVATE|MAP_FIXED|MAP_DENYWRITE, 4, 0) = 0xe88189c50000
2067  munmap(0xe88189c44000, 49152)     = 0
2067  munmap(0xe88189d1c000, 12920)     = 0
2067  mprotect(0xe88189ced000, 12288, PROT_NONE) = 0
2067  mmap(0xe88189cf0000, 172032, PROT_READ|PROT_WRITE, MAP_PRIVATE|MAP_FIXED|MAP_DENYWRITE, 4, 0xa0000) = 0xe88189cf0000
2067  mmap(0xe88189d1a000, 4728, PROT_READ|PROT_WRITE, MAP_PRIVATE|MAP_FIXED|MAP_ANONYMOUS, -1, 0) = 0xe88189d1a000
2067  close(4)                          = 0
2067  mprotect(0xe88189cf0000, 65536, PROT_READ) = 0
2067  newfstatat(AT_FDCWD, "/usr/lib/aarch64-linux-gnu/wireshark/plugins/4.6/epan/falco-events.so", {st_mode=S_IFREG|0644, st_size=133952, ...}, 0) = 0
2067  openat(AT_FDCWD, "/usr/lib/aarch64-linux-gnu/wireshark/plugins/4.6/epan/falco-events.so", O_RDONLY|O_CLOEXEC) = 4
2067  read(4, "\177ELF\2\1\1\0\0\0\0\0\0\0\0\0\3\0\267\0\1\0\0\0\0\0\0\0\0\0\0\0"..., 832) = 832
2067  fstat(4, {st_mode=S_IFREG|0644, st_size=133952, ...}) = 0
2067  mmap(NULL, 274408, PROT_NONE, MAP_PRIVATE|MAP_ANONYMOUS|MAP_DENYWRITE, -1, 0) = 0xe88189c0d000
2067  mmap(0xe88189c10000, 208872, PROT_READ|PROT_EXEC, MAP_PRIVATE|MAP_FIXED|MAP_DENYWRITE, 4, 0) = 0xe88189c10000
2067  munmap(0xe88189c0d000, 12288)     = 0
2067  munmap(0xe88189c43000, 53224)     = 0
2067  mprotect(0xe88189c29000, 90112, PROT_NONE) = 0
2067  mmap(0xe88189c3f000, 8192, PROT_READ|PROT_WRITE, MAP_PRIVATE|MAP_FIXED|MAP_DENYWRITE, 4, 0x1f000) = 0xe88189c3f000
2067  mmap(0xe88189c41000, 8168, PROT_READ|PROT_WRITE, MAP_PRIVATE|MAP_FIXED|MAP_ANONYMOUS, -1, 0) = 0xe88189c41000
2067  close(4)                          = 0
2067  openat(AT_FDCWD, "/etc/ld.so.cache", O_RDONLY|O_CLOEXEC) = 4
2067  fstat(4, {st_mode=S_IFREG|0644, st_size=35777, ...}) = 0
2067  mmap(NULL, 35777, PROT_READ, MAP_PRIVATE, 4, 0) = 0xe8818d127000
2067  close(4)                          = 0
2067  openat(AT_FDCWD, "/usr/lib/aarch64-linux-gnu/libsinsp.so.0", O_RDONLY|O_CLOEXEC) = 4
2067  read(4, "\177ELF\2\1\1\0\0\0\0\0\0\0\0\0\3\0\267\0\1\0\0\0\0\0\0\0\0\0\0\0"..., 832) = 832
2067  fstat(4, {st_mode=S_IFREG|0644, st_size=8028976, ...}) = 0
2067  mmap(NULL, 8253032, PROT_NONE, MAP_PRIVATE|MAP_ANONYMOUS|MAP_DENYWRITE, -1, 0) = 0xe88189431000
2067  mmap(0xe88189440000, 8187496, PROT_READ|PROT_EXEC, MAP_PRIVATE|MAP_FIXED|MAP_DENYWRITE, 4, 0) = 0xe88189440000
2067  munmap(0xe88189431000, 61440)     = 0
2067  munmap(0xe88189c0f000, 3688)      = 0
2067  mprotect(0xe88189aea000, 86016, PROT_NONE) = 0
2067  mmap(0xe88189aff000, 1019904, PROT_READ|PROT_WRITE, MAP_PRIVATE|MAP_FIXED|MAP_DENYWRITE, 4, 0x6af000) = 0xe88189aff000
2067  mmap(0xe88189bf8000, 93800, PROT_READ|PROT_WRITE, MAP_PRIVATE|MAP_FIXED|MAP_ANONYMOUS, -1, 0) = 0xe88189bf8000
2067  close(4)                          = 0
2067  openat(AT_FDCWD, "/usr/lib/aarch64-linux-gnu/libscap.so.0", O_RDONLY|O_CLOEXEC) = 4
2067  read(4, "\177ELF\2\1\1\0\0\0\0\0\0\0\0\0\3\0\267\0\1\0\0\0\0\0\0\0\0\0\0\0"..., 832) = 832
2067  fstat(4, {st_mode=S_IFREG|0644, st_size=67800, ...}) = 0
2067  mmap(NULL, 197688, PROT_NONE, MAP_PRIVATE|MAP_ANONYMOUS|MAP_DENYWRITE, -1, 0) = 0xe8818940f000
2067  mmap(0xe88189410000, 132152, PROT_READ|PROT_EXEC, MAP_PRIVATE|MAP_FIXED|MAP_DENYWRITE, 4, 0) = 0xe88189410000
2067  munmap(0xe8818940f000, 4096)      = 0
2067  munmap(0xe88189431000, 58424)     = 0
2067  mprotect(0xe88189417000, 98304, PROT_NONE) = 0
2067  mmap(0xe8818942f000, 8192, PROT_READ|PROT_WRITE, MAP_PRIVATE|MAP_FIXED|MAP_DENYWRITE, 4, 0xf000) = 0xe8818942f000
2067  close(4)                          = 0
2067  openat(AT_FDCWD, "/usr/lib/aarch64-linux-gnu/libcurl.so.4", O_RDONLY|O_CLOEXEC) = 4
2067  read(4, "\177ELF\2\1\1\0\0\0\0\0\0\0\0\0\3\0\267\0\1\0\0\0\0\0\0\0\0\0\0\0"..., 832) = 832
2067  fstat(4, {st_mode=S_IFREG|0644, st_size=987608, ...}) = 0
2067  mmap(NULL, 1052000, PROT_NONE, MAP_PRIVATE|MAP_ANONYMOUS|MAP_DENYWRITE, -1, 0) = 0xe8818930f000
2067  mmap(0xe88189310000, 986464, PROT_READ|PROT_EXEC, MAP_PRIVATE|MAP_FIXED|MAP_DENYWRITE, 4, 0) = 0xe88189310000
2067  munmap(0xe8818930f000, 4096)      = 0
2067  munmap(0xe88189401000, 60768)     = 0
2067  mprotect(0xe881893f0000, 36864, PROT_NONE) = 0
2067  mmap(0xe881893f9000, 32768, PROT_READ|PROT_WRITE, MAP_PRIVATE|MAP_FIXED|MAP_DENYWRITE, 4, 0xe9000) = 0xe881893f9000
2067  close(4)                          = 0
2067  openat(AT_FDCWD, "/usr/lib/aarch64-linux-gnu/libjsoncpp.so.26", O_RDONLY|O_CLOEXEC) = 4
2067  read(4, "\177ELF\2\1\1\0\0\0\0\0\0\0\0\0\3\0\267\0\1\0\0\0\0\0\0\0\0\0\0\0"..., 832) = 832
2067  fstat(4, {st_mode=S_IFREG|0644, st_size=264216, ...}) = 0
2067  mmap(NULL, 393344, PROT_NONE, MAP_PRIVATE|MAP_ANONYMOUS|MAP_DENYWRITE, -1, 0) = 0xe881892af000
2067  mmap(0xe881892b0000, 327808, PROT_READ|PROT_EXEC, MAP_PRIVATE|MAP_FIXED|MAP_DENYWRITE, 4, 0) = 0xe881892b0000
2067  munmap(0xe881892af000, 4096)      = 0
2067  munmap(0xe88189301000, 57472)     = 0
2067  mprotect(0xe881892e3000, 114688, PROT_NONE) = 0
2067  mmap(0xe881892ff000, 8192, PROT_READ|PROT_WRITE, MAP_PRIVATE|MAP_FIXED|MAP_DENYWRITE, 4, 0x3f000) = 0xe881892ff000
2067  close(4)                          = 0
2067  openat(AT_FDCWD, "/usr/lib/aarch64-linux-gnu/libre2.so.11", O_RDONLY|O_CLOEXEC) = 4
2067  read(4, "\177ELF\2\1\1\0\0\0\0\0\0\0\0\0\3\0\267\0\1\0\0\0\0\0\0\0\0\0\0\0"..., 832) = 832
2067  fstat(4, {st_mode=S_IFREG|0644, st_size=396504, ...}) = 0
2067  mmap(NULL, 525408, PROT_NONE, MAP_PRIVATE|MAP_ANONYMOUS|MAP_DENYWRITE, -1, 0) = 0xe8818922f000
2067  mmap(0xe88189230000, 459872, PROT_READ|PROT_EXEC, MAP_PRIVATE|MAP_FIXED|MAP_DENYWRITE, 4, 0) = 0xe88189230000
2067  munmap(0xe8818922f000, 4096)      = 0
2067  munmap(0xe881892a1000, 58464)     = 0
2067  mprotect(0xe8818928b000, 69632, PROT_NONE) = 0
2067  mmap(0xe8818929c000, 20480, PROT_READ|PROT_WRITE, MAP_PRIVATE|MAP_FIXED|MAP_DENYWRITE, 4, 0x5c000) = 0xe8818929c000
2067  close(4)                          = 0
2067  openat(AT_FDCWD, "/usr/lib/aarch64-linux-gnu/libprotobuf.so.32", O_RDONLY|O_CLOEXEC) = 4
2067  read(4, "\177ELF\2\1\1\0\0\0\0\0\0\0\0\0\3\0\267\0\1\0\0\0\0\0\0\0\0\0\0\0"..., 832) = 832
2067  fstat(4, {st_mode=S_IFREG|0644, st_size=3088616, ...}) = 0
2067  mmap(NULL, 3219160, PROT_NONE, MAP_PRIVATE|MAP_ANONYMOUS|MAP_DENYWRITE, -1, 0) = 0xe88188f1e000
2067  mmap(0xe88188f20000, 3153624, PROT_READ|PROT_EXEC, MAP_PRIVATE|MAP_FIXED|MAP_DENYWRITE, 4, 0) = 0xe88188f20000
2067  munmap(0xe88188f1e000, 8192)      = 0
2067  munmap(0xe88189222000, 57048)     = 0
2067  mprotect(0xe88189205000, 77824, PROT_NONE) = 0
2067  mmap(0xe88189218000, 40960, PROT_READ|PROT_WRITE, MAP_PRIVATE|MAP_FIXED|MAP_DENYWRITE, 4, 0x2e8000) = 0xe88189218000
2067  close(4)                          = 0
2067  openat(AT_FDCWD, "/usr/lib/aarch64-linux-gnu/libgrpc++.so.1.51", O_RDONLY|O_CLOEXEC) = 4
2067  read(4, "\177ELF\2\1\1\0\0\0\0\0\0\0\0\0\3\0\267\0\1\0\0\0\0\0\0\0\0\0\0\0"..., 832) = 832
2067  fstat(4, {st_mode=S_IFREG|0644, st_size=792048, ...}) = 0
2067  mmap(NULL, 921072, PROT_NONE, MAP_PRIVATE|MAP_ANONYMOUS|MAP_DENYWRITE, -1, 0) = 0xe88188e3f000
2067  mmap(0xe88188e40000, 855536, PROT_READ|PROT_EXEC, MAP_PRIVATE|MAP_FIXED|MAP_DENYWRITE, 4, 0) = 0xe88188e40000
2067  munmap(0xe88188e3f000, 4096)      = 0
2067  munmap(0xe88188f11000, 60912)     = 0
2067  mprotect(0xe88188ef7000, 86016, PROT_NONE) = 0
2067  mmap(0xe88188f0c000, 20480, PROT_READ|PROT_WRITE, MAP_PRIVATE|MAP_FIXED|MAP_DENYWRITE, 4, 0xbc000) = 0xe88188f0c000
2067  close(4)                          = 0
2067  openat(AT_FDCWD, "/usr/lib/aarch64-linux-gnu/libabsl_synchronization.so.20260107", O_RDONLY|O_CLOEXEC) = 4
2067  read(4, "\177ELF\2\1\1\0\0\0\0\0\0\0\0\0\3\0\267\0\1\0\0\0\0\0\0\0\0\0\0\0"..., 832) = 832
2067  fstat(4, {st_mode=S_IFREG|0644, st_size=133552, ...}) = 0
2067  mmap(NULL, 205200, PROT_NONE, MAP_PRIVATE|MAP_ANONYMOUS|MAP_DENYWRITE, -1, 0) = 0xe88188e0d000
2067  mmap(0xe88188e10000, 139664, PROT_READ|PROT_EXEC, MAP_PRIVATE|MAP_FIXED|MAP_DENYWRITE, 4, 0) = 0xe88188e10000
2067  munmap(0xe88188e0d000, 12288)     = 0
2067  munmap(0xe88188e33000, 49552)     = 0
2067  mprotect(0xe88188e20000, 61440, PROT_NONE) = 0
2067  mmap(0xe88188e2f000, 8192, PROT_READ|PROT_WRITE, MAP_PRIVATE|MAP_FIXED|MAP_DENYWRITE, 4, 0x1f000) = 0xe88188e2f000
2067  mmap(0xe88188e31000, 4496, PROT_READ|PROT_WRITE, MAP_PRIVATE|MAP_FIXED|MAP_ANONYMOUS, -1, 0) = 0xe88188e31000
2067  close(4)                          = 0
2067  openat(AT_FDCWD, "/usr/lib/aarch64-linux-gnu/libtbb.so.12", O_RDONLY|O_CLOEXEC) = 4
2067  read(4, "\177ELF\2\1\1\0\0\0\0\0\0\0\0\0\3\0\267\0\1\0\0\0\0\0\0\0\0\0\0\0"..., 832) = 832
2067  fstat(4, {st_mode=S_IFREG|0644, st_size=198912, ...}) = 0
2067  mmap(NULL, 414384, PROT_NONE, MAP_PRIVATE|MAP_ANONYMOUS|MAP_DENYWRITE, -1, 0) = 0xe88188daa000
2067  mmap(0xe88188db0000, 348848, PROT_READ|PROT_EXEC, MAP_PRIVATE|MAP_FIXED|MAP_DENYWRITE, 4, 0) = 0xe88188db0000
2067  munmap(0xe88188daa000, 24576)     = 0
2067  munmap(0xe88188e06000, 37552)     = 0
2067  mprotect(0xe88188ddd000, 69632, PROT_NONE) = 0
2067  mmap(0xe88188dee000, 12288, PROT_READ|PROT_WRITE, MAP_PRIVATE|MAP_FIXED|MAP_DENYWRITE, 4, 0x2e000) = 0xe88188dee000
2067  mmap(0xe88188df1000, 82608, PROT_READ|PROT_WRITE, MAP_PRIVATE|MAP_FIXED|MAP_ANONYMOUS, -1, 0) = 0xe88188df1000
2067  close(4)                          = 0
2067  openat(AT_FDCWD, "/usr/lib/aarch64-linux-gnu/libscap_engine_nodriver.so.0", O_RDONLY|O_CLOEXEC) = 4
2067  read(4, "\177ELF\2\1\1\0\0\0\0\0\0\0\0\0\3\0\267\0\1\0\0\0\0\0\0\0\0\0\0\0"..., 832) = 832
2067  fstat(4, {st_mode=S_IFREG|0644, st_size=67880, ...}) = 0
2067  mmap(NULL, 196656, PROT_NONE, MAP_PRIVATE|MAP_ANONYMOUS|MAP_DENYWRITE, -1, 0) = 0xe88188d7f000
2067  mmap(0xe88188d80000, 131120, PROT_READ|PROT_EXEC, MAP_PRIVATE|MAP_FIXED|MAP_DENYWRITE, 4, 0) = 0xe88188d80000
2067  munmap(0xe88188d7f000, 4096)      = 0
2067  munmap(0xe88188da1000, 57392)     = 0
2067  mprotect(0xe88188d82000, 118784, PROT_NONE) = 0
2067  mmap(0xe88188d9f000, 8192, PROT_READ|PROT_WRITE, MAP_PRIVATE|MAP_FIXED|MAP_DENYWRITE, 4, 0xf000) = 0xe88188d9f000
2067  close(4)                          = 0
2067  openat(AT_FDCWD, "/usr/lib/aarch64-linux-gnu/libscap_engine_test_input.so.0", O_RDONLY|O_CLOEXEC) = 4
2067  read(4, "\177ELF\2\1\1\0\0\0\0\0\0\0\0\0\3\0\267\0\1\0\0\0\0\0\0\0\0\0\0\0"..., 832) = 832
2067  fstat(4, {st_mode=S_IFREG|0644, st_size=67880, ...}) = 0
2067  mmap(NULL, 196624, PROT_NONE, MAP_PRIVATE|MAP_ANONYMOUS|MAP_DENYWRITE, -1, 0) = 0xe88188d4f000
2067  mmap(0xe88188d50000, 131088, PROT_READ|PROT_EXEC, MAP_PRIVATE|MAP_FIXED|MAP_DENYWRITE, 4, 0) = 0xe88188d50000
2067  munmap(0xe88188d4f000, 4096)      = 0
2067  munmap(0xe88188d71000, 57360)     = 0
2067  mprotect(0xe88188d54000, 110592, PROT_NONE) = 0
2067  mmap(0xe88188d6f000, 8192, PROT_READ|PROT_WRITE, MAP_PRIVATE|MAP_FIXED|MAP_DENYWRITE, 4, 0xf000) = 0xe88188d6f000
2067  close(4)                          = 0
2067  openat(AT_FDCWD, "/usr/lib/aarch64-linux-gnu/libscap_engine_source_plugin.so.0", O_RDONLY|O_CLOEXEC) = 4
2067  read(4, "\177ELF\2\1\1\0\0\0\0\0\0\0\0\0\3\0\267\0\1\0\0\0\0\0\0\0\0\0\0\0"..., 832) = 832
2067  fstat(4, {st_mode=S_IFREG|0644, st_size=67880, ...}) = 0
2067  mmap(NULL, 196624, PROT_NONE, MAP_PRIVATE|MAP_ANONYMOUS|MAP_DENYWRITE, -1, 0) = 0xe88188d1f000
2067  mmap(0xe88188d20000, 131088, PROT_READ|PROT_EXEC, MAP_PRIVATE|MAP_FIXED|MAP_DENYWRITE, 4, 0) = 0xe88188d20000
2067  munmap(0xe88188d1f000, 4096)      = 0
2067  munmap(0xe88188d41000, 57360)     = 0
2067  mprotect(0xe88188d22000, 118784, PROT_NONE) = 0
2067  mmap(0xe88188d3f000, 8192, PROT_READ|PROT_WRITE, MAP_PRIVATE|MAP_FIXED|MAP_DENYWRITE, 4, 0xf000) = 0xe88188d3f000
2067  close(4)                          = 0
2067  openat(AT_FDCWD, "/usr/lib/aarch64-linux-gnu/libscap_engine_kmod.so.0", O_RDONLY|O_CLOEXEC) = 4
2067  read(4, "\177ELF\2\1\1\0\0\0\0\0\0\0\0\0\3\0\267\0\1\0\0\0\0\0\0\0\0\0\0\0"..., 832) = 832
2067  fstat(4, {st_mode=S_IFREG|0644, st_size=925456, ...}) = 0
2067  mmap(NULL, 1068544, PROT_NONE, MAP_PRIVATE|MAP_ANONYMOUS|MAP_DENYWRITE, -1, 0) = 0xe88188c1b000
2067  mmap(0xe88188c20000, 1003008, PROT_READ|PROT_EXEC, MAP_PRIVATE|MAP_FIXED|MAP_DENYWRITE, 4, 0) = 0xe88188c20000
2067  munmap(0xe88188c1b000, 20480)     = 0
2067  munmap(0xe88188d15000, 44544)     = 0
2067  mprotect(0xe88188c37000, 81920, PROT_NONE) = 0
2067  mmap(0xe88188c4b000, 815104, PROT_READ|PROT_WRITE, MAP_PRIVATE|MAP_FIXED|MAP_DENYWRITE, 4, 0x1b000) = 0xe88188c4b000
2067  mmap(0xe88188d12000, 11776, PROT_READ|PROT_WRITE, MAP_PRIVATE|MAP_FIXED|MAP_ANONYMOUS, -1, 0) = 0xe88188d12000
2067  close(4)                          = 0
2067  openat(AT_FDCWD, "/usr/lib/aarch64-linux-gnu/libscap_engine_bpf.so.0", O_RDONLY|O_CLOEXEC) = 4
2067  read(4, "\177ELF\2\1\1\0\0\0\0\0\0\0\0\0\3\0\267\0\1\0\0\0\0\0\0\0\0\0\0\0"..., 832) = 832
2067  fstat(4, {st_mode=S_IFREG|0644, st_size=990840, ...}) = 0
2067  mmap(NULL, 1133952, PROT_NONE, MAP_PRIVATE|MAP_ANONYMOUS|MAP_DENYWRITE, -1, 0) = 0xe88188b0b000
2067  mmap(0xe88188b10000, 1068416, PROT_READ|PROT_EXEC, MAP_PRIVATE|MAP_FIXED|MAP_DENYWRITE, 4, 0) = 0xe88188b10000
2067  munmap(0xe88188b0b000, 20480)     = 0
2067  munmap(0xe88188c15000, 44416)     = 0
2067  mprotect(0xe88188b32000, 98304, PROT_NONE) = 0
2067  mmap(0xe88188b4a000, 819200, PROT_READ|PROT_WRITE, MAP_PRIVATE|MAP_FIXED|MAP_DENYWRITE, 4, 0x2a000) = 0xe88188b4a000
2067  mmap(0xe88188c12000, 11648, PROT_READ|PROT_WRITE, MAP_PRIVATE|MAP_FIXED|MAP_ANONYMOUS, -1, 0) = 0xe88188c12000
2067  close(4)                          = 0
2067  openat(AT_FDCWD, "/usr/lib/aarch64-linux-gnu/libgpr.so.29", O_RDONLY|O_CLOEXEC) = 4
2067  read(4, "\177ELF\2\1\1\0\0\0\0\0\0\0\0\0\3\0\267\0\1\0\0\0\0\0\0\0\0\0\0\0"..., 832) = 832
2067  fstat(4, {st_mode=S_IFREG|0644, st_size=69024, ...}) = 0
2067  mmap(NULL, 198160, PROT_NONE, MAP_PRIVATE|MAP_ANONYMOUS|MAP_DENYWRITE, -1, 0) = 0xe88188adf000
2067  mmap(0xe88188ae0000, 132624, PROT_READ|PROT_EXEC, MAP_PRIVATE|MAP_FIXED|MAP_DENYWRITE, 4, 0) = 0xe88188ae0000
2067  munmap(0xe88188adf000, 4096)      = 0
2067  munmap(0xe88188b01000, 58896)     = 0
2067  mprotect(0xe88188aee000, 69632, PROT_NONE) = 0
2067  mmap(0xe88188aff000, 8192, PROT_READ|PROT_WRITE, MAP_PRIVATE|MAP_FIXED|MAP_DENYWRITE, 4, 0xf000) = 0xe88188aff000
2067  close(4)                          = 0
2067  openat(AT_FDCWD, "/usr/lib/aarch64-linux-gnu/librtmp.so.1", O_RDONLY|O_CLOEXEC) = 4
2067  read(4, "\177ELF\2\1\1\0\0\0\0\0\0\0\0\0\3\0\267\0\1\0\0\0\0\0\0\0\0\0\0\0"..., 832) = 832
2067  fstat(4, {st_mode=S_IFREG|0644, st_size=134008, ...}) = 0
2067  mmap(NULL, 263088, PROT_NONE, MAP_PRIVATE|MAP_ANONYMOUS|MAP_DENYWRITE, -1, 0) = 0xe88188a9f000
2067  mmap(0xe88188aa0000, 197552, PROT_READ|PROT_EXEC, MAP_PRIVATE|MAP_FIXED|MAP_DENYWRITE, 4, 0) = 0xe88188aa0000
2067  munmap(0xe88188a9f000, 4096)      = 0
2067  munmap(0xe88188ad1000, 58288)     = 0
2067  mprotect(0xe88188abc000, 77824, PROT_NONE) = 0
2067  mmap(0xe88188acf000, 8192, PROT_READ|PROT_WRITE, MAP_PRIVATE|MAP_FIXED|MAP_DENYWRITE, 4, 0x1f000) = 0xe88188acf000
2067  close(4)                          = 0
2067  openat(AT_FDCWD, "/usr/lib/aarch64-linux-gnu/libldap.so.2", O_RDONLY|O_CLOEXEC) = 4
2067  read(4, "\177ELF\2\1\1\0\0\0\0\0\0\0\0\0\3\0\267\0\1\0\0\0\0\0\0\0\0\0\0\0"..., 832) = 832
2067  fstat(4, {st_mode=S_IFREG|0644, st_size=396816, ...}) = 0
2067  mmap(NULL, 535160, PROT_NONE, MAP_PRIVATE|MAP_ANONYMOUS|MAP_DENYWRITE, -1, 0) = 0xe88188a1d000
2067  mmap(0xe88188a20000, 469624, PROT_READ|PROT_EXEC, MAP_PRIVATE|MAP_FIXED|MAP_DENYWRITE, 4, 0) = 0xe88188a20000
2067  munmap(0xe88188a1d000, 12288)     = 0
2067  munmap(0xe88188a93000, 51832)     = 0
2067  mprotect(0xe88188a7c000, 73728, PROT_NONE) = 0
2067  mmap(0xe88188a8e000, 12288, PROT_READ|PROT_WRITE, MAP_PRIVATE|MAP_FIXED|MAP_DENYWRITE, 4, 0x5e000) = 0xe88188a8e000
2067  mmap(0xe88188a91000, 6776, PROT_READ|PROT_WRITE, MAP_PRIVATE|MAP_FIXED|MAP_ANONYMOUS, -1, 0) = 0xe88188a91000
2067  close(4)                          = 0
2067  openat(AT_FDCWD, "/usr/lib/aarch64-linux-gnu/liblber.so.2", O_RDONLY|O_CLOEXEC) = 4
2067  read(4, "\177ELF\2\1\1\0\0\0\0\0\0\0\0\0\3\0\267\0\1\0\0\0\0\0\0\0\0\0\0\0"..., 832) = 832
2067  fstat(4, {st_mode=S_IFREG|0644, st_size=67952, ...}) = 0
2067  mmap(NULL, 196912, PROT_NONE, MAP_PRIVATE|MAP_ANONYMOUS|MAP_DENYWRITE, -1, 0) = 0xe881889ef000
2067  mmap(0xe881889f0000, 131376, PROT_READ|PROT_EXEC, MAP_PRIVATE|MAP_FIXED|MAP_DENYWRITE, 4, 0) = 0xe881889f0000
2067  munmap(0xe881889ef000, 4096)      = 0
2067  munmap(0xe88188a11000, 57648)     = 0
2067  mprotect(0xe881889fe000, 69632, PROT_NONE) = 0
2067  mmap(0xe88188a0f000, 8192, PROT_READ|PROT_WRITE, MAP_PRIVATE|MAP_FIXED|MAP_DENYWRITE, 4, 0xf000) = 0xe88188a0f000
2067  close(4)                          = 0
2067  openat(AT_FDCWD, "/usr/lib/aarch64-linux-gnu/libssh2.so.1", O_RDONLY|O_CLOEXEC) = 4
2067  read(4, "\177ELF\2\1\1\0\0\0\0\0\0\0\0\0\3\0\267\0\1\0\0\0\0\0\0\0\0\0\0\0"..., 832) = 832
2067  fstat(4, {st_mode=S_IFREG|0644, st_size=330408, ...}) = 0
2067  mmap(NULL, 459336, PROT_NONE, MAP_PRIVATE|MAP_ANONYMOUS|MAP_DENYWRITE, -1, 0) = 0xe8818897f000
2067  mmap(0xe88188980000, 393800, PROT_READ|PROT_EXEC, MAP_PRIVATE|MAP_FIXED|MAP_DENYWRITE, 4, 0) = 0xe88188980000
2067  munmap(0xe8818897f000, 4096)      = 0
2067  munmap(0xe881889e1000, 57928)     = 0
2067  mprotect(0xe881889c6000, 98304, PROT_NONE) = 0
2067  mmap(0xe881889de000, 12288, PROT_READ|PROT_WRITE, MAP_PRIVATE|MAP_FIXED|MAP_DENYWRITE, 4, 0x4e000) = 0xe881889de000
2067  close(4)                          = 0
2067  openat(AT_FDCWD, "/usr/lib/aarch64-linux-gnu/libpsl.so.5", O_RDONLY|O_CLOEXEC) = 4
2067  read(4, "\177ELF\2\1\1\0\0\0\0\0\0\0\0\0\3\0\267\0\1\0\0\0\0\0\0\0\0\0\0\0"..., 832) = 832
2067  fstat(4, {st_mode=S_IFREG|0644, st_size=133048, ...}) = 0
2067  mmap(NULL, 262160, PROT_NONE, MAP_PRIVATE|MAP_ANONYMOUS|MAP_DENYWRITE, -1, 0) = 0xe8818893f000
2067  mmap(0xe88188940000, 196624, PROT_READ|PROT_EXEC, MAP_PRIVATE|MAP_FIXED|MAP_DENYWRITE, 4, 0) = 0xe88188940000
2067  munmap(0xe8818893f000, 4096)      = 0
2067  munmap(0xe88188971000, 57360)     = 0
2067  mprotect(0xe88188952000, 118784, PROT_NONE) = 0
2067  mmap(0xe8818896f000, 8192, PROT_READ|PROT_WRITE, MAP_PRIVATE|MAP_FIXED|MAP_DENYWRITE, 4, 0x1f000) = 0xe8818896f000
2067  close(4)                          = 0
2067  openat(AT_FDCWD, "/usr/lib/aarch64-linux-gnu/libssl.so.3", O_RDONLY|O_CLOEXEC) = 4
2067  read(4, "\177ELF\2\1\1\0\0\0\0\0\0\0\0\0\3\0\267\0\1\0\0\0\0\0\0\0\0\0\0\0"..., 832) = 832
2067  fstat(4, {st_mode=S_IFREG|0644, st_size=1196152, ...}) = 0
2067  mmap(NULL, 1259472, PROT_NONE, MAP_PRIVATE|MAP_ANONYMOUS|MAP_DENYWRITE, -1, 0) = 0xe8818880c000
2067  mmap(0xe88188810000, 1193936, PROT_READ|PROT_EXEC, MAP_PRIVATE|MAP_FIXED|MAP_DENYWRITE, 4, 0) = 0xe88188810000
2067  munmap(0xe8818880c000, 16384)     = 0
2067  munmap(0xe88188934000, 47056)     = 0
2067  mprotect(0xe8818891d000, 36864, PROT_NONE) = 0
2067  mmap(0xe88188926000, 57344, PROT_READ|PROT_WRITE, MAP_PRIVATE|MAP_FIXED|MAP_DENYWRITE, 4, 0x116000) = 0xe88188926000
2067  close(4)                          = 0
2067  openat(AT_FDCWD, "/usr/lib/aarch64-linux-gnu/libcrypto.so.3", O_RDONLY|O_CLOEXEC) = 4
2067  read(4, "\177ELF\2\1\1\0\0\0\0\0\0\0\0\0\3\0\267\0\1\0\0\0\0\0\0\0\0\0\0\0"..., 832) = 832
2067  fstat(4, {st_mode=S_IFREG|0644, st_size=6302840, ...}) = 0
2067  mmap(NULL, 6444208, PROT_NONE, MAP_PRIVATE|MAP_ANONYMOUS|MAP_DENYWRITE, -1, 0) = 0xe881881ea000
2067  mmap(0xe881881f0000, 6378672, PROT_READ|PROT_EXEC, MAP_PRIVATE|MAP_FIXED|MAP_DENYWRITE, 4, 0) = 0xe881881f0000
2067  munmap(0xe881881ea000, 24576)     = 0
2067  munmap(0xe88188806000, 38064)     = 0
2067  mprotect(0xe88188776000, 86016, PROT_NONE) = 0
2067  mmap(0xe8818878b000, 491520, PROT_READ|PROT_WRITE, MAP_PRIVATE|MAP_FIXED|MAP_DENYWRITE, 4, 0x58b000) = 0xe8818878b000
2067  mmap(0xe88188803000, 9392, PROT_READ|PROT_WRITE, MAP_PRIVATE|MAP_FIXED|MAP_ANONYMOUS, -1, 0) = 0xe88188803000
2067  close(4)                          = 0
2067  openat(AT_FDCWD, "/usr/lib/aarch64-linux-gnu/libgssapi_krb5.so.2", O_RDONLY|O_CLOEXEC) = 4
2067  read(4, "\177ELF\2\1\1\0\0\0\0\0\0\0\0\0\3\0\267\0\1\0\0\0\0\0\0\0\0\0\0\0"..., 832) = 832
2067  fstat(4, {st_mode=S_IFREG|0644, st_size=334592, ...}) = 0
2067  mmap(NULL, 463720, PROT_NONE, MAP_PRIVATE|MAP_ANONYMOUS|MAP_DENYWRITE, -1, 0) = 0xe8818817e000
2067  mmap(0xe88188180000, 398184, PROT_READ|PROT_EXEC, MAP_PRIVATE|MAP_FIXED|MAP_DENYWRITE, 4, 0) = 0xe88188180000
2067  munmap(0xe8818817e000, 8192)      = 0
2067  munmap(0xe881881e2000, 54120)     = 0
2067  mprotect(0xe881881cf000, 61440, PROT_NONE) = 0
2067  mmap(0xe881881de000, 16384, PROT_READ|PROT_WRITE, MAP_PRIVATE|MAP_FIXED|MAP_DENYWRITE, 4, 0x4e000) = 0xe881881de000
2067  close(4)                          = 0
2067  openat(AT_FDCWD, "/usr/lib/aarch64-linux-gnu/libabsl_log_internal_message.so.20260107", O_RDONLY|O_CLOEXEC) = 4
2067  read(4, "\177ELF\2\1\1\0\0\0\0\0\0\0\0\0\3\0\267\0\1\0\0\0\0\0\0\0\0\0\0\0"..., 832) = 832
2067  fstat(4, {st_mode=S_IFREG|0644, st_size=67960, ...}) = 0
2067  mmap(NULL, 196640, PROT_NONE, MAP_PRIVATE|MAP_ANONYMOUS|MAP_DENYWRITE, -1, 0) = 0xe8818814f000
2067  mmap(0xe88188150000, 131104, PROT_READ|PROT_EXEC, MAP_PRIVATE|MAP_FIXED|MAP_DENYWRITE, 4, 0) = 0xe88188150000
2067  munmap(0xe8818814f000, 4096)      = 0
2067  munmap(0xe88188171000, 57376)     = 0
2067  mprotect(0xe8818815b000, 81920, PROT_NONE) = 0
2067  mmap(0xe8818816f000, 8192, PROT_READ|PROT_WRITE, MAP_PRIVATE|MAP_FIXED|MAP_DENYWRITE, 4, 0xf000) = 0xe8818816f000
2067  close(4)                          = 0
2067  openat(AT_FDCWD, "/usr/lib/aarch64-linux-gnu/libabsl_raw_hash_set.so.20260107", O_RDONLY|O_CLOEXEC) = 4
2067  read(4, "\177ELF\2\1\1\0\0\0\0\0\0\0\0\0\3\0\267\0\1\0\0\0\0\0\0\0\0\0\0\0"..., 832) = 832
2067  fstat(4, {st_mode=S_IFREG|0644, st_size=67864, ...}) = 0
2067  mmap(NULL, 196624, PROT_NONE, MAP_PRIVATE|MAP_ANONYMOUS|MAP_DENYWRITE, -1, 0) = 0xe8818811f000
2067  mmap(0xe88188120000, 131088, PROT_READ|PROT_EXEC, MAP_PRIVATE|MAP_FIXED|MAP_DENYWRITE, 4, 0) = 0xe88188120000
2067  munmap(0xe8818811f000, 4096)      = 0
2067  munmap(0xe88188141000, 57360)     = 0
2067  mprotect(0xe8818812f000, 65536, PROT_NONE) = 0
2067  mmap(0xe8818813f000, 8192, PROT_READ|PROT_WRITE, MAP_PRIVATE|MAP_FIXED|MAP_DENYWRITE, 4, 0xf000) = 0xe8818813f000
2067  close(4)                          = 0
2067  openat(AT_FDCWD, "/usr/lib/aarch64-linux-gnu/libabsl_str_format_internal.so.20260107", O_RDONLY|O_CLOEXEC) = 4
2067  read(4, "\177ELF\2\1\1\3\0\0\0\0\0\0\0\0\3\0\267\0\1\0\0\0\0\0\0\0\0\0\0\0"..., 832) = 832
2067  fstat(4, {st_mode=S_IFREG|0644, st_size=133416, ...}) = 0
2067  mmap(NULL, 262168, PROT_NONE, MAP_PRIVATE|MAP_ANONYMOUS|MAP_DENYWRITE, -1, 0) = 0xe881880df000
2067  mmap(0xe881880e0000, 196632, PROT_READ|PROT_EXEC, MAP_PRIVATE|MAP_FIXED|MAP_DENYWRITE, 4, 0) = 0xe881880e0000
2067  munmap(0xe881880df000, 4096)      = 0
2067  munmap(0xe88188111000, 57368)     = 0
2067  mprotect(0xe881880fb000, 81920, PROT_NONE) = 0
2067  mmap(0xe8818810f000, 8192, PROT_READ|PROT_WRITE, MAP_PRIVATE|MAP_FIXED|MAP_DENYWRITE, 4, 0x1f000) = 0xe8818810f000
2067  close(4)                          = 0
2067  openat(AT_FDCWD, "/usr/lib/aarch64-linux-gnu/libabsl_hash.so.20260107", O_RDONLY|O_CLOEXEC) = 4
2067  read(4, "\177ELF\2\1\1\3\0\0\0\0\0\0\0\0\3\0\267\0\1\0\0\0\0\0\0\0\0\0\0\0"..., 832) = 832
2067  fstat(4, {st_mode=S_IFREG|0644, st_size=67872, ...}) = 0
2067  mmap(NULL, 196624, PROT_NONE, MAP_PRIVATE|MAP_ANONYMOUS|MAP_DENYWRITE, -1, 0) = 0xe881880af000
2067  mmap(0xe881880b0000, 131088, PROT_READ|PROT_EXEC, MAP_PRIVATE|MAP_FIXED|MAP_DENYWRITE, 4, 0) = 0xe881880b0000
2067  munmap(0xe881880af000, 4096)      = 0
2067  munmap(0xe881880d1000, 57360)     = 0
2067  mprotect(0xe881880b2000, 118784, PROT_NONE) = 0
2067  mmap(0xe881880cf000, 8192, PROT_READ|PROT_WRITE, MAP_PRIVATE|MAP_FIXED|MAP_DENYWRITE, 4, 0xf000) = 0xe881880cf000
2067  close(4)                          = 0
2067  openat(AT_FDCWD, "/usr/lib/aarch64-linux-gnu/libabsl_strings.so.20260107", O_RDONLY|O_CLOEXEC) = 4
2067  read(4, "\177ELF\2\1\1\0\0\0\0\0\0\0\0\0\3\0\267\0\1\0\0\0\0\0\0\0\0\0\0\0"..., 832) = 832
2067  fstat(4, {st_mode=S_IFREG|0644, st_size=198952, ...}) = 0
2067  mmap(NULL, 327704, PROT_NONE, MAP_PRIVATE|MAP_ANONYMOUS|MAP_DENYWRITE, -1, 0) = 0xe8818805f000
2067  mmap(0xe88188060000, 262168, PROT_READ|PROT_EXEC, MAP_PRIVATE|MAP_FIXED|MAP_DENYWRITE, 4, 0) = 0xe88188060000
2067  munmap(0xe8818805f000, 4096)      = 0
2067  munmap(0xe881880a1000, 57368)     = 0
2067  mprotect(0xe88188081000, 122880, PROT_NONE) = 0
2067  mmap(0xe8818809f000, 8192, PROT_READ|PROT_WRITE, MAP_PRIVATE|MAP_FIXED|MAP_DENYWRITE, 4, 0x2f000) = 0xe8818809f000
2067  close(4)                          = 0
2067  openat(AT_FDCWD, "/usr/lib/aarch64-linux-gnu/libabsl_raw_logging_internal.so.20260107", O_RDONLY|O_CLOEXEC) = 4
2067  read(4, "\177ELF\2\1\1\0\0\0\0\0\0\0\0\0\3\0\267\0\1\0\0\0\0\0\0\0\0\0\0\0"..., 832) = 832
2067  fstat(4, {st_mode=S_IFREG|0644, st_size=67840, ...}) = 0
2067  mmap(NULL, 196672, PROT_NONE, MAP_PRIVATE|MAP_ANONYMOUS|MAP_DENYWRITE, -1, 0) = 0xe8818802f000
2067  mmap(0xe88188030000, 131136, PROT_READ|PROT_EXEC, MAP_PRIVATE|MAP_FIXED|MAP_DENYWRITE, 4, 0) = 0xe88188030000
2067  munmap(0xe8818802f000, 4096)      = 0
2067  munmap(0xe88188051000, 57408)     = 0
2067  mprotect(0xe88188032000, 118784, PROT_NONE) = 0
2067  mmap(0xe8818804f000, 8192, PROT_READ|PROT_WRITE, MAP_PRIVATE|MAP_FIXED|MAP_DENYWRITE, 4, 0xf000) = 0xe8818804f000
2067  close(4)                          = 0
2067  openat(AT_FDCWD, "/usr/lib/aarch64-linux-gnu/libabsl_spinlock_wait.so.20260107", O_RDONLY|O_CLOEXEC) = 4
2067  read(4, "\177ELF\2\1\1\0\0\0\0\0\0\0\0\0\3\0\267\0\1\0\0\0\0\0\0\0\0\0\0\0"..., 832) = 832
2067  fstat(4, {st_mode=S_IFREG|0644, st_size=67720, ...}) = 0
2067  mmap(NULL, 196640, PROT_NONE, MAP_PRIVATE|MAP_ANONYMOUS|MAP_DENYWRITE, -1, 0) = 0xe88187fff000
2067  mmap(0xe88188000000, 131104, PROT_READ|PROT_EXEC, MAP_PRIVATE|MAP_FIXED|MAP_DENYWRITE, 4, 0) = 0xe88188000000
2067  munmap(0xe88187fff000, 4096)      = 0
2067  munmap(0xe88188021000, 57376)     = 0
2067  mprotect(0xe88188001000, 122880, PROT_NONE) = 0
2067  mmap(0xe8818801f000, 8192, PROT_READ|PROT_WRITE, MAP_PRIVATE|MAP_FIXED|MAP_DENYWRITE, 4, 0xf000) = 0xe8818801f000
2067  close(4)                          = 0
2067  openat(AT_FDCWD, "/usr/lib/aarch64-linux-gnu/libgrpc.so.29", O_RDONLY|O_CLOEXEC) = 4
2067  read(4, "\177ELF\2\1\1\0\0\0\0\0\0\0\0\0\3\0\267\0\1\0\0\0\0\0\0\0\0\0\0\0"..., 832) = 832
2067  fstat(4, {st_mode=S_IFREG|0644, st_size=5598888, ...}) = 0
2067  mmap(NULL, 5692192, PROT_NONE, MAP_PRIVATE|MAP_ANONYMOUS|MAP_DENYWRITE, -1, 0) = 0xe88187a92000
2067  mmap(0xe88187aa0000, 5626656, PROT_READ|PROT_EXEC, MAP_PRIVATE|MAP_FIXED|MAP_DENYWRITE, 4, 0) = 0xe88187aa0000
2067  munmap(0xe88187a92000, 57344)     = 0
2067  munmap(0xe88187ffe000, 6944)      = 0
2067  mprotect(0xe88187fcb000, 45056, PROT_NONE) = 0
2067  mmap(0xe88187fd6000, 135168, PROT_READ|PROT_WRITE, MAP_PRIVATE|MAP_FIXED|MAP_DENYWRITE, 4, 0x536000) = 0xe88187fd6000
2067  mmap(0xe88187ff7000, 27424, PROT_READ|PROT_WRITE, MAP_PRIVATE|MAP_FIXED|MAP_ANONYMOUS, -1, 0) = 0xe88187ff7000
2067  close(4)                          = 0
2067  openat(AT_FDCWD, "/usr/lib/aarch64-linux-gnu/libupb.so.29", O_RDONLY|O_CLOEXEC) = 4
2067  read(4, "\177ELF\2\1\1\0\0\0\0\0\0\0\0\0\3\0\267\0\1\0\0\0\0\0\0\0\0\0\0\0"..., 832) = 832
2067  fstat(4, {st_mode=S_IFREG|0644, st_size=199616, ...}) = 0
2067  mmap(NULL, 328320, PROT_NONE, MAP_PRIVATE|MAP_ANONYMOUS|MAP_DENYWRITE, -1, 0) = 0xe88187a4f000
2067  mmap(0xe88187a50000, 262784, PROT_READ|PROT_EXEC, MAP_PRIVATE|MAP_FIXED|MAP_DENYWRITE, 4, 0) = 0xe88187a50000
2067  munmap(0xe88187a4f000, 4096)      = 0
2067  munmap(0xe88187a91000, 57984)     = 0
2067  mprotect(0xe88187a7d000, 73728, PROT_NONE) = 0
2067  mmap(0xe88187a8f000, 8192, PROT_READ|PROT_WRITE, MAP_PRIVATE|MAP_FIXED|MAP_DENYWRITE, 4, 0x2f000) = 0xe88187a8f000
2067  close(4)                          = 0
2067  openat(AT_FDCWD, "/usr/lib/aarch64-linux-gnu/libabsl_statusor.so.20260107", O_RDONLY|O_CLOEXEC) = 4
2067  read(4, "\177ELF\2\1\1\0\0\0\0\0\0\0\0\0\3\0\267\0\1\0\0\0\0\0\0\0\0\0\0\0"..., 832) = 832
2067  fstat(4, {st_mode=S_IFREG|0644, st_size=67960, ...}) = 0
2067  mmap(NULL, 196632, PROT_NONE, MAP_PRIVATE|MAP_ANONYMOUS|MAP_DENYWRITE, -1, 0) = 0xe88187a1f000
2067  mmap(0xe88187a20000, 131096, PROT_READ|PROT_EXEC, MAP_PRIVATE|MAP_FIXED|MAP_DENYWRITE, 4, 0) = 0xe88187a20000
2067  munmap(0xe88187a1f000, 4096)      = 0
2067  munmap(0xe88187a41000, 57368)     = 0
2067  mprotect(0xe88187a23000, 114688, PROT_NONE) = 0
2067  mmap(0xe88187a3f000, 8192, PROT_READ|PROT_WRITE, MAP_PRIVATE|MAP_FIXED|MAP_DENYWRITE, 4, 0xf000) = 0xe88187a3f000
2067  close(4)                          = 0
2067  openat(AT_FDCWD, "/usr/lib/aarch64-linux-gnu/libabsl_status.so.20260107", O_RDONLY|O_CLOEXEC) = 4
2067  read(4, "\177ELF\2\1\1\3\0\0\0\0\0\0\0\0\3\0\267\0\1\0\0\0\0\0\0\0\0\0\0\0"..., 832) = 832
2067  fstat(4, {st_mode=S_IFREG|0644, st_size=67896, ...}) = 0
2067  mmap(NULL, 196736, PROT_NONE, MAP_PRIVATE|MAP_ANONYMOUS|MAP_DENYWRITE, -1, 0) = 0xe881879ef000
2067  mmap(0xe881879f0000, 131200, PROT_READ|PROT_EXEC, MAP_PRIVATE|MAP_FIXED|MAP_DENYWRITE, 4, 0) = 0xe881879f0000
2067  munmap(0xe881879ef000, 4096)      = 0
2067  munmap(0xe88187a11000, 57472)     = 0
2067  mprotect(0xe881879f9000, 90112, PROT_NONE) = 0
2067  mmap(0xe88187a0f000, 8192, PROT_READ|PROT_WRITE, MAP_PRIVATE|MAP_FIXED|MAP_DENYWRITE, 4, 0xf000) = 0xe88187a0f000
2067  close(4)                          = 0
2067  openat(AT_FDCWD, "/usr/lib/aarch64-linux-gnu/libabsl_graphcycles_internal.so.20260107", O_RDONLY|O_CLOEXEC) = 4
2067  read(4, "\177ELF\2\1\1\0\0\0\0\0\0\0\0\0\3\0\267\0\1\0\0\0\0\0\0\0\0\0\0\0"..., 832) = 832
2067  fstat(4, {st_mode=S_IFREG|0644, st_size=67880, ...}) = 0
2067  mmap(NULL, 196648, PROT_NONE, MAP_PRIVATE|MAP_ANONYMOUS|MAP_DENYWRITE, -1, 0) = 0xe881879bf000
2067  mmap(0xe881879c0000, 131112, PROT_READ|PROT_EXEC, MAP_PRIVATE|MAP_FIXED|MAP_DENYWRITE, 4, 0) = 0xe881879c0000
2067  munmap(0xe881879bf000, 4096)      = 0
2067  munmap(0xe881879e1000, 57384)     = 0
2067  mprotect(0xe881879c5000, 106496, PROT_NONE) = 0
2067  mmap(0xe881879df000, 8192, PROT_READ|PROT_WRITE, MAP_PRIVATE|MAP_FIXED|MAP_DENYWRITE, 4, 0xf000) = 0xe881879df000
2067  close(4)                          = 0
2067  openat(AT_FDCWD, "/usr/lib/aarch64-linux-gnu/libabsl_kernel_timeout_internal.so.20260107", O_RDONLY|O_CLOEXEC) = 4
2067  read(4, "\177ELF\2\1\1\0\0\0\0\0\0\0\0\0\3\0\267\0\1\0\0\0\0\0\0\0\0\0\0\0"..., 832) = 832
2067  fstat(4, {st_mode=S_IFREG|0644, st_size=67792, ...}) = 0
2067  mmap(NULL, 196624, PROT_NONE, MAP_PRIVATE|MAP_ANONYMOUS|MAP_DENYWRITE, -1, 0) = 0xe8818798f000
2067  mmap(0xe88187990000, 131088, PROT_READ|PROT_EXEC, MAP_PRIVATE|MAP_FIXED|MAP_DENYWRITE, 4, 0) = 0xe88187990000
2067  munmap(0xe8818798f000, 4096)      = 0
2067  munmap(0xe881879b1000, 57360)     = 0
2067  mprotect(0xe88187992000, 118784, PROT_NONE) = 0
2067  mmap(0xe881879af000, 8192, PROT_READ|PROT_WRITE, MAP_PRIVATE|MAP_FIXED|MAP_DENYWRITE, 4, 0xf000) = 0xe881879af000
2067  close(4)                          = 0
2067  openat(AT_FDCWD, "/usr/lib/aarch64-linux-gnu/libabsl_stacktrace.so.20260107", O_RDONLY|O_CLOEXEC) = 4
2067  read(4, "\177ELF\2\1\1\0\0\0\0\0\0\0\0\0\3\0\267\0\1\0\0\0\0\0\0\0\0\0\0\0"..., 832) = 832
2067  fstat(4, {st_mode=S_IFREG|0644, st_size=67888, ...}) = 0
2067  mmap(NULL, 196648, PROT_NONE, MAP_PRIVATE|MAP_ANONYMOUS|MAP_DENYWRITE, -1, 0) = 0xe8818795f000
2067  mmap(0xe88187960000, 131112, PROT_READ|PROT_EXEC, MAP_PRIVATE|MAP_FIXED|MAP_DENYWRITE, 4, 0) = 0xe88187960000
2067  munmap(0xe8818795f000, 4096)      = 0
2067  munmap(0xe88187981000, 57384)     = 0
2067  mprotect(0xe88187963000, 114688, PROT_NONE) = 0
2067  mmap(0xe8818797f000, 8192, PROT_READ|PROT_WRITE, MAP_PRIVATE|MAP_FIXED|MAP_DENYWRITE, 4, 0xf000) = 0xe8818797f000
2067  close(4)                          = 0
2067  openat(AT_FDCWD, "/usr/lib/aarch64-linux-gnu/libabsl_symbolize.so.20260107", O_RDONLY|O_CLOEXEC) = 4
2067  read(4, "\177ELF\2\1\1\0\0\0\0\0\0\0\0\0\3\0\267\0\1\0\0\0\0\0\0\0\0\0\0\0"..., 832) = 832
2067  fstat(4, {st_mode=S_IFREG|0644, st_size=67880, ...}) = 0
2067  mmap(NULL, 197200, PROT_NONE, MAP_PRIVATE|MAP_ANONYMOUS|MAP_DENYWRITE, -1, 0) = 0xe8818792f000
2067  mmap(0xe88187930000, 131664, PROT_READ|PROT_EXEC, MAP_PRIVATE|MAP_FIXED|MAP_DENYWRITE, 4, 0) = 0xe88187930000
2067  munmap(0xe8818792f000, 4096)      = 0
2067  munmap(0xe88187951000, 57936)     = 0
2067  mprotect(0xe88187936000, 102400, PROT_NONE) = 0
2067  mmap(0xe8818794f000, 8192, PROT_READ|PROT_WRITE, MAP_PRIVATE|MAP_FIXED|MAP_DENYWRITE, 4, 0xf000) = 0xe8818794f000
2067  close(4)                          = 0
2067  openat(AT_FDCWD, "/usr/lib/aarch64-linux-gnu/libabsl_time.so.20260107", O_RDONLY|O_CLOEXEC) = 4
2067  read(4, "\177ELF\2\1\1\0\0\0\0\0\0\0\0\0\3\0\267\0\1\0\0\0\0\0\0\0\0\0\0\0"..., 832) = 832
2067  fstat(4, {st_mode=S_IFREG|0644, st_size=67944, ...}) = 0
2067  mmap(NULL, 196696, PROT_NONE, MAP_PRIVATE|MAP_ANONYMOUS|MAP_DENYWRITE, -1, 0) = 0xe881878ff000
2067  mmap(0xe88187900000, 131160, PROT_READ|PROT_EXEC, MAP_PRIVATE|MAP_FIXED|MAP_DENYWRITE, 4, 0) = 0xe88187900000
2067  munmap(0xe881878ff000, 4096)      = 0
2067  munmap(0xe88187921000, 57432)     = 0
2067  mprotect(0xe8818790f000, 65536, PROT_NONE) = 0
2067  mmap(0xe8818791f000, 8192, PROT_READ|PROT_WRITE, MAP_PRIVATE|MAP_FIXED|MAP_DENYWRITE, 4, 0xf000) = 0xe8818791f000
2067  close(4)                          = 0
2067  openat(AT_FDCWD, "/usr/lib/aarch64-linux-gnu/libabsl_tracing_internal.so.20260107", O_RDONLY|O_CLOEXEC) = 4
2067  read(4, "\177ELF\2\1\1\0\0\0\0\0\0\0\0\0\3\0\267\0\1\0\0\0\0\0\0\0\0\0\0\0"..., 832) = 832
2067  fstat(4, {st_mode=S_IFREG|0644, st_size=67568, ...}) = 0
2067  mmap(NULL, 196624, PROT_NONE, MAP_PRIVATE|MAP_ANONYMOUS|MAP_DENYWRITE, -1, 0) = 0xe881878cf000
2067  mmap(0xe881878d0000, 131088, PROT_READ|PROT_EXEC, MAP_PRIVATE|MAP_FIXED|MAP_DENYWRITE, 4, 0) = 0xe881878d0000
2067  munmap(0xe881878cf000, 4096)      = 0
2067  munmap(0xe881878f1000, 57360)     = 0
2067  mprotect(0xe881878d1000, 122880, PROT_NONE) = 0
2067  mmap(0xe881878ef000, 8192, PROT_READ|PROT_WRITE, MAP_PRIVATE|MAP_FIXED|MAP_DENYWRITE, 4, 0xf000) = 0xe881878ef000
2067  close(4)                          = 0
2067  openat(AT_FDCWD, "/usr/lib/aarch64-linux-gnu/libabsl_malloc_internal.so.20260107", O_RDONLY|O_CLOEXEC) = 4
2067  read(4, "\177ELF\2\1\1\3\0\0\0\0\0\0\0\0\3\0\267\0\1\0\0\0\0\0\0\0\0\0\0\0"..., 832) = 832
2067  fstat(4, {st_mode=S_IFREG|0644, st_size=67960, ...}) = 0
2067  mmap(NULL, 197632, PROT_NONE, MAP_PRIVATE|MAP_ANONYMOUS|MAP_DENYWRITE, -1, 0) = 0xe8818789f000
2067  mmap(0xe881878a0000, 132096, PROT_READ|PROT_EXEC, MAP_PRIVATE|MAP_FIXED|MAP_DENYWRITE, 4, 0) = 0xe881878a0000
2067  munmap(0xe8818789f000, 4096)      = 0
2067  munmap(0xe881878c1000, 58368)     = 0
2067  mprotect(0xe881878a4000, 110592, PROT_NONE) = 0
2067  mmap(0xe881878bf000, 8192, PROT_READ|PROT_WRITE, MAP_PRIVATE|MAP_FIXED|MAP_DENYWRITE, 4, 0xf000) = 0xe881878bf000
2067  close(4)                          = 0
2067  openat(AT_FDCWD, "/usr/lib/aarch64-linux-gnu/libabsl_base.so.20260107", O_RDONLY|O_CLOEXEC) = 4
2067  read(4, "\177ELF\2\1\1\3\0\0\0\0\0\0\0\0\3\0\267\0\1\0\0\0\0\0\0\0\0\0\0\0"..., 832) = 832
2067  fstat(4, {st_mode=S_IFREG|0644, st_size=67976, ...}) = 0
2067  mmap(NULL, 196704, PROT_NONE, MAP_PRIVATE|MAP_ANONYMOUS|MAP_DENYWRITE, -1, 0) = 0xe8818786f000
2067  mmap(0xe88187870000, 131168, PROT_READ|PROT_EXEC, MAP_PRIVATE|MAP_FIXED|MAP_DENYWRITE, 4, 0) = 0xe88187870000
2067  munmap(0xe8818786f000, 4096)      = 0
2067  munmap(0xe88187891000, 57440)     = 0
2067  mprotect(0xe88187874000, 110592, PROT_NONE) = 0
2067  mmap(0xe8818788f000, 8192, PROT_READ|PROT_WRITE, MAP_PRIVATE|MAP_FIXED|MAP_DENYWRITE, 4, 0xf000) = 0xe8818788f000
2067  close(4)                          = 0
2067  openat(AT_FDCWD, "/usr/lib/aarch64-linux-gnu/libelf.so.1", O_RDONLY|O_CLOEXEC) = 4
2067  read(4, "\177ELF\2\1\1\0\0\0\0\0\0\0\0\0\3\0\267\0\1\0\0\0\0\0\0\0\0\0\0\0"..., 832) = 832
2067  fstat(4, {st_mode=S_IFREG|0644, st_size=133928, ...}) = 0
2067  mmap(NULL, 262632, PROT_NONE, MAP_PRIVATE|MAP_ANONYMOUS|MAP_DENYWRITE, -1, 0) = 0xe8818782f000
2067  mmap(0xe88187830000, 197096, PROT_READ|PROT_EXEC, MAP_PRIVATE|MAP_FIXED|MAP_DENYWRITE, 4, 0) = 0xe88187830000
2067  munmap(0xe8818782f000, 4096)      = 0
2067  munmap(0xe88187861000, 57832)     = 0
2067  mprotect(0xe8818784f000, 65536, PROT_NONE) = 0
2067  mmap(0xe8818785f000, 8192, PROT_READ|PROT_WRITE, MAP_PRIVATE|MAP_FIXED|MAP_DENYWRITE, 4, 0x1f000) = 0xe8818785f000
2067  close(4)                          = 0
2067  openat(AT_FDCWD, "/usr/lib/aarch64-linux-gnu/libsasl2.so.2", O_RDONLY|O_CLOEXEC) = 4
2067  read(4, "\177ELF\2\1\1\0\0\0\0\0\0\0\0\0\3\0\267\0\1\0\0\0\0\0\0\0\0\0\0\0"..., 832) = 832
2067  fstat(4, {st_mode=S_IFREG|0644, st_size=134080, ...}) = 0
2067  mmap(NULL, 263104, PROT_NONE, MAP_PRIVATE|MAP_ANONYMOUS|MAP_DENYWRITE, -1, 0) = 0xe881877ef000
2067  mmap(0xe881877f0000, 197568, PROT_READ|PROT_EXEC, MAP_PRIVATE|MAP_FIXED|MAP_DENYWRITE, 4, 0) = 0xe881877f0000
2067  munmap(0xe881877ef000, 4096)      = 0
2067  munmap(0xe88187821000, 58304)     = 0
2067  mprotect(0xe88187807000, 98304, PROT_NONE) = 0
2067  mmap(0xe8818781f000, 8192, PROT_READ|PROT_WRITE, MAP_PRIVATE|MAP_FIXED|MAP_DENYWRITE, 4, 0x1f000) = 0xe8818781f000
2067  close(4)                          = 0
2067  openat(AT_FDCWD, "/usr/lib/aarch64-linux-gnu/libabsl_examine_stack.so.20260107", O_RDONLY|O_CLOEXEC) = 4
2067  read(4, "\177ELF\2\1\1\0\0\0\0\0\0\0\0\0\3\0\267\0\1\0\0\0\0\0\0\0\0\0\0\0"..., 832) = 832
2067  fstat(4, {st_mode=S_IFREG|0644, st_size=67792, ...}) = 0
2067  mmap(NULL, 196632, PROT_NONE, MAP_PRIVATE|MAP_ANONYMOUS|MAP_DENYWRITE, -1, 0) = 0xe881877bf000
2067  mmap(0xe881877c0000, 131096, PROT_READ|PROT_EXEC, MAP_PRIVATE|MAP_FIXED|MAP_DENYWRITE, 4, 0) = 0xe881877c0000
2067  munmap(0xe881877bf000, 4096)      = 0
2067  munmap(0xe881877e1000, 57368)     = 0
2067  mprotect(0xe881877c2000, 118784, PROT_NONE) = 0
2067  mmap(0xe881877df000, 8192, PROT_READ|PROT_WRITE, MAP_PRIVATE|MAP_FIXED|MAP_DENYWRITE, 4, 0xf000) = 0xe881877df000
2067  close(4)                          = 0
2067  openat(AT_FDCWD, "/usr/lib/aarch64-linux-gnu/libabsl_log_internal_format.so.20260107", O_RDONLY|O_CLOEXEC) = 4
2067  read(4, "\177ELF\2\1\1\0\0\0\0\0\0\0\0\0\3\0\267\0\1\0\0\0\0\0\0\0\0\0\0\0"..., 832) = 832
2067  fstat(4, {st_mode=S_IFREG|0644, st_size=67792, ...}) = 0
2067  mmap(NULL, 196624, PROT_NONE, MAP_PRIVATE|MAP_ANONYMOUS|MAP_DENYWRITE, -1, 0) = 0xe8818778f000
2067  mmap(0xe88187790000, 131088, PROT_READ|PROT_EXEC, MAP_PRIVATE|MAP_FIXED|MAP_DENYWRITE, 4, 0) = 0xe88187790000
2067  munmap(0xe8818778f000, 4096)      = 0
2067  munmap(0xe881877b1000, 57360)     = 0
2067  mprotect(0xe88187792000, 118784, PROT_NONE) = 0
2067  mmap(0xe881877af000, 8192, PROT_READ|PROT_WRITE, MAP_PRIVATE|MAP_FIXED|MAP_DENYWRITE, 4, 0xf000) = 0xe881877af000
2067  close(4)                          = 0
2067  openat(AT_FDCWD, "/usr/lib/aarch64-linux-gnu/libabsl_log_internal_nullguard.so.20260107", O_RDONLY|O_CLOEXEC) = 4
2067  read(4, "\177ELF\2\1\1\0\0\0\0\0\0\0\0\0\3\0\267\0\1\0\0\0\0\0\0\0\0\0\0\0"..., 832) = 832
2067  fstat(4, {st_mode=S_IFREG|0644, st_size=67640, ...}) = 0
2067  mmap(NULL, 196624, PROT_NONE, MAP_PRIVATE|MAP_ANONYMOUS|MAP_DENYWRITE, -1, 0) = 0xe8818775f000
2067  mmap(0xe88187760000, 131088, PROT_READ|PROT_EXEC, MAP_PRIVATE|MAP_FIXED|MAP_DENYWRITE, 4, 0) = 0xe88187760000
2067  munmap(0xe8818775f000, 4096)      = 0
2067  munmap(0xe88187781000, 57360)     = 0
2067  mprotect(0xe88187761000, 122880, PROT_NONE) = 0
2067  mmap(0xe8818777f000, 8192, PROT_READ|PROT_WRITE, MAP_PRIVATE|MAP_FIXED|MAP_DENYWRITE, 4, 0xf000) = 0xe8818777f000
2067  close(4)                          = 0
2067  openat(AT_FDCWD, "/usr/lib/aarch64-linux-gnu/libabsl_log_internal_structured_proto.so.20260107", O_RDONLY|O_CLOEXEC) = 4
2067  read(4, "\177ELF\2\1\1\0\0\0\0\0\0\0\0\0\3\0\267\0\1\0\0\0\0\0\0\0\0\0\0\0"..., 832) = 832
2067  fstat(4, {st_mode=S_IFREG|0644, st_size=67568, ...}) = 0
2067  mmap(NULL, 196624, PROT_NONE, MAP_PRIVATE|MAP_ANONYMOUS|MAP_DENYWRITE, -1, 0) = 0xe8818772f000
2067  mmap(0xe88187730000, 131088, PROT_READ|PROT_EXEC, MAP_PRIVATE|MAP_FIXED|MAP_DENYWRITE, 4, 0) = 0xe88187730000
2067  munmap(0xe8818772f000, 4096)      = 0
2067  munmap(0xe88187751000, 57360)     = 0
2067  mprotect(0xe88187731000, 122880, PROT_NONE) = 0
2067  mmap(0xe8818774f000, 8192, PROT_READ|PROT_WRITE, MAP_PRIVATE|MAP_FIXED|MAP_DENYWRITE, 4, 0xf000) = 0xe8818774f000
2067  close(4)                          = 0
2067  openat(AT_FDCWD, "/usr/lib/aarch64-linux-gnu/libabsl_strerror.so.20260107", O_RDONLY|O_CLOEXEC) = 4
2067  read(4, "\177ELF\2\1\1\0\0\0\0\0\0\0\0\0\3\0\267\0\1\0\0\0\0\0\0\0\0\0\0\0"..., 832) = 832
2067  fstat(4, {st_mode=S_IFREG|0644, st_size=67880, ...}) = 0
2067  mmap(NULL, 196648, PROT_NONE, MAP_PRIVATE|MAP_ANONYMOUS|MAP_DENYWRITE, -1, 0) = 0xe881876ff000
2067  mmap(0xe88187700000, 131112, PROT_READ|PROT_EXEC, MAP_PRIVATE|MAP_FIXED|MAP_DENYWRITE, 4, 0) = 0xe88187700000
2067  munmap(0xe881876ff000, 4096)      = 0
2067  munmap(0xe88187721000, 57384)     = 0
2067  mprotect(0xe88187702000, 118784, PROT_NONE) = 0
2067  mmap(0xe8818771f000, 8192, PROT_READ|PROT_WRITE, MAP_PRIVATE|MAP_FIXED|MAP_DENYWRITE, 4, 0xf000) = 0xe8818771f000
2067  close(4)                          = 0
2067  openat(AT_FDCWD, "/usr/lib/aarch64-linux-gnu/libabsl_log_internal_log_sink_set.so.20260107", O_RDONLY|O_CLOEXEC) = 4
2067  read(4, "\177ELF\2\1\1\0\0\0\0\0\0\0\0\0\3\0\267\0\1\0\0\0\0\0\0\0\0\0\0\0"..., 832) = 832
2067  fstat(4, {st_mode=S_IFREG|0644, st_size=68032, ...}) = 0
2067  mmap(NULL, 196712, PROT_NONE, MAP_PRIVATE|MAP_ANONYMOUS|MAP_DENYWRITE, -1, 0) = 0xe881876cf000
2067  mmap(0xe881876d0000, 131176, PROT_READ|PROT_EXEC, MAP_PRIVATE|MAP_FIXED|MAP_DENYWRITE, 4, 0) = 0xe881876d0000
2067  munmap(0xe881876cf000, 4096)      = 0
2067  munmap(0xe881876f1000, 57448)     = 0
2067  mprotect(0xe881876d4000, 110592, PROT_NONE) = 0
2067  mmap(0xe881876ef000, 8192, PROT_READ|PROT_WRITE, MAP_PRIVATE|MAP_FIXED|MAP_DENYWRITE, 4, 0xf000) = 0xe881876ef000
2067  close(4)                          = 0
2067  openat(AT_FDCWD, "/usr/lib/aarch64-linux-gnu/libabsl_log_internal_globals.so.20260107", O_RDONLY|O_CLOEXEC) = 4
2067  read(4, "\177ELF\2\1\1\0\0\0\0\0\0\0\0\0\3\0\267\0\1\0\0\0\0\0\0\0\0\0\0\0"..., 832) = 832
2067  fstat(4, {st_mode=S_IFREG|0644, st_size=67816, ...}) = 0
2067  mmap(NULL, 196672, PROT_NONE, MAP_PRIVATE|MAP_ANONYMOUS|MAP_DENYWRITE, -1, 0) = 0xe8818769f000
2067  mmap(0xe881876a0000, 131136, PROT_READ|PROT_EXEC, MAP_PRIVATE|MAP_FIXED|MAP_DENYWRITE, 4, 0) = 0xe881876a0000
2067  munmap(0xe8818769f000, 4096)      = 0
2067  munmap(0xe881876c1000, 57408)     = 0
2067  mprotect(0xe881876a2000, 118784, PROT_NONE) = 0
2067  mmap(0xe881876bf000, 8192, PROT_READ|PROT_WRITE, MAP_PRIVATE|MAP_FIXED|MAP_DENYWRITE, 4, 0xf000) = 0xe881876bf000
2067  close(4)                          = 0
2067  openat(AT_FDCWD, "/usr/lib/aarch64-linux-gnu/libabsl_log_globals.so.20260107", O_RDONLY|O_CLOEXEC) = 4
2067  read(4, "\177ELF\2\1\1\3\0\0\0\0\0\0\0\0\3\0\267\0\1\0\0\0\0\0\0\0\0\0\0\0"..., 832) = 832
2067  fstat(4, {st_mode=S_IFREG|0644, st_size=67920, ...}) = 0
2067  mmap(NULL, 196704, PROT_NONE, MAP_PRIVATE|MAP_ANONYMOUS|MAP_DENYWRITE, -1, 0) = 0xe8818766f000
2067  mmap(0xe88187670000, 131168, PROT_READ|PROT_EXEC, MAP_PRIVATE|MAP_FIXED|MAP_DENYWRITE, 4, 0) = 0xe88187670000
2067  munmap(0xe8818766f000, 4096)      = 0
2067  munmap(0xe88187691000, 57440)     = 0
2067  mprotect(0xe88187673000, 114688, PROT_NONE) = 0
2067  mmap(0xe8818768f000, 8192, PROT_READ|PROT_WRITE, MAP_PRIVATE|MAP_FIXED|MAP_DENYWRITE, 4, 0xf000) = 0xe8818768f000
2067  close(4)                          = 0
2067  openat(AT_FDCWD, "/usr/lib/aarch64-linux-gnu/libabsl_log_internal_proto.so.20260107", O_RDONLY|O_CLOEXEC) = 4
2067  read(4, "\177ELF\2\1\1\0\0\0\0\0\0\0\0\0\3\0\267\0\1\0\0\0\0\0\0\0\0\0\0\0"..., 832) = 832
2067  fstat(4, {st_mode=S_IFREG|0644, st_size=67792, ...}) = 0
2067  mmap(NULL, 196624, PROT_NONE, MAP_PRIVATE|MAP_ANONYMOUS|MAP_DENYWRITE, -1, 0) = 0xe8818763f000
2067  mmap(0xe88187640000, 131088, PROT_READ|PROT_EXEC, MAP_PRIVATE|MAP_FIXED|MAP_DENYWRITE, 4, 0) = 0xe88187640000
2067  munmap(0xe8818763f000, 4096)      = 0
2067  munmap(0xe88187661000, 57360)     = 0
2067  mprotect(0xe88187642000, 118784, PROT_NONE) = 0
2067  mmap(0xe8818765f000, 8192, PROT_READ|PROT_WRITE, MAP_PRIVATE|MAP_FIXED|MAP_DENYWRITE, 4, 0xf000) = 0xe8818765f000
2067  close(4)                          = 0
2067  openat(AT_FDCWD, "/usr/lib/aarch64-linux-gnu/libabsl_strings_internal.so.20260107", O_RDONLY|O_CLOEXEC) = 4
2067  read(4, "\177ELF\2\1\1\0\0\0\0\0\0\0\0\0\3\0\267\0\1\0\0\0\0\0\0\0\0\0\0\0"..., 832) = 832
2067  fstat(4, {st_mode=S_IFREG|0644, st_size=67960, ...}) = 0
2067  mmap(NULL, 196632, PROT_NONE, MAP_PRIVATE|MAP_ANONYMOUS|MAP_DENYWRITE, -1, 0) = 0xe8818760f000
2067  mmap(0xe88187610000, 131096, PROT_READ|PROT_EXEC, MAP_PRIVATE|MAP_FIXED|MAP_DENYWRITE, 4, 0) = 0xe88187610000
2067  munmap(0xe8818760f000, 4096)      = 0
2067  munmap(0xe88187631000, 57368)     = 0
2067  mprotect(0xe88187613000, 114688, PROT_NONE) = 0
2067  mmap(0xe8818762f000, 8192, PROT_READ|PROT_WRITE, MAP_PRIVATE|MAP_FIXED|MAP_DENYWRITE, 4, 0xf000) = 0xe8818762f000
2067  close(4)                          = 0
2067  openat(AT_FDCWD, "/usr/lib/aarch64-linux-gnu/libabsl_hashtablez_sampler.so.20260107", O_RDONLY|O_CLOEXEC) = 4
2067  read(4, "\177ELF\2\1\1\0\0\0\0\0\0\0\0\0\3\0\267\0\1\0\0\0\0\0\0\0\0\0\0\0"..., 832) = 832
2067  fstat(4, {st_mode=S_IFREG|0644, st_size=67896, ...}) = 0
2067  mmap(NULL, 197400, PROT_NONE, MAP_PRIVATE|MAP_ANONYMOUS|MAP_DENYWRITE, -1, 0) = 0xe881875df000
2067  mmap(0xe881875e0000, 131864, PROT_READ|PROT_EXEC, MAP_PRIVATE|MAP_FIXED|MAP_DENYWRITE, 4, 0) = 0xe881875e0000
2067  munmap(0xe881875df000, 4096)      = 0
2067  munmap(0xe88187601000, 58136)     = 0
2067  mprotect(0xe881875e3000, 114688, PROT_NONE) = 0
2067  mmap(0xe881875ff000, 8192, PROT_READ|PROT_WRITE, MAP_PRIVATE|MAP_FIXED|MAP_DENYWRITE, 4, 0xf000) = 0xe881875ff000
2067  close(4)                          = 0
2067  openat(AT_FDCWD, "/usr/lib/aarch64-linux-gnu/libabsl_int128.so.20260107", O_RDONLY|O_CLOEXEC) = 4
2067  read(4, "\177ELF\2\1\1\0\0\0\0\0\0\0\0\0\3\0\267\0\1\0\0\0\0\0\0\0\0\0\0\0"..., 832) = 832
2067  fstat(4, {st_mode=S_IFREG|0644, st_size=67880, ...}) = 0
2067  mmap(NULL, 196632, PROT_NONE, MAP_PRIVATE|MAP_ANONYMOUS|MAP_DENYWRITE, -1, 0) = 0xe881875af000
2067  mmap(0xe881875b0000, 131096, PROT_READ|PROT_EXEC, MAP_PRIVATE|MAP_FIXED|MAP_DENYWRITE, 4, 0) = 0xe881875b0000
2067  munmap(0xe881875af000, 4096)      = 0
2067  munmap(0xe881875d1000, 57368)     = 0
2067  mprotect(0xe881875b4000, 110592, PROT_NONE) = 0
2067  mmap(0xe881875cf000, 8192, PROT_READ|PROT_WRITE, MAP_PRIVATE|MAP_FIXED|MAP_DENYWRITE, 4, 0xf000) = 0xe881875cf000
2067  close(4)                          = 0
2067  openat(AT_FDCWD, "/usr/lib/aarch64-linux-gnu/libabsl_throw_delegate.so.20260107", O_RDONLY|O_CLOEXEC) = 4
2067  read(4, "\177ELF\2\1\1\0\0\0\0\0\0\0\0\0\3\0\267\0\1\0\0\0\0\0\0\0\0\0\0\0"..., 832) = 832
2067  fstat(4, {st_mode=S_IFREG|0644, st_size=67808, ...}) = 0
2067  mmap(NULL, 196632, PROT_NONE, MAP_PRIVATE|MAP_ANONYMOUS|MAP_DENYWRITE, -1, 0) = 0xe8818757f000
2067  mmap(0xe88187580000, 131096, PROT_READ|PROT_EXEC, MAP_PRIVATE|MAP_FIXED|MAP_DENYWRITE, 4, 0) = 0xe88187580000
2067  munmap(0xe8818757f000, 4096)      = 0
2067  munmap(0xe881875a1000, 57368)     = 0
2067  mprotect(0xe88187583000, 114688, PROT_NONE) = 0
2067  mmap(0xe8818759f000, 8192, PROT_READ|PROT_WRITE, MAP_PRIVATE|MAP_FIXED|MAP_DENYWRITE, 4, 0xf000) = 0xe8818759f000
2067  close(4)                          = 0
2067  openat(AT_FDCWD, "/usr/lib/aarch64-linux-gnu/libaddress_sorting.so.29", O_RDONLY|O_CLOEXEC) = 4
2067  read(4, "\177ELF\2\1\1\0\0\0\0\0\0\0\0\0\3\0\267\0\1\0\0\0\0\0\0\0\0\0\0\0"..., 832) = 832
2067  fstat(4, {st_mode=S_IFREG|0644, st_size=67968, ...}) = 0
2067  mmap(NULL, 196728, PROT_NONE, MAP_PRIVATE|MAP_ANONYMOUS|MAP_DENYWRITE, -1, 0) = 0xe8818754f000
2067  mmap(0xe88187550000, 131192, PROT_READ|PROT_EXEC, MAP_PRIVATE|MAP_FIXED|MAP_DENYWRITE, 4, 0) = 0xe88187550000
2067  munmap(0xe8818754f000, 4096)      = 0
2067  munmap(0xe88187571000, 57464)     = 0
2067  mprotect(0xe88187552000, 118784, PROT_NONE) = 0
2067  mmap(0xe8818756f000, 8192, PROT_READ|PROT_WRITE, MAP_PRIVATE|MAP_FIXED|MAP_DENYWRITE, 4, 0xf000) = 0xe8818756f000
2067  close(4)                          = 0
2067  openat(AT_FDCWD, "/usr/lib/aarch64-linux-gnu/libabsl_cord.so.20260107", O_RDONLY|O_CLOEXEC) = 4
2067  read(4, "\177ELF\2\1\1\0\0\0\0\0\0\0\0\0\3\0\267\0\1\0\0\0\0\0\0\0\0\0\0\0"..., 832) = 832
2067  fstat(4, {st_mode=S_IFREG|0644, st_size=133416, ...}) = 0
2067  mmap(NULL, 262168, PROT_NONE, MAP_PRIVATE|MAP_ANONYMOUS|MAP_DENYWRITE, -1, 0) = 0xe8818750f000
2067  mmap(0xe88187510000, 196632, PROT_READ|PROT_EXEC, MAP_PRIVATE|MAP_FIXED|MAP_DENYWRITE, 4, 0) = 0xe88187510000
2067  munmap(0xe8818750f000, 4096)      = 0
2067  munmap(0xe88187541000, 57368)     = 0
2067  mprotect(0xe8818752b000, 81920, PROT_NONE) = 0
2067  mmap(0xe8818753f000, 8192, PROT_READ|PROT_WRITE, MAP_PRIVATE|MAP_FIXED|MAP_DENYWRITE, 4, 0x1f000) = 0xe8818753f000
2067  close(4)                          = 0
2067  openat(AT_FDCWD, "/usr/lib/aarch64-linux-gnu/libabsl_cordz_info.so.20260107", O_RDONLY|O_CLOEXEC) = 4
2067  read(4, "\177ELF\2\1\1\0\0\0\0\0\0\0\0\0\3\0\267\0\1\0\0\0\0\0\0\0\0\0\0\0"..., 832) = 832
2067  fstat(4, {st_mode=S_IFREG|0644, st_size=67960, ...}) = 0
2067  mmap(NULL, 196664, PROT_NONE, MAP_PRIVATE|MAP_ANONYMOUS|MAP_DENYWRITE, -1, 0) = 0xe881874df000
2067  mmap(0xe881874e0000, 131128, PROT_READ|PROT_EXEC, MAP_PRIVATE|MAP_FIXED|MAP_DENYWRITE, 4, 0) = 0xe881874e0000
2067  munmap(0xe881874df000, 4096)      = 0
2067  munmap(0xe88187501000, 57400)     = 0
2067  mprotect(0xe881874e5000, 106496, PROT_NONE) = 0
2067  mmap(0xe881874ff000, 8192, PROT_READ|PROT_WRITE, MAP_PRIVATE|MAP_FIXED|MAP_DENYWRITE, 4, 0xf000) = 0xe881874ff000
2067  close(4)                          = 0
2067  openat(AT_FDCWD, "/usr/lib/aarch64-linux-gnu/libabsl_time_zone.so.20260107", O_RDONLY|O_CLOEXEC) = 4
2067  read(4, "\177ELF\2\1\1\0\0\0\0\0\0\0\0\0\3\0\267\0\1\0\0\0\0\0\0\0\0\0\0\0"..., 832) = 832
2067  fstat(4, {st_mode=S_IFREG|0644, st_size=133504, ...}) = 0
2067  mmap(NULL, 262280, PROT_NONE, MAP_PRIVATE|MAP_ANONYMOUS|MAP_DENYWRITE, -1, 0) = 0xe8818749f000
2067  mmap(0xe881874a0000, 196744, PROT_READ|PROT_EXEC, MAP_PRIVATE|MAP_FIXED|MAP_DENYWRITE, 4, 0) = 0xe881874a0000
2067  munmap(0xe8818749f000, 4096)      = 0
2067  munmap(0xe881874d1000, 57480)     = 0
2067  mprotect(0xe881874b7000, 98304, PROT_NONE) = 0
2067  mmap(0xe881874cf000, 8192, PROT_READ|PROT_WRITE, MAP_PRIVATE|MAP_FIXED|MAP_DENYWRITE, 4, 0x1f000) = 0xe881874cf000
2067  close(4)                          = 0
2067  openat(AT_FDCWD, "/usr/lib/aarch64-linux-gnu/libabsl_random_internal_entropy_pool.so.20260107", O_RDONLY|O_CLOEXEC) = 4
2067  read(4, "\177ELF\2\1\1\3\0\0\0\0\0\0\0\0\3\0\267\0\1\0\0\0\0\0\0\0\0\0\0\0"..., 832) = 832
2067  fstat(4, {st_mode=S_IFREG|0644, st_size=67952, ...}) = 0
2067  mmap(NULL, 196824, PROT_NONE, MAP_PRIVATE|MAP_ANONYMOUS|MAP_DENYWRITE, -1, 0) = 0xe8818746f000
2067  mmap(0xe88187470000, 131288, PROT_READ|PROT_EXEC, MAP_PRIVATE|MAP_FIXED|MAP_DENYWRITE, 4, 0) = 0xe88187470000
2067  munmap(0xe8818746f000, 4096)      = 0
2067  munmap(0xe88187491000, 57560)     = 0
2067  mprotect(0xe88187472000, 118784, PROT_NONE) = 0
2067  mmap(0xe8818748f000, 8192, PROT_READ|PROT_WRITE, MAP_PRIVATE|MAP_FIXED|MAP_DENYWRITE, 4, 0xf000) = 0xe8818748f000
2067  close(4)                          = 0
2067  openat(AT_FDCWD, "/usr/lib/aarch64-linux-gnu/libabsl_random_internal_randen.so.20260107", O_RDONLY|O_CLOEXEC) = 4
2067  read(4, "\177ELF\2\1\1\0\0\0\0\0\0\0\0\0\3\0\267\0\1\0\0\0\0\0\0\0\0\0\0\0"..., 832) = 832
2067  fstat(4, {st_mode=S_IFREG|0644, st_size=67808, ...}) = 0
2067  mmap(NULL, 196656, PROT_NONE, MAP_PRIVATE|MAP_ANONYMOUS|MAP_DENYWRITE, -1, 0) = 0xe8818743f000
2067  mmap(0xe88187440000, 131120, PROT_READ|PROT_EXEC, MAP_PRIVATE|MAP_FIXED|MAP_DENYWRITE, 4, 0) = 0xe88187440000
2067  munmap(0xe8818743f000, 4096)      = 0
2067  munmap(0xe88187461000, 57392)     = 0
2067  mprotect(0xe88187441000, 122880, PROT_NONE) = 0
2067  mmap(0xe8818745f000, 8192, PROT_READ|PROT_WRITE, MAP_PRIVATE|MAP_FIXED|MAP_DENYWRITE, 4, 0xf000) = 0xe8818745f000
2067  close(4)                          = 0
2067  openat(AT_FDCWD, "/usr/lib/aarch64-linux-gnu/libabsl_random_internal_randen_hwaes_impl.so.20260107", O_RDONLY|O_CLOEXEC) = 4
2067  read(4, "\177ELF\2\1\1\0\0\0\0\0\0\0\0\0\3\0\267\0\1\0\0\0\0\0\0\0\0\0\0\0"..., 832) = 832
2067  fstat(4, {st_mode=S_IFREG|0644, st_size=67792, ...}) = 0
2067  mmap(NULL, 196624, PROT_NONE, MAP_PRIVATE|MAP_ANONYMOUS|MAP_DENYWRITE, -1, 0) = 0xe8818740f000
2067  mmap(0xe88187410000, 131088, PROT_READ|PROT_EXEC, MAP_PRIVATE|MAP_FIXED|MAP_DENYWRITE, 4, 0) = 0xe88187410000
2067  munmap(0xe8818740f000, 4096)      = 0
2067  munmap(0xe88187431000, 57360)     = 0
2067  mprotect(0xe88187411000, 122880, PROT_NONE) = 0
2067  mmap(0xe8818742f000, 8192, PROT_READ|PROT_WRITE, MAP_PRIVATE|MAP_FIXED|MAP_DENYWRITE, 4, 0xf000) = 0xe8818742f000
2067  close(4)                          = 0
2067  openat(AT_FDCWD, "/usr/lib/aarch64-linux-gnu/libabsl_random_internal_randen_slow.so.20260107", O_RDONLY|O_CLOEXEC) = 4
2067  read(4, "\177ELF\2\1\1\0\0\0\0\0\0\0\0\0\3\0\267\0\1\0\0\0\0\0\0\0\0\0\0\0"..., 832) = 832
2067  fstat(4, {st_mode=S_IFREG|0644, st_size=67640, ...}) = 0
2067  mmap(NULL, 196624, PROT_NONE, MAP_PRIVATE|MAP_ANONYMOUS|MAP_DENYWRITE, -1, 0) = 0xe881873df000
2067  mmap(0xe881873e0000, 131088, PROT_READ|PROT_EXEC, MAP_PRIVATE|MAP_FIXED|MAP_DENYWRITE, 4, 0) = 0xe881873e0000
2067  munmap(0xe881873df000, 4096)      = 0
2067  munmap(0xe88187401000, 57360)     = 0
2067  mprotect(0xe881873e2000, 118784, PROT_NONE) = 0
2067  mmap(0xe881873ff000, 8192, PROT_READ|PROT_WRITE, MAP_PRIVATE|MAP_FIXED|MAP_DENYWRITE, 4, 0xf000) = 0xe881873ff000
2067  close(4)                          = 0
2067  openat(AT_FDCWD, "/usr/lib/aarch64-linux-gnu/libabsl_leak_check.so.20260107", O_RDONLY|O_CLOEXEC) = 4
2067  read(4, "\177ELF\2\1\1\0\0\0\0\0\0\0\0\0\3\0\267\0\1\0\0\0\0\0\0\0\0\0\0\0"..., 832) = 832
2067  fstat(4, {st_mode=S_IFREG|0644, st_size=67568, ...}) = 0
2067  mmap(NULL, 196624, PROT_NONE, MAP_PRIVATE|MAP_ANONYMOUS|MAP_DENYWRITE, -1, 0) = 0xe881873af000
2067  mmap(0xe881873b0000, 131088, PROT_READ|PROT_EXEC, MAP_PRIVATE|MAP_FIXED|MAP_DENYWRITE, 4, 0) = 0xe881873b0000
2067  munmap(0xe881873af000, 4096)      = 0
2067  munmap(0xe881873d1000, 57360)     = 0
2067  mprotect(0xe881873b1000, 122880, PROT_NONE) = 0
2067  mmap(0xe881873cf000, 8192, PROT_READ|PROT_WRITE, MAP_PRIVATE|MAP_FIXED|MAP_DENYWRITE, 4, 0xf000) = 0xe881873cf000
2067  close(4)                          = 0
2067  openat(AT_FDCWD, "/usr/lib/aarch64-linux-gnu/libabsl_borrowed_fixup_buffer.so.20260107", O_RDONLY|O_CLOEXEC) = 4
2067  read(4, "\177ELF\2\1\1\0\0\0\0\0\0\0\0\0\3\0\267\0\1\0\0\0\0\0\0\0\0\0\0\0"..., 832) = 832
2067  fstat(4, {st_mode=S_IFREG|0644, st_size=67880, ...}) = 0
2067  mmap(NULL, 295456, PROT_NONE, MAP_PRIVATE|MAP_ANONYMOUS|MAP_DENYWRITE, -1, 0) = 0xe88187367000
2067  mmap(0xe88187370000, 229920, PROT_READ|PROT_EXEC, MAP_PRIVATE|MAP_FIXED|MAP_DENYWRITE, 4, 0) = 0xe88187370000
2067  munmap(0xe88187367000, 36864)     = 0
2067  munmap(0xe881873a9000, 25120)     = 0
2067  mprotect(0xe88187372000, 118784, PROT_NONE) = 0
2067  mmap(0xe8818738f000, 8192, PROT_READ|PROT_WRITE, MAP_PRIVATE|MAP_FIXED|MAP_DENYWRITE, 4, 0xf000) = 0xe8818738f000
2067  mmap(0xe88187391000, 94752, PROT_READ|PROT_WRITE, MAP_PRIVATE|MAP_FIXED|MAP_ANONYMOUS, -1, 0) = 0xe88187391000
2067  close(4)                          = 0
2067  openat(AT_FDCWD, "/usr/lib/aarch64-linux-gnu/libabsl_debugging_internal.so.20260107", O_RDONLY|O_CLOEXEC) = 4
2067  read(4, "\177ELF\2\1\1\0\0\0\0\0\0\0\0\0\3\0\267\0\1\0\0\0\0\0\0\0\0\0\0\0"..., 832) = 832
2067  fstat(4, {st_mode=S_IFREG|0644, st_size=67896, ...}) = 0
2067  mmap(NULL, 196648, PROT_NONE, MAP_PRIVATE|MAP_ANONYMOUS|MAP_DENYWRITE, -1, 0) = 0xe8818733f000
2067  mmap(0xe88187340000, 131112, PROT_READ|PROT_EXEC, MAP_PRIVATE|MAP_FIXED|MAP_DENYWRITE, 4, 0) = 0xe88187340000
2067  munmap(0xe8818733f000, 4096)      = 0
2067  munmap(0xe88187361000, 57384)     = 0
2067  mprotect(0xe88187344000, 110592, PROT_NONE) = 0
2067  mmap(0xe8818735f000, 8192, PROT_READ|PROT_WRITE, MAP_PRIVATE|MAP_FIXED|MAP_DENYWRITE, 4, 0xf000) = 0xe8818735f000
2067  close(4)                          = 0
2067  openat(AT_FDCWD, "/usr/lib/aarch64-linux-gnu/libabsl_demangle_internal.so.20260107", O_RDONLY|O_CLOEXEC) = 4
2067  read(4, "\177ELF\2\1\1\0\0\0\0\0\0\0\0\0\3\0\267\0\1\0\0\0\0\0\0\0\0\0\0\0"..., 832) = 832
2067  fstat(4, {st_mode=S_IFREG|0644, st_size=67960, ...}) = 0
2067  mmap(NULL, 196632, PROT_NONE, MAP_PRIVATE|MAP_ANONYMOUS|MAP_DENYWRITE, -1, 0) = 0xe8818730f000
2067  mmap(0xe88187310000, 131096, PROT_READ|PROT_EXEC, MAP_PRIVATE|MAP_FIXED|MAP_DENYWRITE, 4, 0) = 0xe88187310000
2067  munmap(0xe8818730f000, 4096)      = 0
2067  munmap(0xe88187331000, 57368)     = 0
2067  mprotect(0xe8818731c000, 77824, PROT_NONE) = 0
2067  mmap(0xe8818732f000, 8192, PROT_READ|PROT_WRITE, MAP_PRIVATE|MAP_FIXED|MAP_DENYWRITE, 4, 0xf000) = 0xe8818732f000
2067  close(4)                          = 0
2067  openat(AT_FDCWD, "/usr/lib/aarch64-linux-gnu/libabsl_log_sink.so.20260107", O_RDONLY|O_CLOEXEC) = 4
2067  read(4, "\177ELF\2\1\1\0\0\0\0\0\0\0\0\0\3\0\267\0\1\0\0\0\0\0\0\0\0\0\0\0"..., 832) = 832
2067  fstat(4, {st_mode=S_IFREG|0644, st_size=67872, ...}) = 0
2067  mmap(NULL, 196624, PROT_NONE, MAP_PRIVATE|MAP_ANONYMOUS|MAP_DENYWRITE, -1, 0) = 0xe881872df000
2067  mmap(0xe881872e0000, 131088, PROT_READ|PROT_EXEC, MAP_PRIVATE|MAP_FIXED|MAP_DENYWRITE, 4, 0) = 0xe881872e0000
2067  munmap(0xe881872df000, 4096)      = 0
2067  munmap(0xe88187301000, 57360)     = 0
2067  mprotect(0xe881872e1000, 122880, PROT_NONE) = 0
2067  mmap(0xe881872ff000, 8192, PROT_READ|PROT_WRITE, MAP_PRIVATE|MAP_FIXED|MAP_DENYWRITE, 4, 0xf000) = 0xe881872ff000
2067  close(4)                          = 0
2067  openat(AT_FDCWD, "/usr/lib/aarch64-linux-gnu/libabsl_cord_internal.so.20260107", O_RDONLY|O_CLOEXEC) = 4
2067  read(4, "\177ELF\2\1\1\0\0\0\0\0\0\0\0\0\3\0\267\0\1\0\0\0\0\0\0\0\0\0\0\0"..., 832) = 832
2067  fstat(4, {st_mode=S_IFREG|0644, st_size=133416, ...}) = 0
2067  mmap(NULL, 262176, PROT_NONE, MAP_PRIVATE|MAP_ANONYMOUS|MAP_DENYWRITE, -1, 0) = 0xe8818729f000
2067  mmap(0xe881872a0000, 196640, PROT_READ|PROT_EXEC, MAP_PRIVATE|MAP_FIXED|MAP_DENYWRITE, 4, 0) = 0xe881872a0000
2067  munmap(0xe8818729f000, 4096)      = 0
2067  munmap(0xe881872d1000, 57376)     = 0
2067  mprotect(0xe881872b1000, 122880, PROT_NONE) = 0
2067  mmap(0xe881872cf000, 8192, PROT_READ|PROT_WRITE, MAP_PRIVATE|MAP_FIXED|MAP_DENYWRITE, 4, 0x1f000) = 0xe881872cf000
2067  close(4)                          = 0
2067  openat(AT_FDCWD, "/usr/lib/aarch64-linux-gnu/libabsl_crc_cord_state.so.20260107", O_RDONLY|O_CLOEXEC) = 4
2067  read(4, "\177ELF\2\1\1\0\0\0\0\0\0\0\0\0\3\0\267\0\1\0\0\0\0\0\0\0\0\0\0\0"..., 832) = 832
2067  fstat(4, {st_mode=S_IFREG|0644, st_size=67880, ...}) = 0
2067  mmap(NULL, 196768, PROT_NONE, MAP_PRIVATE|MAP_ANONYMOUS|MAP_DENYWRITE, -1, 0) = 0xe8818726f000
2067  mmap(0xe88187270000, 131232, PROT_READ|PROT_EXEC, MAP_PRIVATE|MAP_FIXED|MAP_DENYWRITE, 4, 0) = 0xe88187270000
2067  munmap(0xe8818726f000, 4096)      = 0
2067  munmap(0xe88187291000, 57504)     = 0
2067  mprotect(0xe88187275000, 106496, PROT_NONE) = 0
2067  mmap(0xe8818728f000, 8192, PROT_READ|PROT_WRITE, MAP_PRIVATE|MAP_FIXED|MAP_DENYWRITE, 4, 0xf000) = 0xe8818728f000
2067  close(4)                          = 0
2067  openat(AT_FDCWD, "/usr/lib/aarch64-linux-gnu/libabsl_cordz_functions.so.20260107", O_RDONLY|O_CLOEXEC) = 4
2067  read(4, "\177ELF\2\1\1\0\0\0\0\0\0\0\0\0\3\0\267\0\1\0\0\0\0\0\0\0\0\0\0\0"..., 832) = 832
2067  fstat(4, {st_mode=S_IFREG|0644, st_size=67784, ...}) = 0
2067  mmap(NULL, 196624, PROT_NONE, MAP_PRIVATE|MAP_ANONYMOUS|MAP_DENYWRITE, -1, 0) = 0xe8818723f000
2067  mmap(0xe88187240000, 131088, PROT_READ|PROT_EXEC, MAP_PRIVATE|MAP_FIXED|MAP_DENYWRITE, 4, 0) = 0xe88187240000
2067  munmap(0xe8818723f000, 4096)      = 0
2067  munmap(0xe88187261000, 57360)     = 0
2067  mprotect(0xe88187241000, 122880, PROT_NONE) = 0
2067  mmap(0xe8818725f000, 8192, PROT_READ|PROT_WRITE, MAP_PRIVATE|MAP_FIXED|MAP_DENYWRITE, 4, 0xf000) = 0xe8818725f000
2067  close(4)                          = 0
2067  openat(AT_FDCWD, "/usr/lib/aarch64-linux-gnu/libabsl_cordz_handle.so.20260107", O_RDONLY|O_CLOEXEC) = 4
2067  read(4, "\177ELF\2\1\1\0\0\0\0\0\0\0\0\0\3\0\267\0\1\0\0\0\0\0\0\0\0\0\0\0"..., 832) = 832
2067  fstat(4, {st_mode=S_IFREG|0644, st_size=67960, ...}) = 0
2067  mmap(NULL, 196656, PROT_NONE, MAP_PRIVATE|MAP_ANONYMOUS|MAP_DENYWRITE, -1, 0) = 0xe8818720f000
2067  mmap(0xe88187210000, 131120, PROT_READ|PROT_EXEC, MAP_PRIVATE|MAP_FIXED|MAP_DENYWRITE, 4, 0) = 0xe88187210000
2067  munmap(0xe8818720f000, 4096)      = 0
2067  munmap(0xe88187231000, 57392)     = 0
2067  mprotect(0xe88187213000, 114688, PROT_NONE) = 0
2067  mmap(0xe8818722f000, 8192, PROT_READ|PROT_WRITE, MAP_PRIVATE|MAP_FIXED|MAP_DENYWRITE, 4, 0xf000) = 0xe8818722f000
2067  close(4)                          = 0
2067  openat(AT_FDCWD, "/usr/lib/aarch64-linux-gnu/libabsl_random_internal_seed_material.so.20260107", O_RDONLY|O_CLOEXEC) = 4
2067  read(4, "\177ELF\2\1\1\0\0\0\0\0\0\0\0\0\3\0\267\0\1\0\0\0\0\0\0\0\0\0\0\0"..., 832) = 832
2067  fstat(4, {st_mode=S_IFREG|0644, st_size=67880, ...}) = 0
2067  mmap(NULL, 196648, PROT_NONE, MAP_PRIVATE|MAP_ANONYMOUS|MAP_DENYWRITE, -1, 0) = 0xe881871df000
2067  mmap(0xe881871e0000, 131112, PROT_READ|PROT_EXEC, MAP_PRIVATE|MAP_FIXED|MAP_DENYWRITE, 4, 0) = 0xe881871e0000
2067  munmap(0xe881871df000, 4096)      = 0
2067  munmap(0xe88187201000, 57384)     = 0
2067  mprotect(0xe881871e2000, 118784, PROT_NONE) = 0
2067  mmap(0xe881871ff000, 8192, PROT_READ|PROT_WRITE, MAP_PRIVATE|MAP_FIXED|MAP_DENYWRITE, 4, 0xf000) = 0xe881871ff000
2067  close(4)                          = 0
2067  openat(AT_FDCWD, "/usr/lib/aarch64-linux-gnu/libabsl_random_seed_gen_exception.so.20260107", O_RDONLY|O_CLOEXEC) = 4
2067  read(4, "\177ELF\2\1\1\0\0\0\0\0\0\0\0\0\3\0\267\0\1\0\0\0\0\0\0\0\0\0\0\0"..., 832) = 832
2067  fstat(4, {st_mode=S_IFREG|0644, st_size=67872, ...}) = 0
2067  mmap(NULL, 196624, PROT_NONE, MAP_PRIVATE|MAP_ANONYMOUS|MAP_DENYWRITE, -1, 0) = 0xe881871af000
2067  mmap(0xe881871b0000, 131088, PROT_READ|PROT_EXEC, MAP_PRIVATE|MAP_FIXED|MAP_DENYWRITE, 4, 0) = 0xe881871b0000
2067  munmap(0xe881871af000, 4096)      = 0
2067  munmap(0xe881871d1000, 57360)     = 0
2067  mprotect(0xe881871b1000, 122880, PROT_NONE) = 0
2067  mmap(0xe881871cf000, 8192, PROT_READ|PROT_WRITE, MAP_PRIVATE|MAP_FIXED|MAP_DENYWRITE, 4, 0xf000) = 0xe881871cf000
2067  close(4)                          = 0
2067  openat(AT_FDCWD, "/usr/lib/aarch64-linux-gnu/libabsl_random_internal_randen_hwaes.so.20260107", O_RDONLY|O_CLOEXEC) = 4
2067  read(4, "\177ELF\2\1\1\0\0\0\0\0\0\0\0\0\3\0\267\0\1\0\0\0\0\0\0\0\0\0\0\0"..., 832) = 832
2067  fstat(4, {st_mode=S_IFREG|0644, st_size=67720, ...}) = 0
2067  mmap(NULL, 196624, PROT_NONE, MAP_PRIVATE|MAP_ANONYMOUS|MAP_DENYWRITE, -1, 0) = 0xe8818717f000
2067  mmap(0xe88187180000, 131088, PROT_READ|PROT_EXEC, MAP_PRIVATE|MAP_FIXED|MAP_DENYWRITE, 4, 0) = 0xe88187180000
2067  munmap(0xe8818717f000, 4096)      = 0
2067  munmap(0xe881871a1000, 57360)     = 0
2067  mprotect(0xe88187181000, 122880, PROT_NONE) = 0
2067  mmap(0xe8818719f000, 8192, PROT_READ|PROT_WRITE, MAP_PRIVATE|MAP_FIXED|MAP_DENYWRITE, 4, 0xf000) = 0xe8818719f000
2067  close(4)                          = 0
2067  openat(AT_FDCWD, "/usr/lib/aarch64-linux-gnu/libabsl_random_internal_platform.so.20260107", O_RDONLY|O_CLOEXEC) = 4
2067  read(4, "\177ELF\2\1\1\0\0\0\0\0\0\0\0\0\3\0\267\0\1\0\0\0\0\0\0\0\0\0\0\0"..., 832) = 832
2067  fstat(4, {st_mode=S_IFREG|0644, st_size=67640, ...}) = 0
2067  mmap(NULL, 196624, PROT_NONE, MAP_PRIVATE|MAP_ANONYMOUS|MAP_DENYWRITE, -1, 0) = 0xe8818714f000
2067  mmap(0xe88187150000, 131088, PROT_READ|PROT_EXEC, MAP_PRIVATE|MAP_FIXED|MAP_DENYWRITE, 4, 0) = 0xe88187150000
2067  munmap(0xe8818714f000, 4096)      = 0
2067  munmap(0xe88187171000, 57360)     = 0
2067  mprotect(0xe88187152000, 118784, PROT_NONE) = 0
2067  mmap(0xe8818716f000, 8192, PROT_READ|PROT_WRITE, MAP_PRIVATE|MAP_FIXED|MAP_DENYWRITE, 4, 0xf000) = 0xe8818716f000
2067  close(4)                          = 0
2067  openat(AT_FDCWD, "/usr/lib/aarch64-linux-gnu/libabsl_demangle_rust.so.20260107", O_RDONLY|O_CLOEXEC) = 4
2067  read(4, "\177ELF\2\1\1\0\0\0\0\0\0\0\0\0\3\0\267\0\1\0\0\0\0\0\0\0\0\0\0\0"..., 832) = 832
2067  fstat(4, {st_mode=S_IFREG|0644, st_size=67792, ...}) = 0
2067  mmap(NULL, 196624, PROT_NONE, MAP_PRIVATE|MAP_ANONYMOUS|MAP_DENYWRITE, -1, 0) = 0xe8818711f000
2067  mmap(0xe88187120000, 131088, PROT_READ|PROT_EXEC, MAP_PRIVATE|MAP_FIXED|MAP_DENYWRITE, 4, 0) = 0xe88187120000
2067  munmap(0xe8818711f000, 4096)      = 0
2067  munmap(0xe88187141000, 57360)     = 0
2067  mprotect(0xe88187124000, 110592, PROT_NONE) = 0
2067  mmap(0xe8818713f000, 8192, PROT_READ|PROT_WRITE, MAP_PRIVATE|MAP_FIXED|MAP_DENYWRITE, 4, 0xf000) = 0xe8818713f000
2067  close(4)                          = 0
2067  openat(AT_FDCWD, "/usr/lib/aarch64-linux-gnu/libabsl_crc32c.so.20260107", O_RDONLY|O_CLOEXEC) = 4
2067  read(4, "\177ELF\2\1\1\3\0\0\0\0\0\0\0\0\3\0\267\0\1\0\0\0\0\0\0\0\0\0\0\0"..., 832) = 832
2067  fstat(4, {st_mode=S_IFREG|0644, st_size=67960, ...}) = 0
2067  mmap(NULL, 196672, PROT_NONE, MAP_PRIVATE|MAP_ANONYMOUS|MAP_DENYWRITE, -1, 0) = 0xe881870ef000
2067  mmap(0xe881870f0000, 131136, PROT_READ|PROT_EXEC, MAP_PRIVATE|MAP_FIXED|MAP_DENYWRITE, 4, 0) = 0xe881870f0000
2067  munmap(0xe881870ef000, 4096)      = 0
2067  munmap(0xe88187111000, 57408)     = 0
2067  mprotect(0xe881870f3000, 114688, PROT_NONE) = 0
2067  mmap(0xe8818710f000, 8192, PROT_READ|PROT_WRITE, MAP_PRIVATE|MAP_FIXED|MAP_DENYWRITE, 4, 0xf000) = 0xe8818710f000
2067  close(4)                          = 0
2067  openat(AT_FDCWD, "/usr/lib/aarch64-linux-gnu/libabsl_exponential_biased.so.20260107", O_RDONLY|O_CLOEXEC) = 4
2067  read(4, "\177ELF\2\1\1\0\0\0\0\0\0\0\0\0\3\0\267\0\1\0\0\0\0\0\0\0\0\0\0\0"..., 832) = 832
2067  fstat(4, {st_mode=S_IFREG|0644, st_size=67792, ...}) = 0
2067  mmap(NULL, 196632, PROT_NONE, MAP_PRIVATE|MAP_ANONYMOUS|MAP_DENYWRITE, -1, 0) = 0xe881870bf000
2067  mmap(0xe881870c0000, 131096, PROT_READ|PROT_EXEC, MAP_PRIVATE|MAP_FIXED|MAP_DENYWRITE, 4, 0) = 0xe881870c0000
2067  munmap(0xe881870bf000, 4096)      = 0
2067  munmap(0xe881870e1000, 57368)     = 0
2067  mprotect(0xe881870c1000, 122880, PROT_NONE) = 0
2067  mmap(0xe881870df000, 8192, PROT_READ|PROT_WRITE, MAP_PRIVATE|MAP_FIXED|MAP_DENYWRITE, 4, 0xf000) = 0xe881870df000
2067  close(4)                          = 0
2067  openat(AT_FDCWD, "/usr/lib/aarch64-linux-gnu/libabsl_decode_rust_punycode.so.20260107", O_RDONLY|O_CLOEXEC) = 4
2067  read(4, "\177ELF\2\1\1\0\0\0\0\0\0\0\0\0\3\0\267\0\1\0\0\0\0\0\0\0\0\0\0\0"..., 832) = 832
2067  fstat(4, {st_mode=S_IFREG|0644, st_size=67720, ...}) = 0
2067  mmap(NULL, 196624, PROT_NONE, MAP_PRIVATE|MAP_ANONYMOUS|MAP_DENYWRITE, -1, 0) = 0xe8818708f000
2067  mmap(0xe88187090000, 131088, PROT_READ|PROT_EXEC, MAP_PRIVATE|MAP_FIXED|MAP_DENYWRITE, 4, 0) = 0xe88187090000
2067  munmap(0xe8818708f000, 4096)      = 0
2067  munmap(0xe881870b1000, 57360)     = 0
2067  mprotect(0xe88187091000, 122880, PROT_NONE) = 0
2067  mmap(0xe881870af000, 8192, PROT_READ|PROT_WRITE, MAP_PRIVATE|MAP_FIXED|MAP_DENYWRITE, 4, 0xf000) = 0xe881870af000
2067  close(4)                          = 0
2067  openat(AT_FDCWD, "/usr/lib/aarch64-linux-gnu/libabsl_crc_internal.so.20260107", O_RDONLY|O_CLOEXEC) = 4
2067  read(4, "\177ELF\2\1\1\0\0\0\0\0\0\0\0\0\3\0\267\0\1\0\0\0\0\0\0\0\0\0\0\0"..., 832) = 832
2067  fstat(4, {st_mode=S_IFREG|0644, st_size=67960, ...}) = 0
2067  mmap(NULL, 196648, PROT_NONE, MAP_PRIVATE|MAP_ANONYMOUS|MAP_DENYWRITE, -1, 0) = 0xe8818705f000
2067  mmap(0xe88187060000, 131112, PROT_READ|PROT_EXEC, MAP_PRIVATE|MAP_FIXED|MAP_DENYWRITE, 4, 0) = 0xe88187060000
2067  munmap(0xe8818705f000, 4096)      = 0
2067  munmap(0xe88187081000, 57384)     = 0
2067  mprotect(0xe88187063000, 114688, PROT_NONE) = 0
2067  mmap(0xe8818707f000, 8192, PROT_READ|PROT_WRITE, MAP_PRIVATE|MAP_FIXED|MAP_DENYWRITE, 4, 0xf000) = 0xe8818707f000
2067  close(4)                          = 0
2067  openat(AT_FDCWD, "/usr/lib/aarch64-linux-gnu/libabsl_utf8_for_code_point.so.20260107", O_RDONLY|O_CLOEXEC) = 4
2067  read(4, "\177ELF\2\1\1\0\0\0\0\0\0\0\0\0\3\0\267\0\1\0\0\0\0\0\0\0\0\0\0\0"..., 832) = 832
2067  fstat(4, {st_mode=S_IFREG|0644, st_size=67568, ...}) = 0
2067  mmap(NULL, 196624, PROT_NONE, MAP_PRIVATE|MAP_ANONYMOUS|MAP_DENYWRITE, -1, 0) = 0xe8818702f000
2067  mmap(0xe88187030000, 131088, PROT_READ|PROT_EXEC, MAP_PRIVATE|MAP_FIXED|MAP_DENYWRITE, 4, 0) = 0xe88187030000
2067  munmap(0xe8818702f000, 4096)      = 0
2067  munmap(0xe88187051000, 57360)     = 0
2067  mprotect(0xe88187031000, 122880, PROT_NONE) = 0
2067  mmap(0xe8818704f000, 8192, PROT_READ|PROT_WRITE, MAP_PRIVATE|MAP_FIXED|MAP_DENYWRITE, 4, 0xf000) = 0xe8818704f000
2067  close(4)                          = 0
2067  mprotect(0xe8818704f000, 4096, PROT_READ) = 0
2067  mprotect(0xe8818804f000, 4096, PROT_READ) = 0
2067  mprotect(0xe8818707f000, 4096, PROT_READ) = 0
2067  mprotect(0xe881870af000, 4096, PROT_READ) = 0
2067  mprotect(0xe881870df000, 4096, PROT_READ) = 0
2067  mprotect(0xe8818710f000, 4096, PROT_READ) = 0
2067  mprotect(0xe8818713f000, 4096, PROT_READ) = 0
2067  mprotect(0xe8818716f000, 4096, PROT_READ) = 0
2067  mprotect(0xe8818719f000, 4096, PROT_READ) = 0
2067  mprotect(0xe881871cf000, 4096, PROT_READ) = 0
2067  mprotect(0xe881871ff000, 4096, PROT_READ) = 0
2067  mprotect(0xe8818801f000, 4096, PROT_READ) = 0
2067  mprotect(0xe8818788f000, 4096, PROT_READ) = 0
2067  mprotect(0xe881878bf000, 4096, PROT_READ) = 0
2067  mprotect(0xe881879df000, 4096, PROT_READ) = 0
2067  mprotect(0xe8818762f000, 4096, PROT_READ) = 0
2067  mprotect(0xe8818759f000, 4096, PROT_READ) = 0
2067  mprotect(0xe8818809f000, 4096, PROT_READ) = 0
2067  mprotect(0xe881874cf000, 4096, PROT_READ) = 0
2067  mprotect(0xe8818791f000, 4096, PROT_READ) = 0
2067  mprotect(0xe881879af000, 4096, PROT_READ) = 0
2067  mprotect(0xe881880cf000, 4096, PROT_READ) = 0
2067  mprotect(0xe8818738f000, 4096, PROT_READ) = 0
2067  mprotect(0xe8818735f000, 4096, PROT_READ) = 0
2067  mprotect(0xe8818797f000, 4096, PROT_READ) = 0
2067  mprotect(0xe8818732f000, 4096, PROT_READ) = 0
2067  mprotect(0xe8818794f000, 4096, PROT_READ) = 0
2067  mprotect(0xe881878ef000, 4096, PROT_READ) = 0
2067  mprotect(0xe88188e2f000, 4096, PROT_READ) = 0
2067  mprotect(0xe8818722f000, 4096, PROT_READ) = 0
2067  mprotect(0xe8818725f000, 4096, PROT_READ) = 0
2067  mprotect(0xe8818728f000, 4096, PROT_READ) = 0
2067  mprotect(0xe881872cf000, 4096, PROT_READ) = 0
2067  mprotect(0xe881872ff000, 4096, PROT_READ) = 0
2067  mprotect(0xe881873cf000, 4096, PROT_READ) = 0
2067  mprotect(0xe881873ff000, 4096, PROT_READ) = 0
2067  mprotect(0xe8818742f000, 4096, PROT_READ) = 0
2067  mprotect(0xe8818745f000, 4096, PROT_READ) = 0
2067  mprotect(0xe8818748f000, 4096, PROT_READ) = 0
2067  mprotect(0xe881874ff000, 4096, PROT_READ) = 0
2067  mprotect(0xe881875cf000, 4096, PROT_READ) = 0
2067  mprotect(0xe8818810f000, 4096, PROT_READ) = 0
2067  mprotect(0xe8818753f000, 4096, PROT_READ) = 0
2067  mprotect(0xe8818756f000, 4096, PROT_READ) = 0
2067  mprotect(0xe881875ff000, 4096, PROT_READ) = 0
2067  mprotect(0xe8818765f000, 4096, PROT_READ) = 0
2067  mprotect(0xe8818768f000, 4096, PROT_READ) = 0
2067  mprotect(0xe881876bf000, 4096, PROT_READ) = 0
2067  mprotect(0xe881876ef000, 4096, PROT_READ) = 0
2067  mprotect(0xe8818771f000, 4096, PROT_READ) = 0
2067  mprotect(0xe8818774f000, 4096, PROT_READ) = 0
2067  mprotect(0xe8818777f000, 4096, PROT_READ) = 0
2067  mprotect(0xe881877af000, 4096, PROT_READ) = 0
2067  mprotect(0xe881877df000, 4096, PROT_READ) = 0
2067  mprotect(0xe8818878b000, 479232, PROT_READ) = 0
2067  mprotect(0xe8818781f000, 4096, PROT_READ) = 0
2067  mprotect(0xe8818785f000, 4096, PROT_READ) = 0
2067  mprotect(0xe88187a0f000, 4096, PROT_READ) = 0
2067  mprotect(0xe88187a3f000, 4096, PROT_READ) = 0
2067  mprotect(0xe88187a8f000, 4096, PROT_READ) = 0
2067  mprotect(0xe88188aff000, 4096, PROT_READ) = 0
2067  mprotect(0xe88188926000, 40960, PROT_READ) = 0
2067  mprotect(0xe8818816f000, 4096, PROT_READ) = 0
2067  mprotect(0xe8818813f000, 4096, PROT_READ) = 0
2067  mprotect(0xe8818929c000, 16384, PROT_READ) = 0
2067  mprotect(0xe88187fd6000, 106496, PROT_READ) = 0
2067  mprotect(0xe881881de000, 8192, PROT_READ) = 0
2067  mprotect(0xe8818896f000, 4096, PROT_READ) = 0
2067  mprotect(0xe881889de000, 8192, PROT_READ) = 0
2067  mprotect(0xe88188a0f000, 4096, PROT_READ) = 0
2067  mprotect(0xe88188a8e000, 8192, PROT_READ) = 0
2067  mprotect(0xe88188acf000, 4096, PROT_READ) = 0
2067  mprotect(0xe88188b4a000, 811008, PROT_READ) = 0
2067  mprotect(0xe88188c4b000, 806912, PROT_READ) = 0
2067  mprotect(0xe88188d3f000, 4096, PROT_READ) = 0
2067  mprotect(0xe88188d6f000, 4096, PROT_READ) = 0
2067  mprotect(0xe88188d9f000, 4096, PROT_READ) = 0
2067  mprotect(0xe88188dee000, 8192, PROT_READ) = 0
2067  mprotect(0xe88188f0c000, 16384, PROT_READ) = 0
2067  mprotect(0xe88189218000, 32768, PROT_READ) = 0
2067  mprotect(0xe881892ff000, 4096, PROT_READ) = 0
2067  mprotect(0xe881893f9000, 28672, PROT_READ) = 0
2067  mprotect(0xe8818942f000, 4096, PROT_READ) = 0
2067  mprotect(0xe88189aff000, 987136, PROT_READ) = 0
2067  mprotect(0xe88189c3f000, 4096, PROT_READ) = 0
2067  openat(AT_FDCWD, "/sys/devices/system/cpu/possible", O_RDONLY|O_CLOEXEC) = 4
2067  read(4, "0-3\n", 1024)            = 4
2067  close(4)                          = 0
2067  eventfd2(0, EFD_CLOEXEC|EFD_NONBLOCK) = 4
2067  close(4)                          = 0
2067  futex(0xe88188df00d8, FUTEX_WAKE_PRIVATE, 2147483647) = 0
2067  openat(AT_FDCWD, "/usr/lib/aarch64-linux-gnu/libtbbmalloc.so.2", O_RDONLY|O_CLOEXEC) = 4
2067  read(4, "\177ELF\2\1\1\0\0\0\0\0\0\0\0\0\3\0\267\0\1\0\0\0\0\0\0\0\0\0\0\0"..., 832) = 832
2067  fstat(4, {st_mode=S_IFREG|0644, st_size=67864, ...}) = 0
2067  close(4)                          = 0
2067  munmap(0xe8818d127000, 35777)     = 0
2067  newfstatat(AT_FDCWD, "/usr/lib/aarch64-linux-gnu/libtbbmalloc.so.2", {st_mode=S_IFREG|0644, st_size=67864, ...}, 0) = 0
2067  openat(AT_FDCWD, "/usr/lib/aarch64-linux-gnu/libtbbmalloc.so.2", O_RDONLY|O_CLOEXEC) = 4
2067  read(4, "\177ELF\2\1\1\0\0\0\0\0\0\0\0\0\3\0\267\0\1\0\0\0\0\0\0\0\0\0\0\0"..., 832) = 832
2067  fstat(4, {st_mode=S_IFREG|0644, st_size=67864, ...}) = 0
2067  mmap(NULL, 324728, PROT_NONE, MAP_PRIVATE|MAP_ANONYMOUS|MAP_DENYWRITE, -1, 0) = 0xe88186fe0000
2067  mmap(0xe88186fe0000, 259192, PROT_READ|PROT_EXEC, MAP_PRIVATE|MAP_FIXED|MAP_DENYWRITE, 4, 0) = 0xe88186fe0000
2067  munmap(0xe88187020000, 62584)     = 0
2067  mprotect(0xe88186fef000, 65536, PROT_NONE) = 0
2067  mmap(0xe88186fff000, 8192, PROT_READ|PROT_WRITE, MAP_PRIVATE|MAP_FIXED|MAP_DENYWRITE, 4, 0xf000) = 0xe88186fff000
2067  mmap(0xe88187001000, 124024, PROT_READ|PROT_WRITE, MAP_PRIVATE|MAP_FIXED|MAP_ANONYMOUS, -1, 0) = 0xe88187001000
2067  close(4)                          = 0
2067  mprotect(0xe88186fff000, 4096, PROT_READ) = 0
2067  futex(0xe88188df00c0, FUTEX_WAKE_PRIVATE, 2147483647) = 0
2067  mmap(NULL, 327680, PROT_READ|PROT_WRITE, MAP_PRIVATE|MAP_ANONYMOUS, -1, 0) = 0xe88186f90000
2067  openat(AT_FDCWD, "/proc/meminfo", O_RDONLY) = 4
2067  fstat(4, {st_mode=S_IFREG|0444, st_size=0, ...}) = 0
2067  read(4, "MemTotal:        3461872 kB\nMemF"..., 1024) = 1024
2067  read(4, "135288315904 kB\nVmallocUsed:    "..., 1024) = 508
2067  lseek(4, 0, SEEK_CUR)             = 1532
2067  lseek(4, 1504, SEEK_SET)          = 1504
2067  close(4)                          = 0
2067  openat(AT_FDCWD, "/proc/sys/vm/nr_hugepages", O_RDONLY) = -1 EACCES (Permission denied)
2067  openat(AT_FDCWD, "/sys/kernel/mm/transparent_hugepage/enabled", O_RDONLY) = 4
2067  fstat(4, {st_mode=S_IFREG|0644, st_size=4096, ...}) = 0
2067  read(4, "always [madvise] never\n", 4096) = 23
2067  read(4, "", 4096)                 = 0
2067  close(4)                          = 0
2067  mmap(NULL, 2097152, PROT_READ|PROT_WRITE, MAP_PRIVATE|MAP_ANONYMOUS, -1, 0) = 0xe88186c00000
2067  openat(AT_FDCWD, "/etc/ld.so.cache", O_RDONLY|O_CLOEXEC) = 4
2067  fstat(4, {st_mode=S_IFREG|0644, st_size=35777, ...}) = 0
2067  mmap(NULL, 35777, PROT_READ, MAP_PRIVATE, 4, 0) = 0xe8818d127000
2067  close(4)                          = 0
2067  openat(AT_FDCWD, "/lib/aarch64-linux-gnu/libtcm.so.1", O_RDONLY|O_CLOEXEC) = -1 ENOENT (No such file or directory)
2067  newfstatat(AT_FDCWD, "/lib/aarch64-linux-gnu/", {st_mode=S_IFDIR|0755, st_size=45056, ...}, 0) = 0
2067  openat(AT_FDCWD, "/usr/lib/aarch64-linux-gnu/libtcm.so.1", O_RDONLY|O_CLOEXEC) = -1 ENOENT (No such file or directory)
2067  openat(AT_FDCWD, "/lib/libtcm.so.1", O_RDONLY|O_CLOEXEC) = -1 ENOENT (No such file or directory)
2067  newfstatat(AT_FDCWD, "/lib/", {st_mode=S_IFDIR|0755, st_size=4096, ...}, 0) = 0
2067  openat(AT_FDCWD, "/usr/lib/libtcm.so.1", O_RDONLY|O_CLOEXEC) = -1 ENOENT (No such file or directory)
2067  newfstatat(AT_FDCWD, "/usr/lib/", {st_mode=S_IFDIR|0755, st_size=4096, ...}, 0) = 0
2067  munmap(0xe8818d127000, 35777)     = 0
2067  openat(AT_FDCWD, "/etc/ld.so.cache", O_RDONLY|O_CLOEXEC) = 4
2067  fstat(4, {st_mode=S_IFREG|0644, st_size=35777, ...}) = 0
2067  mmap(NULL, 35777, PROT_READ, MAP_PRIVATE, 4, 0) = 0xe8818d127000
2067  close(4)                          = 0
2067  openat(AT_FDCWD, "/lib/aarch64-linux-gnu/libtcm.so.1", O_RDONLY|O_CLOEXEC) = -1 ENOENT (No such file or directory)
2067  openat(AT_FDCWD, "/usr/lib/aarch64-linux-gnu/libtcm.so.1", O_RDONLY|O_CLOEXEC) = -1 ENOENT (No such file or directory)
2067  openat(AT_FDCWD, "/lib/libtcm.so.1", O_RDONLY|O_CLOEXEC) = -1 ENOENT (No such file or directory)
2067  openat(AT_FDCWD, "/usr/lib/libtcm.so.1", O_RDONLY|O_CLOEXEC) = -1 ENOENT (No such file or directory)
2067  munmap(0xe8818d127000, 35777)     = 0
2067  newfstatat(AT_FDCWD, "/usr/lib/aarch64-linux-gnu/wireshark/plugins/4.6/epan/irda.so", {st_mode=S_IFREG|0644, st_size=74456, ...}, 0) = 0
2067  openat(AT_FDCWD, "/usr/lib/aarch64-linux-gnu/wireshark/plugins/4.6/epan/irda.so", O_RDONLY|O_CLOEXEC) = 4
2067  read(4, "\177ELF\2\1\1\0\0\0\0\0\0\0\0\0\3\0\267\0\1\0\0\0\0\0\0\0\0\0\0\0"..., 832) = 832
2067  fstat(4, {st_mode=S_IFREG|0644, st_size=74456, ...}) = 0
2067  mmap(NULL, 208112, PROT_NONE, MAP_PRIVATE|MAP_ANONYMOUS|MAP_DENYWRITE, -1, 0) = 0xe88186f5d000
2067  mmap(0xe88186f60000, 142576, PROT_READ|PROT_EXEC, MAP_PRIVATE|MAP_FIXED|MAP_DENYWRITE, 4, 0) = 0xe88186f60000
2067  munmap(0xe88186f5d000, 12288)     = 0
2067  munmap(0xe88186f83000, 52464)     = 0
2067  mprotect(0xe88186f6b000, 81920, PROT_NONE) = 0
2067  mmap(0xe88186f7f000, 12288, PROT_READ|PROT_WRITE, MAP_PRIVATE|MAP_FIXED|MAP_DENYWRITE, 4, 0xf000) = 0xe88186f7f000
2067  mmap(0xe88186f82000, 3312, PROT_READ|PROT_WRITE, MAP_PRIVATE|MAP_FIXED|MAP_ANONYMOUS, -1, 0) = 0xe88186f82000
2067  close(4)                          = 0
2067  mprotect(0xe88186f7f000, 4096, PROT_READ) = 0
2067  newfstatat(AT_FDCWD, "/usr/lib/aarch64-linux-gnu/wireshark/plugins/4.6/epan/unistim.so", {st_mode=S_IFREG|0644, st_size=159552, ...}, 0) = 0
2067  openat(AT_FDCWD, "/usr/lib/aarch64-linux-gnu/wireshark/plugins/4.6/epan/unistim.so", O_RDONLY|O_CLOEXEC) = 4
2067  read(4, "\177ELF\2\1\1\0\0\0\0\0\0\0\0\0\3\0\267\0\1\0\0\0\0\0\0\0\0\0\0\0"..., 832) = 832
2067  fstat(4, {st_mode=S_IFREG|0644, st_size=159552, ...}) = 0
2067  mmap(NULL, 289688, PROT_NONE, MAP_PRIVATE|MAP_ANONYMOUS|MAP_DENYWRITE, -1, 0) = 0xe88186f19000
2067  mmap(0xe88186f20000, 224152, PROT_READ|PROT_EXEC, MAP_PRIVATE|MAP_FIXED|MAP_DENYWRITE, 4, 0) = 0xe88186f20000
2067  munmap(0xe88186f19000, 28672)     = 0
2067  munmap(0xe88186f57000, 35736)     = 0
2067  mprotect(0xe88186f3b000, 69632, PROT_NONE) = 0
2067  mmap(0xe88186f4c000, 45056, PROT_READ|PROT_WRITE, MAP_PRIVATE|MAP_FIXED|MAP_DENYWRITE, 4, 0x1c000) = 0xe88186f4c000
2067  close(4)                          = 0
2067  mprotect(0xe88186f4c000, 16384, PROT_READ) = 0
2067  newfstatat(AT_FDCWD, "/usr/lib/aarch64-linux-gnu/wireshark/plugins/4.6/epan/ipaddr.so", {st_mode=S_IFREG|0644, st_size=68032, ...}, 0) = 0
2067  openat(AT_FDCWD, "/usr/lib/aarch64-linux-gnu/wireshark/plugins/4.6/epan/ipaddr.so", O_RDONLY|O_CLOEXEC) = 4
2067  read(4, "\177ELF\2\1\1\0\0\0\0\0\0\0\0\0\3\0\267\0\1\0\0\0\0\0\0\0\0\0\0\0"..., 832) = 832
2067  fstat(4, {st_mode=S_IFREG|0644, st_size=68032, ...}) = 0
2067  mmap(NULL, 196896, PROT_NONE, MAP_PRIVATE|MAP_ANONYMOUS|MAP_DENYWRITE, -1, 0) = 0xe88186eef000
2067  mmap(0xe88186ef0000, 131360, PROT_READ|PROT_EXEC, MAP_PRIVATE|MAP_FIXED|MAP_DENYWRITE, 4, 0) = 0xe88186ef0000
2067  munmap(0xe88186eef000, 4096)      = 0
2067  munmap(0xe88186f11000, 57632)     = 0
2067  mprotect(0xe88186ef3000, 114688, PROT_NONE) = 0
2067  mmap(0xe88186f0f000, 8192, PROT_READ|PROT_WRITE, MAP_PRIVATE|MAP_FIXED|MAP_DENYWRITE, 4, 0xf000) = 0xe88186f0f000
2067  close(4)                          = 0
2067  mprotect(0xe88186f0f000, 4096, PROT_READ) = 0
2067  getdents64(3, 0xb77f4cec86b0 /* 0 entries */, 32768) = 0
2067  close(3)                          = 0
2067  newfstatat(AT_FDCWD, "/usr/lib/aarch64-linux-gnu/wireshark/plugins/4.6", {st_mode=S_IFDIR|0755, st_size=4096, ...}, 0) = 0
2067  newfstatat(AT_FDCWD, "/home/hpe/.local/lib/wireshark/plugins/4.6", 0xffffe3a77348, 0) = -1 ENOENT (No such file or directory)
2067  openat(AT_FDCWD, "/home/hpe/.local/lib/wireshark/plugins/4.6/epan", O_RDONLY|O_NONBLOCK|O_CLOEXEC|O_DIRECTORY) = -1 ENOENT (No such file or directory)
2067  getrandom("\x89\x1d\x9d\xe1\x39\x24\x81\xac", 8, 0) = 8
2067  futex(0xe8818c6c090c, FUTEX_WAKE_PRIVATE, 2147483647) = 0
2067  rt_sigaction(SIGPIPE, {sa_handler=SIG_IGN, sa_mask=[PIPE], sa_flags=SA_RESTART}, {sa_handler=SIG_DFL, sa_mask=[], sa_flags=0}, 8) = 0
2067  mmap(NULL, 2441216, PROT_READ|PROT_WRITE, MAP_PRIVATE|MAP_ANONYMOUS, -1, 0) = 0xe881869ac000
2067  madvise(0xe881869ac000, 2441216, MADV_HUGEPAGE) = 0
2067  mmap(NULL, 16781312, PROT_READ|PROT_WRITE, MAP_PRIVATE|MAP_ANONYMOUS, -1, 0) = 0xe881859ab000
2067  madvise(0xe881859ab000, 16781312, MADV_HUGEPAGE) = 0
2067  newfstatat(AT_FDCWD, ".", {st_mode=S_IFDIR|0775, st_size=4096, ...}, 0) = 0
2067  newfstatat(AT_FDCWD, "/home/hpe/quic_new_new/dashboard", {st_mode=S_IFDIR|0775, st_size=4096, ...}, 0) = 0
2067  futex(0xe8818cf50db8, FUTEX_WAKE_PRIVATE, 2147483647) = 0
2067  brk(0xb77f4d200000)               = 0xb77f4d200000
2067  madvise(0xb77f4d000000, 2097152, MADV_HUGEPAGE) = 0
2067  futex(0xe8818cf50db8, FUTEX_WAKE_PRIVATE, 2147483647) = 0
2067  brk(0xb77f4d400000)               = 0xb77f4d400000
2067  madvise(0xb77f4d200000, 2097152, MADV_HUGEPAGE) = 0
2067  newfstatat(AT_FDCWD, "/home/hpe/.config/wireshark/dtds", 0xffffe3a771f8, 0) = -1 ENOENT (No such file or directory)
2067  newfstatat(AT_FDCWD, "/usr/share/wireshark/dtds", {st_mode=S_IFDIR|0755, st_size=4096, ...}, 0) = 0
2067  openat(AT_FDCWD, "/usr/share/wireshark/dtds", O_RDONLY|O_NONBLOCK|O_CLOEXEC|O_DIRECTORY) = 3
2067  fstat(3, {st_mode=S_IFDIR|0755, st_size=4096, ...}) = 0
2067  getdents64(3, 0xb77f4d36ce60 /* 14 entries */, 32768) = 464
2067  openat(AT_FDCWD, "/usr/share/wireshark/dtds/watcherinfo.dtd", O_RDONLY) = 4
2067  dup(4)                            = 5
2067  close(4)                          = 0
2067  read(5, "<?wireshark-protocol\n   proto_na"..., 4000) = 800
2067  read(5, "", 3200)                 = 0
2067  read(5, "", 4000)                 = 0
2067  close(5)                          = 0
2067  openat(AT_FDCWD, "/usr/share/wireshark/dtds/itunes.dtd", O_RDONLY) = 4
2067  dup(4)                            = 5
2067  close(4)                          = 0
2067  read(5, "<?wireshark-protocol proto_name="..., 4000) = 523
2067  read(5, "", 3477)                 = 0
2067  close(5)                          = 0
2067  newfstatat(AT_FDCWD, "/usr/share/wireshark/dtds/itunes.dtd", {st_mode=S_IFREG|0644, st_size=523, ...}, 0) = 0
2067  openat(AT_FDCWD, "/usr/share/wireshark/dtds/itunes.dtd", O_RDONLY) = 4
2067  dup(4)                            = 5
2067  close(4)                          = 0
2067  read(5, "<?wireshark-protocol proto_name="..., 4000) = 523
2067  read(5, "", 3477)                 = 0
2067  read(5, "", 4000)                 = 0
2067  close(5)                          = 0
2067  openat(AT_FDCWD, "/usr/share/wireshark/dtds/reginfo.dtd", O_RDONLY) = 4
2067  dup(4)                            = 5
2067  close(4)                          = 0
2067  read(5, "<?wireshark-protocol\n   proto_na"..., 4000) = 1107
2067  read(5, "", 2893)                 = 0
2067  read(5, "", 4000)                 = 0
2067  close(5)                          = 0
2067  openat(AT_FDCWD, "/usr/share/wireshark/dtds/dc.dtd", O_RDONLY) = 4
2067  dup(4)                            = 5
2067  close(4)                          = 0
2067  read(5, "<?wireshark-protocol proto_name="..., 4000) = 780
2067  read(5, "", 3220)                 = 0
2067  close(5)                          = 0
2067  newfstatat(AT_FDCWD, "/usr/share/wireshark/dtds/dc.dtd", {st_mode=S_IFREG|0644, st_size=780, ...}, 0) = 0
2067  openat(AT_FDCWD, "/usr/share/wireshark/dtds/dc.dtd", O_RDONLY) = 4
2067  dup(4)                            = 5
2067  close(4)                          = 0
2067  read(5, "<?wireshark-protocol proto_name="..., 4000) = 780
2067  read(5, "", 3220)                 = 0
2067  read(5, "", 4000)                 = 0
2067  close(5)                          = 0
2067  openat(AT_FDCWD, "/usr/share/wireshark/dtds/xcap-caps.dtd", O_RDONLY) = 4
2067  dup(4)                            = 5
2067  close(4)                          = 0
2067  read(5, "<?wireshark-protocol\n   proto_na"..., 4000) = 297
2067  read(5, "", 3703)                 = 0
2067  read(5, "", 4000)                 = 0
2067  close(5)                          = 0
2067  openat(AT_FDCWD, "/usr/share/wireshark/dtds/rlmi.dtd", O_RDONLY) = 4
2067  dup(4)                            = 5
2067  close(4)                          = 0
2067  read(5, "<?wireshark-protocol\n   proto_na"..., 4000) = 769
2067  read(5, "", 3231)                 = 0
2067  read(5, "", 4000)                 = 0
2067  close(5)                          = 0
2067  openat(AT_FDCWD, "/usr/share/wireshark/dtds/mscml.dtd", O_RDONLY) = 4
2067  dup(4)                            = 5
2067  close(4)                          = 0
2067  read(5, "<?wireshark-protocol\n   proto_na"..., 4000) = 4000
2067  read(5, "erence\n\tuniqueid CDATA #REQUIRED"..., 4000) = 3594
2067  read(5, "", 406)                  = 0
2067  read(5, "", 4000)                 = 0
2067  close(5)                          = 0
2067  openat(AT_FDCWD, "/usr/share/wireshark/dtds/pocsettings.dtd", O_RDONLY) = 4
2067  dup(4)                            = 5
2067  close(4)                          = 0
2067  read(5, "<?wireshark-protocol\n   proto_na"..., 4000) = 914
2067  read(5, "", 3086)                 = 0
2067  read(5, "", 4000)                 = 0
2067  close(5)                          = 0
2067  openat(AT_FDCWD, "/usr/share/wireshark/dtds/rss.dtd", O_RDONLY) = 4
2067  dup(4)                            = 5
2067  close(4)                          = 0
2067  read(5, "<?wireshark-protocol proto_name="..., 4000) = 2394
2067  read(5, "", 1606)                 = 0
2067  read(5, "", 4000)                 = 0
2067  close(5)                          = 0
2067  openat(AT_FDCWD, "/usr/share/wireshark/dtds/xcap-error.dtd", O_RDONLY) = 4
2067  dup(4)                            = 5
2067  close(4)                          = 0
2067  read(5, "<?wireshark-protocol\n   proto_na"..., 4000) = 1572
2067  read(5, "", 2428)                 = 0
2067  read(5, "", 4000)                 = 0
2067  close(5)                          = 0
2067  openat(AT_FDCWD, "/usr/share/wireshark/dtds/presence.dtd", O_RDONLY) = 4
2067  dup(4)                            = 5
2067  close(4)                          = 0
2067  read(5, "<?wireshark-protocol\n   proto_na"..., 4000) = 573
2067  read(5, "", 3427)                 = 0
2067  read(5, "", 4000)                 = 0
2067  close(5)                          = 0
2067  openat(AT_FDCWD, "/usr/share/wireshark/dtds/smil.dtd", O_RDONLY) = 4
2067  dup(4)                            = 5
2067  close(4)                          = 0
2067  read(5, "<?wireshark-protocol\n\tproto_name"..., 4000) = 4000
2067  read(5, "============ The Parallel Elemen"..., 4000) = 3559
2067  read(5, "", 441)                  = 0
2067  read(5, "", 4000)                 = 0
2067  close(5)                          = 0
2067  getdents64(3, 0xb77f4d36ce60 /* 0 entries */, 32768) = 0
2067  close(3)                          = 0
2067  openat(AT_FDCWD, "/usr/lib/aarch64-linux-gnu/wireshark/plugins/falco", O_RDONLY|O_NONBLOCK|O_CLOEXEC|O_DIRECTORY) = -1 ENOENT (No such file or directory)
2067  newfstatat(AT_FDCWD, "/home/hpe/.local/lib/wireshark/plugins/falco", 0xffffe3a77368, 0) = -1 ENOENT (No such file or directory)
2067  openat(AT_FDCWD, "/home/hpe/.local/lib/wireshark/plugins/falco", O_RDONLY|O_NONBLOCK|O_CLOEXEC|O_DIRECTORY) = -1 ENOENT (No such file or directory)
2067  futex(0xe88188802c50, FUTEX_WAKE_PRIVATE, 2147483647) = 0
2067  futex(0xe88188802c08, FUTEX_WAKE_PRIVATE, 2147483647) = 0
2067  futex(0xe88188802c0c, FUTEX_WAKE_PRIVATE, 2147483647) = 0
2067  futex(0xe88188802c10, FUTEX_WAKE_PRIVATE, 2147483647) = 0
2067  futex(0xe88188802d04, FUTEX_WAKE_PRIVATE, 2147483647) = 0
2067  futex(0xe88188802c1c, FUTEX_WAKE_PRIVATE, 2147483647) = 0
2067  futex(0xe88188802c20, FUTEX_WAKE_PRIVATE, 2147483647) = 0
2067  futex(0xe88188802904, FUTEX_WAKE_PRIVATE, 2147483647) = 0
2067  openat(AT_FDCWD, "/proc/sys/crypto/fips_enabled", O_RDONLY) = -1 ENOENT (No such file or directory)
2067  openat(AT_FDCWD, "/etc/ubuntu-fips", O_RDONLY) = -1 ENOENT (No such file or directory)
2067  futex(0xe88188802794, FUTEX_WAKE_PRIVATE, 2147483647) = 0
2067  futex(0xe88188802434, FUTEX_WAKE_PRIVATE, 2147483647) = 0
2067  futex(0xe881888028f0, FUTEX_WAKE_PRIVATE, 2147483647) = 0
2067  futex(0xe881888026d0, FUTEX_WAKE_PRIVATE, 2147483647) = 0
2067  futex(0xe88188802c4c, FUTEX_WAKE_PRIVATE, 2147483647) = 0
2067  futex(0xe881888025c0, FUTEX_WAKE_PRIVATE, 2147483647) = 0
2067  futex(0xe88188802c14, FUTEX_WAKE_PRIVATE, 2147483647) = 0
2067  openat(AT_FDCWD, "/usr/lib/ssl/openssl.cnf", O_RDONLY) = 3
2067  fstat(3, {st_mode=S_IFREG|0644, st_size=12509, ...}) = 0
2067  read(3, "#\n# OpenSSL example configuratio"..., 4096) = 4096
2067  read(3, "d attributes must be the same, a"..., 4096) = 4096
2067  read(3, "coding of an extension: beware e"..., 4096) = 4096
2067  read(3, "cert = $insta::certout # insta.c"..., 4096) = 221
2067  newfstatat(AT_FDCWD, "/var/lib/crypto-config/profiles/current/openssl.conf.d", 0xffffe3a76fb0, 0) = -1 ENOENT (No such file or directory)
2067  newfstatat(AT_FDCWD, "/etc/ssl/openssl.conf.d", 0xffffe3a76fb0, 0) = -1 ENOENT (No such file or directory)
2067  read(3, "", 4096)                 = 0
2067  close(3)                          = 0
2067  futex(0xe8818880245c, FUTEX_WAKE_PRIVATE, 2147483647) = 0
2067  futex(0xe881888024d8, FUTEX_WAKE_PRIVATE, 2147483647) = 0
2067  futex(0xe88188802c30, FUTEX_WAKE_PRIVATE, 2147483647) = 0
2067  futex(0xe88188802470, FUTEX_WAKE_PRIVATE, 2147483647) = 0
2067  futex(0xe88188802c24, FUTEX_WAKE_PRIVATE, 2147483647) = 0
2067  futex(0xe881889337c8, FUTEX_WAKE_PRIVATE, 2147483647) = 0
2067  newfstatat(AT_FDCWD, "/proc/1/root", 0xffffe3a771c8, 0) = -1 EACCES (Permission denied)
2067  getpid()                          = 2067
2067  openat(AT_FDCWD, "/usr/lib/aarch64-linux-gnu/wireshark/plugins/falco", O_RDONLY|O_NONBLOCK|O_CLOEXEC|O_DIRECTORY) = -1 ENOENT (No such file or directory)
2067  newfstatat(AT_FDCWD, "/home/hpe/.local/lib/wireshark/plugins/falco", 0xffffe3a77368, 0) = -1 ENOENT (No such file or directory)
2067  openat(AT_FDCWD, "/home/hpe/.local/lib/wireshark/plugins/falco", O_RDONLY|O_NONBLOCK|O_CLOEXEC|O_DIRECTORY) = -1 ENOENT (No such file or directory)
2067  brk(0xb77f4d600000)               = 0xb77f4d600000
2067  madvise(0xb77f4d400000, 2097152, MADV_HUGEPAGE) = 0
2067  newfstatat(AT_FDCWD, "", 0xffffe3a773b8, 0) = -1 ENOENT (No such file or directory)
2067  newfstatat(AT_FDCWD, "/home/hpe/.config/wireshark/dmacros", 0xffffe3a77368, 0) = -1 ENOENT (No such file or directory)
2067  newfstatat(AT_FDCWD, "/home/hpe/.config/wireshark/dfilter_macros", 0xffffe3a77368, 0) = -1 ENOENT (No such file or directory)
2067  openat(AT_FDCWD, "/home/hpe/.config/wireshark/dmacros", O_RDONLY) = -1 ENOENT (No such file or directory)
2067  openat(AT_FDCWD, "/usr/share/wireshark/dmacros", O_RDONLY) = 3
2067  fstat(3, {st_mode=S_IFREG|0644, st_size=321, ...}) = 0
2067  read(3, "# This file is the display filte"..., 4096) = 321
2067  read(3, "", 4096)                 = 0
2067  close(3)                          = 0
2067  newfstatat(AT_FDCWD, "/usr/lib/aarch64-linux-gnu/wireshark/plugins/init.lua", 0xffffe3a77388, 0) = -1 ENOENT (No such file or directory)
2067  newfstatat(AT_FDCWD, "/home/hpe/.local/lib/wireshark/plugins/init.lua", 0xffffe3a77388, 0) = -1 ENOENT (No such file or directory)
2067  newfstatat(AT_FDCWD, "/home/hpe/.config/wireshark/init.lua", 0xffffe3a77388, 0) = -1 ENOENT (No such file or directory)
2067  openat(AT_FDCWD, "/usr/lib/aarch64-linux-gnu/wireshark/plugins", O_RDONLY|O_NONBLOCK|O_CLOEXEC|O_DIRECTORY) = 3
2067  fstat(3, {st_mode=S_IFDIR|0755, st_size=4096, ...}) = 0
2067  brk(0xb77f4d800000)               = 0xb77f4d800000
2067  madvise(0xb77f4d600000, 2097152, MADV_HUGEPAGE) = 0
2067  getdents64(3, 0xb77f4d5fe4a0 /* 3 entries */, 32768) = 72
2067  newfstatat(AT_FDCWD, "/usr/lib/aarch64-linux-gnu/wireshark/plugins/4.6", {st_mode=S_IFDIR|0755, st_size=4096, ...}, 0) = 0
2067  getdents64(3, 0xb77f4d5fe4a0 /* 0 entries */, 32768) = 0
2067  close(3)                          = 0
2067  openat(AT_FDCWD, "/usr/lib/aarch64-linux-gnu/wireshark/plugins/4.6", O_RDONLY|O_NONBLOCK|O_CLOEXEC|O_DIRECTORY) = 3
2067  fstat(3, {st_mode=S_IFDIR|0755, st_size=4096, ...}) = 0
2067  getdents64(3, 0xb77f4d5fe4a0 /* 5 entries */, 32768) = 136
2067  newfstatat(AT_FDCWD, "/usr/lib/aarch64-linux-gnu/wireshark/plugins/4.6/epan", {st_mode=S_IFDIR|0755, st_size=4096, ...}, 0) = 0
2067  newfstatat(AT_FDCWD, "/usr/lib/aarch64-linux-gnu/wireshark/plugins/4.6/wiretap", {st_mode=S_IFDIR|0755, st_size=4096, ...}, 0) = 0
2067  newfstatat(AT_FDCWD, "/usr/lib/aarch64-linux-gnu/wireshark/plugins/4.6/codecs", {st_mode=S_IFDIR|0755, st_size=4096, ...}, 0) = 0
2067  getdents64(3, 0xb77f4d5fe4a0 /* 0 entries */, 32768) = 0
2067  close(3)                          = 0
2067  openat(AT_FDCWD, "/usr/lib/aarch64-linux-gnu/wireshark/plugins/4.6/codecs", O_RDONLY|O_NONBLOCK|O_CLOEXEC|O_DIRECTORY) = 3
2067  fstat(3, {st_mode=S_IFDIR|0755, st_size=4096, ...}) = 0
2067  getdents64(3, 0xb77f4d5fe4a0 /* 10 entries */, 32768) = 304
2067  newfstatat(AT_FDCWD, "/usr/lib/aarch64-linux-gnu/wireshark/plugins/4.6/codecs/opus_dec.so", {st_mode=S_IFREG|0644, st_size=67792, ...}, 0) = 0
2067  newfstatat(AT_FDCWD, "/usr/lib/aarch64-linux-gnu/wireshark/plugins/4.6/codecs/g726.so", {st_mode=S_IFREG|0644, st_size=67640, ...}, 0) = 0
2067  newfstatat(AT_FDCWD, "/usr/lib/aarch64-linux-gnu/wireshark/plugins/4.6/codecs/sbc.so", {st_mode=S_IFREG|0644, st_size=67792, ...}, 0) = 0
2067  newfstatat(AT_FDCWD, "/usr/lib/aarch64-linux-gnu/wireshark/plugins/4.6/codecs/l16mono.so", {st_mode=S_IFREG|0644, st_size=67640, ...}, 0) = 0
2067  newfstatat(AT_FDCWD, "/usr/lib/aarch64-linux-gnu/wireshark/plugins/4.6/codecs/g729.so", {st_mode=S_IFREG|0644, st_size=67640, ...}, 0) = 0
2067  newfstatat(AT_FDCWD, "/usr/lib/aarch64-linux-gnu/wireshark/plugins/4.6/codecs/amrnb.so", {st_mode=S_IFREG|0644, st_size=67792, ...}, 0) = 0
2067  newfstatat(AT_FDCWD, "/usr/lib/aarch64-linux-gnu/wireshark/plugins/4.6/codecs/g722.so", {st_mode=S_IFREG|0644, st_size=67640, ...}, 0) = 0
2067  newfstatat(AT_FDCWD, "/usr/lib/aarch64-linux-gnu/wireshark/plugins/4.6/codecs/g711.so", {st_mode=S_IFREG|0644, st_size=67640, ...}, 0) = 0
2067  getdents64(3, 0xb77f4d5fe4a0 /* 0 entries */, 32768) = 0
2067  close(3)                          = 0
2067  openat(AT_FDCWD, "/usr/lib/aarch64-linux-gnu/wireshark/plugins/4.6/epan", O_RDONLY|O_NONBLOCK|O_CLOEXEC|O_DIRECTORY) = 3
2067  fstat(3, {st_mode=S_IFDIR|0755, st_size=4096, ...}) = 0
2067  getdents64(3, 0xb77f4d5fe4a0 /* 16 entries */, 32768) = 528
2067  newfstatat(AT_FDCWD, "/usr/lib/aarch64-linux-gnu/wireshark/plugins/4.6/epan/wimaxmacphy.so", {st_mode=S_IFREG|0644, st_size=151712, ...}, 0) = 0
2067  newfstatat(AT_FDCWD, "/usr/lib/aarch64-linux-gnu/wireshark/plugins/4.6/epan/gryphon.so", {st_mode=S_IFREG|0644, st_size=157288, ...}, 0) = 0
2067  newfstatat(AT_FDCWD, "/usr/lib/aarch64-linux-gnu/wireshark/plugins/4.6/epan/stats_tree.so", {st_mode=S_IFREG|0644, st_size=68112, ...}, 0) = 0
2067  newfstatat(AT_FDCWD, "/usr/lib/aarch64-linux-gnu/wireshark/plugins/4.6/epan/wimax.so", {st_mode=S_IFREG|0644, st_size=767784, ...}, 0) = 0
2067  newfstatat(AT_FDCWD, "/usr/lib/aarch64-linux-gnu/wireshark/plugins/4.6/epan/transum.so", {st_mode=S_IFREG|0644, st_size=69488, ...}, 0) = 0
2067  newfstatat(AT_FDCWD, "/usr/lib/aarch64-linux-gnu/wireshark/plugins/4.6/epan/mate.so", {st_mode=S_IFREG|0644, st_size=133912, ...}, 0) = 0
2067  newfstatat(AT_FDCWD, "/usr/lib/aarch64-linux-gnu/wireshark/plugins/4.6/epan/opcua.so", {st_mode=S_IFREG|0644, st_size=370080, ...}, 0) = 0
2067  newfstatat(AT_FDCWD, "/usr/lib/aarch64-linux-gnu/wireshark/plugins/4.6/epan/ethercat.so", {st_mode=S_IFREG|0644, st_size=255640, ...}, 0) = 0
2067  newfstatat(AT_FDCWD, "/usr/lib/aarch64-linux-gnu/wireshark/plugins/4.6/epan/wimaxasncp.so", {st_mode=S_IFREG|0644, st_size=70416, ...}, 0) = 0
2067  newfstatat(AT_FDCWD, "/usr/lib/aarch64-linux-gnu/wireshark/plugins/4.6/epan/profinet.so", {st_mode=S_IFREG|0644, st_size=827744, ...}, 0) = 0
2067  newfstatat(AT_FDCWD, "/usr/lib/aarch64-linux-gnu/wireshark/plugins/4.6/epan/falco-events.so", {st_mode=S_IFREG|0644, st_size=133952, ...}, 0) = 0
2067  newfstatat(AT_FDCWD, "/usr/lib/aarch64-linux-gnu/wireshark/plugins/4.6/epan/irda.so", {st_mode=S_IFREG|0644, st_size=74456, ...}, 0) = 0
2067  newfstatat(AT_FDCWD, "/usr/lib/aarch64-linux-gnu/wireshark/plugins/4.6/epan/unistim.so", {st_mode=S_IFREG|0644, st_size=159552, ...}, 0) = 0
2067  newfstatat(AT_FDCWD, "/usr/lib/aarch64-linux-gnu/wireshark/plugins/4.6/epan/ipaddr.so", {st_mode=S_IFREG|0644, st_size=68032, ...}, 0) = 0
2067  getdents64(3, 0xb77f4d5fe4a0 /* 0 entries */, 32768) = 0
2067  close(3)                          = 0
2067  openat(AT_FDCWD, "/usr/lib/aarch64-linux-gnu/wireshark/plugins/4.6/wiretap", O_RDONLY|O_NONBLOCK|O_CLOEXEC|O_DIRECTORY) = 3
2067  fstat(3, {st_mode=S_IFDIR|0755, st_size=4096, ...}) = 0
2067  getdents64(3, 0xb77f4d5fe4a0 /* 3 entries */, 32768) = 80
2067  newfstatat(AT_FDCWD, "/usr/lib/aarch64-linux-gnu/wireshark/plugins/4.6/wiretap/usbdump.so", {st_mode=S_IFREG|0644, st_size=67872, ...}, 0) = 0
2067  getdents64(3, 0xb77f4d5fe4a0 /* 0 entries */, 32768) = 0
2067  close(3)                          = 0
2067  openat(AT_FDCWD, "/home/hpe/.local/lib/wireshark/plugins", O_RDONLY|O_NONBLOCK|O_CLOEXEC|O_DIRECTORY) = -1 ENOENT (No such file or directory)
2067  openat(AT_FDCWD, "/home/hpe/.config/wireshark/plugins", O_RDONLY|O_NONBLOCK|O_CLOEXEC|O_DIRECTORY) = -1 ENOENT (No such file or directory)
2067  openat(AT_FDCWD, "/home/hpe/.config/wireshark/decode_as_entries", O_RDONLY) = -1 ENOENT (No such file or directory)
2067  newfstatat(AT_FDCWD, "/home/hpe/.config/wireshark/pkcs11_libs", 0xffffe3a77c98, 0) = -1 ENOENT (No such file or directory)
2067  newfstatat(AT_FDCWD, "/usr/share/wireshark/pkcs11_libs", 0xffffe3a77c98, 0) = -1 ENOENT (No such file or directory)
2067  newfstatat(AT_FDCWD, "/home/hpe/.config/wireshark/rsa_keys", 0xffffe3a77c98, 0) = -1 ENOENT (No such file or directory)
2067  newfstatat(AT_FDCWD, "/usr/share/wireshark/rsa_keys", 0xffffe3a77c98, 0) = -1 ENOENT (No such file or directory)
2067  newfstatat(AT_FDCWD, "/home/hpe/.config/wireshark/dfilter_buttons", 0xffffe3a77c98, 0) = -1 ENOENT (No such file or directory)
2067  newfstatat(AT_FDCWD, "/usr/share/wireshark/dfilter_buttons", 0xffffe3a77c98, 0) = -1 ENOENT (No such file or directory)
2067  newfstatat(AT_FDCWD, "/home/hpe/.config/wireshark/addr_resolve_dns_servers", 0xffffe3a77c98, 0) = -1 ENOENT (No such file or directory)
2067  newfstatat(AT_FDCWD, "/usr/share/wireshark/addr_resolve_dns_servers", 0xffffe3a77c98, 0) = -1 ENOENT (No such file or directory)
2067  newfstatat(AT_FDCWD, "/home/hpe/.config/wireshark/smi_paths", 0xffffe3a77c98, 0) = -1 ENOENT (No such file or directory)
2067  newfstatat(AT_FDCWD, "/usr/share/wireshark/smi_paths", 0xffffe3a77c98, 0) = -1 ENOENT (No such file or directory)
2067  newfstatat(AT_FDCWD, "/home/hpe/.config/wireshark/smi_modules", 0xffffe3a77c98, 0) = -1 ENOENT (No such file or directory)
2067  newfstatat(AT_FDCWD, "/usr/share/wireshark/smi_modules", {st_mode=S_IFREG|0644, st_size=315, ...}, 0) = 0
2067  openat(AT_FDCWD, "/usr/share/wireshark/smi_modules", O_RDONLY) = 3
2067  fstat(3, {st_mode=S_IFREG|0644, st_size=315, ...}) = 0
2067  read(3, "# Default MIB modules to load\n\"I"..., 8192) = 315
2067  read(3, "", 4096)                 = 0
2067  read(3, "", 8192)                 = 0
2067  close(3)                          = 0
2067  newfstatat(AT_FDCWD, "/home/hpe/.config/wireshark/maxmind_db_paths", 0xffffe3a77c98, 0) = -1 ENOENT (No such file or directory)
2067  newfstatat(AT_FDCWD, "/usr/share/wireshark/maxmind_db_paths", {st_mode=S_IFREG|0644, st_size=36, ...}, 0) = 0
2067  openat(AT_FDCWD, "/usr/share/wireshark/maxmind_db_paths", O_RDONLY) = 3
2067  fstat(3, {st_mode=S_IFREG|0644, st_size=36, ...}) = 0
2067  read(3, "\"/usr/share/GeoIP\"\n\"/var/lib/Geo"..., 8192) = 36
2067  read(3, "", 4096)                 = 0
2067  read(3, "", 8192)                 = 0
2067  close(3)                          = 0
2067  openat(AT_FDCWD, "/usr/share/GeoIP", O_RDONLY|O_NONBLOCK|O_CLOEXEC|O_DIRECTORY) = -1 ENOENT (No such file or directory)
2067  openat(AT_FDCWD, "/var/lib/GeoIP", O_RDONLY|O_NONBLOCK|O_CLOEXEC|O_DIRECTORY) = -1 ENOENT (No such file or directory)
2067  openat(AT_FDCWD, "/usr/share/GeoIP", O_RDONLY|O_NONBLOCK|O_CLOEXEC|O_DIRECTORY) = -1 ENOENT (No such file or directory)
2067  openat(AT_FDCWD, "/var/lib/GeoIP", O_RDONLY|O_NONBLOCK|O_CLOEXEC|O_DIRECTORY) = -1 ENOENT (No such file or directory)
2067  newfstatat(AT_FDCWD, "/home/hpe/.config/wireshark/amqp_message_decoding", 0xffffe3a77c98, 0) = -1 ENOENT (No such file or directory)
2067  newfstatat(AT_FDCWD, "/usr/share/wireshark/amqp_message_decoding", 0xffffe3a77c98, 0) = -1 ENOENT (No such file or directory)
2067  newfstatat(AT_FDCWD, "/home/hpe/.config/wireshark/ASAM_CMP_devices", 0xffffe3a77c98, 0) = -1 ENOENT (No such file or directory)
2067  newfstatat(AT_FDCWD, "/usr/share/wireshark/ASAM_CMP_devices", 0xffffe3a77c98, 0) = -1 ENOENT (No such file or directory)
2067  newfstatat(AT_FDCWD, "/home/hpe/.config/wireshark/ASAM_CMP_interfaces", 0xffffe3a77c98, 0) = -1 ENOENT (No such file or directory)
2067  newfstatat(AT_FDCWD, "/usr/share/wireshark/ASAM_CMP_interfaces", 0xffffe3a77c98, 0) = -1 ENOENT (No such file or directory)
2067  newfstatat(AT_FDCWD, "/home/hpe/.config/wireshark/AUTOSAR_IPDUM_Messages", 0xffffe3a77c98, 0) = -1 ENOENT (No such file or directory)
2067  newfstatat(AT_FDCWD, "/usr/share/wireshark/AUTOSAR_IPDUM_Messages", 0xffffe3a77c98, 0) = -1 ENOENT (No such file or directory)
2067  newfstatat(AT_FDCWD, "/home/hpe/.config/wireshark/AUTOSAR_IPDUM_Binding_CAN", 0xffffe3a77c98, 0) = -1 ENOENT (No such file or directory)
2067  newfstatat(AT_FDCWD, "/usr/share/wireshark/AUTOSAR_IPDUM_Binding_CAN", 0xffffe3a77c98, 0) = -1 ENOENT (No such file or directory)
2067  newfstatat(AT_FDCWD, "/home/hpe/.config/wireshark/AUTOSAR_IPDUM_Binding_FlexRay", 0xffffe3a77c98, 0) = -1 ENOENT (No such file or directory)
2067  newfstatat(AT_FDCWD, "/usr/share/wireshark/AUTOSAR_IPDUM_Binding_FlexRay", 0xffffe3a77c98, 0) = -1 ENOENT (No such file or directory)
2067  newfstatat(AT_FDCWD, "/home/hpe/.config/wireshark/AUTOSAR_IPDUM_Binding_LIN", 0xffffe3a77c98, 0) = -1 ENOENT (No such file or directory)
2067  newfstatat(AT_FDCWD, "/usr/share/wireshark/AUTOSAR_IPDUM_Binding_LIN", 0xffffe3a77c98, 0) = -1 ENOENT (No such file or directory)
2067  newfstatat(AT_FDCWD, "/home/hpe/.config/wireshark/AUTOSAR_IPDUM_Binding_PDU_Transport", 0xffffe3a77c98, 0) = -1 ENOENT (No such file or directory)
2067  newfstatat(AT_FDCWD, "/usr/share/wireshark/AUTOSAR_IPDUM_Binding_PDU_Transport", 0xffffe3a77c98, 0) = -1 ENOENT (No such file or directory)
2067  newfstatat(AT_FDCWD, "/home/hpe/.config/wireshark/NM_user_data_fields", 0xffffe3a77c98, 0) = -1 ENOENT (No such file or directory)
2067  newfstatat(AT_FDCWD, "/usr/share/wireshark/NM_user_data_fields", 0xffffe3a77c98, 0) = -1 ENOENT (No such file or directory)
2067  newfstatat(AT_FDCWD, "/home/hpe/.config/wireshark/oid", 0xffffe3a77c98, 0) = -1 ENOENT (No such file or directory)
2067  newfstatat(AT_FDCWD, "/usr/share/wireshark/oid", 0xffffe3a77c98, 0) = -1 ENOENT (No such file or directory)
2067  newfstatat(AT_FDCWD, "/home/hpe/.config/wireshark/bluetooth_uuids", 0xffffe3a77c98, 0) = -1 ENOENT (No such file or directory)
2067  newfstatat(AT_FDCWD, "/usr/share/wireshark/bluetooth_uuids", 0xffffe3a77c98, 0) = -1 ENOENT (No such file or directory)
2067  newfstatat(AT_FDCWD, "/home/hpe/.config/wireshark/btmesh_nw_keys", 0xffffe3a77c98, 0) = -1 ENOENT (No such file or directory)
2067  newfstatat(AT_FDCWD, "/usr/share/wireshark/btmesh_nw_keys", 0xffffe3a77c98, 0) = -1 ENOENT (No such file or directory)
2067  newfstatat(AT_FDCWD, "/home/hpe/.config/wireshark/btmesh_dev_keys", 0xffffe3a77c98, 0) = -1 ENOENT (No such file or directory)
2067  newfstatat(AT_FDCWD, "/usr/share/wireshark/btmesh_dev_keys", 0xffffe3a77c98, 0) = -1 ENOENT (No such file or directory)
2067  newfstatat(AT_FDCWD, "/home/hpe/.config/wireshark/btmesh_label_uuids", 0xffffe3a77c98, 0) = -1 ENOENT (No such file or directory)
2067  newfstatat(AT_FDCWD, "/usr/share/wireshark/btmesh_label_uuids", 0xffffe3a77c98, 0) = -1 ENOENT (No such file or directory)
2067  newfstatat(AT_FDCWD, "/home/hpe/.config/wireshark/rfcomm_channels", 0xffffe3a77c98, 0) = -1 ENOENT (No such file or directory)
2067  newfstatat(AT_FDCWD, "/usr/share/wireshark/rfcomm_channels", 0xffffe3a77c98, 0) = -1 ENOENT (No such file or directory)
2067  newfstatat(AT_FDCWD, "/home/hpe/.config/wireshark/c1222_decryption_table", 0xffffe3a77c98, 0) = -1 ENOENT (No such file or directory)
2067  newfstatat(AT_FDCWD, "/usr/share/wireshark/c1222_decryption_table", 0xffffe3a77c98, 0) = -1 ENOENT (No such file or directory)
2067  newfstatat(AT_FDCWD, "/home/hpe/.config/wireshark/collectd", 0xffffe3a77c98, 0) = -1 ENOENT (No such file or directory)
2067  newfstatat(AT_FDCWD, "/usr/share/wireshark/collectd", 0xffffe3a77c98, 0) = -1 ENOENT (No such file or directory)
2067  newfstatat(AT_FDCWD, "/home/hpe/.config/wireshark/devicenet_bodytypes", 0xffffe3a77c98, 0) = -1 ENOENT (No such file or directory)
2067  newfstatat(AT_FDCWD, "/usr/share/wireshark/devicenet_bodytypes", 0xffffe3a77c98, 0) = -1 ENOENT (No such file or directory)
2067  newfstatat(AT_FDCWD, "/home/hpe/.config/wireshark/custom_bootp", 0xffffe3a77c98, 0) = -1 ENOENT (No such file or directory)
2067  newfstatat(AT_FDCWD, "/usr/share/wireshark/custom_bootp", 0xffffe3a77c98, 0) = -1 ENOENT (No such file or directory)
2067  newfstatat(AT_FDCWD, "/home/hpe/.config/wireshark/dmp_security_classifications", 0xffffe3a77c98, 0) = -1 ENOENT (No such file or directory)
2067  newfstatat(AT_FDCWD, "/usr/share/wireshark/dmp_security_classifications", 0xffffe3a77c98, 0) = -1 ENOENT (No such file or directory)
2067  newfstatat(AT_FDCWD, "/home/hpe/.config/wireshark/custom_dof_secmode_list", 0xffffe3a77c98, 0) = -1 ENOENT (No such file or directory)
2067  newfstatat(AT_FDCWD, "/usr/share/wireshark/custom_dof_secmode_list", 0xffffe3a77c98, 0) = -1 ENOENT (No such file or directory)
2067  newfstatat(AT_FDCWD, "/home/hpe/.config/wireshark/custom_dof_seckey_list", 0xffffe3a77c98, 0) = -1 ENOENT (No such file or directory)
2067  newfstatat(AT_FDCWD, "/usr/share/wireshark/custom_dof_seckey_list", 0xffffe3a77c98, 0) = -1 ENOENT (No such file or directory)
2067  newfstatat(AT_FDCWD, "/home/hpe/.config/wireshark/custom_dof_identsecret_list", 0xffffe3a77c98, 0) = -1 ENOENT (No such file or directory)
2067  newfstatat(AT_FDCWD, "/usr/share/wireshark/custom_dof_identsecret_list", 0xffffe3a77c98, 0) = -1 ENOENT (No such file or directory)
2067  newfstatat(AT_FDCWD, "/home/hpe/.config/wireshark/DoIP_diagnostic_addresses", 0xffffe3a77c98, 0) = -1 ENOENT (No such file or directory)
2067  newfstatat(AT_FDCWD, "/usr/share/wireshark/DoIP_diagnostic_addresses", 0xffffe3a77c98, 0) = -1 ENOENT (No such file or directory)
2067  newfstatat(AT_FDCWD, "/home/hpe/.config/wireshark/DoIP_payload_types", 0xffffe3a77c98, 0) = -1 ENOENT (No such file or directory)
2067  newfstatat(AT_FDCWD, "/usr/share/wireshark/DoIP_payload_types", 0xffffe3a77c98, 0) = -1 ENOENT (No such file or directory)
2067  newfstatat(AT_FDCWD, "/home/hpe/.config/wireshark/dtlsdecrypttablefile", 0xffffe3a77c98, 0) = -1 ENOENT (No such file or directory)
2067  newfstatat(AT_FDCWD, "/usr/share/wireshark/dtlsdecrypttablefile", 0xffffe3a77c98, 0) = -1 ENOENT (No such file or directory)
2067  newfstatat(AT_FDCWD, "/home/hpe/.config/wireshark/edhoc_secrets", 0xffffe3a77c98, 0) = -1 ENOENT (No such file or directory)
2067  newfstatat(AT_FDCWD, "/usr/share/wireshark/edhoc_secrets", 0xffffe3a77c98, 0) = -1 ENOENT (No such file or directory)
2067  newfstatat(AT_FDCWD, "/home/hpe/.config/wireshark/epl_device_profiles", 0xffffe3a77c98, 0) = -1 ENOENT (No such file or directory)
2067  newfstatat(AT_FDCWD, "/usr/share/wireshark/epl_device_profiles", 0xffffe3a77c98, 0) = -1 ENOENT (No such file or directory)
2067  newfstatat(AT_FDCWD, "/home/hpe/.config/wireshark/epl_nodeid_profiles", 0xffffe3a77c98, 0) = -1 ENOENT (No such file or directory)
2067  newfstatat(AT_FDCWD, "/usr/share/wireshark/epl_nodeid_profiles", 0xffffe3a77c98, 0) = -1 ENOENT (No such file or directory)
2067  newfstatat(AT_FDCWD, "/home/hpe/.config/wireshark/ess_category_attributes", 0xffffe3a77c98, 0) = -1 ENOENT (No such file or directory)
2067  newfstatat(AT_FDCWD, "/usr/share/wireshark/ess_category_attributes", 0xffffe3a77c98, 0) = -1 ENOENT (No such file or directory)
2067  newfstatat(AT_FDCWD, "/home/hpe/.config/wireshark/FR_senders_receivers", 0xffffe3a77c98, 0) = -1 ENOENT (No such file or directory)
2067  newfstatat(AT_FDCWD, "/usr/share/wireshark/FR_senders_receivers", 0xffffe3a77c98, 0) = -1 ENOENT (No such file or directory)
2067  newfstatat(AT_FDCWD, "/home/hpe/.config/wireshark/gtp_pdcp_lte_keys2", 0xffffe3a77c98, 0) = -1 ENOENT (No such file or directory)
2067  newfstatat(AT_FDCWD, "/usr/share/wireshark/gtp_pdcp_lte_keys2", 0xffffe3a77c98, 0) = -1 ENOENT (No such file or directory)
2067  newfstatat(AT_FDCWD, "/home/hpe/.config/wireshark/gtp_pdcp_nr_keys2", 0xffffe3a77c98, 0) = -1 ENOENT (No such file or directory)
2067  newfstatat(AT_FDCWD, "/usr/share/wireshark/gtp_pdcp_nr_keys2", 0xffffe3a77c98, 0) = -1 ENOENT (No such file or directory)
2067  newfstatat(AT_FDCWD, "/home/hpe/.config/wireshark/HSFZ_diagnostics_addresses", 0xffffe3a77c98, 0) = -1 ENOENT (No such file or directory)
2067  newfstatat(AT_FDCWD, "/usr/share/wireshark/HSFZ_diagnostics_addresses", 0xffffe3a77c98, 0) = -1 ENOENT (No such file or directory)
2067  newfstatat(AT_FDCWD, "/home/hpe/.config/wireshark/custom_http_header_fields", 0xffffe3a77c98, 0) = -1 ENOENT (No such file or directory)
2067  newfstatat(AT_FDCWD, "/usr/share/wireshark/custom_http_header_fields", 0xffffe3a77c98, 0) = -1 ENOENT (No such file or directory)
2067  newfstatat(AT_FDCWD, "/home/hpe/.config/wireshark/custom_http2_header_fields", 0xffffe3a77c98, 0) = -1 ENOENT (No such file or directory)
2067  newfstatat(AT_FDCWD, "/usr/share/wireshark/custom_http2_header_fields", 0xffffe3a77c98, 0) = -1 ENOENT (No such file or directory)
2067  newfstatat(AT_FDCWD, "/home/hpe/.config/wireshark/http2_fake_headers", 0xffffe3a77c98, 0) = -1 ENOENT (No such file or directory)
2067  newfstatat(AT_FDCWD, "/usr/share/wireshark/http2_fake_headers", 0xffffe3a77c98, 0) = -1 ENOENT (No such file or directory)
2067  newfstatat(AT_FDCWD, "/home/hpe/.config/wireshark/80211_keys", 0xffffe3a77c98, 0) = -1 ENOENT (No such file or directory)
2067  newfstatat(AT_FDCWD, "/usr/share/wireshark/80211_keys", 0xffffe3a77c98, 0) = -1 ENOENT (No such file or directory)
2067  newfstatat(AT_FDCWD, "/home/hpe/.config/wireshark/802154_addresses", 0xffffe3a77c98, 0) = -1 ENOENT (No such file or directory)
2067  newfstatat(AT_FDCWD, "/usr/share/wireshark/802154_addresses", 0xffffe3a77c98, 0) = -1 ENOENT (No such file or directory)
2067  newfstatat(AT_FDCWD, "/home/hpe/.config/wireshark/ieee802154_keys", 0xffffe3a77c98, 0) = -1 ENOENT (No such file or directory)
2067  newfstatat(AT_FDCWD, "/usr/share/wireshark/ieee802154_keys", 0xffffe3a77c98, 0) = -1 ENOENT (No such file or directory)
2067  newfstatat(AT_FDCWD, "/home/hpe/.config/wireshark/imf_header_fields", 0xffffe3a77c98, 0) = -1 ENOENT (No such file or directory)
2067  newfstatat(AT_FDCWD, "/usr/share/wireshark/imf_header_fields", 0xffffe3a77c98, 0) = -1 ENOENT (No such file or directory)
2067  newfstatat(AT_FDCWD, "/home/hpe/.config/wireshark/esp_sa", 0xffffe3a77c98, 0) = -1 ENOENT (No such file or directory)
2067  newfstatat(AT_FDCWD, "/usr/share/wireshark/esp_sa", 0xffffe3a77c98, 0) = -1 ENOENT (No such file or directory)
2067  newfstatat(AT_FDCWD, "/home/hpe/.config/wireshark/NAT64_NSP_list", 0xffffe3a77c98, 0) = -1 ENOENT (No such file or directory)
2067  newfstatat(AT_FDCWD, "/usr/share/wireshark/NAT64_NSP_list", 0xffffe3a77c98, 0) = -1 ENOENT (No such file or directory)
2067  newfstatat(AT_FDCWD, "/home/hpe/.config/wireshark/ikev1_decryption_table", 0xffffe3a77c98, 0) = -1 ENOENT (No such file or directory)
2067  newfstatat(AT_FDCWD, "/usr/share/wireshark/ikev1_decryption_table", 0xffffe3a77c98, 0) = -1 ENOENT (No such file or directory)
2067  newfstatat(AT_FDCWD, "/home/hpe/.config/wireshark/ikev2_decryption_table", 0xffffe3a77c98, 0) = -1 ENOENT (No such file or directory)
2067  newfstatat(AT_FDCWD, "/usr/share/wireshark/ikev2_decryption_table", 0xffffe3a77c98, 0) = -1 ENOENT (No such file or directory)
2067  newfstatat(AT_FDCWD, "/home/hpe/.config/wireshark/ISO15765_can_id_mappings", 0xffffe3a77c98, 0) = -1 ENOENT (No such file or directory)
2067  newfstatat(AT_FDCWD, "/usr/share/wireshark/ISO15765_can_id_mappings", 0xffffe3a77c98, 0) = -1 ENOENT (No such file or directory)
2067  newfstatat(AT_FDCWD, "/home/hpe/.config/wireshark/ISO15765_pdu_transport_config", 0xffffe3a77c98, 0) = -1 ENOENT (No such file or directory)
2067  newfstatat(AT_FDCWD, "/usr/share/wireshark/ISO15765_pdu_transport_config", 0xffffe3a77c98, 0) = -1 ENOENT (No such file or directory)
2067  newfstatat(AT_FDCWD, "/home/hpe/.config/wireshark/k12_protos", 0xffffe3a77c98, 0) = -1 ENOENT (No such file or directory)
2067  newfstatat(AT_FDCWD, "/usr/share/wireshark/k12_protos", 0xffffe3a77c98, 0) = -1 ENOENT (No such file or directory)
2067  newfstatat(AT_FDCWD, "/home/hpe/.config/wireshark/lbmpdm_tcp_domains", 0xffffe3a77c98, 0) = -1 ENOENT (No such file or directory)
2067  newfstatat(AT_FDCWD, "/usr/share/wireshark/lbmpdm_tcp_domains", 0xffffe3a77c98, 0) = -1 ENOENT (No such file or directory)
2067  newfstatat(AT_FDCWD, "/home/hpe/.config/wireshark/lbmr_domains", 0xffffe3a77c98, 0) = -1 ENOENT (No such file or directory)
2067  newfstatat(AT_FDCWD, "/usr/share/wireshark/lbmr_domains", 0xffffe3a77c98, 0) = -1 ENOENT (No such file or directory)
2067  newfstatat(AT_FDCWD, "/home/hpe/.config/wireshark/lbmsrs_domains", 0xffffe3a77c98, 0) = -1 ENOENT (No such file or directory)
2067  newfstatat(AT_FDCWD, "/usr/share/wireshark/lbmsrs_domains", 0xffffe3a77c98, 0) = -1 ENOENT (No such file or directory)
2067  newfstatat(AT_FDCWD, "/home/hpe/.config/wireshark/lbtrm_domains", 0xffffe3a77c98, 0) = -1 ENOENT (No such file or directory)
2067  newfstatat(AT_FDCWD, "/usr/share/wireshark/lbtrm_domains", 0xffffe3a77c98, 0) = -1 ENOENT (No such file or directory)
2067  newfstatat(AT_FDCWD, "/home/hpe/.config/wireshark/lbtru_domains", 0xffffe3a77c98, 0) = -1 ENOENT (No such file or directory)
2067  newfstatat(AT_FDCWD, "/usr/share/wireshark/lbtru_domains", 0xffffe3a77c98, 0) = -1 ENOENT (No such file or directory)
2067  newfstatat(AT_FDCWD, "/home/hpe/.config/wireshark/lbttcp_domains", 0xffffe3a77c98, 0) = -1 ENOENT (No such file or directory)
2067  newfstatat(AT_FDCWD, "/usr/share/wireshark/lbttcp_domains", 0xffffe3a77c98, 0) = -1 ENOENT (No such file or directory)
2067  newfstatat(AT_FDCWD, "/home/hpe/.config/wireshark/custom_ldap_attribute_types", 0xffffe3a77c98, 0) = -1 ENOENT (No such file or directory)
2067  newfstatat(AT_FDCWD, "/usr/share/wireshark/custom_ldap_attribute_types", 0xffffe3a77c98, 0) = -1 ENOENT (No such file or directory)
2067  newfstatat(AT_FDCWD, "/home/hpe/.config/wireshark/LIN_interface_mapping", 0xffffe3a77c98, 0) = -1 ENOENT (No such file or directory)
2067  newfstatat(AT_FDCWD, "/usr/share/wireshark/LIN_interface_mapping", 0xffffe3a77c98, 0) = -1 ENOENT (No such file or directory)
2067  newfstatat(AT_FDCWD, "/home/hpe/.config/wireshark/LIN_senders_receivers", 0xffffe3a77c98, 0) = -1 ENOENT (No such file or directory)
2067  newfstatat(AT_FDCWD, "/usr/share/wireshark/LIN_senders_receivers", 0xffffe3a77c98, 0) = -1 ENOENT (No such file or directory)
2067  newfstatat(AT_FDCWD, "/home/hpe/.config/wireshark/root_keys_lorawan", 0xffffe3a77c98, 0) = -1 ENOENT (No such file or directory)
2067  newfstatat(AT_FDCWD, "/usr/share/wireshark/root_keys_lorawan", 0xffffe3a77c98, 0) = -1 ENOENT (No such file or directory)
2067  newfstatat(AT_FDCWD, "/home/hpe/.config/wireshark/session_keys_lorawan", 0xffffe3a77c98, 0) = -1 ENOENT (No such file or directory)
2067  newfstatat(AT_FDCWD, "/usr/share/wireshark/session_keys_lorawan", 0xffffe3a77c98, 0) = -1 ENOENT (No such file or directory)
2067  newfstatat(AT_FDCWD, "/home/hpe/.config/wireshark/lwm2m_object_names", 0xffffe3a77c98, 0) = -1 ENOENT (No such file or directory)
2067  newfstatat(AT_FDCWD, "/usr/share/wireshark/lwm2m_object_names", 0xffffe3a77c98, 0) = -1 ENOENT (No such file or directory)
2067  newfstatat(AT_FDCWD, "/home/hpe/.config/wireshark/lwm2m_resource_names", 0xffffe3a77c98, 0) = -1 ENOENT (No such file or directory)
2067  newfstatat(AT_FDCWD, "/usr/share/wireshark/lwm2m_resource_names", 0xffffe3a77c98, 0) = -1 ENOENT (No such file or directory)
2067  newfstatat(AT_FDCWD, "/home/hpe/.config/wireshark/drb_logchans", 0xffffe3a77c98, 0) = -1 ENOENT (No such file or directory)
2067  newfstatat(AT_FDCWD, "/usr/share/wireshark/drb_logchans", 0xffffe3a77c98, 0) = -1 ENOENT (No such file or directory)
2067  newfstatat(AT_FDCWD, "/home/hpe/.config/wireshark/drb_bearerconfig", 0xffffe3a77c98, 0) = -1 ENOENT (No such file or directory)
2067  newfstatat(AT_FDCWD, "/usr/share/wireshark/drb_bearerconfig", 0xffffe3a77c98, 0) = -1 ENOENT (No such file or directory)
2067  newfstatat(AT_FDCWD, "/home/hpe/.config/wireshark/psk_config_data", 0xffffe3a77c98, 0) = -1 ENOENT (No such file or directory)
2067  newfstatat(AT_FDCWD, "/usr/share/wireshark/psk_config_data", 0xffffe3a77c98, 0) = -1 ENOENT (No such file or directory)
2067  newfstatat(AT_FDCWD, "/home/hpe/.config/wireshark/mka_ckn_info", 0xffffe3a77c98, 0) = -1 ENOENT (No such file or directory)
2067  newfstatat(AT_FDCWD, "/usr/share/wireshark/mka_ckn_info", 0xffffe3a77c98, 0) = -1 ENOENT (No such file or directory)
2067  newfstatat(AT_FDCWD, "/home/hpe/.config/wireshark/mqtt_message_decoding", 0xffffe3a77c98, 0) = -1 ENOENT (No such file or directory)
2067  newfstatat(AT_FDCWD, "/usr/share/wireshark/mqtt_message_decoding", 0xffffe3a77c98, 0) = -1 ENOENT (No such file or directory)
2067  newfstatat(AT_FDCWD, "/home/hpe/.config/wireshark/oscore_contexts", 0xffffe3a77c98, 0) = -1 ENOENT (No such file or directory)
2067  newfstatat(AT_FDCWD, "/usr/share/wireshark/oscore_contexts", 0xffffe3a77c98, 0) = -1 ENOENT (No such file or directory)
2067  newfstatat(AT_FDCWD, "/home/hpe/.config/wireshark/pdcp_lte_ue_keys", 0xffffe3a77c98, 0) = -1 ENOENT (No such file or directory)
2067  newfstatat(AT_FDCWD, "/usr/share/wireshark/pdcp_lte_ue_keys", 0xffffe3a77c98, 0) = -1 ENOENT (No such file or directory)
2067  newfstatat(AT_FDCWD, "/home/hpe/.config/wireshark/pdcp_nr_ue_keys", 0xffffe3a77c98, 0) = -1 ENOENT (No such file or directory)
2067  newfstatat(AT_FDCWD, "/usr/share/wireshark/pdcp_nr_ue_keys", 0xffffe3a77c98, 0) = -1 ENOENT (No such file or directory)
2067  newfstatat(AT_FDCWD, "/home/hpe/.config/wireshark/PDU_Transport_identifiers", 0xffffe3a77c98, 0) = -1 ENOENT (No such file or directory)
2067  newfstatat(AT_FDCWD, "/usr/share/wireshark/PDU_Transport_identifiers", 0xffffe3a77c98, 0) = -1 ENOENT (No such file or directory)
2067  newfstatat(AT_FDCWD, "/home/hpe/.config/wireshark/PDU_Transport_extended_config", 0xffffe3a77c98, 0) = -1 ENOENT (No such file or directory)
2067  newfstatat(AT_FDCWD, "/usr/share/wireshark/PDU_Transport_extended_config", 0xffffe3a77c98, 0) = -1 ENOENT (No such file or directory)
2067  newfstatat(AT_FDCWD, "/home/hpe/.config/wireshark/pres_context_list", 0xffffe3a77c98, 0) = -1 ENOENT (No such file or directory)
2067  newfstatat(AT_FDCWD, "/usr/share/wireshark/pres_context_list", 0xffffe3a77c98, 0) = -1 ENOENT (No such file or directory)
2067  newfstatat(AT_FDCWD, "/home/hpe/.config/wireshark/protobuf_search_paths", 0xffffe3a77c98, 0) = -1 ENOENT (No such file or directory)
2067  newfstatat(AT_FDCWD, "/usr/share/wireshark/protobuf_search_paths", 0xffffe3a77c98, 0) = -1 ENOENT (No such file or directory)
2067  newfstatat(AT_FDCWD, "/home/hpe/.config/wireshark/protobuf_udp_message_types", 0xffffe3a77c98, 0) = -1 ENOENT (No such file or directory)
2067  newfstatat(AT_FDCWD, "/usr/share/wireshark/protobuf_udp_message_types", 0xffffe3a77c98, 0) = -1 ENOENT (No such file or directory)
2067  newfstatat(AT_FDCWD, "/home/hpe/.config/wireshark/protobuf_uri_message_types", 0xffffe3a77c98, 0) = -1 ENOENT (No such file or directory)
2067  newfstatat(AT_FDCWD, "/usr/share/wireshark/protobuf_uri_message_types", 0xffffe3a77c98, 0) = -1 ENOENT (No such file or directory)
2067  newfstatat(AT_FDCWD, "/home/hpe/.config/wireshark/reload_kindids", 0xffffe3a77c98, 0) = -1 ENOENT (No such file or directory)
2067  newfstatat(AT_FDCWD, "/usr/share/wireshark/reload_kindids", 0xffffe3a77c98, 0) = -1 ENOENT (No such file or directory)
2067  newfstatat(AT_FDCWD, "/home/hpe/.config/wireshark/rf4ce_pc_sec", 0xffffe3a77c98, 0) = -1 ENOENT (No such file or directory)
2067  newfstatat(AT_FDCWD, "/usr/share/wireshark/rf4ce_pc_sec", 0xffffe3a77c98, 0) = -1 ENOENT (No such file or directory)
2067  newfstatat(AT_FDCWD, "/home/hpe/.config/wireshark/RTPS PSK Keys", 0xffffe3a77c98, 0) = -1 ENOENT (No such file or directory)
2067  newfstatat(AT_FDCWD, "/usr/share/wireshark/RTPS PSK Keys", 0xffffe3a77c98, 0) = -1 ENOENT (No such file or directory)
2067  newfstatat(AT_FDCWD, "/home/hpe/.config/wireshark/sccp_users", 0xffffe3a77c98, 0) = -1 ENOENT (No such file or directory)
2067  newfstatat(AT_FDCWD, "/usr/share/wireshark/sccp_users", 0xffffe3a77c98, 0) = -1 ENOENT (No such file or directory)
2067  newfstatat(AT_FDCWD, "/home/hpe/.config/wireshark/statistics_chunk_types", 0xffffe3a77c98, 0) = -1 ENOENT (No such file or directory)
2067  newfstatat(AT_FDCWD, "/usr/share/wireshark/statistics_chunk_types", 0xffffe3a77c98, 0) = -1 ENOENT (No such file or directory)
2067  newfstatat(AT_FDCWD, "/home/hpe/.config/wireshark/Signal_PDU_identifiers", 0xffffe3a77c98, 0) = -1 ENOENT (No such file or directory)
2067  newfstatat(AT_FDCWD, "/usr/share/wireshark/Signal_PDU_identifiers", 0xffffe3a77c98, 0) = -1 ENOENT (No such file or directory)
2067  newfstatat(AT_FDCWD, "/home/hpe/.config/wireshark/Signal_PDU_signal_values", 0xffffe3a77c98, 0) = -1 ENOENT (No such file or directory)
2067  newfstatat(AT_FDCWD, "/usr/share/wireshark/Signal_PDU_signal_values", 0xffffe3a77c98, 0) = -1 ENOENT (No such file or directory)
2067  newfstatat(AT_FDCWD, "/home/hpe/.config/wireshark/Signal_PDU_signal_list", 0xffffe3a77c98, 0) = -1 ENOENT (No such file or directory)
2067  newfstatat(AT_FDCWD, "/usr/share/wireshark/Signal_PDU_signal_list", 0xffffe3a77c98, 0) = -1 ENOENT (No such file or directory)
2067  newfstatat(AT_FDCWD, "/home/hpe/.config/wireshark/Signal_PDU_Binding_SOMEIP", 0xffffe3a77c98, 0) = -1 ENOENT (No such file or directory)
2067  newfstatat(AT_FDCWD, "/usr/share/wireshark/Signal_PDU_Binding_SOMEIP", 0xffffe3a77c98, 0) = -1 ENOENT (No such file or directory)
2067  newfstatat(AT_FDCWD, "/home/hpe/.config/wireshark/Signal_PDU_Binding_CAN", 0xffffe3a77c98, 0) = -1 ENOENT (No such file or directory)
2067  newfstatat(AT_FDCWD, "/usr/share/wireshark/Signal_PDU_Binding_CAN", 0xffffe3a77c98, 0) = -1 ENOENT (No such file or directory)
2067  newfstatat(AT_FDCWD, "/home/hpe/.config/wireshark/Signal_PDU_Binding_FlexRay", 0xffffe3a77c98, 0) = -1 ENOENT (No such file or directory)
2067  newfstatat(AT_FDCWD, "/usr/share/wireshark/Signal_PDU_Binding_FlexRay", 0xffffe3a77c98, 0) = -1 ENOENT (No such file or directory)
2067  newfstatat(AT_FDCWD, "/home/hpe/.config/wireshark/Signal_PDU_Binding_LIN", 0xffffe3a77c98, 0) = -1 ENOENT (No such file or directory)
2067  newfstatat(AT_FDCWD, "/usr/share/wireshark/Signal_PDU_Binding_LIN", 0xffffe3a77c98, 0) = -1 ENOENT (No such file or directory)
2067  newfstatat(AT_FDCWD, "/home/hpe/.config/wireshark/Signal_PDU_Binding_PDU_Transport", 0xffffe3a77c98, 0) = -1 ENOENT (No such file or directory)
2067  newfstatat(AT_FDCWD, "/usr/share/wireshark/Signal_PDU_Binding_PDU_Transport", 0xffffe3a77c98, 0) = -1 ENOENT (No such file or directory)
2067  newfstatat(AT_FDCWD, "/home/hpe/.config/wireshark/Signal_PDU_Binding_AUTOSAR_IPduM", 0xffffe3a77c98, 0) = -1 ENOENT (No such file or directory)
2067  newfstatat(AT_FDCWD, "/usr/share/wireshark/Signal_PDU_Binding_AUTOSAR_IPduM", 0xffffe3a77c98, 0) = -1 ENOENT (No such file or directory)
2067  newfstatat(AT_FDCWD, "/home/hpe/.config/wireshark/Signal_PDU_Binding_DLT", 0xffffe3a77c98, 0) = -1 ENOENT (No such file or directory)
2067  newfstatat(AT_FDCWD, "/usr/share/wireshark/Signal_PDU_Binding_DLT", 0xffffe3a77c98, 0) = -1 ENOENT (No such file or directory)
2067  newfstatat(AT_FDCWD, "/home/hpe/.config/wireshark/Signal_PDU_Binding_UDS", 0xffffe3a77c98, 0) = -1 ENOENT (No such file or directory)
2067  newfstatat(AT_FDCWD, "/usr/share/wireshark/Signal_PDU_Binding_UDS", 0xffffe3a77c98, 0) = -1 ENOENT (No such file or directory)
2067  newfstatat(AT_FDCWD, "/home/hpe/.config/wireshark/Signal_PDU_Binding_ISOBUS", 0xffffe3a77c98, 0) = -1 ENOENT (No such file or directory)
2067  newfstatat(AT_FDCWD, "/usr/share/wireshark/Signal_PDU_Binding_ISOBUS", 0xffffe3a77c98, 0) = -1 ENOENT (No such file or directory)
2067  newfstatat(AT_FDCWD, "/home/hpe/.config/wireshark/custom_sip_header_fields", 0xffffe3a77c98, 0) = -1 ENOENT (No such file or directory)
2067  newfstatat(AT_FDCWD, "/usr/share/wireshark/custom_sip_header_fields", 0xffffe3a77c98, 0) = -1 ENOENT (No such file or directory)
2067  newfstatat(AT_FDCWD, "/home/hpe/.config/wireshark/authorization_users_sip", 0xffffe3a77c98, 0) = -1 ENOENT (No such file or directory)
2067  newfstatat(AT_FDCWD, "/usr/share/wireshark/authorization_users_sip", 0xffffe3a77c98, 0) = -1 ENOENT (No such file or directory)
2067  newfstatat(AT_FDCWD, "/home/hpe/.config/wireshark/smb2_seskey_list", 0xffffe3a77c98, 0) = -1 ENOENT (No such file or directory)
2067  newfstatat(AT_FDCWD, "/usr/share/wireshark/smb2_seskey_list", 0xffffe3a77c98, 0) = -1 ENOENT (No such file or directory)
2067  newfstatat(AT_FDCWD, "/home/hpe/.config/wireshark/snmp_users", 0xffffe3a77c98, 0) = -1 ENOENT (No such file or directory)
2067  newfstatat(AT_FDCWD, "/usr/share/wireshark/snmp_users", 0xffffe3a77c98, 0) = -1 ENOENT (No such file or directory)
2067  newfstatat(AT_FDCWD, "/home/hpe/.config/wireshark/snmp_specific_traps", 0xffffe3a77c98, 0) = -1 ENOENT (No such file or directory)
2067  newfstatat(AT_FDCWD, "/usr/share/wireshark/snmp_specific_traps", 0xffffe3a77c98, 0) = -1 ENOENT (No such file or directory)
2067  newfstatat(AT_FDCWD, "/home/hpe/.config/wireshark/CAN_interface_mapping", 0xffffe3a77c98, 0) = -1 ENOENT (No such file or directory)
2067  newfstatat(AT_FDCWD, "/usr/share/wireshark/CAN_interface_mapping", 0xffffe3a77c98, 0) = -1 ENOENT (No such file or directory)
2067  newfstatat(AT_FDCWD, "/home/hpe/.config/wireshark/CAN_senders_receivers", 0xffffe3a77c98, 0) = -1 ENOENT (No such file or directory)
2067  newfstatat(AT_FDCWD, "/usr/share/wireshark/CAN_senders_receivers", 0xffffe3a77c98, 0) = -1 ENOENT (No such file or directory)
2067  newfstatat(AT_FDCWD, "/home/hpe/.config/wireshark/SOMEIP_service_identifiers", 0xffffe3a77c98, 0) = -1 ENOENT (No such file or directory)
2067  newfstatat(AT_FDCWD, "/usr/share/wireshark/SOMEIP_service_identifiers", 0xffffe3a77c98, 0) = -1 ENOENT (No such file or directory)
2067  newfstatat(AT_FDCWD, "/home/hpe/.config/wireshark/SOMEIP_method_event_identifiers", 0xffffe3a77c98, 0) = -1 ENOENT (No such file or directory)
2067  newfstatat(AT_FDCWD, "/usr/share/wireshark/SOMEIP_method_event_identifiers", 0xffffe3a77c98, 0) = -1 ENOENT (No such file or directory)
2067  newfstatat(AT_FDCWD, "/home/hpe/.config/wireshark/SOMEIP_eventgroup_identifiers", 0xffffe3a77c98, 0) = -1 ENOENT (No such file or directory)
2067  newfstatat(AT_FDCWD, "/usr/share/wireshark/SOMEIP_eventgroup_identifiers", 0xffffe3a77c98, 0) = -1 ENOENT (No such file or directory)
2067  newfstatat(AT_FDCWD, "/home/hpe/.config/wireshark/SOMEIP_client_identifiers", 0xffffe3a77c98, 0) = -1 ENOENT (No such file or directory)
2067  newfstatat(AT_FDCWD, "/usr/share/wireshark/SOMEIP_client_identifiers", 0xffffe3a77c98, 0) = -1 ENOENT (No such file or directory)
2067  newfstatat(AT_FDCWD, "/home/hpe/.config/wireshark/SOMEIP_parameter_list", 0xffffe3a77c98, 0) = -1 ENOENT (No such file or directory)
2067  newfstatat(AT_FDCWD, "/usr/share/wireshark/SOMEIP_parameter_list", 0xffffe3a77c98, 0) = -1 ENOENT (No such file or directory)
2067  newfstatat(AT_FDCWD, "/home/hpe/.config/wireshark/SOMEIP_parameter_base_types", 0xffffe3a77c98, 0) = -1 ENOENT (No such file or directory)
2067  newfstatat(AT_FDCWD, "/usr/share/wireshark/SOMEIP_parameter_base_types", 0xffffe3a77c98, 0) = -1 ENOENT (No such file or directory)
2067  newfstatat(AT_FDCWD, "/home/hpe/.config/wireshark/SOMEIP_parameter_strings", 0xffffe3a77c98, 0) = -1 ENOENT (No such file or directory)
2067  newfstatat(AT_FDCWD, "/usr/share/wireshark/SOMEIP_parameter_strings", 0xffffe3a77c98, 0) = -1 ENOENT (No such file or directory)
2067  newfstatat(AT_FDCWD, "/home/hpe/.config/wireshark/SOMEIP_parameter_arrays", 0xffffe3a77c98, 0) = -1 ENOENT (No such file or directory)
2067  newfstatat(AT_FDCWD, "/usr/share/wireshark/SOMEIP_parameter_arrays", 0xffffe3a77c98, 0) = -1 ENOENT (No such file or directory)
2067  newfstatat(AT_FDCWD, "/home/hpe/.config/wireshark/SOMEIP_parameter_structs", 0xffffe3a77c98, 0) = -1 ENOENT (No such file or directory)
2067  newfstatat(AT_FDCWD, "/usr/share/wireshark/SOMEIP_parameter_structs", 0xffffe3a77c98, 0) = -1 ENOENT (No such file or directory)
2067  newfstatat(AT_FDCWD, "/home/hpe/.config/wireshark/SOMEIP_parameter_unions", 0xffffe3a77c98, 0) = -1 ENOENT (No such file or directory)
2067  newfstatat(AT_FDCWD, "/usr/share/wireshark/SOMEIP_parameter_unions", 0xffffe3a77c98, 0) = -1 ENOENT (No such file or directory)
2067  newfstatat(AT_FDCWD, "/home/hpe/.config/wireshark/SOMEIP_parameter_typedefs", 0xffffe3a77c98, 0) = -1 ENOENT (No such file or directory)
2067  newfstatat(AT_FDCWD, "/usr/share/wireshark/SOMEIP_parameter_typedefs", 0xffffe3a77c98, 0) = -1 ENOENT (No such file or directory)
2067  newfstatat(AT_FDCWD, "/home/hpe/.config/wireshark/SOMEIP_parameter_enums", 0xffffe3a77c98, 0) = -1 ENOENT (No such file or directory)
2067  newfstatat(AT_FDCWD, "/usr/share/wireshark/SOMEIP_parameter_enums", 0xffffe3a77c98, 0) = -1 ENOENT (No such file or directory)
2067  newfstatat(AT_FDCWD, "/home/hpe/.config/wireshark/SOMEIP_parameter_bitfields", 0xffffe3a77c98, 0) = -1 ENOENT (No such file or directory)
2067  newfstatat(AT_FDCWD, "/usr/share/wireshark/SOMEIP_parameter_bitfields", 0xffffe3a77c98, 0) = -1 ENOENT (No such file or directory)
2067  newfstatat(AT_FDCWD, "/home/hpe/.config/wireshark/TECMP_device_identifiers", 0xffffe3a77c98, 0) = -1 ENOENT (No such file or directory)
2067  newfstatat(AT_FDCWD, "/usr/share/wireshark/TECMP_device_identifiers", 0xffffe3a77c98, 0) = -1 ENOENT (No such file or directory)
2067  newfstatat(AT_FDCWD, "/home/hpe/.config/wireshark/TECMP_interface_identifiers", 0xffffe3a77c98, 0) = -1 ENOENT (No such file or directory)
2067  newfstatat(AT_FDCWD, "/usr/share/wireshark/TECMP_interface_identifiers", 0xffffe3a77c98, 0) = -1 ENOENT (No such file or directory)
2067  newfstatat(AT_FDCWD, "/home/hpe/.config/wireshark/TECMP_control_message_identifiers", 0xffffe3a77c98, 0) = -1 ENOENT (No such file or directory)
2067  newfstatat(AT_FDCWD, "/usr/share/wireshark/TECMP_control_message_identifiers", 0xffffe3a77c98, 0) = -1 ENOENT (No such file or directory)
2067  newfstatat(AT_FDCWD, "/home/hpe/.config/wireshark/tibia_rsa_keys", 0xffffe3a77c98, 0) = -1 ENOENT (No such file or directory)
2067  newfstatat(AT_FDCWD, "/usr/share/wireshark/tibia_rsa_keys", 0xffffe3a77c98, 0) = -1 ENOENT (No such file or directory)
2067  newfstatat(AT_FDCWD, "/home/hpe/.config/wireshark/tibia_xtea_keys", 0xffffe3a77c98, 0) = -1 ENOENT (No such file or directory)
2067  newfstatat(AT_FDCWD, "/usr/share/wireshark/tibia_xtea_keys", 0xffffe3a77c98, 0) = -1 ENOENT (No such file or directory)
2067  newfstatat(AT_FDCWD, "/home/hpe/.config/wireshark/ssl_keys", 0xffffe3a77c98, 0) = -1 ENOENT (No such file or directory)
2067  newfstatat(AT_FDCWD, "/usr/share/wireshark/ssl_keys", 0xffffe3a77c98, 0) = -1 ENOENT (No such file or directory)
2067  newfstatat(AT_FDCWD, "/home/hpe/.config/wireshark/UDS_routine_identifiers", 0xffffe3a77c98, 0) = -1 ENOENT (No such file or directory)
2067  newfstatat(AT_FDCWD, "/usr/share/wireshark/UDS_routine_identifiers", 0xffffe3a77c98, 0) = -1 ENOENT (No such file or directory)
2067  newfstatat(AT_FDCWD, "/home/hpe/.config/wireshark/UDS_data_identifiers", 0xffffe3a77c98, 0) = -1 ENOENT (No such file or directory)
2067  newfstatat(AT_FDCWD, "/usr/share/wireshark/UDS_data_identifiers", 0xffffe3a77c98, 0) = -1 ENOENT (No such file or directory)
2067  newfstatat(AT_FDCWD, "/home/hpe/.config/wireshark/UDS_dtc_identifiers", 0xffffe3a77c98, 0) = -1 ENOENT (No such file or directory)
2067  newfstatat(AT_FDCWD, "/usr/share/wireshark/UDS_dtc_identifiers", 0xffffe3a77c98, 0) = -1 ENOENT (No such file or directory)
2067  newfstatat(AT_FDCWD, "/home/hpe/.config/wireshark/UDS_diagnostic_addresses", 0xffffe3a77c98, 0) = -1 ENOENT (No such file or directory)
2067  newfstatat(AT_FDCWD, "/usr/share/wireshark/UDS_diagnostic_addresses", 0xffffe3a77c98, 0) = -1 ENOENT (No such file or directory)
2067  newfstatat(AT_FDCWD, "/home/hpe/.config/wireshark/user_dlts", 0xffffe3a77c98, 0) = -1 ENOENT (No such file or directory)
2067  newfstatat(AT_FDCWD, "/usr/share/wireshark/user_dlts", 0xffffe3a77c98, 0) = -1 ENOENT (No such file or directory)
2067  newfstatat(AT_FDCWD, "/home/hpe/.config/wireshark/vcdu_bitstream_channels", 0xffffe3a77c98, 0) = -1 ENOENT (No such file or directory)
2067  newfstatat(AT_FDCWD, "/usr/share/wireshark/vcdu_bitstream_channels", 0xffffe3a77c98, 0) = -1 ENOENT (No such file or directory)
2067  newfstatat(AT_FDCWD, "/home/hpe/.config/wireshark/wg_keys", 0xffffe3a77c98, 0) = -1 ENOENT (No such file or directory)
2067  newfstatat(AT_FDCWD, "/usr/share/wireshark/wg_keys", 0xffffe3a77c98, 0) = -1 ENOENT (No such file or directory)
2067  newfstatat(AT_FDCWD, "/home/hpe/.config/wireshark/XCP_Addresses", 0xffffe3a77c98, 0) = -1 ENOENT (No such file or directory)
2067  newfstatat(AT_FDCWD, "/usr/share/wireshark/XCP_Addresses", 0xffffe3a77c98, 0) = -1 ENOENT (No such file or directory)
2067  newfstatat(AT_FDCWD, "/home/hpe/.config/wireshark/XCP_Mapping_UDP_TCP", 0xffffe3a77c98, 0) = -1 ENOENT (No such file or directory)
2067  newfstatat(AT_FDCWD, "/usr/share/wireshark/XCP_Mapping_UDP_TCP", 0xffffe3a77c98, 0) = -1 ENOENT (No such file or directory)
2067  newfstatat(AT_FDCWD, "/home/hpe/.config/wireshark/XCP_Mapping_CAN", 0xffffe3a77c98, 0) = -1 ENOENT (No such file or directory)
2067  newfstatat(AT_FDCWD, "/usr/share/wireshark/XCP_Mapping_CAN", 0xffffe3a77c98, 0) = -1 ENOENT (No such file or directory)
2067  newfstatat(AT_FDCWD, "/home/hpe/.config/wireshark/zigbee_direct_pc_keys", 0xffffe3a77c98, 0) = -1 ENOENT (No such file or directory)
2067  newfstatat(AT_FDCWD, "/usr/share/wireshark/zigbee_direct_pc_keys", 0xffffe3a77c98, 0) = -1 ENOENT (No such file or directory)
2067  newfstatat(AT_FDCWD, "/home/hpe/.config/wireshark/zigbee_pc_keys", 0xffffe3a77c98, 0) = -1 ENOENT (No such file or directory)
2067  newfstatat(AT_FDCWD, "/usr/share/wireshark/zigbee_pc_keys", 0xffffe3a77c98, 0) = -1 ENOENT (No such file or directory)
2067  newfstatat(AT_FDCWD, "/home/hpe/.config/wireshark/zigbee_gp_keys", 0xffffe3a77c98, 0) = -1 ENOENT (No such file or directory)
2067  newfstatat(AT_FDCWD, "/usr/share/wireshark/zigbee_gp_keys", 0xffffe3a77c98, 0) = -1 ENOENT (No such file or directory)
2067  newfstatat(AT_FDCWD, "/home/hpe/.config/wireshark/zmtp_tcp_protocols", 0xffffe3a77c98, 0) = -1 ENOENT (No such file or directory)
2067  newfstatat(AT_FDCWD, "/usr/share/wireshark/zmtp_tcp_protocols", 0xffffe3a77c98, 0) = -1 ENOENT (No such file or directory)
2067  newfstatat(AT_FDCWD, "/home/hpe/.config/wireshark/expert_severity", 0xffffe3a77c98, 0) = -1 ENOENT (No such file or directory)
2067  newfstatat(AT_FDCWD, "/usr/share/wireshark/expert_severity", 0xffffe3a77c98, 0) = -1 ENOENT (No such file or directory)
2067  newfstatat(AT_FDCWD, "/home/hpe/.config/wireshark/packet_lengths", 0xffffe3a77c98, 0) = -1 ENOENT (No such file or directory)
2067  newfstatat(AT_FDCWD, "/usr/share/wireshark/packet_lengths", 0xffffe3a77c98, 0) = -1 ENOENT (No such file or directory)
2067  openat(AT_FDCWD, "/usr/share/wireshark/preferences", O_RDONLY) = -1 ENOENT (No such file or directory)
2067  openat(AT_FDCWD, "/usr/share/wireshark/wireshark.conf", O_RDONLY) = -1 ENOENT (No such file or directory)
2067  openat(AT_FDCWD, "/home/hpe/.config/wireshark/preferences", O_RDONLY) = -1 ENOENT (No such file or directory)
2067  openat(AT_FDCWD, "/usr/share/wireshark/disabled_protos", O_RDONLY) = -1 ENOENT (No such file or directory)
2067  openat(AT_FDCWD, "/home/hpe/.config/wireshark/disabled_protos", O_RDONLY) = -1 ENOENT (No such file or directory)
2067  openat(AT_FDCWD, "/usr/share/wireshark/enabled_protos", O_RDONLY) = -1 ENOENT (No such file or directory)
2067  openat(AT_FDCWD, "/home/hpe/.config/wireshark/enabled_protos", O_RDONLY) = -1 ENOENT (No such file or directory)
2067  openat(AT_FDCWD, "/usr/share/wireshark/heuristic_protos", O_RDONLY) = -1 ENOENT (No such file or directory)
2067  openat(AT_FDCWD, "/home/hpe/.config/wireshark/heuristic_protos", O_RDONLY) = -1 ENOENT (No such file or directory)
2067  ioctl(1, TCGETS2, {c_iflag=ICRNL|IXON|IXANY|IMAXBEL|IUTF8, c_oflag=NL0|CR0|TAB0|BS0|VT0|FF0|OPOST|ONLCR, c_cflag=B9600|CS8|CREAD, c_lflag=ISIG|ICANON|ECHO|ECHOE|IEXTEN|ECHOCTL|ECHOKE|PENDIN, ...}) = 0
2067  openat(AT_FDCWD, "/usr/lib/aarch64-linux-gnu/charset.alias", O_RDONLY) = -1 ENOENT (No such file or directory)
2067  newfstatat(AT_FDCWD, "capture2.pcap", {st_mode=S_IFREG|0644, st_size=89077776, ...}, 0) = 0
2067  openat(AT_FDCWD, "capture2.pcap", O_RDONLY) = -1 EACCES (Permission denied)
2067  write(2, "tshark: ", 8)           = 8
2067  write(2, "You don't have permission to rea"..., 59) = 59
2067  write(2, "\n", 1)                 = 1
2067  munmap(0xe881869ac000, 2441216)   = 0
2067  munmap(0xe88189fce000, 8392704)   = 0
2067  munmap(0xe881859ab000, 16781312)  = 0
2067  munmap(0xe8818a7cf000, 8392704)   = 0
2067  munmap(0xe88186ef0000, 131360)    = 0
2067  munmap(0xe88189e60000, 844912)    = 0
2067  munmap(0xe88189f60000, 221856)    = 0
2067  munmap(0xe88189fa0000, 150504)    = 0
2067  munmap(0xe88189c50000, 832120)    = 0
2067  munmap(0xe88186f60000, 142576)    = 0
2067  munmap(0xe88189c10000, 208872)    = 0
2067  munmap(0xe88189440000, 8187496)   = 0
2067  munmap(0xe88188e40000, 855536)    = 0
2067  munmap(0xe88187aa0000, 5626656)   = 0
2067  munmap(0xe88188b10000, 1068416)   = 0
2067  munmap(0xe88187830000, 197096)    = 0
2067  munmap(0xe88188c20000, 1003008)   = 0
2067  munmap(0xe88188d20000, 131088)    = 0
2067  munmap(0xe88188d50000, 131088)    = 0
2067  munmap(0xe88188d80000, 131120)    = 0
2067  munmap(0xe88188db0000, 348848)    = 0
2067  munmap(0xe88188f20000, 3153624)   = 0
2067  munmap(0xe881892b0000, 327808)    = 0
2067  munmap(0xe88189310000, 986464)    = 0
2067  munmap(0xe88188940000, 196624)    = 0
2067  munmap(0xe88188980000, 393800)    = 0
2067  munmap(0xe88188a20000, 469624)    = 0
2067  munmap(0xe881877f0000, 197568)    = 0
2067  munmap(0xe881889f0000, 131376)    = 0
2067  munmap(0xe88188aa0000, 197552)    = 0
2067  munmap(0xe88189410000, 132152)    = 0
2067  munmap(0xe88187470000, 131288)    = 0
2067  munmap(0xe88187440000, 131120)    = 0
2067  munmap(0xe88187410000, 131088)    = 0
2067  munmap(0xe881873e0000, 131088)    = 0
2067  munmap(0xe88189230000, 459872)    = 0
2067  munmap(0xe88188120000, 131088)    = 0
2067  munmap(0xe881875e0000, 131864)    = 0
2067  munmap(0xe88188150000, 131104)    = 0
2067  munmap(0xe881876d0000, 131176)    = 0
2067  munmap(0xe881872e0000, 131088)    = 0
2067  munmap(0xe88187670000, 131168)    = 0
2067  munmap(0xe88187730000, 131088)    = 0
2067  munmap(0xe88187640000, 131088)    = 0
2067  munmap(0xe88187760000, 131088)    = 0
2067  munmap(0xe88187790000, 131088)    = 0
2067  munmap(0xe881876a0000, 131136)    = 0
2067  munmap(0xe881877c0000, 131096)    = 0
2067  munmap(0xe88187a50000, 262784)    = 0
2067  munmap(0xe88187550000, 131192)    = 0
2067  munmap(0xe88188ae0000, 132624)    = 0
2067  munmap(0xe88187a20000, 131096)    = 0
2067  munmap(0xe881879f0000, 131200)    = 0
2067  munmap(0xe88187700000, 131112)    = 0
2067  munmap(0xe881873b0000, 131088)    = 0
2067  munmap(0xe88187510000, 196632)    = 0
2067  munmap(0xe88187240000, 131088)    = 0
2067  munmap(0xe881874e0000, 131128)    = 0
2067  munmap(0xe88187210000, 131120)    = 0
2067  munmap(0xe88188e10000, 139664)    = 0
2067  munmap(0xe881878d0000, 131088)    = 0
2067  munmap(0xe88187930000, 131664)    = 0
2067  munmap(0xe88187310000, 131096)    = 0
2067  munmap(0xe88187960000, 131112)    = 0
2067  munmap(0xe88187340000, 131112)    = 0
2067  munmap(0xe88187370000, 229920)    = 0
2067  munmap(0xe881880b0000, 131088)    = 0
2067  munmap(0xe881872a0000, 196640)    = 0
2067  munmap(0xe88187270000, 131232)    = 0
2067  munmap(0xe88187990000, 131088)    = 0
2067  munmap(0xe88187900000, 131160)    = 0
2067  munmap(0xe881874a0000, 196744)    = 0
2067  munmap(0xe881879c0000, 131112)    = 0
2067  munmap(0xe881871e0000, 131112)    = 0
2067  munmap(0xe881871b0000, 131088)    = 0
2067  munmap(0xe88187180000, 131088)    = 0
2067  munmap(0xe88187150000, 131088)    = 0
2067  munmap(0xe88187120000, 131088)    = 0
2067  munmap(0xe881870c0000, 131096)    = 0
2067  munmap(0xe88187090000, 131088)    = 0
2067  munmap(0xe88187030000, 131088)    = 0
2067  munmap(0xe88189d50000, 322456)    = 0
2067  munmap(0xe88189e30000, 132960)    = 0
2067  munmap(0xe88189da0000, 371792)    = 0
2067  munmap(0xe88189f30000, 131640)    = 0
2067  munmap(0xe88189e00000, 140240)    = 0
2067  munmap(0xe88189d20000, 133912)    = 0
2067  munmap(0xe88186f20000, 224152)    = 0
2067  close(1)                          = 0
2067  munmap(0xe8818afd0000, 131104)    = 0
2067  exit_group(3)                     = ?
2067  +++ exited with 3 +++
