Frame 1: Packet, 1292 bytes on wire (10336 bits), 1292 bytes captured (10336 bits) on interface \Device\NPF_{9B9257DC-FAC1-4993-B12F-136D7BA5E874}, id 0
    Section number: 1
    Interface id: 0 (\Device\NPF_{9B9257DC-FAC1-4993-B12F-136D7BA5E874})
        Interface name: \Device\NPF_{9B9257DC-FAC1-4993-B12F-136D7BA5E874}
        Interface description: Wi-Fi
    Encapsulation type: Ethernet (1)
    Arrival Time: Apr  9, 2026 18:27:59.431112000 India Standard Time
    UTC Arrival Time: Apr  9, 2026 12:57:59.431112000 UTC
    Epoch Arrival Time: 1775739479.431112000
    [Time shift for this packet: 0.000000000 seconds]
    [Time since reference or first frame: 0.000000000 seconds]
    Frame Number: 1
    Frame Length: 1292 bytes (10336 bits)
    Capture Length: 1292 bytes (10336 bits)
    [Frame is marked: False]
    [Frame is ignored: False]
    [Protocols in frame: eth:ethertype:ip:udp:quic]
    Character encoding: ASCII (0)
Ethernet II, Src: 96:77:0b:05:d4:0b (96:77:0b:05:d4:0b), Dst: HewlettPacka_3a:cc:1d (28:92:4a:3a:cc:1d)
    Destination: HewlettPacka_3a:cc:1d (28:92:4a:3a:cc:1d)
        .... ..0. .... .... .... .... = LG bit: Globally unique address (factory default)
        .... ...0 .... .... .... .... = IG bit: Individual address (unicast)
    Source: 96:77:0b:05:d4:0b (96:77:0b:05:d4:0b)
        .... ..1. .... .... .... .... = LG bit: Locally administered address (this is NOT the factory default)
        .... ...0 .... .... .... .... = IG bit: Individual address (unicast)
    Type: IPv4 (0x0800)
    [Stream index: 0]
Internet Protocol Version 4, Src: 172.16.90.227, Dst: 142.251.152.119
    0100 .... = Version: 4
    .... 0101 = Header Length: 20 bytes (5)
    Differentiated Services Field: 0x00 (DSCP: CS0, ECN: Not-ECT)
        0000 00.. = Differentiated Services Codepoint: Default (0)
        .... ..00 = Explicit Congestion Notification: Not ECN-Capable Transport (0)
    Total Length: 1278
    Identification: 0x3be9 (15337)
    010. .... = Flags: 0x2, Don't fragment
        0... .... = Reserved bit: Not set
        .1.. .... = Don't fragment: Set
        ..0. .... = More fragments: Not set
    ...0 0000 0000 0000 = Fragment Offset: 0
    Time to Live: 128
    Protocol: UDP (17)
    Header Checksum: 0x0000 [validation disabled]
    [Header checksum status: Unverified]
    Source Address: 172.16.90.227
    Destination Address: 142.251.152.119
    [Stream index: 0]
User Datagram Protocol, Src Port: 56200, Dst Port: 443
    Source Port: 56200
    Destination Port: 443
    Length: 1258
    Checksum: 0x3362 [unverified]
    [Checksum Status: Unverified]
    [Stream index: 0]
    [Stream Packet Number: 1]
    [Timestamps]
        [Time since first frame: 0.000000000 seconds]
        [Time since previous frame: 0.000000000 seconds]
    UDP payload (1250 bytes)
QUIC IETF
    QUIC Connection information
        [Connection Number: 0]
    [Packet Length: 1250]
    1... .... = Header Form: Long Header (1)
    .1.. .... = Fixed Bit: True
    ..00 .... = Packet Type: Initial (0)
    [.... 00.. = Reserved: 0]
    [.... ..00 = Packet Number Length: 1 bytes (0)]
    Version: 1 (0x00000001)
    Destination Connection ID Length: 8
    Destination Connection ID: 64c2d7feefc37a61
    Source Connection ID Length: 0
    Token Length: 0
    Length: 1232
    [Packet Number: 1]
    Payload […]: 160305c7aeeda1788a1739ad2acfc18995d38f57d4ad4c7274978eb90c469dce0f967476fd5a9ce8f09b6dea055037ed8b23a81481ef027fd8e016794e604cd02449685470ec8e19fb687ce6806b4b7a15e40aa499b2cd0052b6a678dc9b4d3cf331296493fb3406abc6dfa85dbe3476
    PADDING Length: 7
        Frame Type: PADDING (0x0000000000000000)
        [Padding Length: 7]
    CRYPTO
        Frame Type: CRYPTO (0x0000000000000006)
        Offset: 1
        Length: 4
        Crypto Data
    PING
        Frame Type: PING (0x0000000000000001)
    PADDING Length: 10
        Frame Type: PADDING (0x0000000000000000)
        [Padding Length: 10]
    PING
        Frame Type: PING (0x0000000000000001)
    CRYPTO
        Frame Type: CRYPTO (0x0000000000000006)
        Offset: 910
        Length: 45
        Crypto Data
    CRYPTO
        Frame Type: CRYPTO (0x0000000000000006)
        Offset: 37
        Length: 28
        Crypto Data
    PADDING Length: 122
        Frame Type: PADDING (0x0000000000000000)
        [Padding Length: 122]
    CRYPTO
        Frame Type: CRYPTO (0x0000000000000006)
        Offset: 955
        Length: 72
        Crypto Data
    CRYPTO
        Frame Type: CRYPTO (0x0000000000000006)
        Offset: 1335
        Length: 220
        Crypto Data
    PING
        Frame Type: PING (0x0000000000000001)
    PING
        Frame Type: PING (0x0000000000000001)
    PADDING Length: 12
        Frame Type: PADDING (0x0000000000000000)
        [Padding Length: 12]
    CRYPTO
        Frame Type: CRYPTO (0x0000000000000006)
        Offset: 0
        Length: 1
        Crypto Data
    CRYPTO
        Frame Type: CRYPTO (0x0000000000000006)
        Offset: 1054
        Length: 281
        Crypto Data
    CRYPTO
        Frame Type: CRYPTO (0x0000000000000006)
        Offset: 1027
        Length: 27
        Crypto Data
    PING
        Frame Type: PING (0x0000000000000001)
    PING
        Frame Type: PING (0x0000000000000001)
    PING
        Frame Type: PING (0x0000000000000001)
    CRYPTO
        Frame Type: CRYPTO (0x0000000000000006)
        Offset: 17
        Length: 20
        Crypto Data
    CRYPTO
        Frame Type: CRYPTO (0x0000000000000006)
        Offset: 1555
        Length: 131
        Crypto Data
    PING
        Frame Type: PING (0x0000000000000001)
    PADDING Length: 166
        Frame Type: PADDING (0x0000000000000000)
        [Padding Length: 166]
    PING
        Frame Type: PING (0x0000000000000001)
    CRYPTO
        Frame Type: CRYPTO (0x0000000000000006)
        Offset: 5
        Length: 12
        Crypto Data
    PADDING Length: 5
        Frame Type: PADDING (0x0000000000000000)
        [Padding Length: 5]

Frame 2: Packet, 1292 bytes on wire (10336 bits), 1292 bytes captured (10336 bits) on interface \Device\NPF_{9B9257DC-FAC1-4993-B12F-136D7BA5E874}, id 0
    Section number: 1
    Interface id: 0 (\Device\NPF_{9B9257DC-FAC1-4993-B12F-136D7BA5E874})
        Interface name: \Device\NPF_{9B9257DC-FAC1-4993-B12F-136D7BA5E874}
        Interface description: Wi-Fi
    Encapsulation type: Ethernet (1)
    Arrival Time: Apr  9, 2026 18:27:59.431231500 India Standard Time
    UTC Arrival Time: Apr  9, 2026 12:57:59.431231500 UTC
    Epoch Arrival Time: 1775739479.431231500
    [Time shift for this packet: 0.000000000 seconds]
    [Time delta from previous captured frame: 119.500 microseconds]
    [Time delta from previous displayed frame: 119.500 microseconds]
    [Time since reference or first frame: 119.500 microseconds]
    Frame Number: 2
    Frame Length: 1292 bytes (10336 bits)
    Capture Length: 1292 bytes (10336 bits)
    [Frame is marked: False]
    [Frame is ignored: False]
    [Protocols in frame: eth:ethertype:ip:udp:quic:tls]
    Character encoding: ASCII (0)
Ethernet II, Src: 96:77:0b:05:d4:0b (96:77:0b:05:d4:0b), Dst: HewlettPacka_3a:cc:1d (28:92:4a:3a:cc:1d)
    Destination: HewlettPacka_3a:cc:1d (28:92:4a:3a:cc:1d)
        .... ..0. .... .... .... .... = LG bit: Globally unique address (factory default)
        .... ...0 .... .... .... .... = IG bit: Individual address (unicast)
    Source: 96:77:0b:05:d4:0b (96:77:0b:05:d4:0b)
        .... ..1. .... .... .... .... = LG bit: Locally administered address (this is NOT the factory default)
        .... ...0 .... .... .... .... = IG bit: Individual address (unicast)
    Type: IPv4 (0x0800)
    [Stream index: 0]
Internet Protocol Version 4, Src: 172.16.90.227, Dst: 142.251.152.119
    0100 .... = Version: 4
    .... 0101 = Header Length: 20 bytes (5)
    Differentiated Services Field: 0x00 (DSCP: CS0, ECN: Not-ECT)
        0000 00.. = Differentiated Services Codepoint: Default (0)
        .... ..00 = Explicit Congestion Notification: Not ECN-Capable Transport (0)
    Total Length: 1278
    Identification: 0x3bea (15338)
    010. .... = Flags: 0x2, Don't fragment
        0... .... = Reserved bit: Not set
        .1.. .... = Don't fragment: Set
        ..0. .... = More fragments: Not set
    ...0 0000 0000 0000 = Fragment Offset: 0
    Time to Live: 128
    Protocol: UDP (17)
    Header Checksum: 0x0000 [validation disabled]
    [Header checksum status: Unverified]
    Source Address: 172.16.90.227
    Destination Address: 142.251.152.119
    [Stream index: 0]
User Datagram Protocol, Src Port: 56200, Dst Port: 443
    Source Port: 56200
    Destination Port: 443
    Length: 1258
    Checksum: 0x3362 [unverified]
    [Checksum Status: Unverified]
    [Stream index: 0]
    [Stream Packet Number: 2]
    [Timestamps]
        [Time since first frame: 119.500 microseconds]
        [Time since previous frame: 119.500 microseconds]
    UDP payload (1250 bytes)
QUIC IETF
    QUIC Connection information
        [Connection Number: 0]
    [Packet Length: 1250]
    1... .... = Header Form: Long Header (1)
    .1.. .... = Fixed Bit: True
    ..00 .... = Packet Type: Initial (0)
    [.... 00.. = Reserved: 0]
    [.... ..01 = Packet Number Length: 2 bytes (1)]
    Version: 1 (0x00000001)
    Destination Connection ID Length: 8
    Destination Connection ID: 64c2d7feefc37a61
    Source Connection ID Length: 0
    Token Length: 0
    Length: 1232
    [Packet Number: 2]
    Payload […]: 5aacad534f6b46eeb63bd20507c7bdf8d1ebc3e3e4ccee3b1ea16b086eb642c7e6e8c6cfef26e429cfa9bc81228a602dbea49acf48d5888ceba33ab7676c6e140744a5268f086897d2a16c86708feabf28777f2ef79ae56adc16ccf9bea04c3f12436f4a89212e60e3789097a1b4f45b
    PADDING Length: 1
        Frame Type: PADDING (0x0000000000000000)
        [Padding Length: 1]
    PING
        Frame Type: PING (0x0000000000000001)
    CRYPTO
        Frame Type: CRYPTO (0x0000000000000006)
        Offset: 519
        Length: 65
        Crypto Data
    PING
        Frame Type: PING (0x0000000000000001)
    PING
        Frame Type: PING (0x0000000000000001)
    PING
        Frame Type: PING (0x0000000000000001)
    PING
        Frame Type: PING (0x0000000000000001)
    PADDING Length: 7
        Frame Type: PADDING (0x0000000000000000)
        [Padding Length: 7]
    CRYPTO
        Frame Type: CRYPTO (0x0000000000000006)
        Offset: 65
        Length: 43
        Crypto Data
    PADDING Length: 7
        Frame Type: PADDING (0x0000000000000000)
        [Padding Length: 7]
    PING
        Frame Type: PING (0x0000000000000001)
    CRYPTO
        Frame Type: CRYPTO (0x0000000000000006)
        Offset: 518
        Length: 1
        Crypto Data
    PADDING Length: 30
        Frame Type: PADDING (0x0000000000000000)
        [Padding Length: 30]
    CRYPTO
        Frame Type: CRYPTO (0x0000000000000006)
        Offset: 822
        Length: 88
        Crypto Data
    CRYPTO
        Frame Type: CRYPTO (0x0000000000000006)
        Offset: 108
        Length: 76
        Crypto Data
    PING
        Frame Type: PING (0x0000000000000001)
    CRYPTO
        Frame Type: CRYPTO (0x0000000000000006)
        Offset: 184
        Length: 95
        Crypto Data
    PADDING Length: 273
        Frame Type: PADDING (0x0000000000000000)
        [Padding Length: 273]
    CRYPTO
        Frame Type: CRYPTO (0x0000000000000006)
        Offset: 279
        Length: 130
        Crypto Data
    PING
        Frame Type: PING (0x0000000000000001)
    CRYPTO
        Frame Type: CRYPTO (0x0000000000000006)
        Offset: 409
        Length: 109
        Crypto Data
    CRYPTO
        Frame Type: CRYPTO (0x0000000000000006)
        Offset: 584
        Length: 238
        Crypto Data
        [20 Reassembled QUIC CRYPTO Data Fragments (1686 bytes): #1(1), #1(4), #1(12), #1(20), #1(28), #2(43), #2(76), #2(95), #2(130), #2(109), #2(1), #2(65), #2(238), #2(88), #1(45), #1(72), #1(27), #1(281), #1(220), #1(131)]
            [Frame: 1, payload: 0-0 (1 byte)]
            [Frame: 1, payload: 1-4 (4 bytes)]
            [Frame: 1, payload: 5-16 (12 bytes)]
            [Frame: 1, payload: 17-36 (20 bytes)]
            [Frame: 1, payload: 37-64 (28 bytes)]
            [Frame: 2, payload: 65-107 (43 bytes)]
            [Frame: 2, payload: 108-183 (76 bytes)]
            [Frame: 2, payload: 184-278 (95 bytes)]
            [Frame: 2, payload: 279-408 (130 bytes)]
            [Frame: 2, payload: 409-517 (109 bytes)]
            [Frame: 2, payload: 518-518 (1 byte)]
            [Frame: 2, payload: 519-583 (65 bytes)]
            [Frame: 2, payload: 584-821 (238 bytes)]
            [Frame: 2, payload: 822-909 (88 bytes)]
            [Frame: 1, payload: 910-954 (45 bytes)]
            [Frame: 1, payload: 955-1026 (72 bytes)]
            [Frame: 1, payload: 1027-1053 (27 bytes)]
            [Frame: 1, payload: 1054-1334 (281 bytes)]
            [Frame: 1, payload: 1335-1554 (220 bytes)]
            [Frame: 1, payload: 1555-1685 (131 bytes)]
            [Fragment count: 20]
        TLSv1.3 Record Layer: Handshake Protocol: Client Hello
            Handshake Protocol: Client Hello
                Handshake Type: Client Hello (1)
                Length: 1682
                Version: TLS 1.2 (0x0303)
                    [Expert Info (Chat/Deprecated): This legacy_version field MUST be ignored. The supported_versions extension is present and MUST be used instead.]
                        [This legacy_version field MUST be ignored. The supported_versions extension is present and MUST be used instead.]
                        [Severity level: Chat]
                        [Group: Deprecated]
                Random: 00281170059c9494513923f215bd2300c589ab1df9f9133ff0c4737ce2c393c0
                Session ID Length: 0
                Cipher Suites Length: 6
                Cipher Suites (3 suites)
                    Cipher Suite: TLS_AES_128_GCM_SHA256 (0x1301)
                    Cipher Suite: TLS_AES_256_GCM_SHA384 (0x1302)
                    Cipher Suite: TLS_CHACHA20_POLY1305_SHA256 (0x1303)
                Compression Methods Length: 1
                Compression Methods (1 method)
                    Compression Method: null (0)
                Extensions Length: 1635
                Extension: supported_groups (len=10)
                    Type: supported_groups (10)
                    Length: 10
                    Supported Groups List Length: 8
                    Supported Groups (4 groups)
                        Supported Group: X25519MLKEM768 (0x11ec)
                        Supported Group: x25519 (0x001d)
                        Supported Group: secp256r1 (0x0017)
                        Supported Group: secp384r1 (0x0018)
                Extension: server_name (len=19) name=www.google.com
                    Type: server_name (0)
                    Length: 19
                    Server Name Indication extension
                        Server Name list length: 17
                        Server Name Type: host_name (0)
                        Server Name length: 14
                        Server Name: www.google.com
                Extension: encrypted_client_hello (len=186)
                    Type: encrypted_client_hello (65037)
                    Length: 186
                    Client Hello type: Outer Client Hello (0)
                    Cipher Suite: HKDF-SHA256/AES-128-GCM
                        KDF Id: HKDF-SHA256 (1)
                        AEAD Id: AES-128-GCM (1)
                    Config Id: 176
                    Enc length: 32
                    Enc: 1ebb7eb28bb33993d400135e4b1190ddda2f3c833f5b8bf3e0fbf1d388020f74
                    Payload length: 144
                    Payload […]: 8b47a425031fcd02654e159d8b8f5d92f281a9fce865d5415721531a1cc59b11f4d13a1c14a329aaf123bff28e0bb1e5bdedeee4a853f69c9925e23d885f9037d37cb57a84f34d607368d9039ea231bfce5a07f49c37b3ff9575de7454461bb1ca4f4b887236d7aa407cfd588249e175
                Extension: application_layer_protocol_negotiation (len=5)
                    Type: application_layer_protocol_negotiation (16)
                    Length: 5
                    ALPN Extension Length: 3
                    ALPN Protocol
                        ALPN string length: 2
                        ALPN Next Protocol: h3
                Extension: supported_versions (len=3) TLS 1.3
                    Type: supported_versions (43)
                    Length: 3
                    Supported Versions length: 2
                    Supported Version: TLS 1.3 (0x0304)
                Extension: key_share (len=1258) X25519MLKEM768, x25519
                    Type: key_share (51)
                    Length: 1258
                    Key Share extension
                        Client Key Share Length: 1256
                        Key Share Entry: Group: X25519MLKEM768, Key Exchange length: 1216
                            Group: X25519MLKEM768 (4588)
                            Key Exchange Length: 1216
                            Key Exchange […]: 68540c7e333ea5540b21c4b00f2c213f543d4eb955260c0e6ac13c10b637b0a23af3a71d7822850ca59ac4a55ed4999b33cc2ed1a5cc03630c5bd46c2e1a05b0023a59a1471bc18ae912a3a72a39ea79c05b051ad87363c2f88ce1b3c0fa643ef204678bf2b04ac452b43a884a3
                        Key Share Entry: Group: x25519, Key Exchange length: 32
                            Group: x25519 (29)
                            Key Exchange Length: 32
                            Key Exchange: 5bcb6e73c66b605374ecb5d1265a9096bef454db70a4e7037cce3fda0123b94c
                Extension: application_settings (len=5)
                    Type: application_settings (17613)
                    Length: 5
                    ALPS Extension Length: 3
                    Supported ALPN List
                        Supported ALPN Length: 2
                        Supported ALPN: h3
                Extension: psk_key_exchange_modes (len=2)
                    Type: psk_key_exchange_modes (45)
                    Length: 2
                    PSK Key Exchange Modes Length: 1
                    PSK Key Exchange Mode: PSK with (EC)DHE key establishment (psk_dhe_ke) (1)
                Extension: compress_certificate (len=3)
                    Type: compress_certificate (27)
                    Length: 3
                    Algorithms Length: 2
                    Algorithm: brotli (2)
                Extension: quic_transport_parameters (len=80)
                    Type: quic_transport_parameters (57)
                    Length: 80
                    Parameter: max_udp_payload_size (len=2) 1472
                        Type: max_udp_payload_size (0x03)
                        Length: 2
                        Value: 45c0
                        max_udp_payload_size: 1472
                    Parameter: initial_max_streams_bidi (len=2) 100
                        Type: initial_max_streams_bidi (0x08)
                        Length: 2
                        Value: 4064
                        initial_max_streams_bidi: 100
                    Parameter: max_idle_timeout (len=4) 30000 ms
                        Type: max_idle_timeout (0x01)
                        Length: 4
                        Value: 80007530
                        max_idle_timeout: 30000
                    Parameter: initial_max_stream_data_bidi_local (len=4) 6291456
                        Type: initial_max_stream_data_bidi_local (0x05)
                        Length: 4
                        Value: 80600000
                        initial_max_stream_data_bidi_local: 6291456
                    Parameter: initial_max_streams_uni (len=2) 103
                        Type: initial_max_streams_uni (0x09)
                        Length: 2
                        Value: 4067
                        initial_max_streams_uni: 103
                    Parameter: initial_max_data (len=4) 15728640
                        Type: initial_max_data (0x04)
                        Length: 4
                        Value: 80f00000
                        initial_max_data: 15728640
                    Parameter: initial_max_stream_data_bidi_remote (len=4) 6291456
                        Type: initial_max_stream_data_bidi_remote (0x06)
                        Length: 4
                        Value: 80600000
                        initial_max_stream_data_bidi_remote: 6291456
                    Parameter: initial_max_stream_data_uni (len=4) 6291456
                        Type: initial_max_stream_data_uni (0x07)
                        Length: 4
                        Value: 80600000
                        initial_max_stream_data_uni: 6291456
                    Parameter: max_datagram_frame_size (len=4) 65536
                        Type: max_datagram_frame_size (0x20)
                        Length: 4
                        Value: 80010000
                        max_datagram_frame_size: 65536
                    Parameter: initial_source_connection_id (len=0)
                        Type: initial_source_connection_id (0x0f)
                        Length: 0
                        Initial Source Connection ID: <MISSING>
                    Parameter: version_information (len=12)
                        Type: version_information (0x11)
                        Length: 12
                        Value: 00000001000000015a6a3a4a
                        Chosen Version: 1 (0x00000001)
                        Other Version: 1 (0x00000001)
                        Other Version: Unknown (0x5a6a3a4a) (GREASE)
                    Parameter: google_connection_options (len=4)
                        Type: google_connection_options (0x3128)
                        Length: 4
                        Value: 45434350
                        Google Connection options: 45434350
                    Parameter: GREASE (len=0)
                        Type: GREASE (0xae9c1ea209bf273)
                        Length: 0
                Extension: signature_algorithms (len=20)
                    Type: signature_algorithms (13)
                    Length: 20
                    Signature Hash Algorithms Length: 18
                    Signature Hash Algorithms (9 algorithms)
                        Signature Algorithm: ecdsa_secp256r1_sha256 (0x0403)
                            Signature Hash Algorithm Hash: SHA256 (4)
                            Signature Hash Algorithm Signature: ECDSA (3)
                        Signature Algorithm: rsa_pss_rsae_sha256 (0x0804)
                            Signature Hash Algorithm Hash: Unknown (8)
                            Signature Hash Algorithm Signature: Unknown (4)
                        Signature Algorithm: rsa_pkcs1_sha256 (0x0401)
                            Signature Hash Algorithm Hash: SHA256 (4)
                            Signature Hash Algorithm Signature: RSA (1)
                        Signature Algorithm: ecdsa_secp384r1_sha384 (0x0503)
                            Signature Hash Algorithm Hash: SHA384 (5)
                            Signature Hash Algorithm Signature: ECDSA (3)
                        Signature Algorithm: rsa_pss_rsae_sha384 (0x0805)
                            Signature Hash Algorithm Hash: Unknown (8)
                            Signature Hash Algorithm Signature: Unknown (5)
                        Signature Algorithm: rsa_pkcs1_sha384 (0x0501)
                            Signature Hash Algorithm Hash: SHA384 (5)
                            Signature Hash Algorithm Signature: RSA (1)
                        Signature Algorithm: rsa_pss_rsae_sha512 (0x0806)
                            Signature Hash Algorithm Hash: Unknown (8)
                            Signature Hash Algorithm Signature: Unknown (6)
                        Signature Algorithm: rsa_pkcs1_sha512 (0x0601)
                            Signature Hash Algorithm Hash: SHA512 (6)
                            Signature Hash Algorithm Signature: RSA (1)
                        Signature Algorithm: rsa_pkcs1_sha1 (0x0201)
                            Signature Hash Algorithm Hash: SHA1 (2)
                            Signature Hash Algorithm Signature: RSA (1)
                [JA4: q13d0311h3_55b375c5d22e_653d80c3fe9d]
                [JA4_r: q13d0311h3_1301,1302,1303_000a,000d,001b,002b,002d,0033,0039,44cd,fe0d_0403,0804,0401,0503,0805,0501,0806,0601,0201]
                [JA3 Fullstring: 771,4865-4866-4867,10-0-65037-16-43-51-17613-45-27-57-13,4588-29-23-24,]
                [JA3: 2c83ec8854d917e78ad693534c8ad669]

Frame 3: Packet, 1292 bytes on wire (10336 bits), 1292 bytes captured (10336 bits) on interface \Device\NPF_{9B9257DC-FAC1-4993-B12F-136D7BA5E874}, id 0
    Section number: 1
    Interface id: 0 (\Device\NPF_{9B9257DC-FAC1-4993-B12F-136D7BA5E874})
        Interface name: \Device\NPF_{9B9257DC-FAC1-4993-B12F-136D7BA5E874}
        Interface description: Wi-Fi
    Encapsulation type: Ethernet (1)
    Arrival Time: Apr  9, 2026 18:27:59.431775200 India Standard Time
    UTC Arrival Time: Apr  9, 2026 12:57:59.431775200 UTC
    Epoch Arrival Time: 1775739479.431775200
    [Time shift for this packet: 0.000000000 seconds]
    [Time delta from previous captured frame: 543.700 microseconds]
    [Time delta from previous displayed frame: 543.700 microseconds]
    [Time since reference or first frame: 663.200 microseconds]
    Frame Number: 3
    Frame Length: 1292 bytes (10336 bits)
    Capture Length: 1292 bytes (10336 bits)
    [Frame is marked: False]
    [Frame is ignored: False]
    [Protocols in frame: eth:ethertype:ip:udp:quic]
    Character encoding: ASCII (0)
Ethernet II, Src: 96:77:0b:05:d4:0b (96:77:0b:05:d4:0b), Dst: HewlettPacka_3a:cc:1d (28:92:4a:3a:cc:1d)
    Destination: HewlettPacka_3a:cc:1d (28:92:4a:3a:cc:1d)
        .... ..0. .... .... .... .... = LG bit: Globally unique address (factory default)
        .... ...0 .... .... .... .... = IG bit: Individual address (unicast)
    Source: 96:77:0b:05:d4:0b (96:77:0b:05:d4:0b)
        .... ..1. .... .... .... .... = LG bit: Locally administered address (this is NOT the factory default)
        .... ...0 .... .... .... .... = IG bit: Individual address (unicast)
    Type: IPv4 (0x0800)
    [Stream index: 0]
Internet Protocol Version 4, Src: 172.16.90.227, Dst: 172.66.0.227
    0100 .... = Version: 4
    .... 0101 = Header Length: 20 bytes (5)
    Differentiated Services Field: 0x00 (DSCP: CS0, ECN: Not-ECT)
        0000 00.. = Differentiated Services Codepoint: Default (0)
        .... ..00 = Explicit Congestion Notification: Not ECN-Capable Transport (0)
    Total Length: 1278
    Identification: 0x1be6 (7142)
    010. .... = Flags: 0x2, Don't fragment
        0... .... = Reserved bit: Not set
        .1.. .... = Don't fragment: Set
        ..0. .... = More fragments: Not set
    ...0 0000 0000 0000 = Fragment Offset: 0
    Time to Live: 128
    Protocol: UDP (17)
    Header Checksum: 0x0000 [validation disabled]
    [Header checksum status: Unverified]
    Source Address: 172.16.90.227
    Destination Address: 172.66.0.227
    [Stream index: 1]
User Datagram Protocol, Src Port: 64029, Dst Port: 443
    Source Port: 64029
    Destination Port: 443
    Length: 1258
    Checksum: 0xb914 [unverified]
    [Checksum Status: Unverified]
    [Stream index: 1]
    [Stream Packet Number: 1]
    [Timestamps]
        [Time since first frame: 0.000000000 seconds]
        [Time since previous frame: 0.000000000 seconds]
    UDP payload (1250 bytes)
QUIC IETF
    QUIC Connection information
        [Connection Number: 1]
    [Packet Length: 1250]
    1... .... = Header Form: Long Header (1)
    .1.. .... = Fixed Bit: True
    ..00 .... = Packet Type: Initial (0)
    [.... 00.. = Reserved: 0]
    [.... ..00 = Packet Number Length: 1 bytes (0)]
    Version: 1 (0x00000001)
    Destination Connection ID Length: 8
    Destination Connection ID: cfb40e2b08cab22e
    Source Connection ID Length: 0
    Token Length: 0
    Length: 1232
    [Packet Number: 1]
    Payload […]: 5f7f8913029eae710f590deed46049929260b9a577630d392574b346c4d9ed4c482c0b90c9e217b42bd03cf440c374dfc3e03d5960594974fc16773624d42434d982549d6556b9d696925504fc71ab5ed288a6a88320800eb84fbdf9fd1d7f7cb8fdf637ea50e7ad38008de064e155ef
    CRYPTO
        Frame Type: CRYPTO (0x0000000000000006)
        Offset: 58
        Length: 12
        Crypto Data
    PADDING Length: 242
        Frame Type: PADDING (0x0000000000000000)
        [Padding Length: 242]
    CRYPTO
        Frame Type: CRYPTO (0x0000000000000006)
        Offset: 1579
        Length: 131
        Crypto Data
    CRYPTO
        Frame Type: CRYPTO (0x0000000000000006)
        Offset: 45
        Length: 13
        Crypto Data
    PADDING Length: 4
        Frame Type: PADDING (0x0000000000000000)
        [Padding Length: 4]
    PING
        Frame Type: PING (0x0000000000000001)
    CRYPTO
        Frame Type: CRYPTO (0x0000000000000006)
        Offset: 32
        Length: 8
        Crypto Data
    CRYPTO
        Frame Type: CRYPTO (0x0000000000000006)
        Offset: 40
        Length: 5
        Crypto Data
    PING
        Frame Type: PING (0x0000000000000001)
    CRYPTO
        Frame Type: CRYPTO (0x0000000000000006)
        Offset: 1420
        Length: 159
        Crypto Data
    CRYPTO
        Frame Type: CRYPTO (0x0000000000000006)
        Offset: 0
        Length: 25
        Crypto Data
    PADDING Length: 2
        Frame Type: PADDING (0x0000000000000000)
        [Padding Length: 2]
    PING
        Frame Type: PING (0x0000000000000001)
    PING
        Frame Type: PING (0x0000000000000001)
    PING
        Frame Type: PING (0x0000000000000001)
    PADDING Length: 67
        Frame Type: PADDING (0x0000000000000000)
        [Padding Length: 67]
    CRYPTO
        Frame Type: CRYPTO (0x0000000000000006)
        Offset: 927
        Length: 493
        Crypto Data
    PADDING Length: 3
        Frame Type: PADDING (0x0000000000000000)
        [Padding Length: 3]
    PING
        Frame Type: PING (0x0000000000000001)
    PING
        Frame Type: PING (0x0000000000000001)
    CRYPTO
        Frame Type: CRYPTO (0x0000000000000006)
        Offset: 25
        Length: 7
        Crypto Data
    PING
        Frame Type: PING (0x0000000000000001)
    PADDING Length: 3
        Frame Type: PADDING (0x0000000000000000)
        [Padding Length: 3]

Frame 4: Packet, 1292 bytes on wire (10336 bits), 1292 bytes captured (10336 bits) on interface \Device\NPF_{9B9257DC-FAC1-4993-B12F-136D7BA5E874}, id 0
    Section number: 1
    Interface id: 0 (\Device\NPF_{9B9257DC-FAC1-4993-B12F-136D7BA5E874})
        Interface name: \Device\NPF_{9B9257DC-FAC1-4993-B12F-136D7BA5E874}
        Interface description: Wi-Fi
    Encapsulation type: Ethernet (1)
    Arrival Time: Apr  9, 2026 18:27:59.431807800 India Standard Time
    UTC Arrival Time: Apr  9, 2026 12:57:59.431807800 UTC
    Epoch Arrival Time: 1775739479.431807800
    [Time shift for this packet: 0.000000000 seconds]
    [Time delta from previous captured frame: 32.600 microseconds]
    [Time delta from previous displayed frame: 32.600 microseconds]
    [Time since reference or first frame: 695.800 microseconds]
    Frame Number: 4
    Frame Length: 1292 bytes (10336 bits)
    Capture Length: 1292 bytes (10336 bits)
    [Frame is marked: False]
    [Frame is ignored: False]
    [Protocols in frame: eth:ethertype:ip:udp:quic:tls]
    Character encoding: ASCII (0)
Ethernet II, Src: 96:77:0b:05:d4:0b (96:77:0b:05:d4:0b), Dst: HewlettPacka_3a:cc:1d (28:92:4a:3a:cc:1d)
    Destination: HewlettPacka_3a:cc:1d (28:92:4a:3a:cc:1d)
        .... ..0. .... .... .... .... = LG bit: Globally unique address (factory default)
        .... ...0 .... .... .... .... = IG bit: Individual address (unicast)
    Source: 96:77:0b:05:d4:0b (96:77:0b:05:d4:0b)
        .... ..1. .... .... .... .... = LG bit: Locally administered address (this is NOT the factory default)
        .... ...0 .... .... .... .... = IG bit: Individual address (unicast)
    Type: IPv4 (0x0800)
    [Stream index: 0]
Internet Protocol Version 4, Src: 172.16.90.227, Dst: 172.66.0.227
    0100 .... = Version: 4
    .... 0101 = Header Length: 20 bytes (5)
    Differentiated Services Field: 0x00 (DSCP: CS0, ECN: Not-ECT)
        0000 00.. = Differentiated Services Codepoint: Default (0)
        .... ..00 = Explicit Congestion Notification: Not ECN-Capable Transport (0)
    Total Length: 1278
    Identification: 0x1be7 (7143)
    010. .... = Flags: 0x2, Don't fragment
        0... .... = Reserved bit: Not set
        .1.. .... = Don't fragment: Set
        ..0. .... = More fragments: Not set
    ...0 0000 0000 0000 = Fragment Offset: 0
    Time to Live: 128
    Protocol: UDP (17)
    Header Checksum: 0x0000 [validation disabled]
    [Header checksum status: Unverified]
    Source Address: 172.16.90.227
    Destination Address: 172.66.0.227
    [Stream index: 1]
User Datagram Protocol, Src Port: 64029, Dst Port: 443
    Source Port: 64029
    Destination Port: 443
    Length: 1258
    Checksum: 0xb914 [unverified]
    [Checksum Status: Unverified]
    [Stream index: 1]
    [Stream Packet Number: 2]
    [Timestamps]
        [Time since first frame: 32.600 microseconds]
        [Time since previous frame: 32.600 microseconds]
    UDP payload (1250 bytes)
QUIC IETF
    QUIC Connection information
        [Connection Number: 1]
    [Packet Length: 1250]
    1... .... = Header Form: Long Header (1)
    .1.. .... = Fixed Bit: True
    ..00 .... = Packet Type: Initial (0)
    [.... 00.. = Reserved: 0]
    [.... ..01 = Packet Number Length: 2 bytes (1)]
    Version: 1 (0x00000001)
    Destination Connection ID Length: 8
    Destination Connection ID: cfb40e2b08cab22e
    Source Connection ID Length: 0
    Token Length: 0
    Length: 1232
    [Packet Number: 2]
    Payload […]: 7cca7bcc2b6d3e235feb6d72b20efc383eb0047e2517a40d6274326219bc53cc90c0b7608434b52082a06d66cc4c1590820bed2b4b41a1ff2cf83e4bf55c5bacfe0389a67ec212256e0d7930330adbabe272543afb9067dd2e20b12bf174ad8d177af4bd38efb133eb97b48733b8844a
    PADDING Length: 157
        Frame Type: PADDING (0x0000000000000000)
        [Padding Length: 157]
    CRYPTO
        Frame Type: CRYPTO (0x0000000000000006)
        Offset: 415
        Length: 17
        Crypto Data
    PADDING Length: 23
        Frame Type: PADDING (0x0000000000000000)
        [Padding Length: 23]
    CRYPTO
        Frame Type: CRYPTO (0x0000000000000006)
        Offset: 375
        Length: 40
        Crypto Data
    PADDING Length: 8
        Frame Type: PADDING (0x0000000000000000)
        [Padding Length: 8]
    PING
        Frame Type: PING (0x0000000000000001)
    CRYPTO
        Frame Type: CRYPTO (0x0000000000000006)
        Offset: 821
        Length: 23
        Crypto Data
    CRYPTO
        Frame Type: CRYPTO (0x0000000000000006)
        Offset: 432
        Length: 389
        Crypto Data
    PING
        Frame Type: PING (0x0000000000000001)
    PADDING Length: 70
        Frame Type: PADDING (0x0000000000000000)
        [Padding Length: 70]
    CRYPTO
        Frame Type: CRYPTO (0x0000000000000006)
        Offset: 70
        Length: 305
        Crypto Data
    PADDING Length: 64
        Frame Type: PADDING (0x0000000000000000)
        [Padding Length: 64]
    CRYPTO
        Frame Type: CRYPTO (0x0000000000000006)
        Offset: 851
        Length: 76
        Crypto Data
    PING
        Frame Type: PING (0x0000000000000001)
    CRYPTO
        Frame Type: CRYPTO (0x0000000000000006)
        Offset: 844
        Length: 7
        Crypto Data
        [16 Reassembled QUIC CRYPTO Data Fragments (1710 bytes): #3(25), #3(7), #3(8), #3(5), #3(13), #3(12), #4(305), #4(40), #4(17), #4(389), #4(23), #4(7), #4(76), #3(493), #3(159), #3(131)]
            [Frame: 3, payload: 0-24 (25 bytes)]
            [Frame: 3, payload: 25-31 (7 bytes)]
            [Frame: 3, payload: 32-39 (8 bytes)]
            [Frame: 3, payload: 40-44 (5 bytes)]
            [Frame: 3, payload: 45-57 (13 bytes)]
            [Frame: 3, payload: 58-69 (12 bytes)]
            [Frame: 4, payload: 70-374 (305 bytes)]
            [Frame: 4, payload: 375-414 (40 bytes)]
            [Frame: 4, payload: 415-431 (17 bytes)]
            [Frame: 4, payload: 432-820 (389 bytes)]
            [Frame: 4, payload: 821-843 (23 bytes)]
            [Frame: 4, payload: 844-850 (7 bytes)]
            [Frame: 4, payload: 851-926 (76 bytes)]
            [Frame: 3, payload: 927-1419 (493 bytes)]
            [Frame: 3, payload: 1420-1578 (159 bytes)]
            [Frame: 3, payload: 1579-1709 (131 bytes)]
            [Fragment count: 16]
        TLSv1.3 Record Layer: Handshake Protocol: Client Hello
            Handshake Protocol: Client Hello
                Handshake Type: Client Hello (1)
                Length: 1706
                Version: TLS 1.2 (0x0303)
                    [Expert Info (Chat/Deprecated): This legacy_version field MUST be ignored. The supported_versions extension is present and MUST be used instead.]
                        [This legacy_version field MUST be ignored. The supported_versions extension is present and MUST be used instead.]
                        [Severity level: Chat]
                        [Group: Deprecated]
                Random: a845c898a4d97bb8385fc7b9f78048b5a3a74c9526b21c0b1257fb61609631f0
                Session ID Length: 0
                Cipher Suites Length: 6
                Cipher Suites (3 suites)
                    Cipher Suite: TLS_AES_128_GCM_SHA256 (0x1301)
                    Cipher Suite: TLS_AES_256_GCM_SHA384 (0x1302)
                    Cipher Suite: TLS_CHACHA20_POLY1305_SHA256 (0x1303)
                Compression Methods Length: 1
                Compression Methods (1 method)
                    Compression Method: null (0)
                Extensions Length: 1659
                Extension: supported_versions (len=3) TLS 1.3
                    Type: supported_versions (43)
                    Length: 3
                    Supported Versions length: 2
                    Supported Version: TLS 1.3 (0x0304)
                Extension: application_settings (len=5)
                    Type: application_settings (17613)
                    Length: 5
                    ALPS Extension Length: 3
                    Supported ALPN List
                        Supported ALPN Length: 2
                        Supported ALPN: h3
                Extension: quic_transport_parameters (len=81)
                    Type: quic_transport_parameters (57)
                    Length: 81
                    Parameter: initial_max_streams_uni (len=2) 103
                        Type: initial_max_streams_uni (0x09)
                        Length: 2
                        Value: 4067
                        initial_max_streams_uni: 103
                    Parameter: GREASE (len=8)
                        Type: GREASE (0xe4cd4414c79b0cf)
                        Length: 8
                        Value: f034bf33505e2638
                    Parameter: initial_max_stream_data_bidi_remote (len=4) 6291456
                        Type: initial_max_stream_data_bidi_remote (0x06)
                        Length: 4
                        Value: 80600000
                        initial_max_stream_data_bidi_remote: 6291456
                    Parameter: max_idle_timeout (len=4) 30000 ms
                        Type: max_idle_timeout (0x01)
                        Length: 4
                        Value: 80007530
                        max_idle_timeout: 30000
                    Parameter: initial_max_stream_data_uni (len=4) 6291456
                        Type: initial_max_stream_data_uni (0x07)
                        Length: 4
                        Value: 80600000
                        initial_max_stream_data_uni: 6291456
                    Parameter: initial_source_connection_id (len=0)
                        Type: initial_source_connection_id (0x0f)
                        Length: 0
                        Initial Source Connection ID: <MISSING>
                    Parameter: initial_max_data (len=4) 15728640
                        Type: initial_max_data (0x04)
                        Length: 4
                        Value: 80f00000
                        initial_max_data: 15728640
                    Parameter: initial_max_stream_data_bidi_local (len=4) 6291456
                        Type: initial_max_stream_data_bidi_local (0x05)
                        Length: 4
                        Value: 80600000
                        initial_max_stream_data_bidi_local: 6291456
                    Parameter: initial_max_streams_bidi (len=2) 100
                        Type: initial_max_streams_bidi (0x08)
                        Length: 2
                        Value: 4064
                        initial_max_streams_bidi: 100
                    Parameter: version_information (len=12)
                        Type: version_information (0x11)
                        Length: 12
                        Value: 00000001000000018a2a2aca
                        Chosen Version: 1 (0x00000001)
                        Other Version: 1 (0x00000001)
                        Other Version: Unknown (0x8a2a2aca) (GREASE)
                    Parameter: max_datagram_frame_size (len=4) 65536
                        Type: max_datagram_frame_size (0x20)
                        Length: 4
                        Value: 80010000
                        max_datagram_frame_size: 65536
                    Parameter: max_udp_payload_size (len=2) 1472
                        Type: max_udp_payload_size (0x03)
                        Length: 2
                        Value: 45c0
                        max_udp_payload_size: 1472
                Extension: application_layer_protocol_negotiation (len=5)
                    Type: application_layer_protocol_negotiation (16)
                    Length: 5
                    ALPN Extension Length: 3
                    ALPN Protocol
                        ALPN string length: 2
                        ALPN Next Protocol: h3
                Extension: supported_groups (len=10)
                    Type: supported_groups (10)
                    Length: 10
                    Supported Groups List Length: 8
                    Supported Groups (4 groups)
                        Supported Group: X25519MLKEM768 (0x11ec)
                        Supported Group: x25519 (0x001d)
                        Supported Group: secp256r1 (0x0017)
                        Supported Group: secp384r1 (0x0018)
                Extension: key_share (len=1258) X25519MLKEM768, x25519
                    Type: key_share (51)
                    Length: 1258
                    Key Share extension
                        Client Key Share Length: 1256
                        Key Share Entry: Group: X25519MLKEM768, Key Exchange length: 1216
                            Group: X25519MLKEM768 (4588)
                            Key Exchange Length: 1216
                            Key Exchange […]: 85b2a0d419b6dc79a5d073bb21349a4ff781b7b9cd2e76245bb2ba5a5a961484b560e6574437c3047a4daef27f7b1b2a51c4897c08b529215b6d133520c49768b40124522882495259219ea9b21400e99a757bb26ea8ca308a1f8db9b3577a9ffca387c4bb946f52323e5b69d0f
                        Key Share Entry: Group: x25519, Key Exchange length: 32
                            Group: x25519 (29)
                            Key Exchange Length: 32
                            Key Exchange: 41b9650d6ae5c26586b0ac9dcec777523c28c083edf64a32a109410cf3595653
                Extension: signature_algorithms (len=20)
                    Type: signature_algorithms (13)
                    Length: 20
                    Signature Hash Algorithms Length: 18
                    Signature Hash Algorithms (9 algorithms)
                        Signature Algorithm: ecdsa_secp256r1_sha256 (0x0403)
                            Signature Hash Algorithm Hash: SHA256 (4)
                            Signature Hash Algorithm Signature: ECDSA (3)
                        Signature Algorithm: rsa_pss_rsae_sha256 (0x0804)
                            Signature Hash Algorithm Hash: Unknown (8)
                            Signature Hash Algorithm Signature: Unknown (4)
                        Signature Algorithm: rsa_pkcs1_sha256 (0x0401)
                            Signature Hash Algorithm Hash: SHA256 (4)
                            Signature Hash Algorithm Signature: RSA (1)
                        Signature Algorithm: ecdsa_secp384r1_sha384 (0x0503)
                            Signature Hash Algorithm Hash: SHA384 (5)
                            Signature Hash Algorithm Signature: ECDSA (3)
                        Signature Algorithm: rsa_pss_rsae_sha384 (0x0805)
                            Signature Hash Algorithm Hash: Unknown (8)
                            Signature Hash Algorithm Signature: Unknown (5)
                        Signature Algorithm: rsa_pkcs1_sha384 (0x0501)
                            Signature Hash Algorithm Hash: SHA384 (5)
                            Signature Hash Algorithm Signature: RSA (1)
                        Signature Algorithm: rsa_pss_rsae_sha512 (0x0806)
                            Signature Hash Algorithm Hash: Unknown (8)
                            Signature Hash Algorithm Signature: Unknown (6)
                        Signature Algorithm: rsa_pkcs1_sha512 (0x0601)
                            Signature Hash Algorithm Hash: SHA512 (6)
                            Signature Hash Algorithm Signature: RSA (1)
                        Signature Algorithm: rsa_pkcs1_sha1 (0x0201)
                            Signature Hash Algorithm Hash: SHA1 (2)
                            Signature Hash Algorithm Signature: RSA (1)
                Extension: encrypted_client_hello (len=218)
                    Type: encrypted_client_hello (65037)
                    Length: 218
                    Client Hello type: Outer Client Hello (0)
                    Cipher Suite: HKDF-SHA256/AES-128-GCM
                        KDF Id: HKDF-SHA256 (1)
                        AEAD Id: AES-128-GCM (1)
                    Config Id: 35
                    Enc length: 32
                    Enc: 651a7753fe1fe760f9558d9c5805aaedadb2d00931d5d2f49466a1107d713c72
                    Payload length: 176
                    Payload […]: a10859bfa58e0ac3d50185627a6a906481c072052953e4de540d6911befa0264eb0e0ee95ad49ce8eba8b5841cfd46c0b5d2b62286845a4b26f5f1ba0c61c62d92c4efa3949898a6d6d4f569f88475eaad3657aa721dc904e298b6849c8a307cd651c99614678fa71aaab79370ea709a
                Extension: psk_key_exchange_modes (len=2)
                    Type: psk_key_exchange_modes (45)
                    Length: 2
                    PSK Key Exchange Modes Length: 1
                    PSK Key Exchange Mode: PSK with (EC)DHE key establishment (psk_dhe_ke) (1)
                Extension: compress_certificate (len=3)
                    Type: compress_certificate (27)
                    Length: 3
                    Algorithms Length: 2
                    Algorithm: brotli (2)
                Extension: server_name (len=10) name=x.com
                    Type: server_name (0)
                    Length: 10
                    Server Name Indication extension
                        Server Name list length: 8
                        Server Name Type: host_name (0)
                        Server Name length: 5
                        Server Name: x.com
                [JA4: q13d0311h3_55b375c5d22e_653d80c3fe9d]
                [JA4_r: q13d0311h3_1301,1302,1303_000a,000d,001b,002b,002d,0033,0039,44cd,fe0d_0403,0804,0401,0503,0805,0501,0806,0601,0201]
                [JA3 Fullstring: 771,4865-4866-4867,43-17613-57-16-10-51-13-65037-45-27-0,4588-29-23-24,]
                [JA3: 34905c14e88473293851aef4ee6202ed]
    PING
        Frame Type: PING (0x0000000000000001)

Frame 5: Packet, 86 bytes on wire (688 bits), 86 bytes captured (688 bits) on interface \Device\NPF_{9B9257DC-FAC1-4993-B12F-136D7BA5E874}, id 0
    Section number: 1
    Interface id: 0 (\Device\NPF_{9B9257DC-FAC1-4993-B12F-136D7BA5E874})
        Interface name: \Device\NPF_{9B9257DC-FAC1-4993-B12F-136D7BA5E874}
        Interface description: Wi-Fi
    Encapsulation type: Ethernet (1)
    Arrival Time: Apr  9, 2026 18:27:59.438139900 India Standard Time
    UTC Arrival Time: Apr  9, 2026 12:57:59.438139900 UTC
    Epoch Arrival Time: 1775739479.438139900
    [Time shift for this packet: 0.000000000 seconds]
    [Time delta from previous captured frame: 6.332100 milliseconds]
    [Time delta from previous displayed frame: 6.332100 milliseconds]
    [Time since reference or first frame: 7.027900 milliseconds]
    Frame Number: 5
    Frame Length: 86 bytes (688 bits)
    Capture Length: 86 bytes (688 bits)
    [Frame is marked: False]
    [Frame is ignored: False]
    [Protocols in frame: eth:ethertype:vlan:ethertype:ip:udp:quic]
    Character encoding: ASCII (0)
Ethernet II, Src: HewlettPacka_3a:cc:1d (28:92:4a:3a:cc:1d), Dst: 96:77:0b:05:d4:0b (96:77:0b:05:d4:0b)
    Destination: 96:77:0b:05:d4:0b (96:77:0b:05:d4:0b)
        .... ..1. .... .... .... .... = LG bit: Locally administered address (this is NOT the factory default)
        .... ...0 .... .... .... .... = IG bit: Individual address (unicast)
    Source: HewlettPacka_3a:cc:1d (28:92:4a:3a:cc:1d)
        .... ..0. .... .... .... .... = LG bit: Globally unique address (factory default)
        .... ...0 .... .... .... .... = IG bit: Individual address (unicast)
    Type: 802.1Q Virtual LAN (0x8100)
    [Stream index: 0]
802.1Q Virtual LAN, PRI: 0, DEI: 0, ID: 0
    000. .... .... .... = Priority: Best Effort (default) (0)
    ...0 .... .... .... = DEI: Ineligible
    .... 0000 0000 0000 = ID: 0
    Type: IPv4 (0x0800)
Internet Protocol Version 4, Src: 142.251.152.119, Dst: 172.16.90.227
    0100 .... = Version: 4
    .... 0101 = Header Length: 20 bytes (5)
    Differentiated Services Field: 0xb8 (DSCP: EF, ECN: Not-ECT)
        1011 10.. = Differentiated Services Codepoint: Expedited Forwarding (46)
        .... ..00 = Explicit Congestion Notification: Not ECN-Capable Transport (0)
    Total Length: 68
    Identification: 0x0000 (0)
    010. .... = Flags: 0x2, Don't fragment
        0... .... = Reserved bit: Not set
        .1.. .... = Don't fragment: Set
        ..0. .... = More fragments: Not set
    ...0 0000 0000 0000 = Fragment Offset: 0
    Time to Live: 57
    Protocol: UDP (17)
    Header Checksum: 0x128b [validation disabled]
    [Header checksum status: Unverified]
    Source Address: 142.251.152.119
    Destination Address: 172.16.90.227
    [Stream index: 0]
User Datagram Protocol, Src Port: 443, Dst Port: 56200
    Source Port: 443
    Destination Port: 56200
    Length: 48
    Checksum: 0x56e6 [unverified]
    [Checksum Status: Unverified]
    [Stream index: 0]
    [Stream Packet Number: 3]
    [Timestamps]
        [Time since first frame: 7.027900 milliseconds]
        [Time since previous frame: 6.908400 milliseconds]
    UDP payload (40 bytes)
QUIC IETF
    QUIC Connection information
        [Connection Number: 0]
    [Packet Length: 40]
    1... .... = Header Form: Long Header (1)
    .1.. .... = Fixed Bit: True
    ..00 .... = Packet Type: Initial (0)
    [.... 00.. = Reserved: 0]
    [.... ..00 = Packet Number Length: 1 bytes (0)]
    Version: 1 (0x00000001)
    Destination Connection ID Length: 0
    Source Connection ID Length: 8
    Source Connection ID: e4c2d7feefc37a61
    Token Length: 0
    Length: 22
    [Packet Number: 1]
    Payload: f30a09f07e2133bfbe346e3a957fd938b06b543471
    ACK
        Frame Type: ACK (0x0000000000000002)
        Largest Acknowledged: 1
        ACK Delay: 0
        ACK Range Count: 0
        First ACK Range: 0

Frame 6: Packet, 1296 bytes on wire (10368 bits), 1296 bytes captured (10368 bits) on interface \Device\NPF_{9B9257DC-FAC1-4993-B12F-136D7BA5E874}, id 0
    Section number: 1
    Interface id: 0 (\Device\NPF_{9B9257DC-FAC1-4993-B12F-136D7BA5E874})
        Interface name: \Device\NPF_{9B9257DC-FAC1-4993-B12F-136D7BA5E874}
        Interface description: Wi-Fi
    Encapsulation type: Ethernet (1)
    Arrival Time: Apr  9, 2026 18:27:59.441806500 India Standard Time
    UTC Arrival Time: Apr  9, 2026 12:57:59.441806500 UTC
    Epoch Arrival Time: 1775739479.441806500
    [Time shift for this packet: 0.000000000 seconds]
    [Time delta from previous captured frame: 3.666600 milliseconds]
    [Time delta from previous displayed frame: 3.666600 milliseconds]
    [Time since reference or first frame: 10.694500 milliseconds]
    Frame Number: 6
    Frame Length: 1296 bytes (10368 bits)
    Capture Length: 1296 bytes (10368 bits)
    [Frame is marked: False]
    [Frame is ignored: False]
    [Protocols in frame: eth:ethertype:vlan:ethertype:ip:udp:quic]
    Character encoding: ASCII (0)
Ethernet II, Src: HewlettPacka_3a:cc:1d (28:92:4a:3a:cc:1d), Dst: 96:77:0b:05:d4:0b (96:77:0b:05:d4:0b)
    Destination: 96:77:0b:05:d4:0b (96:77:0b:05:d4:0b)
        .... ..1. .... .... .... .... = LG bit: Locally administered address (this is NOT the factory default)
        .... ...0 .... .... .... .... = IG bit: Individual address (unicast)
    Source: HewlettPacka_3a:cc:1d (28:92:4a:3a:cc:1d)
        .... ..0. .... .... .... .... = LG bit: Globally unique address (factory default)
        .... ...0 .... .... .... .... = IG bit: Individual address (unicast)
    Type: 802.1Q Virtual LAN (0x8100)
    [Stream index: 0]
802.1Q Virtual LAN, PRI: 0, DEI: 0, ID: 0
    000. .... .... .... = Priority: Best Effort (default) (0)
    ...0 .... .... .... = DEI: Ineligible
    .... 0000 0000 0000 = ID: 0
    Type: IPv4 (0x0800)
Internet Protocol Version 4, Src: 142.251.152.119, Dst: 172.16.90.227
    0100 .... = Version: 4
    .... 0101 = Header Length: 20 bytes (5)
    Differentiated Services Field: 0xb8 (DSCP: EF, ECN: Not-ECT)
        1011 10.. = Differentiated Services Codepoint: Expedited Forwarding (46)
        .... ..00 = Explicit Congestion Notification: Not ECN-Capable Transport (0)
    Total Length: 1278
    Identification: 0x0000 (0)
    010. .... = Flags: 0x2, Don't fragment
        0... .... = Reserved bit: Not set
        .1.. .... = Don't fragment: Set
        ..0. .... = More fragments: Not set
    ...0 0000 0000 0000 = Fragment Offset: 0
    Time to Live: 57
    Protocol: UDP (17)
    Header Checksum: 0x0dd1 [validation disabled]
    [Header checksum status: Unverified]
    Source Address: 142.251.152.119
    Destination Address: 172.16.90.227
    [Stream index: 0]
User Datagram Protocol, Src Port: 443, Dst Port: 56200
    Source Port: 443
    Destination Port: 56200
    Length: 1258
    Checksum: 0x72a0 [unverified]
    [Checksum Status: Unverified]
    [Stream index: 0]
    [Stream Packet Number: 4]
    [Timestamps]
        [Time since first frame: 10.694500 milliseconds]
        [Time since previous frame: 3.666600 milliseconds]
    UDP payload (1250 bytes)
QUIC IETF
    QUIC Connection information
        [Connection Number: 0]
    [Packet Length: 1250]
    1... .... = Header Form: Long Header (1)
    .1.. .... = Fixed Bit: True
    ..00 .... = Packet Type: Initial (0)
    [.... 00.. = Reserved: 0]
    [.... ..00 = Packet Number Length: 1 bytes (0)]
    Version: 1 (0x00000001)
    Destination Connection ID Length: 0
    Source Connection ID Length: 8
    Source Connection ID: e4c2d7feefc37a61
    Token Length: 0
    Length: 1232
    [Packet Number: 2]
    Payload […]: a4500381a62495c6ba7dda6d323d045d16ddc4ff19eb8abf426a19f39cd0b2e65b3e0196ce96d2ce6d5273384964ddb66fcc25aa9eaac21aa17fa57319e7368650c133d0df152e4c1258b10ae37e890c58c6bf60d15833d8e6c452fd216e89776816f2feda8a910ade6f4257cb62f2f7
    ACK
        Frame Type: ACK (0x0000000000000002)
        Largest Acknowledged: 2
        ACK Delay: 0
        ACK Range Count: 0
        First ACK Range: 1
    PADDING Length: 1210
        Frame Type: PADDING (0x0000000000000000)
        [Padding Length: 1210]

Frame 7: Packet, 1296 bytes on wire (10368 bits), 1296 bytes captured (10368 bits) on interface \Device\NPF_{9B9257DC-FAC1-4993-B12F-136D7BA5E874}, id 0
    Section number: 1
    Interface id: 0 (\Device\NPF_{9B9257DC-FAC1-4993-B12F-136D7BA5E874})
        Interface name: \Device\NPF_{9B9257DC-FAC1-4993-B12F-136D7BA5E874}
        Interface description: Wi-Fi
    Encapsulation type: Ethernet (1)
    Arrival Time: Apr  9, 2026 18:27:59.441806500 India Standard Time
    UTC Arrival Time: Apr  9, 2026 12:57:59.441806500 UTC
    Epoch Arrival Time: 1775739479.441806500
    [Time shift for this packet: 0.000000000 seconds]
    [Time delta from previous captured frame: 0.000000000 seconds]
    [Time delta from previous displayed frame: 0.000000000 seconds]
    [Time since reference or first frame: 10.694500 milliseconds]
    Frame Number: 7
    Frame Length: 1296 bytes (10368 bits)
    Capture Length: 1296 bytes (10368 bits)
    [Frame is marked: False]
    [Frame is ignored: False]
    [Protocols in frame: eth:ethertype:vlan:ethertype:ip:udp:quic:tls]
    Character encoding: ASCII (0)
Ethernet II, Src: HewlettPacka_3a:cc:1d (28:92:4a:3a:cc:1d), Dst: 96:77:0b:05:d4:0b (96:77:0b:05:d4:0b)
    Destination: 96:77:0b:05:d4:0b (96:77:0b:05:d4:0b)
        .... ..1. .... .... .... .... = LG bit: Locally administered address (this is NOT the factory default)
        .... ...0 .... .... .... .... = IG bit: Individual address (unicast)
    Source: HewlettPacka_3a:cc:1d (28:92:4a:3a:cc:1d)
        .... ..0. .... .... .... .... = LG bit: Globally unique address (factory default)
        .... ...0 .... .... .... .... = IG bit: Individual address (unicast)
    Type: 802.1Q Virtual LAN (0x8100)
    [Stream index: 0]
802.1Q Virtual LAN, PRI: 0, DEI: 0, ID: 0
    000. .... .... .... = Priority: Best Effort (default) (0)
    ...0 .... .... .... = DEI: Ineligible
    .... 0000 0000 0000 = ID: 0
    Type: IPv4 (0x0800)
Internet Protocol Version 4, Src: 142.251.152.119, Dst: 172.16.90.227
    0100 .... = Version: 4
    .... 0101 = Header Length: 20 bytes (5)
    Differentiated Services Field: 0xb8 (DSCP: EF, ECN: Not-ECT)
        1011 10.. = Differentiated Services Codepoint: Expedited Forwarding (46)
        .... ..00 = Explicit Congestion Notification: Not ECN-Capable Transport (0)
    Total Length: 1278
    Identification: 0x0000 (0)
    010. .... = Flags: 0x2, Don't fragment
        0... .... = Reserved bit: Not set
        .1.. .... = Don't fragment: Set
        ..0. .... = More fragments: Not set
    ...0 0000 0000 0000 = Fragment Offset: 0
    Time to Live: 57
    Protocol: UDP (17)
    Header Checksum: 0x0dd1 [validation disabled]
    [Header checksum status: Unverified]
    Source Address: 142.251.152.119
    Destination Address: 172.16.90.227
    [Stream index: 0]
User Datagram Protocol, Src Port: 443, Dst Port: 56200
    Source Port: 443
    Destination Port: 56200
    Length: 1258
    Checksum: 0xd28e [unverified]
    [Checksum Status: Unverified]
    [Stream index: 0]
    [Stream Packet Number: 5]
    [Timestamps]
        [Time since first frame: 10.694500 milliseconds]
        [Time since previous frame: 0.000000000 seconds]
    UDP payload (1250 bytes)
QUIC IETF
    QUIC Connection information
        [Connection Number: 0]
    [Packet Length: 1250]
    1... .... = Header Form: Long Header (1)
    .1.. .... = Fixed Bit: True
    ..00 .... = Packet Type: Initial (0)
    [.... 00.. = Reserved: 0]
    [.... ..00 = Packet Number Length: 1 bytes (0)]
    Version: 1 (0x00000001)
    Destination Connection ID Length: 0
    Source Connection ID Length: 8
    Source Connection ID: e4c2d7feefc37a61
    Token Length: 0
    Length: 1232
    [Packet Number: 3]
    Payload […]: 69890aa3c92ece6945ef1e5cbf05c8e112215d7beab2d56a2f35a8dc43e28b23895f150621c07be1e1a13d3752212eefffbda7a13d23808be6c41007df69421979810790fbc1d917af2522ba2a66a84bb505e8c29e3f4a17a5636b6d685cc6d797eb52d3c44d22328159293f0c9d873f
    CRYPTO
        Frame Type: CRYPTO (0x0000000000000006)
        Offset: 0
        Length: 1171
        Crypto Data
        TLSv1.3 Record Layer: Handshake Protocol: Server Hello (fragment)
            Handshake Protocol: Server Hello (fragment)
    PADDING Length: 40
        Frame Type: PADDING (0x0000000000000000)
        [Padding Length: 40]

Frame 8: Packet, 1296 bytes on wire (10368 bits), 1296 bytes captured (10368 bits) on interface \Device\NPF_{9B9257DC-FAC1-4993-B12F-136D7BA5E874}, id 0
    Section number: 1
    Interface id: 0 (\Device\NPF_{9B9257DC-FAC1-4993-B12F-136D7BA5E874})
        Interface name: \Device\NPF_{9B9257DC-FAC1-4993-B12F-136D7BA5E874}
        Interface description: Wi-Fi
    Encapsulation type: Ethernet (1)
    Arrival Time: Apr  9, 2026 18:27:59.441806500 India Standard Time
    UTC Arrival Time: Apr  9, 2026 12:57:59.441806500 UTC
    Epoch Arrival Time: 1775739479.441806500
    [Time shift for this packet: 0.000000000 seconds]
    [Time delta from previous captured frame: 0.000000000 seconds]
    [Time delta from previous displayed frame: 0.000000000 seconds]
    [Time since reference or first frame: 10.694500 milliseconds]
    Frame Number: 8
    Frame Length: 1296 bytes (10368 bits)
    Capture Length: 1296 bytes (10368 bits)
    [Frame is marked: False]
    [Frame is ignored: False]
    [Protocols in frame: eth:ethertype:vlan:ethertype:ip:udp:quic:tls]
    Character encoding: ASCII (0)
Ethernet II, Src: HewlettPacka_3a:cc:1d (28:92:4a:3a:cc:1d), Dst: 96:77:0b:05:d4:0b (96:77:0b:05:d4:0b)
    Destination: 96:77:0b:05:d4:0b (96:77:0b:05:d4:0b)
        .... ..1. .... .... .... .... = LG bit: Locally administered address (this is NOT the factory default)
        .... ...0 .... .... .... .... = IG bit: Individual address (unicast)
    Source: HewlettPacka_3a:cc:1d (28:92:4a:3a:cc:1d)
        .... ..0. .... .... .... .... = LG bit: Globally unique address (factory default)
        .... ...0 .... .... .... .... = IG bit: Individual address (unicast)
    Type: 802.1Q Virtual LAN (0x8100)
    [Stream index: 0]
802.1Q Virtual LAN, PRI: 0, DEI: 0, ID: 0
    000. .... .... .... = Priority: Best Effort (default) (0)
    ...0 .... .... .... = DEI: Ineligible
    .... 0000 0000 0000 = ID: 0
    Type: IPv4 (0x0800)
Internet Protocol Version 4, Src: 142.251.152.119, Dst: 172.16.90.227
    0100 .... = Version: 4
    .... 0101 = Header Length: 20 bytes (5)
    Differentiated Services Field: 0xb8 (DSCP: EF, ECN: Not-ECT)
        1011 10.. = Differentiated Services Codepoint: Expedited Forwarding (46)
        .... ..00 = Explicit Congestion Notification: Not ECN-Capable Transport (0)
    Total Length: 1278
    Identification: 0x0000 (0)
    010. .... = Flags: 0x2, Don't fragment
        0... .... = Reserved bit: Not set
        .1.. .... = Don't fragment: Set
        ..0. .... = More fragments: Not set
    ...0 0000 0000 0000 = Fragment Offset: 0
    Time to Live: 57
    Protocol: UDP (17)
    Header Checksum: 0x0dd1 [validation disabled]
    [Header checksum status: Unverified]
    Source Address: 142.251.152.119
    Destination Address: 172.16.90.227
    [Stream index: 0]
User Datagram Protocol, Src Port: 443, Dst Port: 56200
    Source Port: 443
    Destination Port: 56200
    Length: 1258
    Checksum: 0x6d75 [unverified]
    [Checksum Status: Unverified]
    [Stream index: 0]
    [Stream Packet Number: 6]
    [Timestamps]
        [Time since first frame: 10.694500 milliseconds]
        [Time since previous frame: 0.000000000 seconds]
    UDP payload (1250 bytes)
QUIC IETF
    QUIC Connection information
        [Connection Number: 0]
    [Packet Length: 1250]
    1... .... = Header Form: Long Header (1)
    .1.. .... = Fixed Bit: True
    ..00 .... = Packet Type: Initial (0)
    [.... 00.. = Reserved: 0]
    [.... ..01 = Packet Number Length: 2 bytes (1)]
    Version: 1 (0x00000001)
    Destination Connection ID Length: 0
    Source Connection ID Length: 8
    Source Connection ID: e4c2d7feefc37a61
    Token Length: 0
    Length: 1232
    [Packet Number: 4]
    Payload […]: 67a4aa55dee27b74eaf57d3d7b075987906c73e8f99ae665e2b5e41007674c0f3f7efe75d612b53565549c713f14f5ed1f249692072dfda1707554c78b7ce3d48b869e5ef754f649d88a1266a945abe237dfc5288414b16721d818a63cf8260e052c5a28c12864200095a655b870c32a
    CRYPTO
        Frame Type: CRYPTO (0x0000000000000006)
        Offset: 1171
        Length: 7
        Crypto Data
        TLSv1.3 Record Layer: Handshake Protocol: Server Hello
            Handshake Protocol: Server Hello (last fragment)
            [2 Reassembled Handshake Fragments (1178 bytes): #7(1171), #8(7)]
                [Frame: 7, payload: 0-1170 (1171 bytes)]
                [Frame: 8, payload: 1171-1177 (7 bytes)]
                [Handshake Fragment count: 2]
            Handshake Protocol: Server Hello
                Handshake Type: Server Hello (2)
                Length: 1174
                Version: TLS 1.2 (0x0303)
                    [Expert Info (Chat/Deprecated): This legacy_version field MUST be ignored. The supported_versions extension is present and MUST be used instead.]
                        [This legacy_version field MUST be ignored. The supported_versions extension is present and MUST be used instead.]
                        [Severity level: Chat]
                        [Group: Deprecated]
                Random: 476d85a11513563f37f0ef1764854a71fe83caabe8e0bfdbbbe7d03c1812583a
                Session ID Length: 0
                Cipher Suite: TLS_AES_128_GCM_SHA256 (0x1301)
                Compression Method: null (0)
                Extensions Length: 1134
                Extension: key_share (len=1124) X25519MLKEM768
                    Type: key_share (51)
                    Length: 1124
                    Key Share extension
                        Key Share Entry: Group: X25519MLKEM768, Key Exchange length: 1120
                            Group: X25519MLKEM768 (4588)
                            Key Exchange Length: 1120
                            Key Exchange […]: 32dcdebad73d83a8dfe1de91ebe4933c4648757c4c6dd810244f201f74c665ed5ae60bfb5d01b7760e4e21c153f33a8ab9418840ed44fcedcdcea7e17b0cba057be3d2f94e4c34992b0864301fcb5f72b8b5850d71c3eea9463b188e30e7c9691884685a7ca5dc1d6af7c947880
                Extension: supported_versions (len=2) TLS 1.3
                    Type: supported_versions (43)
                    Length: 2
                    Supported Version: TLS 1.3 (0x0304)
                [JA3S Fullstring: 771,4865,51-43]
                [JA3S: eb1d94daa7e0344597e756a1fb6e7054]
    PADDING Length: 1203
        Frame Type: PADDING (0x0000000000000000)
        [Padding Length: 1203]

Frame 9: Packet, 1292 bytes on wire (10336 bits), 1292 bytes captured (10336 bits) on interface \Device\NPF_{9B9257DC-FAC1-4993-B12F-136D7BA5E874}, id 0
    Section number: 1
    Interface id: 0 (\Device\NPF_{9B9257DC-FAC1-4993-B12F-136D7BA5E874})
        Interface name: \Device\NPF_{9B9257DC-FAC1-4993-B12F-136D7BA5E874}
        Interface description: Wi-Fi
    Encapsulation type: Ethernet (1)
    Arrival Time: Apr  9, 2026 18:27:59.442706700 India Standard Time
    UTC Arrival Time: Apr  9, 2026 12:57:59.442706700 UTC
    Epoch Arrival Time: 1775739479.442706700
    [Time shift for this packet: 0.000000000 seconds]
    [Time delta from previous captured frame: 900.200 microseconds]
    [Time delta from previous displayed frame: 900.200 microseconds]
    [Time since reference or first frame: 11.594700 milliseconds]
    Frame Number: 9
    Frame Length: 1292 bytes (10336 bits)
    Capture Length: 1292 bytes (10336 bits)
    [Frame is marked: False]
    [Frame is ignored: False]
    [Protocols in frame: eth:ethertype:ip:udp:quic]
    Character encoding: ASCII (0)
Ethernet II, Src: 96:77:0b:05:d4:0b (96:77:0b:05:d4:0b), Dst: HewlettPacka_3a:cc:1d (28:92:4a:3a:cc:1d)
    Destination: HewlettPacka_3a:cc:1d (28:92:4a:3a:cc:1d)
        .... ..0. .... .... .... .... = LG bit: Globally unique address (factory default)
        .... ...0 .... .... .... .... = IG bit: Individual address (unicast)
    Source: 96:77:0b:05:d4:0b (96:77:0b:05:d4:0b)
        .... ..1. .... .... .... .... = LG bit: Locally administered address (this is NOT the factory default)
        .... ...0 .... .... .... .... = IG bit: Individual address (unicast)
    Type: IPv4 (0x0800)
    [Stream index: 0]
Internet Protocol Version 4, Src: 172.16.90.227, Dst: 142.251.152.119
    0100 .... = Version: 4
    .... 0101 = Header Length: 20 bytes (5)
    Differentiated Services Field: 0x00 (DSCP: CS0, ECN: Not-ECT)
        0000 00.. = Differentiated Services Codepoint: Default (0)
        .... ..00 = Explicit Congestion Notification: Not ECN-Capable Transport (0)
    Total Length: 1278
    Identification: 0x3beb (15339)
    010. .... = Flags: 0x2, Don't fragment
        0... .... = Reserved bit: Not set
        .1.. .... = Don't fragment: Set
        ..0. .... = More fragments: Not set
    ...0 0000 0000 0000 = Fragment Offset: 0
    Time to Live: 128
    Protocol: UDP (17)
    Header Checksum: 0x0000 [validation disabled]
    [Header checksum status: Unverified]
    Source Address: 172.16.90.227
    Destination Address: 142.251.152.119
    [Stream index: 0]
User Datagram Protocol, Src Port: 56200, Dst Port: 443
    Source Port: 56200
    Destination Port: 443
    Length: 1258
    Checksum: 0x3362 [unverified]
    [Checksum Status: Unverified]
    [Stream index: 0]
    [Stream Packet Number: 7]
    [Timestamps]
        [Time since first frame: 11.594700 milliseconds]
        [Time since previous frame: 900.200 microseconds]
    UDP payload (1250 bytes)
QUIC IETF
    QUIC Connection information
        [Connection Number: 0]
    [Packet Length: 1250]
    1... .... = Header Form: Long Header (1)
    .1.. .... = Fixed Bit: True
    ..00 .... = Packet Type: Initial (0)
    [.... 00.. = Reserved: 0]
    [.... ..00 = Packet Number Length: 1 bytes (0)]
    Version: 1 (0x00000001)
    Destination Connection ID Length: 8
    Destination Connection ID: e4c2d7feefc37a61
    Source Connection ID Length: 0
    Token Length: 0
    Length: 1232
    [Packet Number: 3]
    Payload […]: 3df923df4d5ce2e53554255103d5966fdd14c4b4a49beddac1749ce5a8f0352e0c336d629b45576c56d6dc632e2ce00593c315541c346702b157d324fcf6fe7aaabcc8c572bccd64a6fd5b740d8d4daf2e3a78307dd2f60ec8a1d8c4be982ce7ba7273664332eb30d96a47fd60104d11
    ACK
        Frame Type: ACK (0x0000000000000002)
        Largest Acknowledged: 4
        ACK Delay: 71
        ACK Range Count: 0
        First ACK Range: 3
    PADDING Length: 1209
        Frame Type: PADDING (0x0000000000000000)
        [Padding Length: 1209]

Frame 10: Packet, 1246 bytes on wire (9968 bits), 1246 bytes captured (9968 bits) on interface \Device\NPF_{9B9257DC-FAC1-4993-B12F-136D7BA5E874}, id 0
    Section number: 1
    Interface id: 0 (\Device\NPF_{9B9257DC-FAC1-4993-B12F-136D7BA5E874})
        Interface name: \Device\NPF_{9B9257DC-FAC1-4993-B12F-136D7BA5E874}
        Interface description: Wi-Fi
    Encapsulation type: Ethernet (1)
    Arrival Time: Apr  9, 2026 18:27:59.442802000 India Standard Time
    UTC Arrival Time: Apr  9, 2026 12:57:59.442802000 UTC
    Epoch Arrival Time: 1775739479.442802000
    [Time shift for this packet: 0.000000000 seconds]
    [Time delta from previous captured frame: 95.300 microseconds]
    [Time delta from previous displayed frame: 95.300 microseconds]
    [Time since reference or first frame: 11.690000 milliseconds]
    Frame Number: 10
    Frame Length: 1246 bytes (9968 bits)
    Capture Length: 1246 bytes (9968 bits)
    [Frame is marked: False]
    [Frame is ignored: False]
    [Protocols in frame: eth:ethertype:vlan:ethertype:ip:udp:quic]
    Character encoding: ASCII (0)
Ethernet II, Src: HewlettPacka_3a:cc:1d (28:92:4a:3a:cc:1d), Dst: 96:77:0b:05:d4:0b (96:77:0b:05:d4:0b)
    Destination: 96:77:0b:05:d4:0b (96:77:0b:05:d4:0b)
        .... ..1. .... .... .... .... = LG bit: Locally administered address (this is NOT the factory default)
        .... ...0 .... .... .... .... = IG bit: Individual address (unicast)
    Source: HewlettPacka_3a:cc:1d (28:92:4a:3a:cc:1d)
        .... ..0. .... .... .... .... = LG bit: Globally unique address (factory default)
        .... ...0 .... .... .... .... = IG bit: Individual address (unicast)
    Type: 802.1Q Virtual LAN (0x8100)
    [Stream index: 0]
802.1Q Virtual LAN, PRI: 0, DEI: 0, ID: 0
    000. .... .... .... = Priority: Best Effort (default) (0)
    ...0 .... .... .... = DEI: Ineligible
    .... 0000 0000 0000 = ID: 0
    Type: IPv4 (0x0800)
Internet Protocol Version 4, Src: 172.66.0.227, Dst: 172.16.90.227
    0100 .... = Version: 4
    .... 0101 = Header Length: 20 bytes (5)
    Differentiated Services Field: 0x88 (DSCP: AF41, ECN: Not-ECT)
        1000 10.. = Differentiated Services Codepoint: Assured Forwarding 41 (34)
        .... ..00 = Explicit Congestion Notification: Not ECN-Capable Transport (0)
    Total Length: 1228
    Identification: 0x0000 (0)
    010. .... = Flags: 0x2, Don't fragment
        0... .... = Reserved bit: Not set
        .1.. .... = Don't fragment: Set
        ..0. .... = More fragments: Not set
    ...0 0000 0000 0000 = Fragment Offset: 0
    Time to Live: 57
    Protocol: UDP (17)
    Header Checksum: 0x8880 [validation disabled]
    [Header checksum status: Unverified]
    Source Address: 172.66.0.227
    Destination Address: 172.16.90.227
    [Stream index: 1]
User Datagram Protocol, Src Port: 443, Dst Port: 64029
    Source Port: 443
    Destination Port: 64029
    Length: 1208
    Checksum: 0x735e [unverified]
    [Checksum Status: Unverified]
    [Stream index: 1]
    [Stream Packet Number: 3]
    [Timestamps]
        [Time since first frame: 11.026800 milliseconds]
        [Time since previous frame: 10.994200 milliseconds]
    UDP payload (1200 bytes)
QUIC IETF
    QUIC Connection information
        [Connection Number: 1]
    [Packet Length: 52]
    1... .... = Header Form: Long Header (1)
    .1.. .... = Fixed Bit: True
    ..00 .... = Packet Type: Initial (0)
    [.... 00.. = Reserved: 0]
    [.... ..00 = Packet Number Length: 1 bytes (0)]
    Version: 1 (0x00000001)
    Destination Connection ID Length: 0
    Source Connection ID Length: 20
    Source Connection ID: 01f403ca35b51f2d27f6feca00b52bea25ae7452
    Token Length: 0
    Length: 22
    [Packet Number: 0]
    Payload: b638a72d8dee9a37cbb65f03d4a019dfe421cec57d
    ACK
        Frame Type: ACK (0x0000000000000002)
        Largest Acknowledged: 1
        ACK Delay: 6
        ACK Range Count: 0
        First ACK Range: 0
QUIC IETF
    [Expert Info (Note/Protocol): (Random) padding data appended to the datagram]
        [(Random) padding data appended to the datagram]
        [Severity level: Note]
        [Group: Protocol]

Frame 11: Packet, 1246 bytes on wire (9968 bits), 1246 bytes captured (9968 bits) on interface \Device\NPF_{9B9257DC-FAC1-4993-B12F-136D7BA5E874}, id 0
    Section number: 1
    Interface id: 0 (\Device\NPF_{9B9257DC-FAC1-4993-B12F-136D7BA5E874})
        Interface name: \Device\NPF_{9B9257DC-FAC1-4993-B12F-136D7BA5E874}
        Interface description: Wi-Fi
    Encapsulation type: Ethernet (1)
    Arrival Time: Apr  9, 2026 18:27:59.444758900 India Standard Time
    UTC Arrival Time: Apr  9, 2026 12:57:59.444758900 UTC
    Epoch Arrival Time: 1775739479.444758900
    [Time shift for this packet: 0.000000000 seconds]
    [Time delta from previous captured frame: 1.956900 milliseconds]
    [Time delta from previous displayed frame: 1.956900 milliseconds]
    [Time since reference or first frame: 13.646900 milliseconds]
    Frame Number: 11
    Frame Length: 1246 bytes (9968 bits)
    Capture Length: 1246 bytes (9968 bits)
    [Frame is marked: False]
    [Frame is ignored: False]
    [Protocols in frame: eth:ethertype:vlan:ethertype:ip:udp:quic]
    Character encoding: ASCII (0)
Ethernet II, Src: HewlettPacka_3a:cc:1d (28:92:4a:3a:cc:1d), Dst: 96:77:0b:05:d4:0b (96:77:0b:05:d4:0b)
    Destination: 96:77:0b:05:d4:0b (96:77:0b:05:d4:0b)
        .... ..1. .... .... .... .... = LG bit: Locally administered address (this is NOT the factory default)
        .... ...0 .... .... .... .... = IG bit: Individual address (unicast)
    Source: HewlettPacka_3a:cc:1d (28:92:4a:3a:cc:1d)
        .... ..0. .... .... .... .... = LG bit: Globally unique address (factory default)
        .... ...0 .... .... .... .... = IG bit: Individual address (unicast)
    Type: 802.1Q Virtual LAN (0x8100)
    [Stream index: 0]
802.1Q Virtual LAN, PRI: 0, DEI: 0, ID: 0
    000. .... .... .... = Priority: Best Effort (default) (0)
    ...0 .... .... .... = DEI: Ineligible
    .... 0000 0000 0000 = ID: 0
    Type: IPv4 (0x0800)
Internet Protocol Version 4, Src: 172.66.0.227, Dst: 172.16.90.227
    0100 .... = Version: 4
    .... 0101 = Header Length: 20 bytes (5)
    Differentiated Services Field: 0x88 (DSCP: AF41, ECN: Not-ECT)
        1000 10.. = Differentiated Services Codepoint: Assured Forwarding 41 (34)
        .... ..00 = Explicit Congestion Notification: Not ECN-Capable Transport (0)
    Total Length: 1228
    Identification: 0x0000 (0)
    010. .... = Flags: 0x2, Don't fragment
        0... .... = Reserved bit: Not set
        .1.. .... = Don't fragment: Set
        ..0. .... = More fragments: Not set
    ...0 0000 0000 0000 = Fragment Offset: 0
    Time to Live: 57
    Protocol: UDP (17)
    Header Checksum: 0x8880 [validation disabled]
    [Header checksum status: Unverified]
    Source Address: 172.66.0.227
    Destination Address: 172.16.90.227
    [Stream index: 1]
User Datagram Protocol, Src Port: 443, Dst Port: 64029
    Source Port: 443
    Destination Port: 64029
    Length: 1208
    Checksum: 0x4b3a [unverified]
    [Checksum Status: Unverified]
    [Stream index: 1]
    [Stream Packet Number: 4]
    [Timestamps]
        [Time since first frame: 12.983700 milliseconds]
        [Time since previous frame: 1.956900 milliseconds]
    UDP payload (1200 bytes)
QUIC IETF
    QUIC Connection information
        [Connection Number: 1]
    [Packet Length: 52]
    1... .... = Header Form: Long Header (1)
    .1.. .... = Fixed Bit: True
    ..00 .... = Packet Type: Initial (0)
    [.... 00.. = Reserved: 0]
    [.... ..00 = Packet Number Length: 1 bytes (0)]
    Version: 1 (0x00000001)
    Destination Connection ID Length: 0
    Source Connection ID Length: 20
    Source Connection ID: 01f403ca35b51f2d27f6feca00b52bea25ae7452
    Token Length: 0
    Length: 22
    [Packet Number: 1]
    Payload: 7c5375cedabc39e70f6c8296095e292697844a0d46
    CONNECTION_CLOSE (Transport) Error code: CRYPTO_ERROR (Handshake Failure)
        Frame Type: CONNECTION_CLOSE (Transport) (0x000000000000001c)
        Error code: CRYPTO_ERROR (296)
        TLS Alert Description: Handshake Failure (40)
        Frame Type: 0
        Reason phrase Length: 0
        Reason phrase: 
QUIC IETF
    [Expert Info (Note/Protocol): (Random) padding data appended to the datagram]
        [(Random) padding data appended to the datagram]
        [Severity level: Note]
        [Group: Protocol]

Frame 12: Packet, 79 bytes on wire (632 bits), 79 bytes captured (632 bits) on interface \Device\NPF_{9B9257DC-FAC1-4993-B12F-136D7BA5E874}, id 0
    Section number: 1
    Interface id: 0 (\Device\NPF_{9B9257DC-FAC1-4993-B12F-136D7BA5E874})
        Interface name: \Device\NPF_{9B9257DC-FAC1-4993-B12F-136D7BA5E874}
        Interface description: Wi-Fi
    Encapsulation type: Ethernet (1)
    Arrival Time: Apr  9, 2026 18:27:59.445822600 India Standard Time
    UTC Arrival Time: Apr  9, 2026 12:57:59.445822600 UTC
    Epoch Arrival Time: 1775739479.445822600
    [Time shift for this packet: 0.000000000 seconds]
    [Time delta from previous captured frame: 1.063700 milliseconds]
    [Time delta from previous displayed frame: 1.063700 milliseconds]
    [Time since reference or first frame: 14.710600 milliseconds]
    Frame Number: 12
    Frame Length: 79 bytes (632 bits)
    Capture Length: 79 bytes (632 bits)
    [Frame is marked: False]
    [Frame is ignored: False]
    [Protocols in frame: eth:ethertype:ip:udp:quic]
    Character encoding: ASCII (0)
Ethernet II, Src: 96:77:0b:05:d4:0b (96:77:0b:05:d4:0b), Dst: HewlettPacka_3a:cc:1d (28:92:4a:3a:cc:1d)
    Destination: HewlettPacka_3a:cc:1d (28:92:4a:3a:cc:1d)
        .... ..0. .... .... .... .... = LG bit: Globally unique address (factory default)
        .... ...0 .... .... .... .... = IG bit: Individual address (unicast)
    Source: 96:77:0b:05:d4:0b (96:77:0b:05:d4:0b)
        .... ..1. .... .... .... .... = LG bit: Locally administered address (this is NOT the factory default)
        .... ...0 .... .... .... .... = IG bit: Individual address (unicast)
    Type: IPv4 (0x0800)
    [Stream index: 0]
Internet Protocol Version 4, Src: 172.16.90.227, Dst: 142.251.152.119
    0100 .... = Version: 4
    .... 0101 = Header Length: 20 bytes (5)
    Differentiated Services Field: 0x00 (DSCP: CS0, ECN: Not-ECT)
        0000 00.. = Differentiated Services Codepoint: Default (0)
        .... ..00 = Explicit Congestion Notification: Not ECN-Capable Transport (0)
    Total Length: 65
    Identification: 0x3bec (15340)
    010. .... = Flags: 0x2, Don't fragment
        0... .... = Reserved bit: Not set
        .1.. .... = Don't fragment: Set
        ..0. .... = More fragments: Not set
    ...0 0000 0000 0000 = Fragment Offset: 0
    Time to Live: 128
    Protocol: UDP (17)
    Header Checksum: 0x0000 [validation disabled]
    [Header checksum status: Unverified]
    Source Address: 172.16.90.227
    Destination Address: 142.251.152.119
    [Stream index: 0]
User Datagram Protocol, Src Port: 56200, Dst Port: 443
    Source Port: 56200
    Destination Port: 443
    Length: 45
    Checksum: 0x2ea5 [unverified]
    [Checksum Status: Unverified]
    [Stream index: 0]
    [Stream Packet Number: 8]
    [Timestamps]
        [Time since first frame: 14.710600 milliseconds]
        [Time since previous frame: 3.115900 milliseconds]
    UDP payload (37 bytes)
QUIC IETF
    QUIC Connection information
        [Connection Number: 0]
    [Packet Length: 37]
    1... .... = Header Form: Long Header (1)
    .1.. .... = Fixed Bit: True
    ..10 .... = Packet Type: Handshake (2)
    Version: 1 (0x00000001)
    Destination Connection ID Length: 8
    Destination Connection ID: e4c2d7feefc37a61
    Source Connection ID Length: 0
    Length: 20
    [Expert Info (Warning/Decryption): Failed to create decryption context: Secrets are not available]
        [Failed to create decryption context: Secrets are not available]
        [Severity level: Warning]
        [Group: Decryption]
    Remaining Payload: 6472c91537ec9061ce9f5b729132e30d256a50b0

Frame 13: Packet, 1292 bytes on wire (10336 bits), 1292 bytes captured (10336 bits) on interface \Device\NPF_{9B9257DC-FAC1-4993-B12F-136D7BA5E874}, id 0
    Section number: 1
    Interface id: 0 (\Device\NPF_{9B9257DC-FAC1-4993-B12F-136D7BA5E874})
        Interface name: \Device\NPF_{9B9257DC-FAC1-4993-B12F-136D7BA5E874}
        Interface description: Wi-Fi
    Encapsulation type: Ethernet (1)
    Arrival Time: Apr  9, 2026 18:27:59.446513800 India Standard Time
    UTC Arrival Time: Apr  9, 2026 12:57:59.446513800 UTC
    Epoch Arrival Time: 1775739479.446513800
    [Time shift for this packet: 0.000000000 seconds]
    [Time delta from previous captured frame: 691.200 microseconds]
    [Time delta from previous displayed frame: 691.200 microseconds]
    [Time since reference or first frame: 15.401800 milliseconds]
    Frame Number: 13
    Frame Length: 1292 bytes (10336 bits)
    Capture Length: 1292 bytes (10336 bits)
    [Frame is marked: False]
    [Frame is ignored: False]
    [Protocols in frame: eth:ethertype:ip:udp:quic:tls]
    Character encoding: ASCII (0)
Ethernet II, Src: 96:77:0b:05:d4:0b (96:77:0b:05:d4:0b), Dst: HewlettPacka_3a:cc:1d (28:92:4a:3a:cc:1d)
    Destination: HewlettPacka_3a:cc:1d (28:92:4a:3a:cc:1d)
        .... ..0. .... .... .... .... = LG bit: Globally unique address (factory default)
        .... ...0 .... .... .... .... = IG bit: Individual address (unicast)
    Source: 96:77:0b:05:d4:0b (96:77:0b:05:d4:0b)
        .... ..1. .... .... .... .... = LG bit: Locally administered address (this is NOT the factory default)
        .... ...0 .... .... .... .... = IG bit: Individual address (unicast)
    Type: IPv4 (0x0800)
    [Stream index: 0]
Internet Protocol Version 4, Src: 172.16.90.227, Dst: 172.66.0.227
    0100 .... = Version: 4
    .... 0101 = Header Length: 20 bytes (5)
    Differentiated Services Field: 0x00 (DSCP: CS0, ECN: Not-ECT)
        0000 00.. = Differentiated Services Codepoint: Default (0)
        .... ..00 = Explicit Congestion Notification: Not ECN-Capable Transport (0)
    Total Length: 1278
    Identification: 0x1be8 (7144)
    010. .... = Flags: 0x2, Don't fragment
        0... .... = Reserved bit: Not set
        .1.. .... = Don't fragment: Set
        ..0. .... = More fragments: Not set
    ...0 0000 0000 0000 = Fragment Offset: 0
    Time to Live: 128
    Protocol: UDP (17)
    Header Checksum: 0x0000 [validation disabled]
    [Header checksum status: Unverified]
    Source Address: 172.16.90.227
    Destination Address: 172.66.0.227
    [Stream index: 1]
User Datagram Protocol, Src Port: 62711, Dst Port: 443
    Source Port: 62711
    Destination Port: 443
    Length: 1258
    Checksum: 0xb914 [unverified]
    [Checksum Status: Unverified]
    [Stream index: 2]
    [Stream Packet Number: 1]
    [Timestamps]
        [Time since first frame: 0.000000000 seconds]
        [Time since previous frame: 0.000000000 seconds]
    UDP payload (1250 bytes)
QUIC IETF
    QUIC Connection information
        [Connection Number: 2]
    [Packet Length: 1250]
    1... .... = Header Form: Long Header (1)
    .1.. .... = Fixed Bit: True
    ..00 .... = Packet Type: Initial (0)
    [.... 00.. = Reserved: 0]
    [.... ..00 = Packet Number Length: 1 bytes (0)]
    Version: 1 (0x00000001)
    Destination Connection ID Length: 8
    Destination Connection ID: 45816f7ec920a732
    Source Connection ID Length: 0
    Token Length: 0
    Length: 1232
    [Packet Number: 1]
    Payload […]: ad30c889ec20a3f067095eac52daececf2767e08390fcf325291afc16fd98a9ecd3863364998e48c056380b5cbec60685bbba4905496804dc905b66388ab8764e2052fc2444ddd94ec194ab03d70b2b0f91ce0af4b91ea6111e2088c6c4329684f7c697e7514d4ee92e31ba82669ac71
    PADDING Length: 13
        Frame Type: PADDING (0x0000000000000000)
        [Padding Length: 13]
    PING
        Frame Type: PING (0x0000000000000001)
    CRYPTO
        Frame Type: CRYPTO (0x0000000000000006)
        Offset: 0
        Length: 75
        Crypto Data
        TLSv1.3 Record Layer: Handshake Protocol: Client Hello (fragment)
            Handshake Protocol: Client Hello (fragment)
    PADDING Length: 34
        Frame Type: PADDING (0x0000000000000000)
        [Padding Length: 34]
    PING
        Frame Type: PING (0x0000000000000001)
    PADDING Length: 287
        Frame Type: PADDING (0x0000000000000000)
        [Padding Length: 287]
    CRYPTO
        Frame Type: CRYPTO (0x0000000000000006)
        Offset: 1163
        Length: 470
        Crypto Data
    PADDING Length: 18
        Frame Type: PADDING (0x0000000000000000)
        [Padding Length: 18]
    PING
        Frame Type: PING (0x0000000000000001)
    CRYPTO
        Frame Type: CRYPTO (0x0000000000000006)
        Offset: 1633
        Length: 51
        Crypto Data
    PING
        Frame Type: PING (0x0000000000000001)
    CRYPTO
        Frame Type: CRYPTO (0x0000000000000006)
        Offset: 919
        Length: 244
        Crypto Data
    PING
        Frame Type: PING (0x0000000000000001)

Frame 14: Packet, 1292 bytes on wire (10336 bits), 1292 bytes captured (10336 bits) on interface \Device\NPF_{9B9257DC-FAC1-4993-B12F-136D7BA5E874}, id 0
    Section number: 1
    Interface id: 0 (\Device\NPF_{9B9257DC-FAC1-4993-B12F-136D7BA5E874})
        Interface name: \Device\NPF_{9B9257DC-FAC1-4993-B12F-136D7BA5E874}
        Interface description: Wi-Fi
    Encapsulation type: Ethernet (1)
    Arrival Time: Apr  9, 2026 18:27:59.446549700 India Standard Time
    UTC Arrival Time: Apr  9, 2026 12:57:59.446549700 UTC
    Epoch Arrival Time: 1775739479.446549700
    [Time shift for this packet: 0.000000000 seconds]
    [Time delta from previous captured frame: 35.900 microseconds]
    [Time delta from previous displayed frame: 35.900 microseconds]
    [Time since reference or first frame: 15.437700 milliseconds]
    Frame Number: 14
    Frame Length: 1292 bytes (10336 bits)
    Capture Length: 1292 bytes (10336 bits)
    [Frame is marked: False]
    [Frame is ignored: False]
    [Protocols in frame: eth:ethertype:ip:udp:quic:tls]
    Character encoding: ASCII (0)
Ethernet II, Src: 96:77:0b:05:d4:0b (96:77:0b:05:d4:0b), Dst: HewlettPacka_3a:cc:1d (28:92:4a:3a:cc:1d)
    Destination: HewlettPacka_3a:cc:1d (28:92:4a:3a:cc:1d)
        .... ..0. .... .... .... .... = LG bit: Globally unique address (factory default)
        .... ...0 .... .... .... .... = IG bit: Individual address (unicast)
    Source: 96:77:0b:05:d4:0b (96:77:0b:05:d4:0b)
        .... ..1. .... .... .... .... = LG bit: Locally administered address (this is NOT the factory default)
        .... ...0 .... .... .... .... = IG bit: Individual address (unicast)
    Type: IPv4 (0x0800)
    [Stream index: 0]
Internet Protocol Version 4, Src: 172.16.90.227, Dst: 172.66.0.227
    0100 .... = Version: 4
    .... 0101 = Header Length: 20 bytes (5)
    Differentiated Services Field: 0x00 (DSCP: CS0, ECN: Not-ECT)
        0000 00.. = Differentiated Services Codepoint: Default (0)
        .... ..00 = Explicit Congestion Notification: Not ECN-Capable Transport (0)
    Total Length: 1278
    Identification: 0x1be9 (7145)
    010. .... = Flags: 0x2, Don't fragment
        0... .... = Reserved bit: Not set
        .1.. .... = Don't fragment: Set
        ..0. .... = More fragments: Not set
    ...0 0000 0000 0000 = Fragment Offset: 0
    Time to Live: 128
    Protocol: UDP (17)
    Header Checksum: 0x0000 [validation disabled]
    [Header checksum status: Unverified]
    Source Address: 172.16.90.227
    Destination Address: 172.66.0.227
    [Stream index: 1]
User Datagram Protocol, Src Port: 62711, Dst Port: 443
    Source Port: 62711
    Destination Port: 443
    Length: 1258
    Checksum: 0xb914 [unverified]
    [Checksum Status: Unverified]
    [Stream index: 2]
    [Stream Packet Number: 2]
    [Timestamps]
        [Time since first frame: 35.900 microseconds]
        [Time since previous frame: 35.900 microseconds]
    UDP payload (1250 bytes)
QUIC IETF
    QUIC Connection information
        [Connection Number: 2]
    [Packet Length: 1250]
    1... .... = Header Form: Long Header (1)
    .1.. .... = Fixed Bit: True
    ..00 .... = Packet Type: Initial (0)
    [.... 00.. = Reserved: 0]
    [.... ..01 = Packet Number Length: 2 bytes (1)]
    Version: 1 (0x00000001)
    Destination Connection ID Length: 8
    Destination Connection ID: 45816f7ec920a732
    Source Connection ID Length: 0
    Token Length: 0
    Length: 1232
    [Packet Number: 2]
    Payload […]: 2449337556da2fd4f16d198507fa4f86d3a3c52d9bd411de19b7d7f2690b89588daaf9d2df174dca1b918c415d6d4284179424461ec09991b423a55189907ef7c0bf584f42df75ae84b545543e7e0d5c26681ad40cd6ca09f17f19dc3fcf7df44587af5122b26ab376abb22aa920bc2e
    PING
        Frame Type: PING (0x0000000000000001)
    PING
        Frame Type: PING (0x0000000000000001)
    CRYPTO
        Frame Type: CRYPTO (0x0000000000000006)
        Offset: 75
        Length: 183
        Crypto Data
    PING
        Frame Type: PING (0x0000000000000001)
    CRYPTO
        Frame Type: CRYPTO (0x0000000000000006)
        Offset: 258
        Length: 21
        Crypto Data
    PING
        Frame Type: PING (0x0000000000000001)
    PADDING Length: 274
        Frame Type: PADDING (0x0000000000000000)
        [Padding Length: 274]
    CRYPTO
        Frame Type: CRYPTO (0x0000000000000006)
        Offset: 279
        Length: 9
        Crypto Data
    CRYPTO
        Frame Type: CRYPTO (0x0000000000000006)
        Offset: 288
        Length: 631
        Crypto Data
        [7 Reassembled QUIC CRYPTO Data Fragments (1609 bytes): #14(183), #14(21), #14(9), #14(631), #13(244), #13(470), #13(51)]
            [Frame: 14, payload: 0-182 (183 bytes)]
            [Frame: 14, payload: 183-203 (21 bytes)]
            [Frame: 14, payload: 204-212 (9 bytes)]
            [Frame: 14, payload: 213-843 (631 bytes)]
            [Frame: 13, payload: 844-1087 (244 bytes)]
            [Frame: 13, payload: 1088-1557 (470 bytes)]
            [Frame: 13, payload: 1558-1608 (51 bytes)]
            [Fragment count: 7]
        TLSv1.3 Record Layer: Handshake Protocol: Client Hello
            Handshake Protocol: Client Hello (last fragment)
            [2 Reassembled Handshake Fragments (1684 bytes): #13(75), #14(1609)]
                [Frame: 13, payload: 0-74 (75 bytes)]
                [Frame: 14, payload: 75-1683 (1609 bytes)]
                [Handshake Fragment count: 2]
            Handshake Protocol: Client Hello
                Handshake Type: Client Hello (1)
                Length: 1680
                Version: TLS 1.2 (0x0303)
                    [Expert Info (Chat/Deprecated): This legacy_version field MUST be ignored. The supported_versions extension is present and MUST be used instead.]
                        [This legacy_version field MUST be ignored. The supported_versions extension is present and MUST be used instead.]
                        [Severity level: Chat]
                        [Group: Deprecated]
                Random: f6e5af0c6be324d032cc0c2565a94b3886316f3a4da100786e8bfdae2c3703c6
                Session ID Length: 0
                Cipher Suites Length: 6
                Cipher Suites (3 suites)
                    Cipher Suite: TLS_AES_128_GCM_SHA256 (0x1301)
                    Cipher Suite: TLS_AES_256_GCM_SHA384 (0x1302)
                    Cipher Suite: TLS_CHACHA20_POLY1305_SHA256 (0x1303)
                Compression Methods Length: 1
                Compression Methods (1 method)
                    Compression Method: null (0)
                Extensions Length: 1633
                Extension: encrypted_client_hello (len=186)
                    Type: encrypted_client_hello (65037)
                    Length: 186
                    Client Hello type: Outer Client Hello (0)
                    Cipher Suite: HKDF-SHA256/AES-128-GCM
                        KDF Id: HKDF-SHA256 (1)
                        AEAD Id: AES-128-GCM (1)
                    Config Id: 99
                    Enc length: 32
                    Enc: ed07b78faad550c16244f61aca91db5ff9866965b24957ae8efbf3d858a27273
                    Payload length: 144
                    Payload […]: 5cd265ead89dc782908ecd3a298fe1a1f07dafc1a61ca6972545e97585f090267042b68f5d6c7cd32af9db557cbeb18f1703961a4b82aac5241430a6d7da72d95a01dc6c2e1fb126d86863c89776506d44603a5553d8e865a92382a9ae152d20bb85e97a0071386323d233b803259f1a
                Extension: supported_versions (len=3) TLS 1.3
                    Type: supported_versions (43)
                    Length: 3
                    Supported Versions length: 2
                    Supported Version: TLS 1.3 (0x0304)
                Extension: application_settings (len=5)
                    Type: application_settings (17613)
                    Length: 5
                    ALPS Extension Length: 3
                    Supported ALPN List
                        Supported ALPN Length: 2
                        Supported ALPN: h3
                Extension: key_share (len=1258) X25519MLKEM768, x25519
                    Type: key_share (51)
                    Length: 1258
                    Key Share extension
                        Client Key Share Length: 1256
                        Key Share Entry: Group: X25519MLKEM768, Key Exchange length: 1216
                            Group: X25519MLKEM768 (4588)
                            Key Exchange Length: 1216
                            Key Exchange […]: eb345900d97198c369bc741fb86b31a19473d21b98fb30a98c6629c0254814828201dac90a271b4db510b66195a3222a77f6393f5c676e1818d4ac844b4338156ac4d78a3b16644ec33ac6faa0abc292ce83305a404447e3716b109c9753fa64f81c2ef085b126484542888f860
                        Key Share Entry: Group: x25519, Key Exchange length: 32
                            Group: x25519 (29)
                            Key Exchange Length: 32
                            Key Exchange: 2704711bab2812a52391030f14207683d21a3f7b8e34f65199262f37d3ade27a
                Extension: signature_algorithms (len=20)
                    Type: signature_algorithms (13)
                    Length: 20
                    Signature Hash Algorithms Length: 18
                    Signature Hash Algorithms (9 algorithms)
                        Signature Algorithm: ecdsa_secp256r1_sha256 (0x0403)
                            Signature Hash Algorithm Hash: SHA256 (4)
                            Signature Hash Algorithm Signature: ECDSA (3)
                        Signature Algorithm: rsa_pss_rsae_sha256 (0x0804)
                            Signature Hash Algorithm Hash: Unknown (8)
                            Signature Hash Algorithm Signature: Unknown (4)
                        Signature Algorithm: rsa_pkcs1_sha256 (0x0401)
                            Signature Hash Algorithm Hash: SHA256 (4)
                            Signature Hash Algorithm Signature: RSA (1)
                        Signature Algorithm: ecdsa_secp384r1_sha384 (0x0503)
                            Signature Hash Algorithm Hash: SHA384 (5)
                            Signature Hash Algorithm Signature: ECDSA (3)
                        Signature Algorithm: rsa_pss_rsae_sha384 (0x0805)
                            Signature Hash Algorithm Hash: Unknown (8)
                            Signature Hash Algorithm Signature: Unknown (5)
                        Signature Algorithm: rsa_pkcs1_sha384 (0x0501)
                            Signature Hash Algorithm Hash: SHA384 (5)
                            Signature Hash Algorithm Signature: RSA (1)
                        Signature Algorithm: rsa_pss_rsae_sha512 (0x0806)
                            Signature Hash Algorithm Hash: Unknown (8)
                            Signature Hash Algorithm Signature: Unknown (6)
                        Signature Algorithm: rsa_pkcs1_sha512 (0x0601)
                            Signature Hash Algorithm Hash: SHA512 (6)
                            Signature Hash Algorithm Signature: RSA (1)
                        Signature Algorithm: rsa_pkcs1_sha1 (0x0201)
                            Signature Hash Algorithm Hash: SHA1 (2)
                            Signature Hash Algorithm Signature: RSA (1)
                Extension: compress_certificate (len=3)
                    Type: compress_certificate (27)
                    Length: 3
                    Algorithms Length: 2
                    Algorithm: brotli (2)
                Extension: psk_key_exchange_modes (len=2)
                    Type: psk_key_exchange_modes (45)
                    Length: 2
                    PSK Key Exchange Modes Length: 1
                    PSK Key Exchange Mode: PSK with (EC)DHE key establishment (psk_dhe_ke) (1)
                Extension: application_layer_protocol_negotiation (len=5)
                    Type: application_layer_protocol_negotiation (16)
                    Length: 5
                    ALPN Extension Length: 3
                    ALPN Protocol
                        ALPN string length: 2
                        ALPN Next Protocol: h3
                Extension: supported_groups (len=10)
                    Type: supported_groups (10)
                    Length: 10
                    Supported Groups List Length: 8
                    Supported Groups (4 groups)
                        Supported Group: X25519MLKEM768 (0x11ec)
                        Supported Group: x25519 (0x001d)
                        Supported Group: secp256r1 (0x0017)
                        Supported Group: secp384r1 (0x0018)
                Extension: quic_transport_parameters (len=87)
                    Type: quic_transport_parameters (57)
                    Length: 87
                    Parameter: initial_max_streams_uni (len=2) 103
                        Type: initial_max_streams_uni (0x09)
                        Length: 2
                        Value: 4067
                        initial_max_streams_uni: 103
                    Parameter: max_datagram_frame_size (len=4) 65536
                        Type: max_datagram_frame_size (0x20)
                        Length: 4
                        Value: 80010000
                        max_datagram_frame_size: 65536
                    Parameter: initial_max_stream_data_bidi_local (len=4) 6291456
                        Type: initial_max_stream_data_bidi_local (0x05)
                        Length: 4
                        Value: 80600000
                        initial_max_stream_data_bidi_local: 6291456
                    Parameter: max_udp_payload_size (len=2) 1472
                        Type: max_udp_payload_size (0x03)
                        Length: 2
                        Value: 45c0
                        max_udp_payload_size: 1472
                    Parameter: initial_max_streams_bidi (len=2) 100
                        Type: initial_max_streams_bidi (0x08)
                        Length: 2
                        Value: 4064
                        initial_max_streams_bidi: 100
                    Parameter: max_idle_timeout (len=4) 30000 ms
                        Type: max_idle_timeout (0x01)
                        Length: 4
                        Value: 80007530
                        max_idle_timeout: 30000
                    Parameter: initial_source_connection_id (len=0)
                        Type: initial_source_connection_id (0x0f)
                        Length: 0
                        Initial Source Connection ID: <MISSING>
                    Parameter: initial_max_data (len=4) 15728640
                        Type: initial_max_data (0x04)
                        Length: 4
                        Value: 80f00000
                        initial_max_data: 15728640
                    Parameter: initial_max_stream_data_bidi_remote (len=4) 6291456
                        Type: initial_max_stream_data_bidi_remote (0x06)
                        Length: 4
                        Value: 80600000
                        initial_max_stream_data_bidi_remote: 6291456
                    Parameter: initial_max_stream_data_uni (len=4) 6291456
                        Type: initial_max_stream_data_uni (0x07)
                        Length: 4
                        Value: 80600000
                        initial_max_stream_data_uni: 6291456
                    Parameter: GREASE (len=14)
                        Type: GREASE (0x2e2b07702a630727)
                        Length: 14
                        Value: 98e5055c49959297151f5c967df2
                    Parameter: version_information (len=12)
                        Type: version_information (0x11)
                        Length: 12
                        Value: 000000015aeaea4a00000001
                        Chosen Version: 1 (0x00000001)
                        Other Version: Unknown (0x5aeaea4a) (GREASE)
                        Other Version: 1 (0x00000001)
                Extension: server_name (len=10) name=x.com
                    Type: server_name (0)
                    Length: 10
                    Server Name Indication extension
                        Server Name list length: 8
                        Server Name Type: host_name (0)
                        Server Name length: 5
                        Server Name: x.com
                [JA4: q13d0311h3_55b375c5d22e_653d80c3fe9d]
                [JA4_r: q13d0311h3_1301,1302,1303_000a,000d,001b,002b,002d,0033,0039,44cd,fe0d_0403,0804,0401,0503,0805,0501,0806,0601,0201]
                [JA3 Fullstring: 771,4865-4866-4867,65037-43-17613-51-13-27-45-16-10-57-0,4588-29-23-24,]
                [JA3: ddc831f7b87f3773290d0401f3242d31]
    PADDING Length: 67
        Frame Type: PADDING (0x0000000000000000)
        [Padding Length: 67]
    PING
        Frame Type: PING (0x0000000000000001)
    PING
        Frame Type: PING (0x0000000000000001)
    PADDING Length: 5
        Frame Type: PADDING (0x0000000000000000)
        [Padding Length: 5]

Frame 15: Packet, 1246 bytes on wire (9968 bits), 1246 bytes captured (9968 bits) on interface \Device\NPF_{9B9257DC-FAC1-4993-B12F-136D7BA5E874}, id 0
    Section number: 1
    Interface id: 0 (\Device\NPF_{9B9257DC-FAC1-4993-B12F-136D7BA5E874})
        Interface name: \Device\NPF_{9B9257DC-FAC1-4993-B12F-136D7BA5E874}
        Interface description: Wi-Fi
    Encapsulation type: Ethernet (1)
    Arrival Time: Apr  9, 2026 18:27:59.451855900 India Standard Time
    UTC Arrival Time: Apr  9, 2026 12:57:59.451855900 UTC
    Epoch Arrival Time: 1775739479.451855900
    [Time shift for this packet: 0.000000000 seconds]
    [Time delta from previous captured frame: 5.306200 milliseconds]
    [Time delta from previous displayed frame: 5.306200 milliseconds]
    [Time since reference or first frame: 20.743900 milliseconds]
    Frame Number: 15
    Frame Length: 1246 bytes (9968 bits)
    Capture Length: 1246 bytes (9968 bits)
    [Frame is marked: False]
    [Frame is ignored: False]
    [Protocols in frame: eth:ethertype:vlan:ethertype:ip:udp:quic]
    Character encoding: ASCII (0)
Ethernet II, Src: HewlettPacka_3a:cc:1d (28:92:4a:3a:cc:1d), Dst: 96:77:0b:05:d4:0b (96:77:0b:05:d4:0b)
    Destination: 96:77:0b:05:d4:0b (96:77:0b:05:d4:0b)
        .... ..1. .... .... .... .... = LG bit: Locally administered address (this is NOT the factory default)
        .... ...0 .... .... .... .... = IG bit: Individual address (unicast)
    Source: HewlettPacka_3a:cc:1d (28:92:4a:3a:cc:1d)
        .... ..0. .... .... .... .... = LG bit: Globally unique address (factory default)
        .... ...0 .... .... .... .... = IG bit: Individual address (unicast)
    Type: 802.1Q Virtual LAN (0x8100)
    [Stream index: 0]
802.1Q Virtual LAN, PRI: 0, DEI: 0, ID: 0
    000. .... .... .... = Priority: Best Effort (default) (0)
    ...0 .... .... .... = DEI: Ineligible
    .... 0000 0000 0000 = ID: 0
    Type: IPv4 (0x0800)
Internet Protocol Version 4, Src: 172.66.0.227, Dst: 172.16.90.227
    0100 .... = Version: 4
    .... 0101 = Header Length: 20 bytes (5)
    Differentiated Services Field: 0x88 (DSCP: AF41, ECN: Not-ECT)
        1000 10.. = Differentiated Services Codepoint: Assured Forwarding 41 (34)
        .... ..00 = Explicit Congestion Notification: Not ECN-Capable Transport (0)
    Total Length: 1228
    Identification: 0x0000 (0)
    010. .... = Flags: 0x2, Don't fragment
        0... .... = Reserved bit: Not set
        .1.. .... = Don't fragment: Set
        ..0. .... = More fragments: Not set
    ...0 0000 0000 0000 = Fragment Offset: 0
    Time to Live: 57
    Protocol: UDP (17)
    Header Checksum: 0x8880 [validation disabled]
    [Header checksum status: Unverified]
    Source Address: 172.66.0.227
    Destination Address: 172.16.90.227
    [Stream index: 1]
User Datagram Protocol, Src Port: 443, Dst Port: 62711
    Source Port: 443
    Destination Port: 62711
    Length: 1208
    Checksum: 0xebd1 [unverified]
    [Checksum Status: Unverified]
    [Stream index: 2]
    [Stream Packet Number: 3]
    [Timestamps]
        [Time since first frame: 5.342100 milliseconds]
        [Time since previous frame: 5.306200 milliseconds]
    UDP payload (1200 bytes)
QUIC IETF
    QUIC Connection information
        [Connection Number: 2]
    [Packet Length: 52]
    1... .... = Header Form: Long Header (1)
    .1.. .... = Fixed Bit: True
    ..00 .... = Packet Type: Initial (0)
    [.... 00.. = Reserved: 0]
    [.... ..00 = Packet Number Length: 1 bytes (0)]
    Version: 1 (0x00000001)
    Destination Connection ID Length: 0
    Source Connection ID Length: 20
    Source Connection ID: 0115da54f057e032ed172454fd57fe96d558c0ff
    Token Length: 0
    Length: 22
    [Packet Number: 0]
    Payload: c593c104aa2a05b94f87ca07547bdb699b4d6d32f1
    ACK
        Frame Type: ACK (0x0000000000000002)
        Largest Acknowledged: 1
        ACK Delay: 7
        ACK Range Count: 0
        First ACK Range: 0
QUIC IETF
    [Expert Info (Note/Protocol): (Random) padding data appended to the datagram]
        [(Random) padding data appended to the datagram]
        [Severity level: Note]
        [Group: Protocol]

Frame 16: Packet, 1246 bytes on wire (9968 bits), 1246 bytes captured (9968 bits) on interface \Device\NPF_{9B9257DC-FAC1-4993-B12F-136D7BA5E874}, id 0
    Section number: 1
    Interface id: 0 (\Device\NPF_{9B9257DC-FAC1-4993-B12F-136D7BA5E874})
        Interface name: \Device\NPF_{9B9257DC-FAC1-4993-B12F-136D7BA5E874}
        Interface description: Wi-Fi
    Encapsulation type: Ethernet (1)
    Arrival Time: Apr  9, 2026 18:27:59.454643100 India Standard Time
    UTC Arrival Time: Apr  9, 2026 12:57:59.454643100 UTC
    Epoch Arrival Time: 1775739479.454643100
    [Time shift for this packet: 0.000000000 seconds]
    [Time delta from previous captured frame: 2.787200 milliseconds]
    [Time delta from previous displayed frame: 2.787200 milliseconds]
    [Time since reference or first frame: 23.531100 milliseconds]
    Frame Number: 16
    Frame Length: 1246 bytes (9968 bits)
    Capture Length: 1246 bytes (9968 bits)
    [Frame is marked: False]
    [Frame is ignored: False]
    [Protocols in frame: eth:ethertype:vlan:ethertype:ip:udp:quic]
    Character encoding: ASCII (0)
Ethernet II, Src: HewlettPacka_3a:cc:1d (28:92:4a:3a:cc:1d), Dst: 96:77:0b:05:d4:0b (96:77:0b:05:d4:0b)
    Destination: 96:77:0b:05:d4:0b (96:77:0b:05:d4:0b)
        .... ..1. .... .... .... .... = LG bit: Locally administered address (this is NOT the factory default)
        .... ...0 .... .... .... .... = IG bit: Individual address (unicast)
    Source: HewlettPacka_3a:cc:1d (28:92:4a:3a:cc:1d)
        .... ..0. .... .... .... .... = LG bit: Globally unique address (factory default)
        .... ...0 .... .... .... .... = IG bit: Individual address (unicast)
    Type: 802.1Q Virtual LAN (0x8100)
    [Stream index: 0]
802.1Q Virtual LAN, PRI: 0, DEI: 0, ID: 0
    000. .... .... .... = Priority: Best Effort (default) (0)
    ...0 .... .... .... = DEI: Ineligible
    .... 0000 0000 0000 = ID: 0
    Type: IPv4 (0x0800)
Internet Protocol Version 4, Src: 172.66.0.227, Dst: 172.16.90.227
    0100 .... = Version: 4
    .... 0101 = Header Length: 20 bytes (5)
    Differentiated Services Field: 0x88 (DSCP: AF41, ECN: Not-ECT)
        1000 10.. = Differentiated Services Codepoint: Assured Forwarding 41 (34)
        .... ..00 = Explicit Congestion Notification: Not ECN-Capable Transport (0)
    Total Length: 1228
    Identification: 0x0000 (0)
    010. .... = Flags: 0x2, Don't fragment
        0... .... = Reserved bit: Not set
        .1.. .... = Don't fragment: Set
        ..0. .... = More fragments: Not set
    ...0 0000 0000 0000 = Fragment Offset: 0
    Time to Live: 57
    Protocol: UDP (17)
    Header Checksum: 0x8880 [validation disabled]
    [Header checksum status: Unverified]
    Source Address: 172.66.0.227
    Destination Address: 172.16.90.227
    [Stream index: 1]
User Datagram Protocol, Src Port: 443, Dst Port: 62711
    Source Port: 443
    Destination Port: 62711
    Length: 1208
    Checksum: 0xd63a [unverified]
    [Checksum Status: Unverified]
    [Stream index: 2]
    [Stream Packet Number: 4]
    [Timestamps]
        [Time since first frame: 8.129300 milliseconds]
        [Time since previous frame: 2.787200 milliseconds]
    UDP payload (1200 bytes)
QUIC IETF
    QUIC Connection information
        [Connection Number: 2]
    [Packet Length: 52]
    1... .... = Header Form: Long Header (1)
    .1.. .... = Fixed Bit: True
    ..00 .... = Packet Type: Initial (0)
    [.... 00.. = Reserved: 0]
    [.... ..00 = Packet Number Length: 1 bytes (0)]
    Version: 1 (0x00000001)
    Destination Connection ID Length: 0
    Source Connection ID Length: 20
    Source Connection ID: 0115da54f057e032ed172454fd57fe96d558c0ff
    Token Length: 0
    Length: 22
    [Packet Number: 1]
    Payload: 3a34d09d280730226a4427f197a05f327cfbe0f6c6
    CONNECTION_CLOSE (Transport) Error code: CRYPTO_ERROR (Handshake Failure)
        Frame Type: CONNECTION_CLOSE (Transport) (0x000000000000001c)
        Error code: CRYPTO_ERROR (296)
        TLS Alert Description: Handshake Failure (40)
        Frame Type: 0
        Reason phrase Length: 0
        Reason phrase: 
QUIC IETF
    [Expert Info (Note/Protocol): (Random) padding data appended to the datagram]
        [(Random) padding data appended to the datagram]
        [Severity level: Note]
        [Group: Protocol]

Frame 17: Packet, 79 bytes on wire (632 bits), 79 bytes captured (632 bits) on interface \Device\NPF_{9B9257DC-FAC1-4993-B12F-136D7BA5E874}, id 0
    Section number: 1
    Interface id: 0 (\Device\NPF_{9B9257DC-FAC1-4993-B12F-136D7BA5E874})
        Interface name: \Device\NPF_{9B9257DC-FAC1-4993-B12F-136D7BA5E874}
        Interface description: Wi-Fi
    Encapsulation type: Ethernet (1)
    Arrival Time: Apr  9, 2026 18:27:59.461981500 India Standard Time
    UTC Arrival Time: Apr  9, 2026 12:57:59.461981500 UTC
    Epoch Arrival Time: 1775739479.461981500
    [Time shift for this packet: 0.000000000 seconds]
    [Time delta from previous captured frame: 7.338400 milliseconds]
    [Time delta from previous displayed frame: 7.338400 milliseconds]
    [Time since reference or first frame: 30.869500 milliseconds]
    Frame Number: 17
    Frame Length: 79 bytes (632 bits)
    Capture Length: 79 bytes (632 bits)
    [Frame is marked: False]
    [Frame is ignored: False]
    [Protocols in frame: eth:ethertype:ip:udp:quic]
    Character encoding: ASCII (0)
Ethernet II, Src: 96:77:0b:05:d4:0b (96:77:0b:05:d4:0b), Dst: HewlettPacka_3a:cc:1d (28:92:4a:3a:cc:1d)
    Destination: HewlettPacka_3a:cc:1d (28:92:4a:3a:cc:1d)
        .... ..0. .... .... .... .... = LG bit: Globally unique address (factory default)
        .... ...0 .... .... .... .... = IG bit: Individual address (unicast)
    Source: 96:77:0b:05:d4:0b (96:77:0b:05:d4:0b)
        .... ..1. .... .... .... .... = LG bit: Locally administered address (this is NOT the factory default)
        .... ...0 .... .... .... .... = IG bit: Individual address (unicast)
    Type: IPv4 (0x0800)
    [Stream index: 0]
Internet Protocol Version 4, Src: 172.16.90.227, Dst: 142.251.152.119
    0100 .... = Version: 4
    .... 0101 = Header Length: 20 bytes (5)
    Differentiated Services Field: 0x00 (DSCP: CS0, ECN: Not-ECT)
        0000 00.. = Differentiated Services Codepoint: Default (0)
        .... ..00 = Explicit Congestion Notification: Not ECN-Capable Transport (0)
    Total Length: 65
    Identification: 0x3bf1 (15345)
    010. .... = Flags: 0x2, Don't fragment
        0... .... = Reserved bit: Not set
        .1.. .... = Don't fragment: Set
        ..0. .... = More fragments: Not set
    ...0 0000 0000 0000 = Fragment Offset: 0
    Time to Live: 128
    Protocol: UDP (17)
    Header Checksum: 0x0000 [validation disabled]
    [Header checksum status: Unverified]
    Source Address: 172.16.90.227
    Destination Address: 142.251.152.119
    [Stream index: 0]
User Datagram Protocol, Src Port: 56200, Dst Port: 443
    Source Port: 56200
    Destination Port: 443
    Length: 45
    Checksum: 0x2ea5 [unverified]
    [Checksum Status: Unverified]
    [Stream index: 0]
    [Stream Packet Number: 9]
    [Timestamps]
        [Time since first frame: 30.869500 milliseconds]
        [Time since previous frame: 16.158900 milliseconds]
    UDP payload (37 bytes)
QUIC IETF
    QUIC Connection information
        [Connection Number: 0]
    [Packet Length: 37]
    1... .... = Header Form: Long Header (1)
    .1.. .... = Fixed Bit: True
    ..10 .... = Packet Type: Handshake (2)
    Version: 1 (0x00000001)
    Destination Connection ID Length: 8
    Destination Connection ID: e4c2d7feefc37a61
    Source Connection ID Length: 0
    Length: 20
    [Expert Info (Warning/Decryption): Failed to create decryption context: Secrets are not available]
        [Failed to create decryption context: Secrets are not available]
        [Severity level: Warning]
        [Group: Decryption]
    Remaining Payload: 8bf401c43172bd6f151c883da58207bd87d90599

Frame 18: Packet, 1296 bytes on wire (10368 bits), 1296 bytes captured (10368 bits) on interface \Device\NPF_{9B9257DC-FAC1-4993-B12F-136D7BA5E874}, id 0
    Section number: 1
    Interface id: 0 (\Device\NPF_{9B9257DC-FAC1-4993-B12F-136D7BA5E874})
        Interface name: \Device\NPF_{9B9257DC-FAC1-4993-B12F-136D7BA5E874}
        Interface description: Wi-Fi
    Encapsulation type: Ethernet (1)
    Arrival Time: Apr  9, 2026 18:27:59.468551400 India Standard Time
    UTC Arrival Time: Apr  9, 2026 12:57:59.468551400 UTC
    Epoch Arrival Time: 1775739479.468551400
    [Time shift for this packet: 0.000000000 seconds]
    [Time delta from previous captured frame: 6.569900 milliseconds]
    [Time delta from previous displayed frame: 6.569900 milliseconds]
    [Time since reference or first frame: 37.439400 milliseconds]
    Frame Number: 18
    Frame Length: 1296 bytes (10368 bits)
    Capture Length: 1296 bytes (10368 bits)
    [Frame is marked: False]
    [Frame is ignored: False]
    [Protocols in frame: eth:ethertype:vlan:ethertype:ip:udp:quic]
    Character encoding: ASCII (0)
Ethernet II, Src: HewlettPacka_3a:cc:1d (28:92:4a:3a:cc:1d), Dst: 96:77:0b:05:d4:0b (96:77:0b:05:d4:0b)
    Destination: 96:77:0b:05:d4:0b (96:77:0b:05:d4:0b)
        .... ..1. .... .... .... .... = LG bit: Locally administered address (this is NOT the factory default)
        .... ...0 .... .... .... .... = IG bit: Individual address (unicast)
    Source: HewlettPacka_3a:cc:1d (28:92:4a:3a:cc:1d)
        .... ..0. .... .... .... .... = LG bit: Globally unique address (factory default)
        .... ...0 .... .... .... .... = IG bit: Individual address (unicast)
    Type: 802.1Q Virtual LAN (0x8100)
    [Stream index: 0]
802.1Q Virtual LAN, PRI: 0, DEI: 0, ID: 0
    000. .... .... .... = Priority: Best Effort (default) (0)
    ...0 .... .... .... = DEI: Ineligible
    .... 0000 0000 0000 = ID: 0
    Type: IPv4 (0x0800)
Internet Protocol Version 4, Src: 142.251.152.119, Dst: 172.16.90.227
    0100 .... = Version: 4
    .... 0101 = Header Length: 20 bytes (5)
    Differentiated Services Field: 0xb8 (DSCP: EF, ECN: Not-ECT)
        1011 10.. = Differentiated Services Codepoint: Expedited Forwarding (46)
        .... ..00 = Explicit Congestion Notification: Not ECN-Capable Transport (0)
    Total Length: 1278
    Identification: 0x0000 (0)
    010. .... = Flags: 0x2, Don't fragment
        0... .... = Reserved bit: Not set
        .1.. .... = Don't fragment: Set
        ..0. .... = More fragments: Not set
    ...0 0000 0000 0000 = Fragment Offset: 0
    Time to Live: 57
    Protocol: UDP (17)
    Header Checksum: 0x0dd1 [validation disabled]
    [Header checksum status: Unverified]
    Source Address: 142.251.152.119
    Destination Address: 172.16.90.227
    [Stream index: 0]
User Datagram Protocol, Src Port: 443, Dst Port: 56200
    Source Port: 443
    Destination Port: 56200
    Length: 1258
    Checksum: 0xadf0 [unverified]
    [Checksum Status: Unverified]
    [Stream index: 0]
    [Stream Packet Number: 10]
    [Timestamps]
        [Time since first frame: 37.439400 milliseconds]
        [Time since previous frame: 6.569900 milliseconds]
    UDP payload (1250 bytes)
QUIC IETF
    QUIC Connection information
        [Connection Number: 0]
    [Packet Length: 1250]
    1... .... = Header Form: Long Header (1)
    .1.. .... = Fixed Bit: True
    ..10 .... = Packet Type: Handshake (2)
    Version: 1 (0x00000001)
    Destination Connection ID Length: 0
    Source Connection ID Length: 8
    Source Connection ID: e4c2d7feefc37a61
    Length: 1233
    [Expert Info (Warning/Decryption): Failed to create decryption context: Secrets are not available]
        [Failed to create decryption context: Secrets are not available]
        [Severity level: Warning]
        [Group: Decryption]
    Remaining Payload […]: bc8d9aa33906bdbe36b34e023aa398a270140772c02a3472b8703b44eafef10b5f1694c7e022d4b40327a731fa64e874f1bf90ecf5877f26b0d8f6e439fedd2bddbe4077cee0bab636a51a79f9aaf96c895489f5373b456f32f2ceefcf52525b2e27c850717eacf8b57de8

Frame 19: Packet, 1296 bytes on wire (10368 bits), 1296 bytes captured (10368 bits) on interface \Device\NPF_{9B9257DC-FAC1-4993-B12F-136D7BA5E874}, id 0
    Section number: 1
    Interface id: 0 (\Device\NPF_{9B9257DC-FAC1-4993-B12F-136D7BA5E874})
        Interface name: \Device\NPF_{9B9257DC-FAC1-4993-B12F-136D7BA5E874}
        Interface description: Wi-Fi
    Encapsulation type: Ethernet (1)
    Arrival Time: Apr  9, 2026 18:27:59.468551400 India Standard Time
    UTC Arrival Time: Apr  9, 2026 12:57:59.468551400 UTC
    Epoch Arrival Time: 1775739479.468551400
    [Time shift for this packet: 0.000000000 seconds]
    [Time delta from previous captured frame: 0.000000000 seconds]
    [Time delta from previous displayed frame: 0.000000000 seconds]
    [Time since reference or first frame: 37.439400 milliseconds]
    Frame Number: 19
    Frame Length: 1296 bytes (10368 bits)
    Capture Length: 1296 bytes (10368 bits)
    [Frame is marked: False]
    [Frame is ignored: False]
    [Protocols in frame: eth:ethertype:vlan:ethertype:ip:udp:quic]
    Character encoding: ASCII (0)
Ethernet II, Src: HewlettPacka_3a:cc:1d (28:92:4a:3a:cc:1d), Dst: 96:77:0b:05:d4:0b (96:77:0b:05:d4:0b)
    Destination: 96:77:0b:05:d4:0b (96:77:0b:05:d4:0b)
        .... ..1. .... .... .... .... = LG bit: Locally administered address (this is NOT the factory default)
        .... ...0 .... .... .... .... = IG bit: Individual address (unicast)
    Source: HewlettPacka_3a:cc:1d (28:92:4a:3a:cc:1d)
        .... ..0. .... .... .... .... = LG bit: Globally unique address (factory default)
        .... ...0 .... .... .... .... = IG bit: Individual address (unicast)
    Type: 802.1Q Virtual LAN (0x8100)
    [Stream index: 0]
802.1Q Virtual LAN, PRI: 0, DEI: 0, ID: 0
    000. .... .... .... = Priority: Best Effort (default) (0)
    ...0 .... .... .... = DEI: Ineligible
    .... 0000 0000 0000 = ID: 0
    Type: IPv4 (0x0800)
Internet Protocol Version 4, Src: 142.251.152.119, Dst: 172.16.90.227
    0100 .... = Version: 4
    .... 0101 = Header Length: 20 bytes (5)
    Differentiated Services Field: 0xb8 (DSCP: EF, ECN: Not-ECT)
        1011 10.. = Differentiated Services Codepoint: Expedited Forwarding (46)
        .... ..00 = Explicit Congestion Notification: Not ECN-Capable Transport (0)
    Total Length: 1278
    Identification: 0x0000 (0)
    010. .... = Flags: 0x2, Don't fragment
        0... .... = Reserved bit: Not set
        .1.. .... = Don't fragment: Set
        ..0. .... = More fragments: Not set
    ...0 0000 0000 0000 = Fragment Offset: 0
    Time to Live: 57
    Protocol: UDP (17)
    Header Checksum: 0x0dd1 [validation disabled]
    [Header checksum status: Unverified]
    Source Address: 142.251.152.119
    Destination Address: 172.16.90.227
    [Stream index: 0]
User Datagram Protocol, Src Port: 443, Dst Port: 56200
    Source Port: 443
    Destination Port: 56200
    Length: 1258
    Checksum: 0x4c0f [unverified]
    [Checksum Status: Unverified]
    [Stream index: 0]
    [Stream Packet Number: 11]
    [Timestamps]
        [Time since first frame: 37.439400 milliseconds]
        [Time since previous frame: 0.000000000 seconds]
    UDP payload (1250 bytes)
QUIC IETF
    QUIC Connection information
        [Connection Number: 0]
    [Packet Length: 1250]
    1... .... = Header Form: Long Header (1)
    .1.. .... = Fixed Bit: True
    ..10 .... = Packet Type: Handshake (2)
    Version: 1 (0x00000001)
    Destination Connection ID Length: 0
    Source Connection ID Length: 8
    Source Connection ID: e4c2d7feefc37a61
    Length: 1233
    [Expert Info (Warning/Decryption): Failed to create decryption context: Secrets are not available]
        [Failed to create decryption context: Secrets are not available]
        [Severity level: Warning]
        [Group: Decryption]
    Remaining Payload […]: 06e00bebcd735256a1dfe98c5298a2f8e8153106389722d02391031354198e3ee64d44b68b2e4decc75bfc4acd8a1292f2375578a0d4fc6790e20c31267c945afa080d509349cf7e3ad3b665d1e56c1e7773ccc6297494e5091a2b72b19cb5bfa993162547a37c59c11b98

Frame 20: Packet, 81 bytes on wire (648 bits), 81 bytes captured (648 bits) on interface \Device\NPF_{9B9257DC-FAC1-4993-B12F-136D7BA5E874}, id 0
    Section number: 1
    Interface id: 0 (\Device\NPF_{9B9257DC-FAC1-4993-B12F-136D7BA5E874})
        Interface name: \Device\NPF_{9B9257DC-FAC1-4993-B12F-136D7BA5E874}
        Interface description: Wi-Fi
    Encapsulation type: Ethernet (1)
    Arrival Time: Apr  9, 2026 18:27:59.468808300 India Standard Time
    UTC Arrival Time: Apr  9, 2026 12:57:59.468808300 UTC
    Epoch Arrival Time: 1775739479.468808300
    [Time shift for this packet: 0.000000000 seconds]
    [Time delta from previous captured frame: 256.900 microseconds]
    [Time delta from previous displayed frame: 256.900 microseconds]
    [Time since reference or first frame: 37.696300 milliseconds]
    Frame Number: 20
    Frame Length: 81 bytes (648 bits)
    Capture Length: 81 bytes (648 bits)
    [Frame is marked: False]
    [Frame is ignored: False]
    [Protocols in frame: eth:ethertype:ip:udp:quic]
    Character encoding: ASCII (0)
Ethernet II, Src: 96:77:0b:05:d4:0b (96:77:0b:05:d4:0b), Dst: HewlettPacka_3a:cc:1d (28:92:4a:3a:cc:1d)
    Destination: HewlettPacka_3a:cc:1d (28:92:4a:3a:cc:1d)
        .... ..0. .... .... .... .... = LG bit: Globally unique address (factory default)
        .... ...0 .... .... .... .... = IG bit: Individual address (unicast)
    Source: 96:77:0b:05:d4:0b (96:77:0b:05:d4:0b)
        .... ..1. .... .... .... .... = LG bit: Locally administered address (this is NOT the factory default)
        .... ...0 .... .... .... .... = IG bit: Individual address (unicast)
    Type: IPv4 (0x0800)
    [Stream index: 0]
Internet Protocol Version 4, Src: 172.16.90.227, Dst: 142.251.152.119
    0100 .... = Version: 4
    .... 0101 = Header Length: 20 bytes (5)
    Differentiated Services Field: 0x00 (DSCP: CS0, ECN: Not-ECT)
        0000 00.. = Differentiated Services Codepoint: Default (0)
        .... ..00 = Explicit Congestion Notification: Not ECN-Capable Transport (0)
    Total Length: 67
    Identification: 0x3bf2 (15346)
    010. .... = Flags: 0x2, Don't fragment
        0... .... = Reserved bit: Not set
        .1.. .... = Don't fragment: Set
        ..0. .... = More fragments: Not set
    ...0 0000 0000 0000 = Fragment Offset: 0
    Time to Live: 128
    Protocol: UDP (17)
    Header Checksum: 0x0000 [validation disabled]
    [Header checksum status: Unverified]
    Source Address: 172.16.90.227
    Destination Address: 142.251.152.119
    [Stream index: 0]
User Datagram Protocol, Src Port: 56200, Dst Port: 443
    Source Port: 56200
    Destination Port: 443
    Length: 47
    Checksum: 0x2ea7 [unverified]
    [Checksum Status: Unverified]
    [Stream index: 0]
    [Stream Packet Number: 12]
    [Timestamps]
        [Time since first frame: 37.696300 milliseconds]
        [Time since previous frame: 256.900 microseconds]
    UDP payload (39 bytes)
QUIC IETF
    QUIC Connection information
        [Connection Number: 0]
    [Packet Length: 39]
    1... .... = Header Form: Long Header (1)
    .1.. .... = Fixed Bit: True
    ..10 .... = Packet Type: Handshake (2)
    Version: 1 (0x00000001)
    Destination Connection ID Length: 8
    Destination Connection ID: e4c2d7feefc37a61
    Source Connection ID Length: 0
    Length: 22
    [Expert Info (Warning/Decryption): Failed to create decryption context: Secrets are not available]
        [Failed to create decryption context: Secrets are not available]
        [Severity level: Warning]
        [Group: Decryption]
    Remaining Payload: 652cf9e8746860c7c3243050d8458a3385506806ff74

Frame 21: Packet, 831 bytes on wire (6648 bits), 831 bytes captured (6648 bits) on interface \Device\NPF_{9B9257DC-FAC1-4993-B12F-136D7BA5E874}, id 0
    Section number: 1
    Interface id: 0 (\Device\NPF_{9B9257DC-FAC1-4993-B12F-136D7BA5E874})
        Interface name: \Device\NPF_{9B9257DC-FAC1-4993-B12F-136D7BA5E874}
        Interface description: Wi-Fi
    Encapsulation type: Ethernet (1)
    Arrival Time: Apr  9, 2026 18:27:59.470401700 India Standard Time
    UTC Arrival Time: Apr  9, 2026 12:57:59.470401700 UTC
    Epoch Arrival Time: 1775739479.470401700
    [Time shift for this packet: 0.000000000 seconds]
    [Time delta from previous captured frame: 1.593400 milliseconds]
    [Time delta from previous displayed frame: 1.593400 milliseconds]
    [Time since reference or first frame: 39.289700 milliseconds]
    Frame Number: 21
    Frame Length: 831 bytes (6648 bits)
    Capture Length: 831 bytes (6648 bits)
    [Frame is marked: False]
    [Frame is ignored: False]
    [Protocols in frame: eth:ethertype:vlan:ethertype:ip:udp:quic]
    Character encoding: ASCII (0)
Ethernet II, Src: HewlettPacka_3a:cc:1d (28:92:4a:3a:cc:1d), Dst: 96:77:0b:05:d4:0b (96:77:0b:05:d4:0b)
    Destination: 96:77:0b:05:d4:0b (96:77:0b:05:d4:0b)
        .... ..1. .... .... .... .... = LG bit: Locally administered address (this is NOT the factory default)
        .... ...0 .... .... .... .... = IG bit: Individual address (unicast)
    Source: HewlettPacka_3a:cc:1d (28:92:4a:3a:cc:1d)
        .... ..0. .... .... .... .... = LG bit: Globally unique address (factory default)
        .... ...0 .... .... .... .... = IG bit: Individual address (unicast)
    Type: 802.1Q Virtual LAN (0x8100)
    [Stream index: 0]
802.1Q Virtual LAN, PRI: 0, DEI: 0, ID: 0
    000. .... .... .... = Priority: Best Effort (default) (0)
    ...0 .... .... .... = DEI: Ineligible
    .... 0000 0000 0000 = ID: 0
    Type: IPv4 (0x0800)
Internet Protocol Version 4, Src: 142.251.152.119, Dst: 172.16.90.227
    0100 .... = Version: 4
    .... 0101 = Header Length: 20 bytes (5)
    Differentiated Services Field: 0xb8 (DSCP: EF, ECN: Not-ECT)
        1011 10.. = Differentiated Services Codepoint: Expedited Forwarding (46)
        .... ..00 = Explicit Congestion Notification: Not ECN-Capable Transport (0)
    Total Length: 813
    Identification: 0x0000 (0)
    010. .... = Flags: 0x2, Don't fragment
        0... .... = Reserved bit: Not set
        .1.. .... = Don't fragment: Set
        ..0. .... = More fragments: Not set
    ...0 0000 0000 0000 = Fragment Offset: 0
    Time to Live: 57
    Protocol: UDP (17)
    Header Checksum: 0x0fa2 [validation disabled]
    [Header checksum status: Unverified]
    Source Address: 142.251.152.119
    Destination Address: 172.16.90.227
    [Stream index: 0]
User Datagram Protocol, Src Port: 443, Dst Port: 56200
    Source Port: 443
    Destination Port: 56200
    Length: 793
    Checksum: 0xdd64 [unverified]
    [Checksum Status: Unverified]
    [Stream index: 0]
    [Stream Packet Number: 13]
    [Timestamps]
        [Time since first frame: 39.289700 milliseconds]
        [Time since previous frame: 1.593400 milliseconds]
    UDP payload (785 bytes)
QUIC IETF
    QUIC Connection information
        [Connection Number: 0]
    [Packet Length: 718]
    1... .... = Header Form: Long Header (1)
    .1.. .... = Fixed Bit: True
    ..10 .... = Packet Type: Handshake (2)
    Version: 1 (0x00000001)
    Destination Connection ID Length: 0
    Source Connection ID Length: 8
    Source Connection ID: e4c2d7feefc37a61
    Length: 701
    [Expert Info (Warning/Decryption): Failed to create decryption context: Secrets are not available]
        [Failed to create decryption context: Secrets are not available]
        [Severity level: Warning]
        [Group: Decryption]
    Remaining Payload […]: 08dabd064a6ad0cac7b6081604fabc6dad809bb0404fe639c503cff3a3b8d4b9eca7d51132a493f6b82c9e37b6374c481364efde00ba0f60dbb060d06a5ea1f60eec0b7561c7c7610f93aa510e0f5181766b70b25290034d08ff4efc773f631106ca5bc6fac0dfb9f836df
QUIC IETF
    [Packet Length: 67]
    QUIC Short Header
        0... .... = Header Form: Short Header (0)
        .1.. .... = Fixed Bit: True
        ..0. .... = Spin Bit: False
    [Expert Info (Warning/Decryption): Failed to create decryption context: Secrets are not available]
        [Failed to create decryption context: Secrets are not available]
        [Severity level: Warning]
        [Group: Decryption]
    Remaining Payload: 6c2cfc5c1767a3aaf9a62edc9fe3f39bf25d20b2d07dd2339005bba49d875d7912f155dd335aaabcb63aece91cfbd0f83161a8c8719431f2e97d8def61635c82637b

Frame 22: Packet, 87 bytes on wire (696 bits), 87 bytes captured (696 bits) on interface \Device\NPF_{9B9257DC-FAC1-4993-B12F-136D7BA5E874}, id 0
    Section number: 1
    Interface id: 0 (\Device\NPF_{9B9257DC-FAC1-4993-B12F-136D7BA5E874})
        Interface name: \Device\NPF_{9B9257DC-FAC1-4993-B12F-136D7BA5E874}
        Interface description: Wi-Fi
    Encapsulation type: Ethernet (1)
    Arrival Time: Apr  9, 2026 18:27:59.470401700 India Standard Time
    UTC Arrival Time: Apr  9, 2026 12:57:59.470401700 UTC
    Epoch Arrival Time: 1775739479.470401700
    [Time shift for this packet: 0.000000000 seconds]
    [Time delta from previous captured frame: 0.000000000 seconds]
    [Time delta from previous displayed frame: 0.000000000 seconds]
    [Time since reference or first frame: 39.289700 milliseconds]
    Frame Number: 22
    Frame Length: 87 bytes (696 bits)
    Capture Length: 87 bytes (696 bits)
    [Frame is marked: False]
    [Frame is ignored: False]
    [Protocols in frame: eth:ethertype:vlan:ethertype:ip:udp:quic]
    Character encoding: ASCII (0)
Ethernet II, Src: HewlettPacka_3a:cc:1d (28:92:4a:3a:cc:1d), Dst: 96:77:0b:05:d4:0b (96:77:0b:05:d4:0b)
    Destination: 96:77:0b:05:d4:0b (96:77:0b:05:d4:0b)
        .... ..1. .... .... .... .... = LG bit: Locally administered address (this is NOT the factory default)
        .... ...0 .... .... .... .... = IG bit: Individual address (unicast)
    Source: HewlettPacka_3a:cc:1d (28:92:4a:3a:cc:1d)
        .... ..0. .... .... .... .... = LG bit: Globally unique address (factory default)
        .... ...0 .... .... .... .... = IG bit: Individual address (unicast)
    Type: 802.1Q Virtual LAN (0x8100)
    [Stream index: 0]
802.1Q Virtual LAN, PRI: 0, DEI: 0, ID: 0
    000. .... .... .... = Priority: Best Effort (default) (0)
    ...0 .... .... .... = DEI: Ineligible
    .... 0000 0000 0000 = ID: 0
    Type: IPv4 (0x0800)
Internet Protocol Version 4, Src: 142.251.152.119, Dst: 172.16.90.227
    0100 .... = Version: 4
    .... 0101 = Header Length: 20 bytes (5)
    Differentiated Services Field: 0xb8 (DSCP: EF, ECN: Not-ECT)
        1011 10.. = Differentiated Services Codepoint: Expedited Forwarding (46)
        .... ..00 = Explicit Congestion Notification: Not ECN-Capable Transport (0)
    Total Length: 69
    Identification: 0x0000 (0)
    010. .... = Flags: 0x2, Don't fragment
        0... .... = Reserved bit: Not set
        .1.. .... = Don't fragment: Set
        ..0. .... = More fragments: Not set
    ...0 0000 0000 0000 = Fragment Offset: 0
    Time to Live: 57
    Protocol: UDP (17)
    Header Checksum: 0x128a [validation disabled]
    [Header checksum status: Unverified]
    Source Address: 142.251.152.119
    Destination Address: 172.16.90.227
    [Stream index: 0]
User Datagram Protocol, Src Port: 443, Dst Port: 56200
    Source Port: 443
    Destination Port: 56200
    Length: 49
    Checksum: 0xf6e8 [unverified]
    [Checksum Status: Unverified]
    [Stream index: 0]
    [Stream Packet Number: 14]
    [Timestamps]
        [Time since first frame: 39.289700 milliseconds]
        [Time since previous frame: 0.000000000 seconds]
    UDP payload (41 bytes)
QUIC IETF
    QUIC Connection information
        [Connection Number: 0]
    [Packet Length: 41]
    1... .... = Header Form: Long Header (1)
    .1.. .... = Fixed Bit: True
    ..10 .... = Packet Type: Handshake (2)
    Version: 1 (0x00000001)
    Destination Connection ID Length: 0
    Source Connection ID Length: 8
    Source Connection ID: e4c2d7feefc37a61
    Length: 24
    [Expert Info (Warning/Decryption): Failed to create decryption context: Secrets are not available]
        [Failed to create decryption context: Secrets are not available]
        [Severity level: Warning]
        [Group: Decryption]
    Remaining Payload: f86f9956ad3f590f84216b78050942e8b439246a84706450

Frame 23: Packet, 1296 bytes on wire (10368 bits), 1296 bytes captured (10368 bits) on interface \Device\NPF_{9B9257DC-FAC1-4993-B12F-136D7BA5E874}, id 0
    Section number: 1
    Interface id: 0 (\Device\NPF_{9B9257DC-FAC1-4993-B12F-136D7BA5E874})
        Interface name: \Device\NPF_{9B9257DC-FAC1-4993-B12F-136D7BA5E874}
        Interface description: Wi-Fi
    Encapsulation type: Ethernet (1)
    Arrival Time: Apr  9, 2026 18:27:59.470942300 India Standard Time
    UTC Arrival Time: Apr  9, 2026 12:57:59.470942300 UTC
    Epoch Arrival Time: 1775739479.470942300
    [Time shift for this packet: 0.000000000 seconds]
    [Time delta from previous captured frame: 540.600 microseconds]
    [Time delta from previous displayed frame: 540.600 microseconds]
    [Time since reference or first frame: 39.830300 milliseconds]
    Frame Number: 23
    Frame Length: 1296 bytes (10368 bits)
    Capture Length: 1296 bytes (10368 bits)
    [Frame is marked: False]
    [Frame is ignored: False]
    [Protocols in frame: eth:ethertype:vlan:ethertype:ip:udp:quic]
    Character encoding: ASCII (0)
Ethernet II, Src: HewlettPacka_3a:cc:1d (28:92:4a:3a:cc:1d), Dst: 96:77:0b:05:d4:0b (96:77:0b:05:d4:0b)
    Destination: 96:77:0b:05:d4:0b (96:77:0b:05:d4:0b)
        .... ..1. .... .... .... .... = LG bit: Locally administered address (this is NOT the factory default)
        .... ...0 .... .... .... .... = IG bit: Individual address (unicast)
    Source: HewlettPacka_3a:cc:1d (28:92:4a:3a:cc:1d)
        .... ..0. .... .... .... .... = LG bit: Globally unique address (factory default)
        .... ...0 .... .... .... .... = IG bit: Individual address (unicast)
    Type: 802.1Q Virtual LAN (0x8100)
    [Stream index: 0]
802.1Q Virtual LAN, PRI: 0, DEI: 0, ID: 0
    000. .... .... .... = Priority: Best Effort (default) (0)
    ...0 .... .... .... = DEI: Ineligible
    .... 0000 0000 0000 = ID: 0
    Type: IPv4 (0x0800)
Internet Protocol Version 4, Src: 142.251.152.119, Dst: 172.16.90.227
    0100 .... = Version: 4
    .... 0101 = Header Length: 20 bytes (5)
    Differentiated Services Field: 0xb8 (DSCP: EF, ECN: Not-ECT)
        1011 10.. = Differentiated Services Codepoint: Expedited Forwarding (46)
        .... ..00 = Explicit Congestion Notification: Not ECN-Capable Transport (0)
    Total Length: 1278
    Identification: 0x0000 (0)
    010. .... = Flags: 0x2, Don't fragment
        0... .... = Reserved bit: Not set
        .1.. .... = Don't fragment: Set
        ..0. .... = More fragments: Not set
    ...0 0000 0000 0000 = Fragment Offset: 0
    Time to Live: 57
    Protocol: UDP (17)
    Header Checksum: 0x0dd1 [validation disabled]
    [Header checksum status: Unverified]
    Source Address: 142.251.152.119
    Destination Address: 172.16.90.227
    [Stream index: 0]
User Datagram Protocol, Src Port: 443, Dst Port: 56200
    Source Port: 443
    Destination Port: 56200
    Length: 1258
    Checksum: 0x795f [unverified]
    [Checksum Status: Unverified]
    [Stream index: 0]
    [Stream Packet Number: 15]
    [Timestamps]
        [Time since first frame: 39.830300 milliseconds]
        [Time since previous frame: 540.600 microseconds]
    UDP payload (1250 bytes)
QUIC IETF
    QUIC Connection information
        [Connection Number: 0]
    [Packet Length: 1250]
    1... .... = Header Form: Long Header (1)
    .1.. .... = Fixed Bit: True
    ..10 .... = Packet Type: Handshake (2)
    Version: 1 (0x00000001)
    Destination Connection ID Length: 0
    Source Connection ID Length: 8
    Source Connection ID: e4c2d7feefc37a61
    Length: 1233
    [Expert Info (Warning/Decryption): Failed to create decryption context: Secrets are not available]
        [Failed to create decryption context: Secrets are not available]
        [Severity level: Warning]
        [Group: Decryption]
    Remaining Payload […]: 5a4d9b26ecc702069e94a02eeaec86a8b4ff27e39d866fb0f55e9710388241d0b1b694b8adb21504b81655f85facacc365d15d5b372c27a65c02457643c2e6c616955801a6f4d3f5c9a8b262bd32a46174d0a696b8eb3986bb5baf78b5cf1fe33b9a7f5db6373be1cbd21b

Frame 24: Packet, 83 bytes on wire (664 bits), 83 bytes captured (664 bits) on interface \Device\NPF_{9B9257DC-FAC1-4993-B12F-136D7BA5E874}, id 0
    Section number: 1
    Interface id: 0 (\Device\NPF_{9B9257DC-FAC1-4993-B12F-136D7BA5E874})
        Interface name: \Device\NPF_{9B9257DC-FAC1-4993-B12F-136D7BA5E874}
        Interface description: Wi-Fi
    Encapsulation type: Ethernet (1)
    Arrival Time: Apr  9, 2026 18:27:59.471102100 India Standard Time
    UTC Arrival Time: Apr  9, 2026 12:57:59.471102100 UTC
    Epoch Arrival Time: 1775739479.471102100
    [Time shift for this packet: 0.000000000 seconds]
    [Time delta from previous captured frame: 159.800 microseconds]
    [Time delta from previous displayed frame: 159.800 microseconds]
    [Time since reference or first frame: 39.990100 milliseconds]
    Frame Number: 24
    Frame Length: 83 bytes (664 bits)
    Capture Length: 83 bytes (664 bits)
    [Frame is marked: False]
    [Frame is ignored: False]
    [Protocols in frame: eth:ethertype:ip:udp:quic]
    Character encoding: ASCII (0)
Ethernet II, Src: 96:77:0b:05:d4:0b (96:77:0b:05:d4:0b), Dst: HewlettPacka_3a:cc:1d (28:92:4a:3a:cc:1d)
    Destination: HewlettPacka_3a:cc:1d (28:92:4a:3a:cc:1d)
        .... ..0. .... .... .... .... = LG bit: Globally unique address (factory default)
        .... ...0 .... .... .... .... = IG bit: Individual address (unicast)
    Source: 96:77:0b:05:d4:0b (96:77:0b:05:d4:0b)
        .... ..1. .... .... .... .... = LG bit: Locally administered address (this is NOT the factory default)
        .... ...0 .... .... .... .... = IG bit: Individual address (unicast)
    Type: IPv4 (0x0800)
    [Stream index: 0]
Internet Protocol Version 4, Src: 172.16.90.227, Dst: 142.251.152.119
    0100 .... = Version: 4
    .... 0101 = Header Length: 20 bytes (5)
    Differentiated Services Field: 0x00 (DSCP: CS0, ECN: Not-ECT)
        0000 00.. = Differentiated Services Codepoint: Default (0)
        .... ..00 = Explicit Congestion Notification: Not ECN-Capable Transport (0)
    Total Length: 69
    Identification: 0x3bf3 (15347)
    010. .... = Flags: 0x2, Don't fragment
        0... .... = Reserved bit: Not set
        .1.. .... = Don't fragment: Set
        ..0. .... = More fragments: Not set
    ...0 0000 0000 0000 = Fragment Offset: 0
    Time to Live: 128
    Protocol: UDP (17)
    Header Checksum: 0x0000 [validation disabled]
    [Header checksum status: Unverified]
    Source Address: 172.16.90.227
    Destination Address: 142.251.152.119
    [Stream index: 0]
User Datagram Protocol, Src Port: 56200, Dst Port: 443
    Source Port: 56200
    Destination Port: 443
    Length: 49
    Checksum: 0x2ea9 [unverified]
    [Checksum Status: Unverified]
    [Stream index: 0]
    [Stream Packet Number: 16]
    [Timestamps]
        [Time since first frame: 39.990100 milliseconds]
        [Time since previous frame: 159.800 microseconds]
    UDP payload (41 bytes)
QUIC IETF
    QUIC Connection information
        [Connection Number: 0]
    [Packet Length: 41]
    1... .... = Header Form: Long Header (1)
    .1.. .... = Fixed Bit: True
    ..10 .... = Packet Type: Handshake (2)
    Version: 1 (0x00000001)
    Destination Connection ID Length: 8
    Destination Connection ID: e4c2d7feefc37a61
    Source Connection ID Length: 0
    Length: 24
    [Expert Info (Warning/Decryption): Failed to create decryption context: Secrets are not available]
        [Failed to create decryption context: Secrets are not available]
        [Severity level: Warning]
        [Group: Decryption]
    Remaining Payload: 77c88e33c9800032de5e21a988218eca4b820ae85585daf9

Frame 25: Packet, 157 bytes on wire (1256 bits), 157 bytes captured (1256 bits) on interface \Device\NPF_{9B9257DC-FAC1-4993-B12F-136D7BA5E874}, id 0
    Section number: 1
    Interface id: 0 (\Device\NPF_{9B9257DC-FAC1-4993-B12F-136D7BA5E874})
        Interface name: \Device\NPF_{9B9257DC-FAC1-4993-B12F-136D7BA5E874}
        Interface description: Wi-Fi
    Encapsulation type: Ethernet (1)
    Arrival Time: Apr  9, 2026 18:27:59.471920400 India Standard Time
    UTC Arrival Time: Apr  9, 2026 12:57:59.471920400 UTC
    Epoch Arrival Time: 1775739479.471920400
    [Time shift for this packet: 0.000000000 seconds]
    [Time delta from previous captured frame: 818.300 microseconds]
    [Time delta from previous displayed frame: 818.300 microseconds]
    [Time since reference or first frame: 40.808400 milliseconds]
    Frame Number: 25
    Frame Length: 157 bytes (1256 bits)
    Capture Length: 157 bytes (1256 bits)
    [Frame is marked: False]
    [Frame is ignored: False]
    [Protocols in frame: eth:ethertype:vlan:ethertype:ip:udp:quic]
    Character encoding: ASCII (0)
Ethernet II, Src: HewlettPacka_3a:cc:1d (28:92:4a:3a:cc:1d), Dst: 96:77:0b:05:d4:0b (96:77:0b:05:d4:0b)
    Destination: 96:77:0b:05:d4:0b (96:77:0b:05:d4:0b)
        .... ..1. .... .... .... .... = LG bit: Locally administered address (this is NOT the factory default)
        .... ...0 .... .... .... .... = IG bit: Individual address (unicast)
    Source: HewlettPacka_3a:cc:1d (28:92:4a:3a:cc:1d)
        .... ..0. .... .... .... .... = LG bit: Globally unique address (factory default)
        .... ...0 .... .... .... .... = IG bit: Individual address (unicast)
    Type: 802.1Q Virtual LAN (0x8100)
    [Stream index: 0]
802.1Q Virtual LAN, PRI: 0, DEI: 0, ID: 0
    000. .... .... .... = Priority: Best Effort (default) (0)
    ...0 .... .... .... = DEI: Ineligible
    .... 0000 0000 0000 = ID: 0
    Type: IPv4 (0x0800)
Internet Protocol Version 4, Src: 142.251.152.119, Dst: 172.16.90.227
    0100 .... = Version: 4
    .... 0101 = Header Length: 20 bytes (5)
    Differentiated Services Field: 0xb8 (DSCP: EF, ECN: Not-ECT)
        1011 10.. = Differentiated Services Codepoint: Expedited Forwarding (46)
        .... ..00 = Explicit Congestion Notification: Not ECN-Capable Transport (0)
    Total Length: 139
    Identification: 0x0000 (0)
    010. .... = Flags: 0x2, Don't fragment
        0... .... = Reserved bit: Not set
        .1.. .... = Don't fragment: Set
        ..0. .... = More fragments: Not set
    ...0 0000 0000 0000 = Fragment Offset: 0
    Time to Live: 57
    Protocol: UDP (17)
    Header Checksum: 0x1244 [validation disabled]
    [Header checksum status: Unverified]
    Source Address: 142.251.152.119
    Destination Address: 172.16.90.227
    [Stream index: 0]
User Datagram Protocol, Src Port: 443, Dst Port: 56200
    Source Port: 443
    Destination Port: 56200
    Length: 119
    Checksum: 0xcfd7 [unverified]
    [Checksum Status: Unverified]
    [Stream index: 0]
    [Stream Packet Number: 17]
    [Timestamps]
        [Time since first frame: 40.808400 milliseconds]
        [Time since previous frame: 818.300 microseconds]
    UDP payload (111 bytes)
QUIC IETF
    QUIC Connection information
        [Connection Number: 0]
    [Packet Length: 45]
    1... .... = Header Form: Long Header (1)
    .1.. .... = Fixed Bit: True
    ..10 .... = Packet Type: Handshake (2)
    Version: 1 (0x00000001)
    Destination Connection ID Length: 0
    Source Connection ID Length: 8
    Source Connection ID: e4c2d7feefc37a61
    Length: 28
    [Expert Info (Warning/Decryption): Failed to create decryption context: Secrets are not available]
        [Failed to create decryption context: Secrets are not available]
        [Severity level: Warning]
        [Group: Decryption]
    Remaining Payload: 6105cc331b5936e19a58b10a407b5607dcd60f83a41c0f4e942d9152
QUIC IETF
    [Packet Length: 66]
    QUIC Short Header
        0... .... = Header Form: Short Header (0)
        .1.. .... = Fixed Bit: True
        ..0. .... = Spin Bit: False
    Remaining Payload: d9551ab35c97fcbdf71e168b656169eadd5241bb9edd3258ca451355b041679e827ae016ceab399e9d76a4b0ad0da4ee5487bc2a26addbb730266a2cb9d84a57d1

Frame 26: Packet, 83 bytes on wire (664 bits), 83 bytes captured (664 bits) on interface \Device\NPF_{9B9257DC-FAC1-4993-B12F-136D7BA5E874}, id 0
    Section number: 1
    Interface id: 0 (\Device\NPF_{9B9257DC-FAC1-4993-B12F-136D7BA5E874})
        Interface name: \Device\NPF_{9B9257DC-FAC1-4993-B12F-136D7BA5E874}
        Interface description: Wi-Fi
    Encapsulation type: Ethernet (1)
    Arrival Time: Apr  9, 2026 18:27:59.472220300 India Standard Time
    UTC Arrival Time: Apr  9, 2026 12:57:59.472220300 UTC
    Epoch Arrival Time: 1775739479.472220300
    [Time shift for this packet: 0.000000000 seconds]
    [Time delta from previous captured frame: 299.900 microseconds]
    [Time delta from previous displayed frame: 299.900 microseconds]
    [Time since reference or first frame: 41.108300 milliseconds]
    Frame Number: 26
    Frame Length: 83 bytes (664 bits)
    Capture Length: 83 bytes (664 bits)
    [Frame is marked: False]
    [Frame is ignored: False]
    [Protocols in frame: eth:ethertype:ip:udp:quic]
    Character encoding: ASCII (0)
Ethernet II, Src: 96:77:0b:05:d4:0b (96:77:0b:05:d4:0b), Dst: HewlettPacka_3a:cc:1d (28:92:4a:3a:cc:1d)
    Destination: HewlettPacka_3a:cc:1d (28:92:4a:3a:cc:1d)
        .... ..0. .... .... .... .... = LG bit: Globally unique address (factory default)
        .... ...0 .... .... .... .... = IG bit: Individual address (unicast)
    Source: 96:77:0b:05:d4:0b (96:77:0b:05:d4:0b)
        .... ..1. .... .... .... .... = LG bit: Locally administered address (this is NOT the factory default)
        .... ...0 .... .... .... .... = IG bit: Individual address (unicast)
    Type: IPv4 (0x0800)
    [Stream index: 0]
Internet Protocol Version 4, Src: 172.16.90.227, Dst: 142.251.152.119
    0100 .... = Version: 4
    .... 0101 = Header Length: 20 bytes (5)
    Differentiated Services Field: 0x00 (DSCP: CS0, ECN: Not-ECT)
        0000 00.. = Differentiated Services Codepoint: Default (0)
        .... ..00 = Explicit Congestion Notification: Not ECN-Capable Transport (0)
    Total Length: 69
    Identification: 0x3bf4 (15348)
    010. .... = Flags: 0x2, Don't fragment
        0... .... = Reserved bit: Not set
        .1.. .... = Don't fragment: Set
        ..0. .... = More fragments: Not set
    ...0 0000 0000 0000 = Fragment Offset: 0
    Time to Live: 128
    Protocol: UDP (17)
    Header Checksum: 0x0000 [validation disabled]
    [Header checksum status: Unverified]
    Source Address: 172.16.90.227
    Destination Address: 142.251.152.119
    [Stream index: 0]
User Datagram Protocol, Src Port: 56200, Dst Port: 443
    Source Port: 56200
    Destination Port: 443
    Length: 49
    Checksum: 0x2ea9 [unverified]
    [Checksum Status: Unverified]
    [Stream index: 0]
    [Stream Packet Number: 18]
    [Timestamps]
        [Time since first frame: 41.108300 milliseconds]
        [Time since previous frame: 299.900 microseconds]
    UDP payload (41 bytes)
QUIC IETF
    QUIC Connection information
        [Connection Number: 0]
    [Packet Length: 41]
    1... .... = Header Form: Long Header (1)
    .1.. .... = Fixed Bit: True
    ..10 .... = Packet Type: Handshake (2)
    Version: 1 (0x00000001)
    Destination Connection ID Length: 8
    Destination Connection ID: e4c2d7feefc37a61
    Source Connection ID Length: 0
    Length: 24
    [Expert Info (Warning/Decryption): Failed to create decryption context: Secrets are not available]
        [Failed to create decryption context: Secrets are not available]
        [Severity level: Warning]
        [Group: Decryption]
    Remaining Payload: 5f10fcdc1f4714b2b9e8d2f2fdcac310b134ef7ed59a139a

Frame 27: Packet, 125 bytes on wire (1000 bits), 125 bytes captured (1000 bits) on interface \Device\NPF_{9B9257DC-FAC1-4993-B12F-136D7BA5E874}, id 0
    Section number: 1
    Interface id: 0 (\Device\NPF_{9B9257DC-FAC1-4993-B12F-136D7BA5E874})
        Interface name: \Device\NPF_{9B9257DC-FAC1-4993-B12F-136D7BA5E874}
        Interface description: Wi-Fi
    Encapsulation type: Ethernet (1)
    Arrival Time: Apr  9, 2026 18:27:59.472612800 India Standard Time
    UTC Arrival Time: Apr  9, 2026 12:57:59.472612800 UTC
    Epoch Arrival Time: 1775739479.472612800
    [Time shift for this packet: 0.000000000 seconds]
    [Time delta from previous captured frame: 392.500 microseconds]
    [Time delta from previous displayed frame: 392.500 microseconds]
    [Time since reference or first frame: 41.500800 milliseconds]
    Frame Number: 27
    Frame Length: 125 bytes (1000 bits)
    Capture Length: 125 bytes (1000 bits)
    [Frame is marked: False]
    [Frame is ignored: False]
    [Protocols in frame: eth:ethertype:ip:udp:quic]
    Character encoding: ASCII (0)
Ethernet II, Src: 96:77:0b:05:d4:0b (96:77:0b:05:d4:0b), Dst: HewlettPacka_3a:cc:1d (28:92:4a:3a:cc:1d)
    Destination: HewlettPacka_3a:cc:1d (28:92:4a:3a:cc:1d)
        .... ..0. .... .... .... .... = LG bit: Globally unique address (factory default)
        .... ...0 .... .... .... .... = IG bit: Individual address (unicast)
    Source: 96:77:0b:05:d4:0b (96:77:0b:05:d4:0b)
        .... ..1. .... .... .... .... = LG bit: Locally administered address (this is NOT the factory default)
        .... ...0 .... .... .... .... = IG bit: Individual address (unicast)
    Type: IPv4 (0x0800)
    [Stream index: 0]
Internet Protocol Version 4, Src: 172.16.90.227, Dst: 142.251.152.119
    0100 .... = Version: 4
    .... 0101 = Header Length: 20 bytes (5)
    Differentiated Services Field: 0x00 (DSCP: CS0, ECN: Not-ECT)
        0000 00.. = Differentiated Services Codepoint: Default (0)
        .... ..00 = Explicit Congestion Notification: Not ECN-Capable Transport (0)
    Total Length: 111
    Identification: 0x3bf5 (15349)
    010. .... = Flags: 0x2, Don't fragment
        0... .... = Reserved bit: Not set
        .1.. .... = Don't fragment: Set
        ..0. .... = More fragments: Not set
    ...0 0000 0000 0000 = Fragment Offset: 0
    Time to Live: 128
    Protocol: UDP (17)
    Header Checksum: 0x0000 [validation disabled]
    [Header checksum status: Unverified]
    Source Address: 172.16.90.227
    Destination Address: 142.251.152.119
    [Stream index: 0]
User Datagram Protocol, Src Port: 56200, Dst Port: 443
    Source Port: 56200
    Destination Port: 443
    Length: 91
    Checksum: 0x2ed3 [unverified]
    [Checksum Status: Unverified]
    [Stream index: 0]
    [Stream Packet Number: 19]
    [Timestamps]
        [Time since first frame: 41.500800 milliseconds]
        [Time since previous frame: 392.500 microseconds]
    UDP payload (83 bytes)
QUIC IETF
    QUIC Connection information
        [Connection Number: 0]
    [Packet Length: 83]
    1... .... = Header Form: Long Header (1)
    .1.. .... = Fixed Bit: True
    ..10 .... = Packet Type: Handshake (2)
    Version: 1 (0x00000001)
    Destination Connection ID Length: 8
    Destination Connection ID: e4c2d7feefc37a61
    Source Connection ID Length: 0
    Length: 66
    [Expert Info (Warning/Decryption): Failed to create decryption context: Secrets are not available]
        [Failed to create decryption context: Secrets are not available]
        [Severity level: Warning]
        [Group: Decryption]
    Remaining Payload: ec41cc28d79738bd9726437172507e0fc70fcfd252c4d4d6002d53c5e99505fa796c2907317791023947b56d578b6c5099af4dd069adbfeede4b967bc306cc16bb9f

Frame 28: Packet, 114 bytes on wire (912 bits), 114 bytes captured (912 bits) on interface \Device\NPF_{9B9257DC-FAC1-4993-B12F-136D7BA5E874}, id 0
    Section number: 1
    Interface id: 0 (\Device\NPF_{9B9257DC-FAC1-4993-B12F-136D7BA5E874})
        Interface name: \Device\NPF_{9B9257DC-FAC1-4993-B12F-136D7BA5E874}
        Interface description: Wi-Fi
    Encapsulation type: Ethernet (1)
    Arrival Time: Apr  9, 2026 18:27:59.472739300 India Standard Time
    UTC Arrival Time: Apr  9, 2026 12:57:59.472739300 UTC
    Epoch Arrival Time: 1775739479.472739300
    [Time shift for this packet: 0.000000000 seconds]
    [Time delta from previous captured frame: 126.500 microseconds]
    [Time delta from previous displayed frame: 126.500 microseconds]
    [Time since reference or first frame: 41.627300 milliseconds]
    Frame Number: 28
    Frame Length: 114 bytes (912 bits)
    Capture Length: 114 bytes (912 bits)
    [Frame is marked: False]
    [Frame is ignored: False]
    [Protocols in frame: eth:ethertype:ip:udp:quic]
    Character encoding: ASCII (0)
Ethernet II, Src: 96:77:0b:05:d4:0b (96:77:0b:05:d4:0b), Dst: HewlettPacka_3a:cc:1d (28:92:4a:3a:cc:1d)
    Destination: HewlettPacka_3a:cc:1d (28:92:4a:3a:cc:1d)
        .... ..0. .... .... .... .... = LG bit: Globally unique address (factory default)
        .... ...0 .... .... .... .... = IG bit: Individual address (unicast)
    Source: 96:77:0b:05:d4:0b (96:77:0b:05:d4:0b)
        .... ..1. .... .... .... .... = LG bit: Locally administered address (this is NOT the factory default)
        .... ...0 .... .... .... .... = IG bit: Individual address (unicast)
    Type: IPv4 (0x0800)
    [Stream index: 0]
Internet Protocol Version 4, Src: 172.16.90.227, Dst: 142.251.152.119
    0100 .... = Version: 4
    .... 0101 = Header Length: 20 bytes (5)
    Differentiated Services Field: 0x00 (DSCP: CS0, ECN: Not-ECT)
        0000 00.. = Differentiated Services Codepoint: Default (0)
        .... ..00 = Explicit Congestion Notification: Not ECN-Capable Transport (0)
    Total Length: 100
    Identification: 0x3bf6 (15350)
    010. .... = Flags: 0x2, Don't fragment
        0... .... = Reserved bit: Not set
        .1.. .... = Don't fragment: Set
        ..0. .... = More fragments: Not set
    ...0 0000 0000 0000 = Fragment Offset: 0
    Time to Live: 128
    Protocol: UDP (17)
    Header Checksum: 0x0000 [validation disabled]
    [Header checksum status: Unverified]
    Source Address: 172.16.90.227
    Destination Address: 142.251.152.119
    [Stream index: 0]
User Datagram Protocol, Src Port: 56200, Dst Port: 443
    Source Port: 56200
    Destination Port: 443
    Length: 80
    Checksum: 0x2ec8 [unverified]
    [Checksum Status: Unverified]
    [Stream index: 0]
    [Stream Packet Number: 20]
    [Timestamps]
        [Time since first frame: 41.627300 milliseconds]
        [Time since previous frame: 126.500 microseconds]
    UDP payload (72 bytes)
QUIC IETF
    QUIC Connection information
        [Connection Number: 0]
    [Packet Length: 72]
    QUIC Short Header DCID=e4c2d7feefc37a61
        0... .... = Header Form: Short Header (0)
        .1.. .... = Fixed Bit: True
        ..0. .... = Spin Bit: False
        Destination Connection ID: e4c2d7feefc37a61
    Remaining Payload: 4e87efbd55232c687004f2085593ec850e29feca80f9422ede3522ba77d500f9b1ca2b5cfa55894d726303e7148d4008b985d4296a90c8fc96c49969715817

Frame 29: Packet, 71 bytes on wire (568 bits), 71 bytes captured (568 bits) on interface \Device\NPF_{9B9257DC-FAC1-4993-B12F-136D7BA5E874}, id 0
    Section number: 1
    Interface id: 0 (\Device\NPF_{9B9257DC-FAC1-4993-B12F-136D7BA5E874})
        Interface name: \Device\NPF_{9B9257DC-FAC1-4993-B12F-136D7BA5E874}
        Interface description: Wi-Fi
    Encapsulation type: Ethernet (1)
    Arrival Time: Apr  9, 2026 18:27:59.472843000 India Standard Time
    UTC Arrival Time: Apr  9, 2026 12:57:59.472843000 UTC
    Epoch Arrival Time: 1775739479.472843000
    [Time shift for this packet: 0.000000000 seconds]
    [Time delta from previous captured frame: 103.700 microseconds]
    [Time delta from previous displayed frame: 103.700 microseconds]
    [Time since reference or first frame: 41.731000 milliseconds]
    Frame Number: 29
    Frame Length: 71 bytes (568 bits)
    Capture Length: 71 bytes (568 bits)
    [Frame is marked: False]
    [Frame is ignored: False]
    [Protocols in frame: eth:ethertype:ip:udp:quic]
    Character encoding: ASCII (0)
Ethernet II, Src: 96:77:0b:05:d4:0b (96:77:0b:05:d4:0b), Dst: HewlettPacka_3a:cc:1d (28:92:4a:3a:cc:1d)
    Destination: HewlettPacka_3a:cc:1d (28:92:4a:3a:cc:1d)
        .... ..0. .... .... .... .... = LG bit: Globally unique address (factory default)
        .... ...0 .... .... .... .... = IG bit: Individual address (unicast)
    Source: 96:77:0b:05:d4:0b (96:77:0b:05:d4:0b)
        .... ..1. .... .... .... .... = LG bit: Locally administered address (this is NOT the factory default)
        .... ...0 .... .... .... .... = IG bit: Individual address (unicast)
    Type: IPv4 (0x0800)
    [Stream index: 0]
Internet Protocol Version 4, Src: 172.16.90.227, Dst: 142.251.152.119
    0100 .... = Version: 4
    .... 0101 = Header Length: 20 bytes (5)
    Differentiated Services Field: 0x00 (DSCP: CS0, ECN: Not-ECT)
        0000 00.. = Differentiated Services Codepoint: Default (0)
        .... ..00 = Explicit Congestion Notification: Not ECN-Capable Transport (0)
    Total Length: 57
    Identification: 0x3bf7 (15351)
    010. .... = Flags: 0x2, Don't fragment
        0... .... = Reserved bit: Not set
        .1.. .... = Don't fragment: Set
        ..0. .... = More fragments: Not set
    ...0 0000 0000 0000 = Fragment Offset: 0
    Time to Live: 128
    Protocol: UDP (17)
    Header Checksum: 0x0000 [validation disabled]
    [Header checksum status: Unverified]
    Source Address: 172.16.90.227
    Destination Address: 142.251.152.119
    [Stream index: 0]
User Datagram Protocol, Src Port: 56200, Dst Port: 443
    Source Port: 56200
    Destination Port: 443
    Length: 37
    Checksum: 0x2e9d [unverified]
    [Checksum Status: Unverified]
    [Stream index: 0]
    [Stream Packet Number: 21]
    [Timestamps]
        [Time since first frame: 41.731000 milliseconds]
        [Time since previous frame: 103.700 microseconds]
    UDP payload (29 bytes)
QUIC IETF
    QUIC Connection information
        [Connection Number: 0]
    [Packet Length: 29]
    QUIC Short Header DCID=e4c2d7feefc37a61
        0... .... = Header Form: Short Header (0)
        .1.. .... = Fixed Bit: True
        ..0. .... = Spin Bit: False
        Destination Connection ID: e4c2d7feefc37a61
    Remaining Payload: 6e24348b5f2e6ddaea65c539e39535a9714a33d1

Frame 30: Packet, 76 bytes on wire (608 bits), 76 bytes captured (608 bits) on interface \Device\NPF_{9B9257DC-FAC1-4993-B12F-136D7BA5E874}, id 0
    Section number: 1
    Interface id: 0 (\Device\NPF_{9B9257DC-FAC1-4993-B12F-136D7BA5E874})
        Interface name: \Device\NPF_{9B9257DC-FAC1-4993-B12F-136D7BA5E874}
        Interface description: Wi-Fi
    Encapsulation type: Ethernet (1)
    Arrival Time: Apr  9, 2026 18:27:59.472948300 India Standard Time
    UTC Arrival Time: Apr  9, 2026 12:57:59.472948300 UTC
    Epoch Arrival Time: 1775739479.472948300
    [Time shift for this packet: 0.000000000 seconds]
    [Time delta from previous captured frame: 105.300 microseconds]
    [Time delta from previous displayed frame: 105.300 microseconds]
    [Time since reference or first frame: 41.836300 milliseconds]
    Frame Number: 30
    Frame Length: 76 bytes (608 bits)
    Capture Length: 76 bytes (608 bits)
    [Frame is marked: False]
    [Frame is ignored: False]
    [Protocols in frame: eth:ethertype:ip:udp:quic]
    Character encoding: ASCII (0)
Ethernet II, Src: 96:77:0b:05:d4:0b (96:77:0b:05:d4:0b), Dst: HewlettPacka_3a:cc:1d (28:92:4a:3a:cc:1d)
    Destination: HewlettPacka_3a:cc:1d (28:92:4a:3a:cc:1d)
        .... ..0. .... .... .... .... = LG bit: Globally unique address (factory default)
        .... ...0 .... .... .... .... = IG bit: Individual address (unicast)
    Source: 96:77:0b:05:d4:0b (96:77:0b:05:d4:0b)
        .... ..1. .... .... .... .... = LG bit: Locally administered address (this is NOT the factory default)
        .... ...0 .... .... .... .... = IG bit: Individual address (unicast)
    Type: IPv4 (0x0800)
    [Stream index: 0]
Internet Protocol Version 4, Src: 172.16.90.227, Dst: 142.251.152.119
    0100 .... = Version: 4
    .... 0101 = Header Length: 20 bytes (5)
    Differentiated Services Field: 0x00 (DSCP: CS0, ECN: Not-ECT)
        0000 00.. = Differentiated Services Codepoint: Default (0)
        .... ..00 = Explicit Congestion Notification: Not ECN-Capable Transport (0)
    Total Length: 62
    Identification: 0x3bf8 (15352)
    010. .... = Flags: 0x2, Don't fragment
        0... .... = Reserved bit: Not set
        .1.. .... = Don't fragment: Set
        ..0. .... = More fragments: Not set
    ...0 0000 0000 0000 = Fragment Offset: 0
    Time to Live: 128
    Protocol: UDP (17)
    Header Checksum: 0x0000 [validation disabled]
    [Header checksum status: Unverified]
    Source Address: 172.16.90.227
    Destination Address: 142.251.152.119
    [Stream index: 0]
User Datagram Protocol, Src Port: 56200, Dst Port: 443
    Source Port: 56200
    Destination Port: 443
    Length: 42
    Checksum: 0x2ea2 [unverified]
    [Checksum Status: Unverified]
    [Stream index: 0]
    [Stream Packet Number: 22]
    [Timestamps]
        [Time since first frame: 41.836300 milliseconds]
        [Time since previous frame: 105.300 microseconds]
    UDP payload (34 bytes)
QUIC IETF
    QUIC Connection information
        [Connection Number: 0]
    [Packet Length: 34]
    QUIC Short Header DCID=e4c2d7feefc37a61
        0... .... = Header Form: Short Header (0)
        .1.. .... = Fixed Bit: True
        ..0. .... = Spin Bit: False
        Destination Connection ID: e4c2d7feefc37a61
    Remaining Payload: a10a4ff60b7300a40436aa6ad468c3e847731bdc1e46e6824d

Frame 31: Packet, 367 bytes on wire (2936 bits), 367 bytes captured (2936 bits) on interface \Device\NPF_{9B9257DC-FAC1-4993-B12F-136D7BA5E874}, id 0
    Section number: 1
    Interface id: 0 (\Device\NPF_{9B9257DC-FAC1-4993-B12F-136D7BA5E874})
        Interface name: \Device\NPF_{9B9257DC-FAC1-4993-B12F-136D7BA5E874}
        Interface description: Wi-Fi
    Encapsulation type: Ethernet (1)
    Arrival Time: Apr  9, 2026 18:27:59.473127400 India Standard Time
    UTC Arrival Time: Apr  9, 2026 12:57:59.473127400 UTC
    Epoch Arrival Time: 1775739479.473127400
    [Time shift for this packet: 0.000000000 seconds]
    [Time delta from previous captured frame: 179.100 microseconds]
    [Time delta from previous displayed frame: 179.100 microseconds]
    [Time since reference or first frame: 42.015400 milliseconds]
    Frame Number: 31
    Frame Length: 367 bytes (2936 bits)
    Capture Length: 367 bytes (2936 bits)
    [Frame is marked: False]
    [Frame is ignored: False]
    [Protocols in frame: eth:ethertype:ip:udp:quic]
    Character encoding: ASCII (0)
Ethernet II, Src: 96:77:0b:05:d4:0b (96:77:0b:05:d4:0b), Dst: HewlettPacka_3a:cc:1d (28:92:4a:3a:cc:1d)
    Destination: HewlettPacka_3a:cc:1d (28:92:4a:3a:cc:1d)
        .... ..0. .... .... .... .... = LG bit: Globally unique address (factory default)
        .... ...0 .... .... .... .... = IG bit: Individual address (unicast)
    Source: 96:77:0b:05:d4:0b (96:77:0b:05:d4:0b)
        .... ..1. .... .... .... .... = LG bit: Locally administered address (this is NOT the factory default)
        .... ...0 .... .... .... .... = IG bit: Individual address (unicast)
    Type: IPv4 (0x0800)
    [Stream index: 0]
Internet Protocol Version 4, Src: 172.16.90.227, Dst: 142.251.152.119
    0100 .... = Version: 4
    .... 0101 = Header Length: 20 bytes (5)
    Differentiated Services Field: 0x00 (DSCP: CS0, ECN: Not-ECT)
        0000 00.. = Differentiated Services Codepoint: Default (0)
        .... ..00 = Explicit Congestion Notification: Not ECN-Capable Transport (0)
    Total Length: 353
    Identification: 0x3bf9 (15353)
    010. .... = Flags: 0x2, Don't fragment
        0... .... = Reserved bit: Not set
        .1.. .... = Don't fragment: Set
        ..0. .... = More fragments: Not set
    ...0 0000 0000 0000 = Fragment Offset: 0
    Time to Live: 128
    Protocol: UDP (17)
    Header Checksum: 0x0000 [validation disabled]
    [Header checksum status: Unverified]
    Source Address: 172.16.90.227
    Destination Address: 142.251.152.119
    [Stream index: 0]
User Datagram Protocol, Src Port: 56200, Dst Port: 443
    Source Port: 56200
    Destination Port: 443
    Length: 333
    Checksum: 0x2fc5 [unverified]
    [Checksum Status: Unverified]
    [Stream index: 0]
    [Stream Packet Number: 23]
    [Timestamps]
        [Time since first frame: 42.015400 milliseconds]
        [Time since previous frame: 179.100 microseconds]
    UDP payload (325 bytes)
QUIC IETF
    QUIC Connection information
        [Connection Number: 0]
    [Packet Length: 325]
    QUIC Short Header DCID=e4c2d7feefc37a61
        0... .... = Header Form: Short Header (0)
        .1.. .... = Fixed Bit: True
        ..0. .... = Spin Bit: False
        Destination Connection ID: e4c2d7feefc37a61
    Remaining Payload […]: 00ead120a1762307becb536d4a73ddea297b5064f2c790153c912da0906b14fb8e6f5b45b2b29a4f9d9de9422ece7c73c252c88812f8476d7791bbb68a0941a52f2889ba9bc5eec6e4772005b6fb1dce2a0785e2c9dcca24b3b3a435a152dc04d33607a82466d87588e970

Frame 32: Packet, 1046 bytes on wire (8368 bits), 1046 bytes captured (8368 bits) on interface \Device\NPF_{9B9257DC-FAC1-4993-B12F-136D7BA5E874}, id 0
    Section number: 1
    Interface id: 0 (\Device\NPF_{9B9257DC-FAC1-4993-B12F-136D7BA5E874})
        Interface name: \Device\NPF_{9B9257DC-FAC1-4993-B12F-136D7BA5E874}
        Interface description: Wi-Fi
    Encapsulation type: Ethernet (1)
    Arrival Time: Apr  9, 2026 18:27:59.483928700 India Standard Time
    UTC Arrival Time: Apr  9, 2026 12:57:59.483928700 UTC
    Epoch Arrival Time: 1775739479.483928700
    [Time shift for this packet: 0.000000000 seconds]
    [Time delta from previous captured frame: 10.801300 milliseconds]
    [Time delta from previous displayed frame: 10.801300 milliseconds]
    [Time since reference or first frame: 52.816700 milliseconds]
    Frame Number: 32
    Frame Length: 1046 bytes (8368 bits)
    Capture Length: 1046 bytes (8368 bits)
    [Frame is marked: False]
    [Frame is ignored: False]
    [Protocols in frame: eth:ethertype:vlan:ethertype:ip:udp:quic]
    Character encoding: ASCII (0)
Ethernet II, Src: HewlettPacka_3a:cc:1d (28:92:4a:3a:cc:1d), Dst: 96:77:0b:05:d4:0b (96:77:0b:05:d4:0b)
    Destination: 96:77:0b:05:d4:0b (96:77:0b:05:d4:0b)
        .... ..1. .... .... .... .... = LG bit: Locally administered address (this is NOT the factory default)
        .... ...0 .... .... .... .... = IG bit: Individual address (unicast)
    Source: HewlettPacka_3a:cc:1d (28:92:4a:3a:cc:1d)
        .... ..0. .... .... .... .... = LG bit: Globally unique address (factory default)
        .... ...0 .... .... .... .... = IG bit: Individual address (unicast)
    Type: 802.1Q Virtual LAN (0x8100)
    [Stream index: 0]
802.1Q Virtual LAN, PRI: 0, DEI: 0, ID: 0
    000. .... .... .... = Priority: Best Effort (default) (0)
    ...0 .... .... .... = DEI: Ineligible
    .... 0000 0000 0000 = ID: 0
    Type: IPv4 (0x0800)
Internet Protocol Version 4, Src: 142.251.152.119, Dst: 172.16.90.227
    0100 .... = Version: 4
    .... 0101 = Header Length: 20 bytes (5)
    Differentiated Services Field: 0xb8 (DSCP: EF, ECN: Not-ECT)
        1011 10.. = Differentiated Services Codepoint: Expedited Forwarding (46)
        .... ..00 = Explicit Congestion Notification: Not ECN-Capable Transport (0)
    Total Length: 1028
    Identification: 0x0000 (0)
    010. .... = Flags: 0x2, Don't fragment
        0... .... = Reserved bit: Not set
        .1.. .... = Don't fragment: Set
        ..0. .... = More fragments: Not set
    ...0 0000 0000 0000 = Fragment Offset: 0
    Time to Live: 57
    Protocol: UDP (17)
    Header Checksum: 0x0ecb [validation disabled]
    [Header checksum status: Unverified]
    Source Address: 142.251.152.119
    Destination Address: 172.16.90.227
    [Stream index: 0]
User Datagram Protocol, Src Port: 443, Dst Port: 56200
    Source Port: 443
    Destination Port: 56200
    Length: 1008
    Checksum: 0x6992 [unverified]
    [Checksum Status: Unverified]
    [Stream index: 0]
    [Stream Packet Number: 24]
    [Timestamps]
        [Time since first frame: 52.816700 milliseconds]
        [Time since previous frame: 10.801300 milliseconds]
    UDP payload (1000 bytes)
QUIC IETF
    QUIC Connection information
        [Connection Number: 0]
    [Packet Length: 1000]
    QUIC Short Header
        0... .... = Header Form: Short Header (0)
        .1.. .... = Fixed Bit: True
        ..0. .... = Spin Bit: False
    Remaining Payload […]: 640019a682d980c3512b713f3e391d8258ea1b9e794f03318dc94427d853dadd081334dcda923b07cdad1039ffca5b909986514a1d68784b14af3052e516d10dcb8f2e3428f1ddb24b9a98b4b1105691d928ca35c4bdab3c6117e739df7eb0dd3d1d9ca71257d13f0e9a1a

Frame 33: Packet, 183 bytes on wire (1464 bits), 183 bytes captured (1464 bits) on interface \Device\NPF_{9B9257DC-FAC1-4993-B12F-136D7BA5E874}, id 0
    Section number: 1
    Interface id: 0 (\Device\NPF_{9B9257DC-FAC1-4993-B12F-136D7BA5E874})
        Interface name: \Device\NPF_{9B9257DC-FAC1-4993-B12F-136D7BA5E874}
        Interface description: Wi-Fi
    Encapsulation type: Ethernet (1)
    Arrival Time: Apr  9, 2026 18:27:59.483928700 India Standard Time
    UTC Arrival Time: Apr  9, 2026 12:57:59.483928700 UTC
    Epoch Arrival Time: 1775739479.483928700
    [Time shift for this packet: 0.000000000 seconds]
    [Time delta from previous captured frame: 0.000000000 seconds]
    [Time delta from previous displayed frame: 0.000000000 seconds]
    [Time since reference or first frame: 52.816700 milliseconds]
    Frame Number: 33
    Frame Length: 183 bytes (1464 bits)
    Capture Length: 183 bytes (1464 bits)
    [Frame is marked: False]
    [Frame is ignored: False]
    [Protocols in frame: eth:ethertype:vlan:ethertype:ip:udp:quic]
    Character encoding: ASCII (0)
Ethernet II, Src: HewlettPacka_3a:cc:1d (28:92:4a:3a:cc:1d), Dst: 96:77:0b:05:d4:0b (96:77:0b:05:d4:0b)
    Destination: 96:77:0b:05:d4:0b (96:77:0b:05:d4:0b)
        .... ..1. .... .... .... .... = LG bit: Locally administered address (this is NOT the factory default)
        .... ...0 .... .... .... .... = IG bit: Individual address (unicast)
    Source: HewlettPacka_3a:cc:1d (28:92:4a:3a:cc:1d)
        .... ..0. .... .... .... .... = LG bit: Globally unique address (factory default)
        .... ...0 .... .... .... .... = IG bit: Individual address (unicast)
    Type: 802.1Q Virtual LAN (0x8100)
    [Stream index: 0]
802.1Q Virtual LAN, PRI: 0, DEI: 0, ID: 0
    000. .... .... .... = Priority: Best Effort (default) (0)
    ...0 .... .... .... = DEI: Ineligible
    .... 0000 0000 0000 = ID: 0
    Type: IPv4 (0x0800)
Internet Protocol Version 4, Src: 142.251.152.119, Dst: 172.16.90.227
    0100 .... = Version: 4
    .... 0101 = Header Length: 20 bytes (5)
    Differentiated Services Field: 0xb8 (DSCP: EF, ECN: Not-ECT)
        1011 10.. = Differentiated Services Codepoint: Expedited Forwarding (46)
        .... ..00 = Explicit Congestion Notification: Not ECN-Capable Transport (0)
    Total Length: 165
    Identification: 0x0000 (0)
    010. .... = Flags: 0x2, Don't fragment
        0... .... = Reserved bit: Not set
        .1.. .... = Don't fragment: Set
        ..0. .... = More fragments: Not set
    ...0 0000 0000 0000 = Fragment Offset: 0
    Time to Live: 57
    Protocol: UDP (17)
    Header Checksum: 0x122a [validation disabled]
    [Header checksum status: Unverified]
    Source Address: 142.251.152.119
    Destination Address: 172.16.90.227
    [Stream index: 0]
User Datagram Protocol, Src Port: 443, Dst Port: 56200
    Source Port: 443
    Destination Port: 56200
    Length: 145
    Checksum: 0xc7a5 [unverified]
    [Checksum Status: Unverified]
    [Stream index: 0]
    [Stream Packet Number: 25]
    [Timestamps]
        [Time since first frame: 52.816700 milliseconds]
        [Time since previous frame: 0.000000000 seconds]
    UDP payload (137 bytes)
QUIC IETF
    QUIC Connection information
        [Connection Number: 0]
    [Packet Length: 137]
    QUIC Short Header
        0... .... = Header Form: Short Header (0)
        .1.. .... = Fixed Bit: True
        ..0. .... = Spin Bit: False
    Remaining Payload […]: 429630f5fbcf66e93bb5c2ac788f31b30b8980c5038c9611d4451729d661b3f2b5fe0ef434b6903d4fbdcdc1a85e9f0e16335347d2fe6dcae90156279a616105590f3650f569e5391305f53dca9936d959a7774b122241c9c3e8def70de048a839373614059186e0f77744

Frame 34: Packet, 69 bytes on wire (552 bits), 69 bytes captured (552 bits) on interface \Device\NPF_{9B9257DC-FAC1-4993-B12F-136D7BA5E874}, id 0
    Section number: 1
    Interface id: 0 (\Device\NPF_{9B9257DC-FAC1-4993-B12F-136D7BA5E874})
        Interface name: \Device\NPF_{9B9257DC-FAC1-4993-B12F-136D7BA5E874}
        Interface description: Wi-Fi
    Encapsulation type: Ethernet (1)
    Arrival Time: Apr  9, 2026 18:27:59.483928700 India Standard Time
    UTC Arrival Time: Apr  9, 2026 12:57:59.483928700 UTC
    Epoch Arrival Time: 1775739479.483928700
    [Time shift for this packet: 0.000000000 seconds]
    [Time delta from previous captured frame: 0.000000000 seconds]
    [Time delta from previous displayed frame: 0.000000000 seconds]
    [Time since reference or first frame: 52.816700 milliseconds]
    Frame Number: 34
    Frame Length: 69 bytes (552 bits)
    Capture Length: 69 bytes (552 bits)
    [Frame is marked: False]
    [Frame is ignored: False]
    [Protocols in frame: eth:ethertype:vlan:ethertype:ip:udp:quic]
    Character encoding: ASCII (0)
Ethernet II, Src: HewlettPacka_3a:cc:1d (28:92:4a:3a:cc:1d), Dst: 96:77:0b:05:d4:0b (96:77:0b:05:d4:0b)
    Destination: 96:77:0b:05:d4:0b (96:77:0b:05:d4:0b)
        .... ..1. .... .... .... .... = LG bit: Locally administered address (this is NOT the factory default)
        .... ...0 .... .... .... .... = IG bit: Individual address (unicast)
    Source: HewlettPacka_3a:cc:1d (28:92:4a:3a:cc:1d)
        .... ..0. .... .... .... .... = LG bit: Globally unique address (factory default)
        .... ...0 .... .... .... .... = IG bit: Individual address (unicast)
    Type: 802.1Q Virtual LAN (0x8100)
    [Stream index: 0]
802.1Q Virtual LAN, PRI: 0, DEI: 0, ID: 0
    000. .... .... .... = Priority: Best Effort (default) (0)
    ...0 .... .... .... = DEI: Ineligible
    .... 0000 0000 0000 = ID: 0
    Type: IPv4 (0x0800)
Internet Protocol Version 4, Src: 142.251.152.119, Dst: 172.16.90.227
    0100 .... = Version: 4
    .... 0101 = Header Length: 20 bytes (5)
    Differentiated Services Field: 0xb8 (DSCP: EF, ECN: Not-ECT)
        1011 10.. = Differentiated Services Codepoint: Expedited Forwarding (46)
        .... ..00 = Explicit Congestion Notification: Not ECN-Capable Transport (0)
    Total Length: 51
    Identification: 0x0000 (0)
    010. .... = Flags: 0x2, Don't fragment
        0... .... = Reserved bit: Not set
        .1.. .... = Don't fragment: Set
        ..0. .... = More fragments: Not set
    ...0 0000 0000 0000 = Fragment Offset: 0
    Time to Live: 57
    Protocol: UDP (17)
    Header Checksum: 0x129c [validation disabled]
    [Header checksum status: Unverified]
    Source Address: 142.251.152.119
    Destination Address: 172.16.90.227
    [Stream index: 0]
User Datagram Protocol, Src Port: 443, Dst Port: 56200
    Source Port: 443
    Destination Port: 56200
    Length: 31
    Checksum: 0x39b4 [unverified]
    [Checksum Status: Unverified]
    [Stream index: 0]
    [Stream Packet Number: 26]
    [Timestamps]
        [Time since first frame: 52.816700 milliseconds]
        [Time since previous frame: 0.000000000 seconds]
    UDP payload (23 bytes)
QUIC IETF
    QUIC Connection information
        [Connection Number: 0]
    [Packet Length: 23]
    QUIC Short Header
        0... .... = Header Form: Short Header (0)
        .1.. .... = Fixed Bit: True
        ..0. .... = Spin Bit: False
    Remaining Payload: 05f3994ff8fc0b5f99fb00591cedc81c9d9e5b81354f

Frame 35: Packet, 75 bytes on wire (600 bits), 75 bytes captured (600 bits) on interface \Device\NPF_{9B9257DC-FAC1-4993-B12F-136D7BA5E874}, id 0
    Section number: 1
    Interface id: 0 (\Device\NPF_{9B9257DC-FAC1-4993-B12F-136D7BA5E874})
        Interface name: \Device\NPF_{9B9257DC-FAC1-4993-B12F-136D7BA5E874}
        Interface description: Wi-Fi
    Encapsulation type: Ethernet (1)
    Arrival Time: Apr  9, 2026 18:27:59.484214900 India Standard Time
    UTC Arrival Time: Apr  9, 2026 12:57:59.484214900 UTC
    Epoch Arrival Time: 1775739479.484214900
    [Time shift for this packet: 0.000000000 seconds]
    [Time delta from previous captured frame: 286.200 microseconds]
    [Time delta from previous displayed frame: 286.200 microseconds]
    [Time since reference or first frame: 53.102900 milliseconds]
    Frame Number: 35
    Frame Length: 75 bytes (600 bits)
    Capture Length: 75 bytes (600 bits)
    [Frame is marked: False]
    [Frame is ignored: False]
    [Protocols in frame: eth:ethertype:ip:udp:quic]
    Character encoding: ASCII (0)
Ethernet II, Src: 96:77:0b:05:d4:0b (96:77:0b:05:d4:0b), Dst: HewlettPacka_3a:cc:1d (28:92:4a:3a:cc:1d)
    Destination: HewlettPacka_3a:cc:1d (28:92:4a:3a:cc:1d)
        .... ..0. .... .... .... .... = LG bit: Globally unique address (factory default)
        .... ...0 .... .... .... .... = IG bit: Individual address (unicast)
    Source: 96:77:0b:05:d4:0b (96:77:0b:05:d4:0b)
        .... ..1. .... .... .... .... = LG bit: Locally administered address (this is NOT the factory default)
        .... ...0 .... .... .... .... = IG bit: Individual address (unicast)
    Type: IPv4 (0x0800)
    [Stream index: 0]
Internet Protocol Version 4, Src: 172.16.90.227, Dst: 142.251.152.119
    0100 .... = Version: 4
    .... 0101 = Header Length: 20 bytes (5)
    Differentiated Services Field: 0x00 (DSCP: CS0, ECN: Not-ECT)
        0000 00.. = Differentiated Services Codepoint: Default (0)
        .... ..00 = Explicit Congestion Notification: Not ECN-Capable Transport (0)
    Total Length: 61
    Identification: 0x3bfc (15356)
    010. .... = Flags: 0x2, Don't fragment
        0... .... = Reserved bit: Not set
        .1.. .... = Don't fragment: Set
        ..0. .... = More fragments: Not set
    ...0 0000 0000 0000 = Fragment Offset: 0
    Time to Live: 128
    Protocol: UDP (17)
    Header Checksum: 0x0000 [validation disabled]
    [Header checksum status: Unverified]
    Source Address: 172.16.90.227
    Destination Address: 142.251.152.119
    [Stream index: 0]
User Datagram Protocol, Src Port: 56200, Dst Port: 443
    Source Port: 56200
    Destination Port: 443
    Length: 41
    Checksum: 0x2ea1 [unverified]
    [Checksum Status: Unverified]
    [Stream index: 0]
    [Stream Packet Number: 27]
    [Timestamps]
        [Time since first frame: 53.102900 milliseconds]
        [Time since previous frame: 286.200 microseconds]
    UDP payload (33 bytes)
QUIC IETF
    QUIC Connection information
        [Connection Number: 0]
    [Packet Length: 33]
    QUIC Short Header DCID=e4c2d7feefc37a61
        0... .... = Header Form: Short Header (0)
        .1.. .... = Fixed Bit: True
        ..0. .... = Spin Bit: False
        Destination Connection ID: e4c2d7feefc37a61
    Remaining Payload: 227a6a7211200ba2ad810da9284a8fe6abc6001ec0acb838

Frame 36: Packet, 75 bytes on wire (600 bits), 75 bytes captured (600 bits) on interface \Device\NPF_{9B9257DC-FAC1-4993-B12F-136D7BA5E874}, id 0
    Section number: 1
    Interface id: 0 (\Device\NPF_{9B9257DC-FAC1-4993-B12F-136D7BA5E874})
        Interface name: \Device\NPF_{9B9257DC-FAC1-4993-B12F-136D7BA5E874}
        Interface description: Wi-Fi
    Encapsulation type: Ethernet (1)
    Arrival Time: Apr  9, 2026 18:27:59.484287900 India Standard Time
    UTC Arrival Time: Apr  9, 2026 12:57:59.484287900 UTC
    Epoch Arrival Time: 1775739479.484287900
    [Time shift for this packet: 0.000000000 seconds]
    [Time delta from previous captured frame: 73.000 microseconds]
    [Time delta from previous displayed frame: 73.000 microseconds]
    [Time since reference or first frame: 53.175900 milliseconds]
    Frame Number: 36
    Frame Length: 75 bytes (600 bits)
    Capture Length: 75 bytes (600 bits)
    [Frame is marked: False]
    [Frame is ignored: False]
    [Protocols in frame: eth:ethertype:ip:udp:quic]
    Character encoding: ASCII (0)
Ethernet II, Src: 96:77:0b:05:d4:0b (96:77:0b:05:d4:0b), Dst: HewlettPacka_3a:cc:1d (28:92:4a:3a:cc:1d)
    Destination: HewlettPacka_3a:cc:1d (28:92:4a:3a:cc:1d)
        .... ..0. .... .... .... .... = LG bit: Globally unique address (factory default)
        .... ...0 .... .... .... .... = IG bit: Individual address (unicast)
    Source: 96:77:0b:05:d4:0b (96:77:0b:05:d4:0b)
        .... ..1. .... .... .... .... = LG bit: Locally administered address (this is NOT the factory default)
        .... ...0 .... .... .... .... = IG bit: Individual address (unicast)
    Type: IPv4 (0x0800)
    [Stream index: 0]
Internet Protocol Version 4, Src: 172.16.90.227, Dst: 142.251.152.119
    0100 .... = Version: 4
    .... 0101 = Header Length: 20 bytes (5)
    Differentiated Services Field: 0x00 (DSCP: CS0, ECN: Not-ECT)
        0000 00.. = Differentiated Services Codepoint: Default (0)
        .... ..00 = Explicit Congestion Notification: Not ECN-Capable Transport (0)
    Total Length: 61
    Identification: 0x3bfd (15357)
    010. .... = Flags: 0x2, Don't fragment
        0... .... = Reserved bit: Not set
        .1.. .... = Don't fragment: Set
        ..0. .... = More fragments: Not set
    ...0 0000 0000 0000 = Fragment Offset: 0
    Time to Live: 128
    Protocol: UDP (17)
    Header Checksum: 0x0000 [validation disabled]
    [Header checksum status: Unverified]
    Source Address: 172.16.90.227
    Destination Address: 142.251.152.119
    [Stream index: 0]
User Datagram Protocol, Src Port: 56200, Dst Port: 443
    Source Port: 56200
    Destination Port: 443
    Length: 41
    Checksum: 0x2ea1 [unverified]
    [Checksum Status: Unverified]
    [Stream index: 0]
    [Stream Packet Number: 28]
    [Timestamps]
        [Time since first frame: 53.175900 milliseconds]
        [Time since previous frame: 73.000 microseconds]
    UDP payload (33 bytes)
QUIC IETF
    QUIC Connection information
        [Connection Number: 0]
    [Packet Length: 33]
    QUIC Short Header DCID=e4c2d7feefc37a61
        0... .... = Header Form: Short Header (0)
        .1.. .... = Fixed Bit: True
        ..0. .... = Spin Bit: False
        Destination Connection ID: e4c2d7feefc37a61
    Remaining Payload: 754a9ef48bc067a3cc8cb04e74acb4fdc74042010cf2c719

Frame 37: Packet, 74 bytes on wire (592 bits), 74 bytes captured (592 bits) on interface \Device\NPF_{9B9257DC-FAC1-4993-B12F-136D7BA5E874}, id 0
    Section number: 1
    Interface id: 0 (\Device\NPF_{9B9257DC-FAC1-4993-B12F-136D7BA5E874})
        Interface name: \Device\NPF_{9B9257DC-FAC1-4993-B12F-136D7BA5E874}
        Interface description: Wi-Fi
    Encapsulation type: Ethernet (1)
    Arrival Time: Apr  9, 2026 18:27:59.504652300 India Standard Time
    UTC Arrival Time: Apr  9, 2026 12:57:59.504652300 UTC
    Epoch Arrival Time: 1775739479.504652300
    [Time shift for this packet: 0.000000000 seconds]
    [Time delta from previous captured frame: 20.364400 milliseconds]
    [Time delta from previous displayed frame: 20.364400 milliseconds]
    [Time since reference or first frame: 73.540300 milliseconds]
    Frame Number: 37
    Frame Length: 74 bytes (592 bits)
    Capture Length: 74 bytes (592 bits)
    [Frame is marked: False]
    [Frame is ignored: False]
    [Protocols in frame: eth:ethertype:vlan:ethertype:ip:udp:quic]
    Character encoding: ASCII (0)
Ethernet II, Src: HewlettPacka_3a:cc:1d (28:92:4a:3a:cc:1d), Dst: 96:77:0b:05:d4:0b (96:77:0b:05:d4:0b)
    Destination: 96:77:0b:05:d4:0b (96:77:0b:05:d4:0b)
        .... ..1. .... .... .... .... = LG bit: Locally administered address (this is NOT the factory default)
        .... ...0 .... .... .... .... = IG bit: Individual address (unicast)
    Source: HewlettPacka_3a:cc:1d (28:92:4a:3a:cc:1d)
        .... ..0. .... .... .... .... = LG bit: Globally unique address (factory default)
        .... ...0 .... .... .... .... = IG bit: Individual address (unicast)
    Type: 802.1Q Virtual LAN (0x8100)
    [Stream index: 0]
802.1Q Virtual LAN, PRI: 0, DEI: 0, ID: 0
    000. .... .... .... = Priority: Best Effort (default) (0)
    ...0 .... .... .... = DEI: Ineligible
    .... 0000 0000 0000 = ID: 0
    Type: IPv4 (0x0800)
Internet Protocol Version 4, Src: 142.251.152.119, Dst: 172.16.90.227
    0100 .... = Version: 4
    .... 0101 = Header Length: 20 bytes (5)
    Differentiated Services Field: 0xb8 (DSCP: EF, ECN: Not-ECT)
        1011 10.. = Differentiated Services Codepoint: Expedited Forwarding (46)
        .... ..00 = Explicit Congestion Notification: Not ECN-Capable Transport (0)
    Total Length: 56
    Identification: 0x0000 (0)
    010. .... = Flags: 0x2, Don't fragment
        0... .... = Reserved bit: Not set
        .1.. .... = Don't fragment: Set
        ..0. .... = More fragments: Not set
    ...0 0000 0000 0000 = Fragment Offset: 0
    Time to Live: 57
    Protocol: UDP (17)
    Header Checksum: 0x1297 [validation disabled]
    [Header checksum status: Unverified]
    Source Address: 142.251.152.119
    Destination Address: 172.16.90.227
    [Stream index: 0]
User Datagram Protocol, Src Port: 443, Dst Port: 56200
    Source Port: 443
    Destination Port: 56200
    Length: 36
    Checksum: 0x18ba [unverified]
    [Checksum Status: Unverified]
    [Stream index: 0]
    [Stream Packet Number: 29]
    [Timestamps]
        [Time since first frame: 73.540300 milliseconds]
        [Time since previous frame: 20.364400 milliseconds]
    UDP payload (28 bytes)
QUIC IETF
    QUIC Connection information
        [Connection Number: 0]
    [Packet Length: 28]
    QUIC Short Header
        0... .... = Header Form: Short Header (0)
        .1.. .... = Fixed Bit: True
        ..0. .... = Spin Bit: False
    Remaining Payload: 04b0c94d422c4cb6fad61fb181671f7cb7709a188be4589e033df0

Frame 38: Packet, 1292 bytes on wire (10336 bits), 1292 bytes captured (10336 bits) on interface \Device\NPF_{9B9257DC-FAC1-4993-B12F-136D7BA5E874}, id 0
    Section number: 1
    Interface id: 0 (\Device\NPF_{9B9257DC-FAC1-4993-B12F-136D7BA5E874})
        Interface name: \Device\NPF_{9B9257DC-FAC1-4993-B12F-136D7BA5E874}
        Interface description: Wi-Fi
    Encapsulation type: Ethernet (1)
    Arrival Time: Apr  9, 2026 18:27:59.514024800 India Standard Time
    UTC Arrival Time: Apr  9, 2026 12:57:59.514024800 UTC
    Epoch Arrival Time: 1775739479.514024800
    [Time shift for this packet: 0.000000000 seconds]
    [Time delta from previous captured frame: 9.372500 milliseconds]
    [Time delta from previous displayed frame: 9.372500 milliseconds]
    [Time since reference or first frame: 82.912800 milliseconds]
    Frame Number: 38
    Frame Length: 1292 bytes (10336 bits)
    Capture Length: 1292 bytes (10336 bits)
    [Frame is marked: False]
    [Frame is ignored: False]
    [Protocols in frame: eth:ethertype:ip:udp:quic]
    Character encoding: ASCII (0)
Ethernet II, Src: 96:77:0b:05:d4:0b (96:77:0b:05:d4:0b), Dst: HewlettPacka_3a:cc:1d (28:92:4a:3a:cc:1d)
    Destination: HewlettPacka_3a:cc:1d (28:92:4a:3a:cc:1d)
        .... ..0. .... .... .... .... = LG bit: Globally unique address (factory default)
        .... ...0 .... .... .... .... = IG bit: Individual address (unicast)
    Source: 96:77:0b:05:d4:0b (96:77:0b:05:d4:0b)
        .... ..1. .... .... .... .... = LG bit: Locally administered address (this is NOT the factory default)
        .... ...0 .... .... .... .... = IG bit: Individual address (unicast)
    Type: IPv4 (0x0800)
    [Stream index: 0]
Internet Protocol Version 4, Src: 172.16.90.227, Dst: 142.251.152.119
    0100 .... = Version: 4
    .... 0101 = Header Length: 20 bytes (5)
    Differentiated Services Field: 0x00 (DSCP: CS0, ECN: Not-ECT)
        0000 00.. = Differentiated Services Codepoint: Default (0)
        .... ..00 = Explicit Congestion Notification: Not ECN-Capable Transport (0)
    Total Length: 1278
    Identification: 0x3c00 (15360)
    010. .... = Flags: 0x2, Don't fragment
        0... .... = Reserved bit: Not set
        .1.. .... = Don't fragment: Set
        ..0. .... = More fragments: Not set
    ...0 0000 0000 0000 = Fragment Offset: 0
    Time to Live: 128
    Protocol: UDP (17)
    Header Checksum: 0x0000 [validation disabled]
    [Header checksum status: Unverified]
    Source Address: 172.16.90.227
    Destination Address: 142.251.152.119
    [Stream index: 0]
User Datagram Protocol, Src Port: 54799, Dst Port: 443
    Source Port: 54799
    Destination Port: 443
    Length: 1258
    Checksum: 0x3362 [unverified]
    [Checksum Status: Unverified]
    [Stream index: 3]
    [Stream Packet Number: 1]
    [Timestamps]
        [Time since first frame: 0.000000000 seconds]
        [Time since previous frame: 0.000000000 seconds]
    UDP payload (1250 bytes)
QUIC IETF
    QUIC Connection information
        [Connection Number: 3]
    [Packet Length: 1250]
    1... .... = Header Form: Long Header (1)
    .1.. .... = Fixed Bit: True
    ..00 .... = Packet Type: Initial (0)
    [.... 00.. = Reserved: 0]
    [.... ..00 = Packet Number Length: 1 bytes (0)]
    Version: 1 (0x00000001)
    Destination Connection ID Length: 8
    Destination Connection ID: 216798c51ec2ab9f
    Source Connection ID Length: 0
    Token Length: 86
    Token: 00dc42a469bd52f49cfad06f25fbc1a3442174bb71db11dd0b6858cb2cf498991d54acd2e66023aced1f7d8be8ef1f44665fd868fecc340ff5b5c481a33d821934ff2be968849bee7d6fded53203b9e6723a29d89959
    Length: 1145
    [Packet Number: 1]
    Payload […]: b217c8971d3b67062ac4d4c5ef760d56a1e6b887629835ff7092e5632fe9a9df317c01735fca100a89d1af0f90f09a6a459e5b6b4d5b125b8ca931c4864ef29ca23c849fa97085907166a65a3251d9d2e63f55aebdc3d9e775608233f2c7df7d655b8439a58ffe537e4c0df5e6c70200
    CRYPTO
        Frame Type: CRYPTO (0x0000000000000006)
        Offset: 1602
        Length: 15
        Crypto Data
    CRYPTO
        Frame Type: CRYPTO (0x0000000000000006)
        Offset: 1881
        Length: 416
        Crypto Data
    PING
        Frame Type: PING (0x0000000000000001)
    PADDING Length: 25
        Frame Type: PADDING (0x0000000000000000)
        [Padding Length: 25]
    CRYPTO
        Frame Type: CRYPTO (0x0000000000000006)
        Offset: 1708
        Length: 157
        Crypto Data
    PADDING Length: 51
        Frame Type: PADDING (0x0000000000000000)
        [Padding Length: 51]
    PING
        Frame Type: PING (0x0000000000000001)
    CRYPTO
        Frame Type: CRYPTO (0x0000000000000006)
        Offset: 1865
        Length: 16
        Crypto Data
    CRYPTO
        Frame Type: CRYPTO (0x0000000000000006)
        Offset: 1596
        Length: 6
        Crypto Data
    PING
        Frame Type: PING (0x0000000000000001)
    PADDING Length: 87
        Frame Type: PADDING (0x0000000000000000)
        [Padding Length: 87]
    PING
        Frame Type: PING (0x0000000000000001)
    CRYPTO
        Frame Type: CRYPTO (0x0000000000000006)
        Offset: 41
        Length: 21
        Crypto Data
    PADDING Length: 1
        Frame Type: PADDING (0x0000000000000000)
        [Padding Length: 1]
    CRYPTO
        Frame Type: CRYPTO (0x0000000000000006)
        Offset: 32
        Length: 9
        Crypto Data
    CRYPTO
        Frame Type: CRYPTO (0x0000000000000006)
        Offset: 1617
        Length: 91
        Crypto Data
    CRYPTO
        Frame Type: CRYPTO (0x0000000000000006)
        Offset: 0
        Length: 32
        Crypto Data
    PADDING Length: 161
        Frame Type: PADDING (0x0000000000000000)
        [Padding Length: 161]

Frame 39: Packet, 1292 bytes on wire (10336 bits), 1292 bytes captured (10336 bits) on interface \Device\NPF_{9B9257DC-FAC1-4993-B12F-136D7BA5E874}, id 0
    Section number: 1
    Interface id: 0 (\Device\NPF_{9B9257DC-FAC1-4993-B12F-136D7BA5E874})
        Interface name: \Device\NPF_{9B9257DC-FAC1-4993-B12F-136D7BA5E874}
        Interface description: Wi-Fi
    Encapsulation type: Ethernet (1)
    Arrival Time: Apr  9, 2026 18:27:59.514082800 India Standard Time
    UTC Arrival Time: Apr  9, 2026 12:57:59.514082800 UTC
    Epoch Arrival Time: 1775739479.514082800
    [Time shift for this packet: 0.000000000 seconds]
    [Time delta from previous captured frame: 58.000 microseconds]
    [Time delta from previous displayed frame: 58.000 microseconds]
    [Time since reference or first frame: 82.970800 milliseconds]
    Frame Number: 39
    Frame Length: 1292 bytes (10336 bits)
    Capture Length: 1292 bytes (10336 bits)
    [Frame is marked: False]
    [Frame is ignored: False]
    [Protocols in frame: eth:ethertype:ip:udp:quic]
    Character encoding: ASCII (0)
Ethernet II, Src: 96:77:0b:05:d4:0b (96:77:0b:05:d4:0b), Dst: HewlettPacka_3a:cc:1d (28:92:4a:3a:cc:1d)
    Destination: HewlettPacka_3a:cc:1d (28:92:4a:3a:cc:1d)
        .... ..0. .... .... .... .... = LG bit: Globally unique address (factory default)
        .... ...0 .... .... .... .... = IG bit: Individual address (unicast)
    Source: 96:77:0b:05:d4:0b (96:77:0b:05:d4:0b)
        .... ..1. .... .... .... .... = LG bit: Locally administered address (this is NOT the factory default)
        .... ...0 .... .... .... .... = IG bit: Individual address (unicast)
    Type: IPv4 (0x0800)
    [Stream index: 0]
Internet Protocol Version 4, Src: 172.16.90.227, Dst: 142.251.152.119
    0100 .... = Version: 4
    .... 0101 = Header Length: 20 bytes (5)
    Differentiated Services Field: 0x00 (DSCP: CS0, ECN: Not-ECT)
        0000 00.. = Differentiated Services Codepoint: Default (0)
        .... ..00 = Explicit Congestion Notification: Not ECN-Capable Transport (0)
    Total Length: 1278
    Identification: 0x3c01 (15361)
    010. .... = Flags: 0x2, Don't fragment
        0... .... = Reserved bit: Not set
        .1.. .... = Don't fragment: Set
        ..0. .... = More fragments: Not set
    ...0 0000 0000 0000 = Fragment Offset: 0
    Time to Live: 128
    Protocol: UDP (17)
    Header Checksum: 0x0000 [validation disabled]
    [Header checksum status: Unverified]
    Source Address: 172.16.90.227
    Destination Address: 142.251.152.119
    [Stream index: 0]
User Datagram Protocol, Src Port: 54799, Dst Port: 443
    Source Port: 54799
    Destination Port: 443
    Length: 1258
    Checksum: 0x3362 [unverified]
    [Checksum Status: Unverified]
    [Stream index: 3]
    [Stream Packet Number: 2]
    [Timestamps]
        [Time since first frame: 58.000 microseconds]
        [Time since previous frame: 58.000 microseconds]
    UDP payload (1250 bytes)
QUIC IETF
    QUIC Connection information
        [Connection Number: 3]
    [Packet Length: 1250]
    1... .... = Header Form: Long Header (1)
    .1.. .... = Fixed Bit: True
    ..00 .... = Packet Type: Initial (0)
    [.... 00.. = Reserved: 0]
    [.... ..01 = Packet Number Length: 2 bytes (1)]
    Version: 1 (0x00000001)
    Destination Connection ID Length: 8
    Destination Connection ID: 216798c51ec2ab9f
    Source Connection ID Length: 0
    Token Length: 86
    Token: 00dc42a469bd52f49cfad06f25fbc1a3442174bb71db11dd0b6858cb2cf498991d54acd2e66023aced1f7d8be8ef1f44665fd868fecc340ff5b5c481a33d821934ff2be968849bee7d6fded53203b9e6723a29d89959
    Length: 1145
    [Packet Number: 2]
    Payload […]: 99ed8dde036b3162026b09ab6d4d09ce08eb2a925d01cc50b7eaa39724ae0a3d68aaad6714e72e510747ec2fd730c3aacdaa941d4709e0fab76ef1e7765fd1ee3e5cf955a94b39ff35185250f89414fd76a36866ee8906fd487b2c2db9cdc5a8b7e7e4a7acce7ee2970afde167e171ed
    CRYPTO
        Frame Type: CRYPTO (0x0000000000000006)
        Offset: 62
        Length: 1123
        Crypto Data

Frame 40: Packet, 1292 bytes on wire (10336 bits), 1292 bytes captured (10336 bits) on interface \Device\NPF_{9B9257DC-FAC1-4993-B12F-136D7BA5E874}, id 0
    Section number: 1
    Interface id: 0 (\Device\NPF_{9B9257DC-FAC1-4993-B12F-136D7BA5E874})
        Interface name: \Device\NPF_{9B9257DC-FAC1-4993-B12F-136D7BA5E874}
        Interface description: Wi-Fi
    Encapsulation type: Ethernet (1)
    Arrival Time: Apr  9, 2026 18:27:59.514107500 India Standard Time
    UTC Arrival Time: Apr  9, 2026 12:57:59.514107500 UTC
    Epoch Arrival Time: 1775739479.514107500
    [Time shift for this packet: 0.000000000 seconds]
    [Time delta from previous captured frame: 24.700 microseconds]
    [Time delta from previous displayed frame: 24.700 microseconds]
    [Time since reference or first frame: 82.995500 milliseconds]
    Frame Number: 40
    Frame Length: 1292 bytes (10336 bits)
    Capture Length: 1292 bytes (10336 bits)
    [Frame is marked: False]
    [Frame is ignored: False]
    [Protocols in frame: eth:ethertype:ip:udp:quic:tls]
    Character encoding: ASCII (0)
Ethernet II, Src: 96:77:0b:05:d4:0b (96:77:0b:05:d4:0b), Dst: HewlettPacka_3a:cc:1d (28:92:4a:3a:cc:1d)
    Destination: HewlettPacka_3a:cc:1d (28:92:4a:3a:cc:1d)
        .... ..0. .... .... .... .... = LG bit: Globally unique address (factory default)
        .... ...0 .... .... .... .... = IG bit: Individual address (unicast)
    Source: 96:77:0b:05:d4:0b (96:77:0b:05:d4:0b)
        .... ..1. .... .... .... .... = LG bit: Locally administered address (this is NOT the factory default)
        .... ...0 .... .... .... .... = IG bit: Individual address (unicast)
    Type: IPv4 (0x0800)
    [Stream index: 0]
Internet Protocol Version 4, Src: 172.16.90.227, Dst: 142.251.152.119
    0100 .... = Version: 4
    .... 0101 = Header Length: 20 bytes (5)
    Differentiated Services Field: 0x00 (DSCP: CS0, ECN: Not-ECT)
        0000 00.. = Differentiated Services Codepoint: Default (0)
        .... ..00 = Explicit Congestion Notification: Not ECN-Capable Transport (0)
    Total Length: 1278
    Identification: 0x3c02 (15362)
    010. .... = Flags: 0x2, Don't fragment
        0... .... = Reserved bit: Not set
        .1.. .... = Don't fragment: Set
        ..0. .... = More fragments: Not set
    ...0 0000 0000 0000 = Fragment Offset: 0
    Time to Live: 128
    Protocol: UDP (17)
    Header Checksum: 0x0000 [validation disabled]
    [Header checksum status: Unverified]
    Source Address: 172.16.90.227
    Destination Address: 142.251.152.119
    [Stream index: 0]
User Datagram Protocol, Src Port: 54799, Dst Port: 443
    Source Port: 54799
    Destination Port: 443
    Length: 1258
    Checksum: 0x3362 [unverified]
    [Checksum Status: Unverified]
    [Stream index: 3]
    [Stream Packet Number: 3]
    [Timestamps]
        [Time since first frame: 82.700 microseconds]
        [Time since previous frame: 24.700 microseconds]
    UDP payload (1250 bytes)
QUIC IETF
    QUIC Connection information
        [Connection Number: 3]
    [Packet Length: 1250]
    1... .... = Header Form: Long Header (1)
    .1.. .... = Fixed Bit: True
    ..00 .... = Packet Type: Initial (0)
    [.... 00.. = Reserved: 0]
    [.... ..00 = Packet Number Length: 1 bytes (0)]
    Version: 1 (0x00000001)
    Destination Connection ID Length: 8
    Destination Connection ID: 216798c51ec2ab9f
    Source Connection ID Length: 0
    Token Length: 86
    Token: 00dc42a469bd52f49cfad06f25fbc1a3442174bb71db11dd0b6858cb2cf498991d54acd2e66023aced1f7d8be8ef1f44665fd868fecc340ff5b5c481a33d821934ff2be968849bee7d6fded53203b9e6723a29d89959
    Length: 1145
    [Packet Number: 3]
    Payload […]: 43e1737657aedfcbbc153c2c16ba03c4cf33d8ccc3dff6e6df228f2b0872a85326c754efe5fc19c5c08b40e9b76d10cf82038856da2382657bb67ba51a4b19ec72b86a2eaa6ac6b55af67ee7994fd93320a5e5fcf0cad35981c51f0714afc3017e13a2b783e0674fa31f93f9a11b4e5c
    CRYPTO
        Frame Type: CRYPTO (0x0000000000000006)
        Offset: 1215
        Length: 85
        Crypto Data
    CRYPTO
        Frame Type: CRYPTO (0x0000000000000006)
        Offset: 1341
        Length: 15
        Crypto Data
    PADDING Length: 22
        Frame Type: PADDING (0x0000000000000000)
        [Padding Length: 22]
    CRYPTO
        Frame Type: CRYPTO (0x0000000000000006)
        Offset: 1300
        Length: 23
        Crypto Data
    CRYPTO
        Frame Type: CRYPTO (0x0000000000000006)
        Offset: 1356
        Length: 2
        Crypto Data
    PING
        Frame Type: PING (0x0000000000000001)
    CRYPTO
        Frame Type: CRYPTO (0x0000000000000006)
        Offset: 1323
        Length: 16
        Crypto Data
    PING
        Frame Type: PING (0x0000000000000001)
    PADDING Length: 231
        Frame Type: PADDING (0x0000000000000000)
        [Padding Length: 231]
    PING
        Frame Type: PING (0x0000000000000001)
    CRYPTO
        Frame Type: CRYPTO (0x0000000000000006)
        Offset: 1339
        Length: 2
        Crypto Data
    CRYPTO
        Frame Type: CRYPTO (0x0000000000000006)
        Offset: 1361
        Length: 77
        Crypto Data
    CRYPTO
        Frame Type: CRYPTO (0x0000000000000006)
        Offset: 1194
        Length: 21
        Crypto Data
    CRYPTO
        Frame Type: CRYPTO (0x0000000000000006)
        Offset: 1185
        Length: 9
        Crypto Data
    CRYPTO
        Frame Type: CRYPTO (0x0000000000000006)
        Offset: 1358
        Length: 3
        Crypto Data
    PADDING Length: 414
        Frame Type: PADDING (0x0000000000000000)
        [Padding Length: 414]
    CRYPTO
        Frame Type: CRYPTO (0x0000000000000006)
        Offset: 1438
        Length: 158
        Crypto Data
        [[…] 21 Reassembled QUIC CRYPTO Data Fragments (2297 bytes): #38(32), #38(9), #38(21), #39(1123), #40(9), #40(21), #40(85), #40(23), #40(16), #40(2), #40(15), #40(2), #40(3), #40(77), #40(158), #38(6), #38(15), #38(91), #38(157), #38(16),]
            [Frame: 38, payload: 0-31 (32 bytes)]
            [Frame: 38, payload: 32-40 (9 bytes)]
            [Frame: 38, payload: 41-61 (21 bytes)]
            [Frame: 39, payload: 62-1184 (1123 bytes)]
            [Frame: 40, payload: 1185-1193 (9 bytes)]
            [Frame: 40, payload: 1194-1214 (21 bytes)]
            [Frame: 40, payload: 1215-1299 (85 bytes)]
            [Frame: 40, payload: 1300-1322 (23 bytes)]
            [Frame: 40, payload: 1323-1338 (16 bytes)]
            [Frame: 40, payload: 1339-1340 (2 bytes)]
            [Frame: 40, payload: 1341-1355 (15 bytes)]
            [Frame: 40, payload: 1356-1357 (2 bytes)]
            [Frame: 40, payload: 1358-1360 (3 bytes)]
            [Frame: 40, payload: 1361-1437 (77 bytes)]
            [Frame: 40, payload: 1438-1595 (158 bytes)]
            [Frame: 38, payload: 1596-1601 (6 bytes)]
            [Frame: 38, payload: 1602-1616 (15 bytes)]
            [Frame: 38, payload: 1617-1707 (91 bytes)]
            [Frame: 38, payload: 1708-1864 (157 bytes)]
            [Frame: 38, payload: 1865-1880 (16 bytes)]
            [Frame: 38, payload: 1881-2296 (416 bytes)]
            [Fragment count: 21]
        TLSv1.3 Record Layer: Handshake Protocol: Client Hello
            Handshake Protocol: Client Hello
                Handshake Type: Client Hello (1)
                Length: 2293
                Version: TLS 1.2 (0x0303)
                    [Expert Info (Chat/Deprecated): This legacy_version field MUST be ignored. The supported_versions extension is present and MUST be used instead.]
                        [This legacy_version field MUST be ignored. The supported_versions extension is present and MUST be used instead.]
                        [Severity level: Chat]
                        [Group: Deprecated]
                Random: 50b79ffbc81cca076f113c57f1aafcc5329c77a9ff7818368c3272f714e5a439
                Session ID Length: 0
                Cipher Suites Length: 6
                Cipher Suites (3 suites)
                    Cipher Suite: TLS_AES_128_GCM_SHA256 (0x1301)
                    Cipher Suite: TLS_AES_256_GCM_SHA384 (0x1302)
                    Cipher Suite: TLS_CHACHA20_POLY1305_SHA256 (0x1303)
                Compression Methods Length: 1
                Compression Methods (1 method)
                    Compression Method: null (0)
                Extensions Length: 2246
                Extension: early_data (len=0)
                    Type: early_data (42)
                    Length: 0
                Extension: quic_transport_parameters (len=85)
                    Type: quic_transport_parameters (57)
                    Length: 85
                    Parameter: max_udp_payload_size (len=2) 1472
                        Type: max_udp_payload_size (0x03)
                        Length: 2
                        Value: 45c0
                        max_udp_payload_size: 1472
                    Parameter: initial_source_connection_id (len=0)
                        Type: initial_source_connection_id (0x0f)
                        Length: 0
                        Initial Source Connection ID: <MISSING>
                    Parameter: initial_max_data (len=4) 15728640
                        Type: initial_max_data (0x04)
                        Length: 4
                        Value: 80f00000
                        initial_max_data: 15728640
                    Parameter: initial_max_stream_data_bidi_local (len=4) 6291456
                        Type: initial_max_stream_data_bidi_local (0x05)
                        Length: 4
                        Value: 80600000
                        initial_max_stream_data_bidi_local: 6291456
                    Parameter: google_initial_rtt (len=2) 9264 us
                        Type: google_initial_rtt (0x3127)
                        Length: 2
                        Value: 6430
                        Google Initial RTT: 9264
                    Parameter: max_datagram_frame_size (len=4) 65536
                        Type: max_datagram_frame_size (0x20)
                        Length: 4
                        Value: 80010000
                        max_datagram_frame_size: 65536
                    Parameter: google_connection_options (len=4)
                        Type: google_connection_options (0x3128)
                        Length: 4
                        Value: 45434350
                        Google Connection options: 45434350
                    Parameter: initial_max_streams_uni (len=2) 103
                        Type: initial_max_streams_uni (0x09)
                        Length: 2
                        Value: 4067
                        initial_max_streams_uni: 103
                    Parameter: version_information (len=12)
                        Type: version_information (0x11)
                        Length: 12
                        Value: 000000019a4afa4a00000001
                        Chosen Version: 1 (0x00000001)
                        Other Version: Unknown (0x9a4afa4a) (GREASE)
                        Other Version: 1 (0x00000001)
                    Parameter: initial_max_stream_data_uni (len=4) 6291456
                        Type: initial_max_stream_data_uni (0x07)
                        Length: 4
                        Value: 80600000
                        initial_max_stream_data_uni: 6291456
                    Parameter: GREASE (len=0)
                        Type: GREASE (0x1d9cf3e94d7f9ec)
                        Length: 0
                    Parameter: initial_max_streams_bidi (len=2) 100
                        Type: initial_max_streams_bidi (0x08)
                        Length: 2
                        Value: 4064
                        initial_max_streams_bidi: 100
                    Parameter: max_idle_timeout (len=4) 30000 ms
                        Type: max_idle_timeout (0x01)
                        Length: 4
                        Value: 80007530
                        max_idle_timeout: 30000
                    Parameter: initial_max_stream_data_bidi_remote (len=4) 6291456
                        Type: initial_max_stream_data_bidi_remote (0x06)
                        Length: 4
                        Value: 80600000
                        initial_max_stream_data_bidi_remote: 6291456
                Extension: compress_certificate (len=3)
                    Type: compress_certificate (27)
                    Length: 3
                    Algorithms Length: 2
                    Algorithm: brotli (2)
                Extension: application_settings (len=5)
                    Type: application_settings (17613)
                    Length: 5
                    ALPS Extension Length: 3
                    Supported ALPN List
                        Supported ALPN Length: 2
                        Supported ALPN: h3
                Extension: key_share (len=1258) X25519MLKEM768, x25519
                    Type: key_share (51)
                    Length: 1258
                    Key Share extension
                        Client Key Share Length: 1256
                        Key Share Entry: Group: X25519MLKEM768, Key Exchange length: 1216
                            Group: X25519MLKEM768 (4588)
                            Key Exchange Length: 1216
                            Key Exchange […]: a67a7c27f416c7141c983a82ea9b0c9c643b8de962b1e438dc709d0dac491e52cc4ab0c827136daa1a8b1d71041b691d88869b6260696e2454da86ad884503c2e279c3870298986e35d4319d646e2d66b40fac57ac84be4fea31b98b4d7b85c7cf814861053df30658fa33cdb32
                        Key Share Entry: Group: x25519, Key Exchange length: 32
                            Group: x25519 (29)
                            Key Exchange Length: 32
                            Key Exchange: 11e067ca33b54f6053d1d5b9ccfd9b105b08f4e1ecb5635e65a347f28247863b
                Extension: application_layer_protocol_negotiation (len=5)
                    Type: application_layer_protocol_negotiation (16)
                    Length: 5
                    ALPN Extension Length: 3
                    ALPN Protocol
                        ALPN string length: 2
                        ALPN Next Protocol: h3
                Extension: supported_groups (len=10)
                    Type: supported_groups (10)
                    Length: 10
                    Supported Groups List Length: 8
                    Supported Groups (4 groups)
                        Supported Group: X25519MLKEM768 (0x11ec)
                        Supported Group: x25519 (0x001d)
                        Supported Group: secp256r1 (0x0017)
                        Supported Group: secp384r1 (0x0018)
                Extension: psk_key_exchange_modes (len=2)
                    Type: psk_key_exchange_modes (45)
                    Length: 2
                    PSK Key Exchange Modes Length: 1
                    PSK Key Exchange Mode: PSK with (EC)DHE key establishment (psk_dhe_ke) (1)
                Extension: signature_algorithms (len=20)
                    Type: signature_algorithms (13)
                    Length: 20
                    Signature Hash Algorithms Length: 18
                    Signature Hash Algorithms (9 algorithms)
                        Signature Algorithm: ecdsa_secp256r1_sha256 (0x0403)
                            Signature Hash Algorithm Hash: SHA256 (4)
                            Signature Hash Algorithm Signature: ECDSA (3)
                        Signature Algorithm: rsa_pss_rsae_sha256 (0x0804)
                            Signature Hash Algorithm Hash: Unknown (8)
                            Signature Hash Algorithm Signature: Unknown (4)
                        Signature Algorithm: rsa_pkcs1_sha256 (0x0401)
                            Signature Hash Algorithm Hash: SHA256 (4)
                            Signature Hash Algorithm Signature: RSA (1)
                        Signature Algorithm: ecdsa_secp384r1_sha384 (0x0503)
                            Signature Hash Algorithm Hash: SHA384 (5)
                            Signature Hash Algorithm Signature: ECDSA (3)
                        Signature Algorithm: rsa_pss_rsae_sha384 (0x0805)
                            Signature Hash Algorithm Hash: Unknown (8)
                            Signature Hash Algorithm Signature: Unknown (5)
                        Signature Algorithm: rsa_pkcs1_sha384 (0x0501)
                            Signature Hash Algorithm Hash: SHA384 (5)
                            Signature Hash Algorithm Signature: RSA (1)
                        Signature Algorithm: rsa_pss_rsae_sha512 (0x0806)
                            Signature Hash Algorithm Hash: Unknown (8)
                            Signature Hash Algorithm Signature: Unknown (6)
                        Signature Algorithm: rsa_pkcs1_sha512 (0x0601)
                            Signature Hash Algorithm Hash: SHA512 (6)
                            Signature Hash Algorithm Signature: RSA (1)
                        Signature Algorithm: rsa_pkcs1_sha1 (0x0201)
                            Signature Hash Algorithm Hash: SHA1 (2)
                            Signature Hash Algorithm Signature: RSA (1)
                Extension: encrypted_client_hello (len=282)
                    Type: encrypted_client_hello (65037)
                    Length: 282
                    Client Hello type: Outer Client Hello (0)
                    Cipher Suite: HKDF-SHA256/AES-128-GCM
                        KDF Id: HKDF-SHA256 (1)
                        AEAD Id: AES-128-GCM (1)
                    Config Id: 139
                    Enc length: 32
                    Enc: f83c42acfceb6e117a74f5e323b4f754308103262b68c84ba37417e134a42b06
                    Payload length: 240
                    Payload […]: 1b5e66a9f4845e1cc32bae7dad2aa4441d08161abf731b1c20bf951a901d19b4ddd831bc5a9c05fff6e6e7b5c08fd300e596bcdd0e756990f6c511d653579af76809def00906b826173fa9460293b34690268b3f63b74f6b8ef86fdfa7010f61da0b6054649fbc54aaa3f7f08f99cafa
                Extension: server_name (len=19) name=www.google.com
                    Type: server_name (0)
                    Length: 19
                    Server Name Indication extension
                        Server Name list length: 17
                        Server Name Type: host_name (0)
                        Server Name length: 14
                        Server Name: www.google.com
                Extension: supported_versions (len=3) TLS 1.3
                    Type: supported_versions (43)
                    Length: 3
                    Supported Versions length: 2
                    Supported Version: TLS 1.3 (0x0304)
                Extension: pre_shared_key (len=502)
                    Type: pre_shared_key (41)
                    Length: 502
                    Pre-Shared Key extension
                        Identities Length: 465
                        PSK Identity (length: 459)
                            Identity Length: 459
                            Identity […]: 0257eba3587a69fd62a1cac1e91c79363cf05b1638ef110fa2926833505c8d1080e14b2e9c5d037ebb2af6af7a473347068b87afe2cf60228776017da6b6913a31be61d7d2539c8f5bca37d131a53d974cf0a4971d459342e2754eb0c9e436a5a3f5892884f68990cabe101ff24fa1c
                            Obfuscated Ticket Age: 2456256060
                        PSK Binders length: 33
                        PSK Binders
                            PSK Binder (length: 32)
                                Binder Length: 32
                                Binder: 6ac45600191f3c5ba70838488696139f4bdc6ed191898d8b4839e82407d61dc0
                [JA4: q13d0313h3_55b375c5d22e_226f3f127bbe]
                [JA4_r: q13d0313h3_1301,1302,1303_000a,000d,001b,0029,002a,002b,002d,0033,0039,44cd,fe0d_0403,0804,0401,0503,0805,0501,0806,0601,0201]
                [JA3 Fullstring: 771,4865-4866-4867,42-57-27-17613-51-16-10-45-13-65037-0-43-41,4588-29-23-24,]
                [JA3: 98d882b753ab5b46348fb0fb6f601160]

Frame 41: Packet, 86 bytes on wire (688 bits), 86 bytes captured (688 bits) on interface \Device\NPF_{9B9257DC-FAC1-4993-B12F-136D7BA5E874}, id 0
    Section number: 1
    Interface id: 0 (\Device\NPF_{9B9257DC-FAC1-4993-B12F-136D7BA5E874})
        Interface name: \Device\NPF_{9B9257DC-FAC1-4993-B12F-136D7BA5E874}
        Interface description: Wi-Fi
    Encapsulation type: Ethernet (1)
    Arrival Time: Apr  9, 2026 18:27:59.520922100 India Standard Time
    UTC Arrival Time: Apr  9, 2026 12:57:59.520922100 UTC
    Epoch Arrival Time: 1775739479.520922100
    [Time shift for this packet: 0.000000000 seconds]
    [Time delta from previous captured frame: 6.814600 milliseconds]
    [Time delta from previous displayed frame: 6.814600 milliseconds]
    [Time since reference or first frame: 89.810100 milliseconds]
    Frame Number: 41
    Frame Length: 86 bytes (688 bits)
    Capture Length: 86 bytes (688 bits)
    [Frame is marked: False]
    [Frame is ignored: False]
    [Protocols in frame: eth:ethertype:vlan:ethertype:ip:udp:quic]
    Character encoding: ASCII (0)
Ethernet II, Src: HewlettPacka_3a:cc:1d (28:92:4a:3a:cc:1d), Dst: 96:77:0b:05:d4:0b (96:77:0b:05:d4:0b)
    Destination: 96:77:0b:05:d4:0b (96:77:0b:05:d4:0b)
        .... ..1. .... .... .... .... = LG bit: Locally administered address (this is NOT the factory default)
        .... ...0 .... .... .... .... = IG bit: Individual address (unicast)
    Source: HewlettPacka_3a:cc:1d (28:92:4a:3a:cc:1d)
        .... ..0. .... .... .... .... = LG bit: Globally unique address (factory default)
        .... ...0 .... .... .... .... = IG bit: Individual address (unicast)
    Type: 802.1Q Virtual LAN (0x8100)
    [Stream index: 0]
802.1Q Virtual LAN, PRI: 0, DEI: 0, ID: 0
    000. .... .... .... = Priority: Best Effort (default) (0)
    ...0 .... .... .... = DEI: Ineligible
    .... 0000 0000 0000 = ID: 0
    Type: IPv4 (0x0800)
Internet Protocol Version 4, Src: 142.251.152.119, Dst: 172.16.90.227
    0100 .... = Version: 4
    .... 0101 = Header Length: 20 bytes (5)
    Differentiated Services Field: 0xb8 (DSCP: EF, ECN: Not-ECT)
        1011 10.. = Differentiated Services Codepoint: Expedited Forwarding (46)
        .... ..00 = Explicit Congestion Notification: Not ECN-Capable Transport (0)
    Total Length: 68
    Identification: 0x0000 (0)
    010. .... = Flags: 0x2, Don't fragment
        0... .... = Reserved bit: Not set
        .1.. .... = Don't fragment: Set
        ..0. .... = More fragments: Not set
    ...0 0000 0000 0000 = Fragment Offset: 0
    Time to Live: 57
    Protocol: UDP (17)
    Header Checksum: 0x128b [validation disabled]
    [Header checksum status: Unverified]
    Source Address: 142.251.152.119
    Destination Address: 172.16.90.227
    [Stream index: 0]
User Datagram Protocol, Src Port: 443, Dst Port: 54799
    Source Port: 443
    Destination Port: 54799
    Length: 48
    Checksum: 0x6ff0 [unverified]
    [Checksum Status: Unverified]
    [Stream index: 3]
    [Stream Packet Number: 4]
    [Timestamps]
        [Time since first frame: 6.897300 milliseconds]
        [Time since previous frame: 6.814600 milliseconds]
    UDP payload (40 bytes)
QUIC IETF
    QUIC Connection information
        [Connection Number: 3]
    [Packet Length: 40]
    1... .... = Header Form: Long Header (1)
    .1.. .... = Fixed Bit: True
    ..00 .... = Packet Type: Initial (0)
    [.... 00.. = Reserved: 0]
    [.... ..00 = Packet Number Length: 1 bytes (0)]
    Version: 1 (0x00000001)
    Destination Connection ID Length: 0
    Source Connection ID Length: 8
    Source Connection ID: e16798c51ec2ab9f
    Token Length: 0
    Length: 22
    [Packet Number: 1]
    Payload: 298954b28e65aa2941d07b4a2cf3dfb7cedb97ad29
    ACK
        Frame Type: ACK (0x0000000000000002)
        Largest Acknowledged: 1
        ACK Delay: 0
        ACK Range Count: 0
        First ACK Range: 0

Frame 42: Packet, 86 bytes on wire (688 bits), 86 bytes captured (688 bits) on interface \Device\NPF_{9B9257DC-FAC1-4993-B12F-136D7BA5E874}, id 0
    Section number: 1
    Interface id: 0 (\Device\NPF_{9B9257DC-FAC1-4993-B12F-136D7BA5E874})
        Interface name: \Device\NPF_{9B9257DC-FAC1-4993-B12F-136D7BA5E874}
        Interface description: Wi-Fi
    Encapsulation type: Ethernet (1)
    Arrival Time: Apr  9, 2026 18:27:59.520922100 India Standard Time
    UTC Arrival Time: Apr  9, 2026 12:57:59.520922100 UTC
    Epoch Arrival Time: 1775739479.520922100
    [Time shift for this packet: 0.000000000 seconds]
    [Time delta from previous captured frame: 0.000000000 seconds]
    [Time delta from previous displayed frame: 0.000000000 seconds]
    [Time since reference or first frame: 89.810100 milliseconds]
    Frame Number: 42
    Frame Length: 86 bytes (688 bits)
    Capture Length: 86 bytes (688 bits)
    [Frame is marked: False]
    [Frame is ignored: False]
    [Protocols in frame: eth:ethertype:vlan:ethertype:ip:udp:quic]
    Character encoding: ASCII (0)
Ethernet II, Src: HewlettPacka_3a:cc:1d (28:92:4a:3a:cc:1d), Dst: 96:77:0b:05:d4:0b (96:77:0b:05:d4:0b)
    Destination: 96:77:0b:05:d4:0b (96:77:0b:05:d4:0b)
        .... ..1. .... .... .... .... = LG bit: Locally administered address (this is NOT the factory default)
        .... ...0 .... .... .... .... = IG bit: Individual address (unicast)
    Source: HewlettPacka_3a:cc:1d (28:92:4a:3a:cc:1d)
        .... ..0. .... .... .... .... = LG bit: Globally unique address (factory default)
        .... ...0 .... .... .... .... = IG bit: Individual address (unicast)
    Type: 802.1Q Virtual LAN (0x8100)
    [Stream index: 0]
802.1Q Virtual LAN, PRI: 0, DEI: 0, ID: 0
    000. .... .... .... = Priority: Best Effort (default) (0)
    ...0 .... .... .... = DEI: Ineligible
    .... 0000 0000 0000 = ID: 0
    Type: IPv4 (0x0800)
Internet Protocol Version 4, Src: 142.251.152.119, Dst: 172.16.90.227
    0100 .... = Version: 4
    .... 0101 = Header Length: 20 bytes (5)
    Differentiated Services Field: 0xb8 (DSCP: EF, ECN: Not-ECT)
        1011 10.. = Differentiated Services Codepoint: Expedited Forwarding (46)
        .... ..00 = Explicit Congestion Notification: Not ECN-Capable Transport (0)
    Total Length: 68
    Identification: 0x0000 (0)
    010. .... = Flags: 0x2, Don't fragment
        0... .... = Reserved bit: Not set
        .1.. .... = Don't fragment: Set
        ..0. .... = More fragments: Not set
    ...0 0000 0000 0000 = Fragment Offset: 0
    Time to Live: 57
    Protocol: UDP (17)
    Header Checksum: 0x128b [validation disabled]
    [Header checksum status: Unverified]
    Source Address: 142.251.152.119
    Destination Address: 172.16.90.227
    [Stream index: 0]
User Datagram Protocol, Src Port: 443, Dst Port: 54799
    Source Port: 443
    Destination Port: 54799
    Length: 48
    Checksum: 0x2939 [unverified]
    [Checksum Status: Unverified]
    [Stream index: 3]
    [Stream Packet Number: 5]
    [Timestamps]
        [Time since first frame: 6.897300 milliseconds]
        [Time since previous frame: 0.000000000 seconds]
    UDP payload (40 bytes)
QUIC IETF
    QUIC Connection information
        [Connection Number: 3]
    [Packet Length: 40]
    1... .... = Header Form: Long Header (1)
    .1.. .... = Fixed Bit: True
    ..00 .... = Packet Type: Initial (0)
    [.... 00.. = Reserved: 0]
    [.... ..00 = Packet Number Length: 1 bytes (0)]
    Version: 1 (0x00000001)
    Destination Connection ID Length: 0
    Source Connection ID Length: 8
    Source Connection ID: e16798c51ec2ab9f
    Token Length: 0
    Length: 22
    [Packet Number: 2]
    Payload: bccee2cd5c930054fea2cf9b4fb32153b31581b957
    ACK
        Frame Type: ACK (0x0000000000000002)
        Largest Acknowledged: 2
        ACK Delay: 0
        ACK Range Count: 0
        First ACK Range: 1

Frame 43: Packet, 1296 bytes on wire (10368 bits), 1296 bytes captured (10368 bits) on interface \Device\NPF_{9B9257DC-FAC1-4993-B12F-136D7BA5E874}, id 0
    Section number: 1
    Interface id: 0 (\Device\NPF_{9B9257DC-FAC1-4993-B12F-136D7BA5E874})
        Interface name: \Device\NPF_{9B9257DC-FAC1-4993-B12F-136D7BA5E874}
        Interface description: Wi-Fi
    Encapsulation type: Ethernet (1)
    Arrival Time: Apr  9, 2026 18:27:59.520922100 India Standard Time
    UTC Arrival Time: Apr  9, 2026 12:57:59.520922100 UTC
    Epoch Arrival Time: 1775739479.520922100
    [Time shift for this packet: 0.000000000 seconds]
    [Time delta from previous captured frame: 0.000000000 seconds]
    [Time delta from previous displayed frame: 0.000000000 seconds]
    [Time since reference or first frame: 89.810100 milliseconds]
    Frame Number: 43
    Frame Length: 1296 bytes (10368 bits)
    Capture Length: 1296 bytes (10368 bits)
    [Frame is marked: False]
    [Frame is ignored: False]
    [Protocols in frame: eth:ethertype:vlan:ethertype:ip:udp:quic]
    Character encoding: ASCII (0)
Ethernet II, Src: HewlettPacka_3a:cc:1d (28:92:4a:3a:cc:1d), Dst: 96:77:0b:05:d4:0b (96:77:0b:05:d4:0b)
    Destination: 96:77:0b:05:d4:0b (96:77:0b:05:d4:0b)
        .... ..1. .... .... .... .... = LG bit: Locally administered address (this is NOT the factory default)
        .... ...0 .... .... .... .... = IG bit: Individual address (unicast)
    Source: HewlettPacka_3a:cc:1d (28:92:4a:3a:cc:1d)
        .... ..0. .... .... .... .... = LG bit: Globally unique address (factory default)
        .... ...0 .... .... .... .... = IG bit: Individual address (unicast)
    Type: 802.1Q Virtual LAN (0x8100)
    [Stream index: 0]
802.1Q Virtual LAN, PRI: 0, DEI: 0, ID: 0
    000. .... .... .... = Priority: Best Effort (default) (0)
    ...0 .... .... .... = DEI: Ineligible
    .... 0000 0000 0000 = ID: 0
    Type: IPv4 (0x0800)
Internet Protocol Version 4, Src: 142.251.152.119, Dst: 172.16.90.227
    0100 .... = Version: 4
    .... 0101 = Header Length: 20 bytes (5)
    Differentiated Services Field: 0xb8 (DSCP: EF, ECN: Not-ECT)
        1011 10.. = Differentiated Services Codepoint: Expedited Forwarding (46)
        .... ..00 = Explicit Congestion Notification: Not ECN-Capable Transport (0)
    Total Length: 1278
    Identification: 0x0000 (0)
    010. .... = Flags: 0x2, Don't fragment
        0... .... = Reserved bit: Not set
        .1.. .... = Don't fragment: Set
        ..0. .... = More fragments: Not set
    ...0 0000 0000 0000 = Fragment Offset: 0
    Time to Live: 57
    Protocol: UDP (17)
    Header Checksum: 0x0dd1 [validation disabled]
    [Header checksum status: Unverified]
    Source Address: 142.251.152.119
    Destination Address: 172.16.90.227
    [Stream index: 0]
User Datagram Protocol, Src Port: 443, Dst Port: 54799
    Source Port: 443
    Destination Port: 54799
    Length: 1258
    Checksum: 0x658a [unverified]
    [Checksum Status: Unverified]
    [Stream index: 3]
    [Stream Packet Number: 6]
    [Timestamps]
        [Time since first frame: 6.897300 milliseconds]
        [Time since previous frame: 0.000000000 seconds]
    UDP payload (1250 bytes)
QUIC IETF
    QUIC Connection information
        [Connection Number: 3]
    [Packet Length: 1250]
    1... .... = Header Form: Long Header (1)
    .1.. .... = Fixed Bit: True
    ..00 .... = Packet Type: Initial (0)
    [.... 00.. = Reserved: 0]
    [.... ..00 = Packet Number Length: 1 bytes (0)]
    Version: 1 (0x00000001)
    Destination Connection ID Length: 0
    Source Connection ID Length: 8
    Source Connection ID: e16798c51ec2ab9f
    Token Length: 0
    Length: 1232
    [Packet Number: 3]
    Payload […]: 269f1e7960ce4fe3833809103f6242ed83b37b976f225865f7160a95531f275faf98c281b9356bca90a5f7613bb709fd504e8e2e2b6c0be11334895f7d6eed0b0968d4a3393167764513f844a1175b8f33c3217586b42f6685090e7b99882fdcca13e55371477cf6ba976bd0a4e8e844
    ACK
        Frame Type: ACK (0x0000000000000002)
        Largest Acknowledged: 3
        ACK Delay: 0
        ACK Range Count: 1
        First ACK Range: 0
        Gap: 0
        ACK Range: 0
    PADDING Length: 1208
        Frame Type: PADDING (0x0000000000000000)
        [Padding Length: 1208]

Frame 44: Packet, 1296 bytes on wire (10368 bits), 1296 bytes captured (10368 bits) on interface \Device\NPF_{9B9257DC-FAC1-4993-B12F-136D7BA5E874}, id 0
    Section number: 1
    Interface id: 0 (\Device\NPF_{9B9257DC-FAC1-4993-B12F-136D7BA5E874})
        Interface name: \Device\NPF_{9B9257DC-FAC1-4993-B12F-136D7BA5E874}
        Interface description: Wi-Fi
    Encapsulation type: Ethernet (1)
    Arrival Time: Apr  9, 2026 18:27:59.520922100 India Standard Time
    UTC Arrival Time: Apr  9, 2026 12:57:59.520922100 UTC
    Epoch Arrival Time: 1775739479.520922100
    [Time shift for this packet: 0.000000000 seconds]
    [Time delta from previous captured frame: 0.000000000 seconds]
    [Time delta from previous displayed frame: 0.000000000 seconds]
    [Time since reference or first frame: 89.810100 milliseconds]
    Frame Number: 44
    Frame Length: 1296 bytes (10368 bits)
    Capture Length: 1296 bytes (10368 bits)
    [Frame is marked: False]
    [Frame is ignored: False]
    [Protocols in frame: eth:ethertype:vlan:ethertype:ip:udp:quic]
    Character encoding: ASCII (0)
Ethernet II, Src: HewlettPacka_3a:cc:1d (28:92:4a:3a:cc:1d), Dst: 96:77:0b:05:d4:0b (96:77:0b:05:d4:0b)
    Destination: 96:77:0b:05:d4:0b (96:77:0b:05:d4:0b)
        .... ..1. .... .... .... .... = LG bit: Locally administered address (this is NOT the factory default)
        .... ...0 .... .... .... .... = IG bit: Individual address (unicast)
    Source: HewlettPacka_3a:cc:1d (28:92:4a:3a:cc:1d)
        .... ..0. .... .... .... .... = LG bit: Globally unique address (factory default)
        .... ...0 .... .... .... .... = IG bit: Individual address (unicast)
    Type: 802.1Q Virtual LAN (0x8100)
    [Stream index: 0]
802.1Q Virtual LAN, PRI: 0, DEI: 0, ID: 0
    000. .... .... .... = Priority: Best Effort (default) (0)
    ...0 .... .... .... = DEI: Ineligible
    .... 0000 0000 0000 = ID: 0
    Type: IPv4 (0x0800)
Internet Protocol Version 4, Src: 142.251.152.119, Dst: 172.16.90.227
    0100 .... = Version: 4
    .... 0101 = Header Length: 20 bytes (5)
    Differentiated Services Field: 0xb8 (DSCP: EF, ECN: Not-ECT)
        1011 10.. = Differentiated Services Codepoint: Expedited Forwarding (46)
        .... ..00 = Explicit Congestion Notification: Not ECN-Capable Transport (0)
    Total Length: 1278
    Identification: 0x0000 (0)
    010. .... = Flags: 0x2, Don't fragment
        0... .... = Reserved bit: Not set
        .1.. .... = Don't fragment: Set
        ..0. .... = More fragments: Not set
    ...0 0000 0000 0000 = Fragment Offset: 0
    Time to Live: 57
    Protocol: UDP (17)
    Header Checksum: 0x0dd1 [validation disabled]
    [Header checksum status: Unverified]
    Source Address: 142.251.152.119
    Destination Address: 172.16.90.227
    [Stream index: 0]
User Datagram Protocol, Src Port: 443, Dst Port: 54799
    Source Port: 443
    Destination Port: 54799
    Length: 1258
    Checksum: 0x333e [unverified]
    [Checksum Status: Unverified]
    [Stream index: 3]
    [Stream Packet Number: 7]
    [Timestamps]
        [Time since first frame: 6.897300 milliseconds]
        [Time since previous frame: 0.000000000 seconds]
    UDP payload (1250 bytes)
QUIC IETF
    QUIC Connection information
        [Connection Number: 3]
    [Packet Length: 1250]
    1... .... = Header Form: Long Header (1)
    .1.. .... = Fixed Bit: True
    ..00 .... = Packet Type: Initial (0)
    [.... 00.. = Reserved: 0]
    [.... ..00 = Packet Number Length: 1 bytes (0)]
    Version: 1 (0x00000001)
    Destination Connection ID Length: 0
    Source Connection ID Length: 8
    Source Connection ID: e16798c51ec2ab9f
    Token Length: 0
    Length: 1232
    [Packet Number: 4]
    Payload […]: 0d4fe20692ee30574178ad59518389a3983356c7b6299f858576faed267b3ee4941e947973665b4e360fb34dfc0ac0d9bddb18fe3e4b886a8237c71ebbc2ed7ab68713f99ade9be0257a8ec7a48d715fd5299ff01c5bf372a1b814e8a33c41c39fcb805180fb599e76fcd60351e9976f
    ACK
        Frame Type: ACK (0x0000000000000002)
        Largest Acknowledged: 3
        ACK Delay: 0
        ACK Range Count: 0
        First ACK Range: 2
    PADDING Length: 1210
        Frame Type: PADDING (0x0000000000000000)
        [Padding Length: 1210]

Frame 45: Packet, 88 bytes on wire (704 bits), 88 bytes captured (704 bits) on interface \Device\NPF_{9B9257DC-FAC1-4993-B12F-136D7BA5E874}, id 0
    Section number: 1
    Interface id: 0 (\Device\NPF_{9B9257DC-FAC1-4993-B12F-136D7BA5E874})
        Interface name: \Device\NPF_{9B9257DC-FAC1-4993-B12F-136D7BA5E874}
        Interface description: Wi-Fi
    Encapsulation type: Ethernet (1)
    Arrival Time: Apr  9, 2026 18:27:59.521436100 India Standard Time
    UTC Arrival Time: Apr  9, 2026 12:57:59.521436100 UTC
    Epoch Arrival Time: 1775739479.521436100
    [Time shift for this packet: 0.000000000 seconds]
    [Time delta from previous captured frame: 514.000 microseconds]
    [Time delta from previous displayed frame: 514.000 microseconds]
    [Time since reference or first frame: 90.324100 milliseconds]
    Frame Number: 45
    Frame Length: 88 bytes (704 bits)
    Capture Length: 88 bytes (704 bits)
    [Frame is marked: False]
    [Frame is ignored: False]
    [Protocols in frame: eth:ethertype:ip:udp:quic]
    Character encoding: ASCII (0)
Ethernet II, Src: 96:77:0b:05:d4:0b (96:77:0b:05:d4:0b), Dst: HewlettPacka_3a:cc:1d (28:92:4a:3a:cc:1d)
    Destination: HewlettPacka_3a:cc:1d (28:92:4a:3a:cc:1d)
        .... ..0. .... .... .... .... = LG bit: Globally unique address (factory default)
        .... ...0 .... .... .... .... = IG bit: Individual address (unicast)
    Source: 96:77:0b:05:d4:0b (96:77:0b:05:d4:0b)
        .... ..1. .... .... .... .... = LG bit: Locally administered address (this is NOT the factory default)
        .... ...0 .... .... .... .... = IG bit: Individual address (unicast)
    Type: IPv4 (0x0800)
    [Stream index: 0]
Internet Protocol Version 4, Src: 172.16.90.227, Dst: 142.251.152.119
    0100 .... = Version: 4
    .... 0101 = Header Length: 20 bytes (5)
    Differentiated Services Field: 0x00 (DSCP: CS0, ECN: Not-ECT)
        0000 00.. = Differentiated Services Codepoint: Default (0)
        .... ..00 = Explicit Congestion Notification: Not ECN-Capable Transport (0)
    Total Length: 74
    Identification: 0x3c03 (15363)
    010. .... = Flags: 0x2, Don't fragment
        0... .... = Reserved bit: Not set
        .1.. .... = Don't fragment: Set
        ..0. .... = More fragments: Not set
    ...0 0000 0000 0000 = Fragment Offset: 0
    Time to Live: 128
    Protocol: UDP (17)
    Header Checksum: 0x0000 [validation disabled]
    [Header checksum status: Unverified]
    Source Address: 172.16.90.227
    Destination Address: 142.251.152.119
    [Stream index: 0]
User Datagram Protocol, Src Port: 56200, Dst Port: 443
    Source Port: 56200
    Destination Port: 443
    Length: 54
    Checksum: 0x2eae [unverified]
    [Checksum Status: Unverified]
    [Stream index: 0]
    [Stream Packet Number: 30]
    [Timestamps]
        [Time since first frame: 90.324100 milliseconds]
        [Time since previous frame: 16.783800 milliseconds]
    UDP payload (46 bytes)
QUIC IETF
    QUIC Connection information
        [Connection Number: 0]
    [Packet Length: 46]
    QUIC Short Header DCID=e4c2d7feefc37a61
        0... .... = Header Form: Short Header (0)
        .1.. .... = Fixed Bit: True
        ..0. .... = Spin Bit: False
        Destination Connection ID: e4c2d7feefc37a61
    Remaining Payload: 889be156d73af2fc101320bfe8774ab4a0ca4a61e3b8c3bf180ec5482781d1b97d9d6ea09b

Frame 46: Packet, 1292 bytes on wire (10336 bits), 1292 bytes captured (10336 bits) on interface \Device\NPF_{9B9257DC-FAC1-4993-B12F-136D7BA5E874}, id 0
    Section number: 1
    Interface id: 0 (\Device\NPF_{9B9257DC-FAC1-4993-B12F-136D7BA5E874})
        Interface name: \Device\NPF_{9B9257DC-FAC1-4993-B12F-136D7BA5E874}
        Interface description: Wi-Fi
    Encapsulation type: Ethernet (1)
    Arrival Time: Apr  9, 2026 18:27:59.523284200 India Standard Time
    UTC Arrival Time: Apr  9, 2026 12:57:59.523284200 UTC
    Epoch Arrival Time: 1775739479.523284200
    [Time shift for this packet: 0.000000000 seconds]
    [Time delta from previous captured frame: 1.848100 milliseconds]
    [Time delta from previous displayed frame: 1.848100 milliseconds]
    [Time since reference or first frame: 92.172200 milliseconds]
    Frame Number: 46
    Frame Length: 1292 bytes (10336 bits)
    Capture Length: 1292 bytes (10336 bits)
    [Frame is marked: False]
    [Frame is ignored: False]
    [Protocols in frame: eth:ethertype:ip:udp:quic]
    Character encoding: ASCII (0)
Ethernet II, Src: 96:77:0b:05:d4:0b (96:77:0b:05:d4:0b), Dst: HewlettPacka_3a:cc:1d (28:92:4a:3a:cc:1d)
    Destination: HewlettPacka_3a:cc:1d (28:92:4a:3a:cc:1d)
        .... ..0. .... .... .... .... = LG bit: Globally unique address (factory default)
        .... ...0 .... .... .... .... = IG bit: Individual address (unicast)
    Source: 96:77:0b:05:d4:0b (96:77:0b:05:d4:0b)
        .... ..1. .... .... .... .... = LG bit: Locally administered address (this is NOT the factory default)
        .... ...0 .... .... .... .... = IG bit: Individual address (unicast)
    Type: IPv4 (0x0800)
    [Stream index: 0]
Internet Protocol Version 4, Src: 172.16.90.227, Dst: 142.251.152.119
    0100 .... = Version: 4
    .... 0101 = Header Length: 20 bytes (5)
    Differentiated Services Field: 0x00 (DSCP: CS0, ECN: Not-ECT)
        0000 00.. = Differentiated Services Codepoint: Default (0)
        .... ..00 = Explicit Congestion Notification: Not ECN-Capable Transport (0)
    Total Length: 1278
    Identification: 0x3c04 (15364)
    010. .... = Flags: 0x2, Don't fragment
        0... .... = Reserved bit: Not set
        .1.. .... = Don't fragment: Set
        ..0. .... = More fragments: Not set
    ...0 0000 0000 0000 = Fragment Offset: 0
    Time to Live: 128
    Protocol: UDP (17)
    Header Checksum: 0x0000 [validation disabled]
    [Header checksum status: Unverified]
    Source Address: 172.16.90.227
    Destination Address: 142.251.152.119
    [Stream index: 0]
User Datagram Protocol, Src Port: 54799, Dst Port: 443
    Source Port: 54799
    Destination Port: 443
    Length: 1258
    Checksum: 0x3362 [unverified]
    [Checksum Status: Unverified]
    [Stream index: 3]
    [Stream Packet Number: 8]
    [Timestamps]
        [Time since first frame: 9.259400 milliseconds]
        [Time since previous frame: 2.362100 milliseconds]
    UDP payload (1250 bytes)
QUIC IETF
    QUIC Connection information
        [Connection Number: 3]
    [Packet Length: 1250]
    1... .... = Header Form: Long Header (1)
    .1.. .... = Fixed Bit: True
    ..00 .... = Packet Type: Initial (0)
    [.... 00.. = Reserved: 0]
    [.... ..01 = Packet Number Length: 2 bytes (1)]
    Version: 1 (0x00000001)
    Destination Connection ID Length: 8
    Destination Connection ID: e16798c51ec2ab9f
    Source Connection ID Length: 0
    Token Length: 86
    Token: 00dc42a469bd52f49cfad06f25fbc1a3442174bb71db11dd0b6858cb2cf498991d54acd2e66023aced1f7d8be8ef1f44665fd868fecc340ff5b5c481a33d821934ff2be968849bee7d6fded53203b9e6723a29d89959
    Length: 1145
    [Packet Number: 4]
    Payload […]: 09aa8d0dd712aee62fad3afd2671f6288edbc4298ae869b27207e849b23d00eb916f06f90914b77d33693bdd580af8e3d3527c5c6b35f4936ad965676275161336f85a03e9a9ca613d735199f91dc689930baf06e1579005b87da0c1e519c45f5377de466e01678e9e6e3b9e0ecf8568
    ACK
        Frame Type: ACK (0x0000000000000002)
        Largest Acknowledged: 4
        ACK Delay: 246
        ACK Range Count: 0
        First ACK Range: 3
    CONNECTION_CLOSE (Transport) Error code: NO_ERROR
        Frame Type: CONNECTION_CLOSE (Transport) (0x000000000000001c)
        Error code: NO_ERROR (0)
        Frame Type: 0
        Reason phrase Length: 12
        Reason phrase: 70:net error
    PADDING Length: 1105
        Frame Type: PADDING (0x0000000000000000)
        [Padding Length: 1105]

Frame 47: Packet, 90 bytes on wire (720 bits), 90 bytes captured (720 bits) on interface \Device\NPF_{9B9257DC-FAC1-4993-B12F-136D7BA5E874}, id 0
    Section number: 1
    Interface id: 0 (\Device\NPF_{9B9257DC-FAC1-4993-B12F-136D7BA5E874})
        Interface name: \Device\NPF_{9B9257DC-FAC1-4993-B12F-136D7BA5E874}
        Interface description: Wi-Fi
    Encapsulation type: Ethernet (1)
    Arrival Time: Apr  9, 2026 18:27:59.523435100 India Standard Time
    UTC Arrival Time: Apr  9, 2026 12:57:59.523435100 UTC
    Epoch Arrival Time: 1775739479.523435100
    [Time shift for this packet: 0.000000000 seconds]
    [Time delta from previous captured frame: 150.900 microseconds]
    [Time delta from previous displayed frame: 150.900 microseconds]
    [Time since reference or first frame: 92.323100 milliseconds]
    Frame Number: 47
    Frame Length: 90 bytes (720 bits)
    Capture Length: 90 bytes (720 bits)
    [Frame is marked: False]
    [Frame is ignored: False]
    [Protocols in frame: eth:ethertype:ip:udp:quic]
    Character encoding: ASCII (0)
Ethernet II, Src: 96:77:0b:05:d4:0b (96:77:0b:05:d4:0b), Dst: HewlettPacka_3a:cc:1d (28:92:4a:3a:cc:1d)
    Destination: HewlettPacka_3a:cc:1d (28:92:4a:3a:cc:1d)
        .... ..0. .... .... .... .... = LG bit: Globally unique address (factory default)
        .... ...0 .... .... .... .... = IG bit: Individual address (unicast)
    Source: 96:77:0b:05:d4:0b (96:77:0b:05:d4:0b)
        .... ..1. .... .... .... .... = LG bit: Locally administered address (this is NOT the factory default)
        .... ...0 .... .... .... .... = IG bit: Individual address (unicast)
    Type: IPv4 (0x0800)
    [Stream index: 0]
Internet Protocol Version 4, Src: 172.16.90.227, Dst: 142.251.152.119
    0100 .... = Version: 4
    .... 0101 = Header Length: 20 bytes (5)
    Differentiated Services Field: 0x00 (DSCP: CS0, ECN: Not-ECT)
        0000 00.. = Differentiated Services Codepoint: Default (0)
        .... ..00 = Explicit Congestion Notification: Not ECN-Capable Transport (0)
    Total Length: 76
    Identification: 0x3c05 (15365)
    010. .... = Flags: 0x2, Don't fragment
        0... .... = Reserved bit: Not set
        .1.. .... = Don't fragment: Set
        ..0. .... = More fragments: Not set
    ...0 0000 0000 0000 = Fragment Offset: 0
    Time to Live: 128
    Protocol: UDP (17)
    Header Checksum: 0x0000 [validation disabled]
    [Header checksum status: Unverified]
    Source Address: 172.16.90.227
    Destination Address: 142.251.152.119
    [Stream index: 0]
User Datagram Protocol, Src Port: 56200, Dst Port: 443
    Source Port: 56200
    Destination Port: 443
    Length: 56
    Checksum: 0x2eb0 [unverified]
    [Checksum Status: Unverified]
    [Stream index: 0]
    [Stream Packet Number: 31]
    [Timestamps]
        [Time since first frame: 92.323100 milliseconds]
        [Time since previous frame: 1.999000 milliseconds]
    UDP payload (48 bytes)
QUIC IETF
    QUIC Connection information
        [Connection Number: 0]
    [Packet Length: 48]
    QUIC Short Header DCID=e4c2d7feefc37a61
        0... .... = Header Form: Short Header (0)
        .1.. .... = Fixed Bit: True
        ..0. .... = Spin Bit: False
        Destination Connection ID: e4c2d7feefc37a61
    Remaining Payload: 3570db61ce034694ad791c24e1b7e75b95f7ec4d363621744789194a7c4c05169299799084d1fc

Frame 48: Packet, 74 bytes on wire (592 bits), 74 bytes captured (592 bits) on interface \Device\NPF_{9B9257DC-FAC1-4993-B12F-136D7BA5E874}, id 0
    Section number: 1
    Interface id: 0 (\Device\NPF_{9B9257DC-FAC1-4993-B12F-136D7BA5E874})
        Interface name: \Device\NPF_{9B9257DC-FAC1-4993-B12F-136D7BA5E874}
        Interface description: Wi-Fi
    Encapsulation type: Ethernet (1)
    Arrival Time: Apr  9, 2026 18:27:59.525968200 India Standard Time
    UTC Arrival Time: Apr  9, 2026 12:57:59.525968200 UTC
    Epoch Arrival Time: 1775739479.525968200
    [Time shift for this packet: 0.000000000 seconds]
    [Time delta from previous captured frame: 2.533100 milliseconds]
    [Time delta from previous displayed frame: 2.533100 milliseconds]
    [Time since reference or first frame: 94.856200 milliseconds]
    Frame Number: 48
    Frame Length: 74 bytes (592 bits)
    Capture Length: 74 bytes (592 bits)
    [Frame is marked: False]
    [Frame is ignored: False]
    [Protocols in frame: eth:ethertype:vlan:ethertype:ip:udp:quic]
    Character encoding: ASCII (0)
Ethernet II, Src: HewlettPacka_3a:cc:1d (28:92:4a:3a:cc:1d), Dst: 96:77:0b:05:d4:0b (96:77:0b:05:d4:0b)
    Destination: 96:77:0b:05:d4:0b (96:77:0b:05:d4:0b)
        .... ..1. .... .... .... .... = LG bit: Locally administered address (this is NOT the factory default)
        .... ...0 .... .... .... .... = IG bit: Individual address (unicast)
    Source: HewlettPacka_3a:cc:1d (28:92:4a:3a:cc:1d)
        .... ..0. .... .... .... .... = LG bit: Globally unique address (factory default)
        .... ...0 .... .... .... .... = IG bit: Individual address (unicast)
    Type: 802.1Q Virtual LAN (0x8100)
    [Stream index: 0]
802.1Q Virtual LAN, PRI: 0, DEI: 0, ID: 0
    000. .... .... .... = Priority: Best Effort (default) (0)
    ...0 .... .... .... = DEI: Ineligible
    .... 0000 0000 0000 = ID: 0
    Type: IPv4 (0x0800)
Internet Protocol Version 4, Src: 142.251.152.119, Dst: 172.16.90.227
    0100 .... = Version: 4
    .... 0101 = Header Length: 20 bytes (5)
    Differentiated Services Field: 0xb8 (DSCP: EF, ECN: Not-ECT)
        1011 10.. = Differentiated Services Codepoint: Expedited Forwarding (46)
        .... ..00 = Explicit Congestion Notification: Not ECN-Capable Transport (0)
    Total Length: 56
    Identification: 0x0000 (0)
    010. .... = Flags: 0x2, Don't fragment
        0... .... = Reserved bit: Not set
        .1.. .... = Don't fragment: Set
        ..0. .... = More fragments: Not set
    ...0 0000 0000 0000 = Fragment Offset: 0
    Time to Live: 57
    Protocol: UDP (17)
    Header Checksum: 0x1297 [validation disabled]
    [Header checksum status: Unverified]
    Source Address: 142.251.152.119
    Destination Address: 172.16.90.227
    [Stream index: 0]
User Datagram Protocol, Src Port: 443, Dst Port: 56200
    Source Port: 443
    Destination Port: 56200
    Length: 36
    Checksum: 0x02d6 [unverified]
    [Checksum Status: Unverified]
    [Stream index: 0]
    [Stream Packet Number: 32]
    [Timestamps]
        [Time since first frame: 94.856200 milliseconds]
        [Time since previous frame: 2.533100 milliseconds]
    UDP payload (28 bytes)
QUIC IETF
    QUIC Connection information
        [Connection Number: 0]
    [Packet Length: 28]
    QUIC Short Header
        0... .... = Header Form: Short Header (0)
        .1.. .... = Fixed Bit: True
        ..0. .... = Spin Bit: False
    Remaining Payload: 03dd350803bddc135014aa78e4c0301c12c7f8b56287776a8f0989

Frame 49: Packet, 1296 bytes on wire (10368 bits), 1296 bytes captured (10368 bits) on interface \Device\NPF_{9B9257DC-FAC1-4993-B12F-136D7BA5E874}, id 0
    Section number: 1
    Interface id: 0 (\Device\NPF_{9B9257DC-FAC1-4993-B12F-136D7BA5E874})
        Interface name: \Device\NPF_{9B9257DC-FAC1-4993-B12F-136D7BA5E874}
        Interface description: Wi-Fi
    Encapsulation type: Ethernet (1)
    Arrival Time: Apr  9, 2026 18:28:00.187904400 India Standard Time
    UTC Arrival Time: Apr  9, 2026 12:58:00.187904400 UTC
    Epoch Arrival Time: 1775739480.187904400
    [Time shift for this packet: 0.000000000 seconds]
    [Time delta from previous captured frame: 661.936200 milliseconds]
    [Time delta from previous displayed frame: 661.936200 milliseconds]
    [Time since reference or first frame: 756.792400 milliseconds]
    Frame Number: 49
    Frame Length: 1296 bytes (10368 bits)
    Capture Length: 1296 bytes (10368 bits)
    [Frame is marked: False]
    [Frame is ignored: False]
    [Protocols in frame: eth:ethertype:vlan:ethertype:ip:udp:data]
    Character encoding: ASCII (0)
Ethernet II, Src: HewlettPacka_3a:cc:1d (28:92:4a:3a:cc:1d), Dst: 96:77:0b:05:d4:0b (96:77:0b:05:d4:0b)
    Destination: 96:77:0b:05:d4:0b (96:77:0b:05:d4:0b)
        .... ..1. .... .... .... .... = LG bit: Locally administered address (this is NOT the factory default)
        .... ...0 .... .... .... .... = IG bit: Individual address (unicast)
    Source: HewlettPacka_3a:cc:1d (28:92:4a:3a:cc:1d)
        .... ..0. .... .... .... .... = LG bit: Globally unique address (factory default)
        .... ...0 .... .... .... .... = IG bit: Individual address (unicast)
    Type: 802.1Q Virtual LAN (0x8100)
    [Stream index: 0]
802.1Q Virtual LAN, PRI: 0, DEI: 0, ID: 0
    000. .... .... .... = Priority: Best Effort (default) (0)
    ...0 .... .... .... = DEI: Ineligible
    .... 0000 0000 0000 = ID: 0
    Type: IPv4 (0x0800)
Internet Protocol Version 4, Src: 216.239.36.223, Dst: 172.16.90.227
    0100 .... = Version: 4
    .... 0101 = Header Length: 20 bytes (5)
    Differentiated Services Field: 0xb8 (DSCP: EF, ECN: Not-ECT)
        1011 10.. = Differentiated Services Codepoint: Expedited Forwarding (46)
        .... ..00 = Explicit Congestion Notification: Not ECN-Capable Transport (0)
    Total Length: 1278
    Identification: 0x0000 (0)
    010. .... = Flags: 0x2, Don't fragment
        0... .... = Reserved bit: Not set
        .1.. .... = Don't fragment: Set
        ..0. .... = More fragments: Not set
    ...0 0000 0000 0000 = Fragment Offset: 0
    Time to Live: 57
    Protocol: UDP (17)
    Header Checksum: 0x3775 [validation disabled]
    [Header checksum status: Unverified]
    Source Address: 216.239.36.223
    Destination Address: 172.16.90.227
    [Stream index: 2]
User Datagram Protocol, Src Port: 443, Dst Port: 58804
    Source Port: 443
    Destination Port: 58804
    Length: 1258
    Checksum: 0x1603 [unverified]
    [Checksum Status: Unverified]
    [Stream index: 4]
    [Stream Packet Number: 1]
    [Timestamps]
        [Time since first frame: 0.000000000 seconds]
        [Time since previous frame: 0.000000000 seconds]
    UDP payload (1250 bytes)
Data (1250 bytes)

0000  54 1f c7 06 d3 0b f3 6a 0d 0b a7 bb e2 2e 0f cb   T......j........
0010  f4 e3 66 80 04 37 4c 14 a0 b3 f3 03 ba d4 16 7f   ..f..7L.........
0020  49 bf c1 f4 24 b4 a5 e8 bb b3 a9 55 71 32 3f 84   I...$......Uq2?.
0030  6c 5b 83 77 31 98 30 76 87 09 f3 a2 f3 41 6f 34   l[.w1.0v.....Ao4
0040  ef f7 5d 46 c7 8a 77 76 a8 e0 e8 ec 4d f8 b2 aa   ..]F..wv....M...
0050  91 34 a5 af 57 b6 4f d4 3b 36 9e 17 75 1a e3 83   .4..W.O.;6..u...
0060  c5 ec 39 eb 9b 11 41 89 06 c6 68 16 6b 65 a6 a7   ..9...A...h.ke..
0070  33 3e b6 b0 e2 b5 d0 3f d6 9f 81 b7 c7 8f 62 4e   3>.....?......bN
0080  62 76 d7 88 fd 65 37 fb 11 35 d1 77 06 5a 34 08   bv...e7..5.w.Z4.
0090  ab 6a 81 1a 36 8a f7 77 2e 59 99 50 6a 44 7f 0f   .j..6..w.Y.PjD..
00a0  df af fe b8 dc 6d 9b 58 e2 1e eb 47 bd 42 94 10   .....m.X...G.B..
00b0  64 51 e0 e6 f2 60 49 68 74 c9 ec 38 19 60 a6 e3   dQ...`Iht..8.`..
00c0  f3 29 96 b5 0a 10 35 49 59 6e 3e b7 d9 a4 2a 8f   .)....5IYn>...*.
00d0  6f 1c 75 86 2b 5d 36 a9 b1 29 0b 4b fc 85 ba ed   o.u.+]6..).K....
00e0  a8 58 0d 29 bf 80 ba 37 e9 b3 c2 0b 50 68 48 9f   .X.)...7....PhH.
00f0  8c 1c a0 d2 5c 04 50 ce 3a 14 34 ae cc 3e f4 58   ....\.P.:.4..>.X
0100  6d 5f 16 e5 34 1b 2d 72 db b0 4f 0e 14 94 b3 5c   m_..4.-r..O....\
0110  3c 96 e6 88 d8 d3 95 a3 9a d5 eb 0e 50 c6 84 4e   <...........P..N
0120  83 8c 09 20 94 d2 56 e5 a0 56 3d 60 a7 84 1d 54   ... ..V..V=`...T
0130  64 b4 e9 ba ae db 55 c4 eb f6 69 63 8b dc fa 63   d.....U...ic...c
0140  6b da 79 92 fb 74 6f 87 4c 75 8d 56 f3 b2 9b e3   k.y..to.Lu.V....
0150  c1 8b 23 01 72 a5 db 25 53 13 2c 49 59 c0 83 7f   ..#.r..%S.,IY...
0160  f5 c0 c0 6b 20 6d d8 36 8e a4 f3 99 18 ef a0 ed   ...k m.6........
0170  68 0b b3 a6 ec ac 29 7c f8 bc d7 28 1f 01 e4 3a   h.....)|...(...:
0180  d6 79 01 27 ca 61 5f 76 14 23 90 06 1b 7a 54 ed   .y.'.a_v.#...zT.
0190  27 13 bc 06 ad f7 06 30 ff 92 1e 3c 22 a8 50 43   '......0...<".PC
01a0  6a be e0 23 4d 07 e0 8e 87 53 93 fe a5 75 9e 26   j..#M....S...u.&
01b0  48 e5 53 36 46 2d 6c 86 f9 0a fc 82 19 45 a5 81   H.S6F-l......E..
01c0  e2 92 12 3a 51 08 98 e3 0f 67 72 ec 28 25 a1 f8   ...:Q....gr.(%..
01d0  dc 0a e1 93 de 37 23 60 73 7d c3 b0 66 21 6f 03   .....7#`s}..f!o.
01e0  6b 7a de 3a 4e 07 de 29 da 35 dd 28 b6 31 b3 01   kz.:N..).5.(.1..
01f0  f6 5b 95 b3 cd da eb c3 21 76 ec 9d 46 bf e1 ec   .[......!v..F...
0200  08 81 0f 74 49 f8 a0 dc 5f 52 49 5c 26 43 5d 06   ...tI..._RI\&C].
0210  75 d9 8e df 6c 8c cf 03 b3 4d eb 8f 0a 38 c0 32   u...l....M...8.2
0220  59 bb 89 39 7f 07 d5 3f 9c ad 51 82 e9 7c f0 b3   Y..9...?..Q..|..
0230  b3 4f 92 74 a9 f5 c6 0a 6c 51 3b 08 34 e4 41 2d   .O.t....lQ;.4.A-
0240  2a 93 70 6d 63 c5 19 6e 8d ab 53 62 0c 2b 58 36   *.pmc..n..Sb.+X6
0250  4b b7 28 fd 42 5e 33 c4 bd 20 f3 a0 cd bf 4c 55   K.(.B^3.. ....LU
0260  17 aa 1b f7 ca 50 ba 82 ae 2e 2b 07 7a 96 dc 63   .....P....+.z..c
0270  06 79 22 75 c5 a3 4b 93 aa 81 f8 4d 73 e9 91 24   .y"u..K....Ms..$
0280  5b 32 66 07 27 5a 21 6e 36 60 34 20 45 66 da 79   [2f.'Z!n6`4 Ef.y
0290  ef 7f 5a 8a 08 28 db 89 59 08 ae a4 18 43 23 d4   ..Z..(..Y....C#.
02a0  0c d1 42 d4 40 7c ba d4 26 fc cf 2b 26 87 f1 b8   ..B.@|..&..+&...
02b0  04 5c 69 2c b5 b5 b6 f7 25 72 2d 10 e0 dc 3e be   .\i,....%r-...>.
02c0  36 5a 4f 49 9b 4e ae 20 a0 ed ee e6 12 d3 4b e2   6ZOI.N. ......K.
02d0  a2 6f ec 4b 71 d2 9e fe e5 7d 63 81 02 d8 49 b7   .o.Kq....}c...I.
02e0  fb 57 07 56 26 ca 37 3b 61 aa 23 76 0e 98 79 43   .W.V&.7;a.#v..yC
02f0  8e 36 3e c1 30 47 c2 7d 05 17 7c df 77 90 73 9d   .6>.0G.}..|.w.s.
0300  65 2f e7 2b 2b bd 4c 22 d3 d5 3d c1 18 75 58 e7   e/.++.L"..=..uX.
0310  53 7d 2f d9 72 ad 5b 0f 32 06 e7 a8 77 91 5c a9   S}/.r.[.2...w.\.
0320  61 3f 05 d5 0c e3 f9 74 17 f1 fd 22 c2 63 9f 85   a?.....t...".c..
0330  ea 88 38 62 60 4e 60 8e ac b8 b5 a9 af 05 cd 57   ..8b`N`........W
0340  6f ce e4 60 6d 1b 88 cc 0f ef 51 4d 0b ce 69 db   o..`m.....QM..i.
0350  ea de 1e 2c fb a2 02 b6 22 b1 cd 93 e4 18 48 5d   ...,....".....H]
0360  51 01 e0 39 ca c5 21 76 da 87 00 c8 79 ec d0 46   Q..9..!v....y..F
0370  ac d5 52 0c 52 05 21 b6 66 9a 5a 74 a9 a4 08 ed   ..R.R.!.f.Zt....
0380  a1 f2 7e dd cc 77 f5 a2 55 4d f5 f0 ea 47 cc 47   ..~..w..UM...G.G
0390  f6 94 53 e2 04 fc f4 1a 8d f3 18 f9 3a 1b 8f 35   ..S.........:..5
03a0  34 26 cd 06 c7 cb 9d 07 d2 5a ac bb 11 99 9b 26   4&.......Z.....&
03b0  18 3e 2d 9f f6 a4 50 f8 fa 22 ea 83 75 c8 bd ae   .>-...P.."..u...
03c0  b9 4e 10 31 fb 4d e6 fe 74 69 d3 f7 07 ad 89 43   .N.1.M..ti.....C
03d0  75 1b ce 03 ec 0f fd a7 71 56 12 63 17 b4 50 37   u.......qV.c..P7
03e0  a4 9d 3e 5b 5a 29 e7 b6 52 95 e5 e1 a6 40 89 85   ..>[Z)..R....@..
03f0  99 4b e2 e1 10 3c 0f fa 30 f6 85 32 75 91 bc 41   .K...<..0..2u..A
0400  55 40 1b 96 f8 00 8e c1 a3 4d 93 6f 8b 4d 5e c5   U@.......M.o.M^.
0410  44 bb 40 54 4d 60 f4 4b 14 e7 2d 1d 6b 3a f7 a4   D.@TM`.K..-.k:..
0420  8c 81 cc c0 fa 32 e1 e0 04 4e 7d 78 c5 c2 16 5c   .....2...N}x...\
0430  74 60 53 8f 58 f0 9d 27 3e 19 e5 0d d5 dc 63 8c   t`S.X..'>.....c.
0440  1c 1d d7 26 fa 7f c4 aa 12 d4 55 60 a6 fb dc ee   ...&......U`....
0450  d9 00 9d 11 e3 46 c8 e0 88 ac 46 8e c6 e3 c9 a4   .....F....F.....
0460  d1 19 d1 79 72 96 68 78 fe cc b8 8c 59 4f 95 f6   ...yr.hx....YO..
0470  bb 14 8e e6 c2 90 0e 00 5e 24 92 3b 95 6a a7 21   ........^$.;.j.!
0480  ef 03 f6 99 f4 a1 96 9d 4d 36 cd f4 da 6f 4e 7e   ........M6...oN~
0490  ed 21 84 17 79 0a 5f 87 79 8f 65 53 9b 1c 82 d0   .!..y._.y.eS....
04a0  92 14 31 be 4f 81 1a 27 12 97 bc cf 8e 9a 7e 6d   ..1.O..'......~m
04b0  94 ff fa 41 3b 3b 17 71 78 4a 2e 82 87 6e 78 9c   ...A;;.qxJ...nx.
04c0  0b 87 cd 07 6f 53 1b b9 9e 1a 2a f4 96 c0 73 83   ....oS....*...s.
04d0  23 d6 bd d1 d5 f9 cf a6 83 4f 9e 3c 1f 1e b9 20   #........O.<... 
04e0  fd 76                                             .v
    Data […]: 541fc706d30bf36a0d0ba7bbe22e0fcbf4e3668004374c14a0b3f303bad4167f49bfc1f424b4a5e8bbb3a95571323f846c5b8377319830768709f3a2f3416f34eff75d46c78a7776a8e0e8ec4df8b2aa9134a5af57b64fd43b369e17751ae383c5ec39eb9b11418906c668166b65a6a7333
    [Length: 1250]

Frame 50: Packet, 1296 bytes on wire (10368 bits), 1296 bytes captured (10368 bits) on interface \Device\NPF_{9B9257DC-FAC1-4993-B12F-136D7BA5E874}, id 0
    Section number: 1
    Interface id: 0 (\Device\NPF_{9B9257DC-FAC1-4993-B12F-136D7BA5E874})
        Interface name: \Device\NPF_{9B9257DC-FAC1-4993-B12F-136D7BA5E874}
        Interface description: Wi-Fi
    Encapsulation type: Ethernet (1)
    Arrival Time: Apr  9, 2026 18:28:03.407932800 India Standard Time
    UTC Arrival Time: Apr  9, 2026 12:58:03.407932800 UTC
    Epoch Arrival Time: 1775739483.407932800
    [Time shift for this packet: 0.000000000 seconds]
    [Time delta from previous captured frame: 3.220028400 seconds]
    [Time delta from previous displayed frame: 3.220028400 seconds]
    [Time since reference or first frame: 3.976820800 seconds]
    Frame Number: 50
    Frame Length: 1296 bytes (10368 bits)
    Capture Length: 1296 bytes (10368 bits)
    [Frame is marked: False]
    [Frame is ignored: False]
    [Protocols in frame: eth:ethertype:vlan:ethertype:ip:udp:data]
    Character encoding: ASCII (0)
Ethernet II, Src: HewlettPacka_3a:cc:1d (28:92:4a:3a:cc:1d), Dst: 96:77:0b:05:d4:0b (96:77:0b:05:d4:0b)
    Destination: 96:77:0b:05:d4:0b (96:77:0b:05:d4:0b)
        .... ..1. .... .... .... .... = LG bit: Locally administered address (this is NOT the factory default)
        .... ...0 .... .... .... .... = IG bit: Individual address (unicast)
    Source: HewlettPacka_3a:cc:1d (28:92:4a:3a:cc:1d)
        .... ..0. .... .... .... .... = LG bit: Globally unique address (factory default)
        .... ...0 .... .... .... .... = IG bit: Individual address (unicast)
    Type: 802.1Q Virtual LAN (0x8100)
    [Stream index: 0]
802.1Q Virtual LAN, PRI: 0, DEI: 0, ID: 0
    000. .... .... .... = Priority: Best Effort (default) (0)
    ...0 .... .... .... = DEI: Ineligible
    .... 0000 0000 0000 = ID: 0
    Type: IPv4 (0x0800)
Internet Protocol Version 4, Src: 216.239.36.223, Dst: 172.16.90.227
    0100 .... = Version: 4
    .... 0101 = Header Length: 20 bytes (5)
    Differentiated Services Field: 0xb8 (DSCP: EF, ECN: Not-ECT)
        1011 10.. = Differentiated Services Codepoint: Expedited Forwarding (46)
        .... ..00 = Explicit Congestion Notification: Not ECN-Capable Transport (0)
    Total Length: 1278
    Identification: 0x0000 (0)
    010. .... = Flags: 0x2, Don't fragment
        0... .... = Reserved bit: Not set
        .1.. .... = Don't fragment: Set
        ..0. .... = More fragments: Not set
    ...0 0000 0000 0000 = Fragment Offset: 0
    Time to Live: 57
    Protocol: UDP (17)
    Header Checksum: 0x3775 [validation disabled]
    [Header checksum status: Unverified]
    Source Address: 216.239.36.223
    Destination Address: 172.16.90.227
    [Stream index: 2]
User Datagram Protocol, Src Port: 443, Dst Port: 58804
    Source Port: 443
    Destination Port: 58804
    Length: 1258
    Checksum: 0x235e [unverified]
    [Checksum Status: Unverified]
    [Stream index: 4]
    [Stream Packet Number: 2]
    [Timestamps]
        [Time since first frame: 3.220028400 seconds]
        [Time since previous frame: 3.220028400 seconds]
    UDP payload (1250 bytes)
Data (1250 bytes)

0000  4b 2d ef 4c b8 6c 56 dc e7 16 e0 da d3 ae 2d bc   K-.L.lV.......-.
0010  92 a5 03 e0 37 cb b1 58 a0 de 6d 33 fa 8b 91 6e   ....7..X..m3...n
0020  be 5e 67 34 15 96 71 c9 cf 5c 52 4d 14 f8 ec be   .^g4..q..\RM....
0030  fc 24 a2 2e e5 e3 91 a6 24 f4 64 d8 43 54 3e 69   .$......$.d.CT>i
0040  7b 58 4b 2a 45 89 ed 11 3a f2 cf ce 59 32 9f 4b   {XK*E...:...Y2.K
0050  ae 9a 88 a8 39 92 4f 72 27 16 83 51 d3 00 61 0c   ....9.Or'..Q..a.
0060  cd 00 78 72 8e 11 c5 f8 68 95 7f c9 a0 d5 e2 01   ..xr....h.......
0070  8e 6e 0d a8 12 d4 15 51 65 4f fc b1 61 0a 60 5d   .n.....QeO..a.`]
0080  af 64 b4 df ee 46 3b fc 66 30 92 00 d6 46 d8 40   .d...F;.f0...F.@
0090  d7 9a 57 5f 2c 78 36 d2 6e 6b 34 b4 15 30 33 bf   ..W_,x6.nk4..03.
00a0  8b 46 fb b1 a3 a4 fb e6 45 e6 09 43 90 49 24 ea   .F......E..C.I$.
00b0  57 24 2a 32 d0 16 f6 de 7d 08 24 ee b9 31 c1 8f   W$*2....}.$..1..
00c0  4b 68 49 ee 29 82 f9 37 76 2f d7 69 07 7a d9 7b   KhI.)..7v/.i.z.{
00d0  4d 4b 78 85 83 02 87 6c 17 f3 3e ed 59 87 09 3c   MKx....l..>.Y..<
00e0  71 40 03 90 3b 19 83 79 7b 1d 97 e9 9a 72 b9 9a   q@..;..y{....r..
00f0  51 89 98 b8 98 4c 00 37 c5 04 0e 3e 9f 22 4f 9f   Q....L.7...>."O.
0100  5b 27 ff f6 f2 1f b9 fd c8 fa 6f ed 89 ba 50 f7   ['........o...P.
0110  f4 0b 94 0e f6 61 67 d6 91 e4 42 ff c5 62 95 fc   .....ag...B..b..
0120  bf 35 16 36 55 38 c1 e4 e4 1f 0e 44 d2 3f 5a 9b   .5.6U8.....D.?Z.
0130  aa 56 13 16 85 4f b6 bf e4 5e 65 47 c8 82 fd 0d   .V...O...^eG....
0140  7a 15 e7 f0 69 8e 9b 60 bd 7f d5 b7 d4 5d ab b0   z...i..`.....]..
0150  99 cb ac 76 b6 50 3a 57 a5 d1 74 c1 96 12 cc 71   ...v.P:W..t....q
0160  c8 22 73 25 7f fb 4a 11 45 67 10 c7 9b c4 9e 04   ."s%..J.Eg......
0170  69 10 9f f5 36 56 67 a2 00 71 6e 31 f2 25 1e 51   i...6Vg..qn1.%.Q
0180  2d d3 f5 ca f5 a2 47 9a e0 aa 9f 78 37 52 36 e9   -.....G....x7R6.
0190  c3 af d8 9e e5 63 2d f2 f0 aa d8 3b c4 4c f6 bb   .....c-....;.L..
01a0  ff d7 c2 47 7d a0 35 57 c0 01 86 b7 93 11 76 93   ...G}.5W......v.
01b0  7e 60 d9 8f 8a ea 05 e8 df cc 5c f2 b2 9d 9d a3   ~`........\.....
01c0  37 91 c4 1e 99 d7 38 aa 67 10 4d a0 a5 e7 b6 a4   7.....8.g.M.....
01d0  52 ab 4a eb bc 87 46 19 f1 fa 0d 65 30 d1 45 db   R.J...F....e0.E.
01e0  53 95 ea 77 47 d5 89 14 df 96 9b a6 96 ae eb 7f   S..wG...........
01f0  51 9e b7 a5 7d 01 43 6f ac 0d 38 49 df c0 eb f2   Q...}.Co..8I....
0200  9d 4d c0 5a b2 1d 80 08 84 e0 e7 6e e9 1a 44 a6   .M.Z.......n..D.
0210  ba da 0f 39 51 bb e8 a5 31 6e f6 6d 6c df d6 b0   ...9Q...1n.ml...
0220  bc 8a d5 10 7e a5 85 f1 f0 2d 66 6b 8b 9e d9 c2   ....~....-fk....
0230  0a bc 8d 98 89 50 13 08 b5 7d 81 91 b0 7d 0f 36   .....P...}...}.6
0240  fc a2 b6 6c b8 a2 35 5a 17 0b b0 6d 30 3f b1 9b   ...l..5Z...m0?..
0250  cd 3c 2d 6c e2 d6 ab 52 1d 5c 7e 5a 9a 45 29 70   .<-l...R.\~Z.E)p
0260  f8 b7 c7 05 11 94 3e d1 46 51 b7 83 b0 1d 43 7f   ......>.FQ....C.
0270  48 00 44 df 37 4d 14 15 3b 00 63 ae 41 7d 08 d5   H.D.7M..;.c.A}..
0280  48 6e 46 05 22 f5 2b 61 be ef 7d 96 fe 8a fe 62   HnF.".+a..}....b
0290  6d 1d 74 e6 01 c2 47 34 b8 f5 e2 a8 da 44 2a 37   m.t...G4.....D*7
02a0  cb d2 bd 14 a6 ef c4 eb 4b 3f ed b5 79 ed bd 34   ........K?..y..4
02b0  e2 87 72 27 9b 45 0b 1e dc c8 5e 3d 61 3b 9b e9   ..r'.E....^=a;..
02c0  80 8e 5e 1a d7 01 e3 87 44 1d e3 d2 1b 1d a2 e2   ..^.....D.......
02d0  24 b8 23 c6 eb 01 32 14 6d 92 91 e6 69 78 b9 35   $.#...2.m...ix.5
02e0  86 cc 8e 03 d2 cb ec 16 52 a2 4a 1a d2 10 c4 1e   ........R.J.....
02f0  82 3e 34 15 a2 10 f3 51 e2 ba 3d cf c0 20 f3 01   .>4....Q..=.. ..
0300  54 93 87 8b ad c6 b1 7d a9 69 bc 12 5d c6 cc 4b   T......}.i..]..K
0310  58 7d 76 65 1a 07 27 a8 92 94 48 ba ba 6d 87 c7   X}ve..'...H..m..
0320  59 2c fd 3c bd 51 89 86 68 97 a3 10 64 f0 3f 96   Y,.<.Q..h...d.?.
0330  0e f9 01 65 c8 74 7e 9f e2 22 70 03 73 e2 de 81   ...e.t~.."p.s...
0340  b1 c1 09 b5 12 fc 72 89 22 82 0c b3 c4 58 d1 d7   ......r."....X..
0350  e2 31 ab 42 5e 19 2b c9 28 bc 34 32 e7 e2 0e 34   .1.B^.+.(.42...4
0360  06 5c c1 60 ca 7b be 01 64 3d 6a e7 4b 3b 8a 1f   .\.`.{..d=j.K;..
0370  6b ec 5f a8 0d 01 e6 80 3b 84 83 be 47 40 14 f3   k._.....;...G@..
0380  9d a9 66 a5 9f 66 25 25 fd 22 71 48 67 e5 26 3f   ..f..f%%."qHg.&?
0390  08 14 0b 1b b3 aa 67 15 74 4e ff b8 47 01 b8 ef   ......g.tN..G...
03a0  35 d0 ba 28 b6 dd 24 53 11 48 58 0a a3 93 77 46   5..(..$S.HX...wF
03b0  73 d3 8d 4d b0 42 5c 7f b4 e7 24 e1 66 78 61 4e   s..M.B\...$.fxaN
03c0  92 dd 8f 72 bc 5d 83 5f 9d ba b1 7f 9f 94 89 3c   ...r.]._.......<
03d0  81 61 92 ab a4 bc 4a 00 9c 7e a3 ad 48 0e 67 d1   .a....J..~..H.g.
03e0  16 62 24 52 5f f9 72 73 63 2b 82 f3 71 5e 34 79   .b$R_.rsc+..q^4y
03f0  e1 86 f0 5e 5f 41 a7 f5 43 bf 95 f8 a3 07 ce d3   ...^_A..C.......
0400  9f 39 6a f2 ce 95 86 ed 0c 7a b3 b1 91 ad 6e 51   .9j......z....nQ
0410  06 09 9f 10 ba 0a 42 20 c7 c6 e5 c7 44 7c 48 ae   ......B ....D|H.
0420  d4 d2 9d 88 b4 6b a4 4f ba 71 a9 78 b5 d9 1f 0b   .....k.O.q.x....
0430  a0 79 a0 3a 39 fb d9 94 a4 1d 62 a5 6a d6 26 f7   .y.:9.....b.j.&.
0440  5c 44 af 78 84 8c c9 22 91 5f 9c 6a 9f 76 22 6e   \D.x..."._.j.v"n
0450  ac 5d 5c 2e 4b cc a6 31 3a 0a c5 a3 71 9f a6 06   .]\.K..1:...q...
0460  1f 4a 56 7d 3e cc d4 b1 f3 47 df 7b 89 a8 75 54   .JV}>....G.{..uT
0470  30 c2 05 1b 5f fc 15 81 b2 9a 7a 1e 98 b1 58 50   0..._.....z...XP
0480  9a fc 82 12 58 07 1e 33 80 f9 41 3d bf 7c 5f 5c   ....X..3..A=.|_\
0490  61 46 51 b7 41 1d 7f e6 be b1 99 f4 98 66 5b da   aFQ.A........f[.
04a0  e1 42 24 fb bc dd 5b 31 f2 7e 50 94 d1 12 0c 1d   .B$...[1.~P.....
04b0  88 55 21 c1 f0 f4 bc 16 25 4a a8 17 05 ba da c5   .U!.....%J......
04c0  58 93 df 0e a7 7b e7 86 5d fe 0e 0f f2 55 a0 25   X....{..]....U.%
04d0  64 93 2f 60 54 f6 5d 25 21 52 c2 ca 84 ed d6 65   d./`T.]%!R.....e
04e0  ee 46                                             .F
    Data […]: 4b2def4cb86c56dce716e0dad3ae2dbc92a503e037cbb158a0de6d33fa8b916ebe5e6734159671c9cf5c524d14f8ecbefc24a22ee5e391a624f464d843543e697b584b2a4589ed113af2cfce59329f4bae9a88a839924f7227168351d300610ccd0078728e11c5f868957fc9a0d5e2018e6
    [Length: 1250]

Frame 51: Packet, 107 bytes on wire (856 bits), 107 bytes captured (856 bits) on interface \Device\NPF_{9B9257DC-FAC1-4993-B12F-136D7BA5E874}, id 0
    Section number: 1
    Interface id: 0 (\Device\NPF_{9B9257DC-FAC1-4993-B12F-136D7BA5E874})
        Interface name: \Device\NPF_{9B9257DC-FAC1-4993-B12F-136D7BA5E874}
        Interface description: Wi-Fi
    Encapsulation type: Ethernet (1)
    Arrival Time: Apr  9, 2026 18:28:03.850511200 India Standard Time
    UTC Arrival Time: Apr  9, 2026 12:58:03.850511200 UTC
    Epoch Arrival Time: 1775739483.850511200
    [Time shift for this packet: 0.000000000 seconds]
    [Time delta from previous captured frame: 442.578400 milliseconds]
    [Time delta from previous displayed frame: 442.578400 milliseconds]
    [Time since reference or first frame: 4.419399200 seconds]
    Frame Number: 51
    Frame Length: 107 bytes (856 bits)
    Capture Length: 107 bytes (856 bits)
    [Frame is marked: False]
    [Frame is ignored: False]
    [Protocols in frame: eth:ethertype:vlan:ethertype:ip:udp:data]
    Character encoding: ASCII (0)
Ethernet II, Src: HewlettPacka_3a:cc:1d (28:92:4a:3a:cc:1d), Dst: 96:77:0b:05:d4:0b (96:77:0b:05:d4:0b)
    Destination: 96:77:0b:05:d4:0b (96:77:0b:05:d4:0b)
        .... ..1. .... .... .... .... = LG bit: Locally administered address (this is NOT the factory default)
        .... ...0 .... .... .... .... = IG bit: Individual address (unicast)
    Source: HewlettPacka_3a:cc:1d (28:92:4a:3a:cc:1d)
        .... ..0. .... .... .... .... = LG bit: Globally unique address (factory default)
        .... ...0 .... .... .... .... = IG bit: Individual address (unicast)
    Type: 802.1Q Virtual LAN (0x8100)
    [Stream index: 0]
802.1Q Virtual LAN, PRI: 0, DEI: 0, ID: 0
    000. .... .... .... = Priority: Best Effort (default) (0)
    ...0 .... .... .... = DEI: Ineligible
    .... 0000 0000 0000 = ID: 0
    Type: IPv4 (0x0800)
Internet Protocol Version 4, Src: 216.239.36.223, Dst: 172.16.90.227
    0100 .... = Version: 4
    .... 0101 = Header Length: 20 bytes (5)
    Differentiated Services Field: 0xb8 (DSCP: EF, ECN: Not-ECT)
        1011 10.. = Differentiated Services Codepoint: Expedited Forwarding (46)
        .... ..00 = Explicit Congestion Notification: Not ECN-Capable Transport (0)
    Total Length: 89
    Identification: 0x0000 (0)
    010. .... = Flags: 0x2, Don't fragment
        0... .... = Reserved bit: Not set
        .1.. .... = Don't fragment: Set
        ..0. .... = More fragments: Not set
    ...0 0000 0000 0000 = Fragment Offset: 0
    Time to Live: 57
    Protocol: UDP (17)
    Header Checksum: 0x3c1a [validation disabled]
    [Header checksum status: Unverified]
    Source Address: 216.239.36.223
    Destination Address: 172.16.90.227
    [Stream index: 2]
User Datagram Protocol, Src Port: 443, Dst Port: 58804
    Source Port: 443
    Destination Port: 58804
    Length: 69
    Checksum: 0xd0db [unverified]
    [Checksum Status: Unverified]
    [Stream index: 4]
    [Stream Packet Number: 3]
    [Timestamps]
        [Time since first frame: 3.662606800 seconds]
        [Time since previous frame: 442.578400 milliseconds]
    UDP payload (61 bytes)
Data (61 bytes)

0000  4a 6e f4 f4 7f cc 7d cc 9f 7f ac 68 31 3a d0 19   Jn....}....h1:..
0010  67 e0 20 c5 7f 59 10 69 7a 09 3b 00 dd d8 52 bf   g. ..Y.iz.;...R.
0020  33 3e 7f 61 29 73 11 41 16 9a 9e 6f 95 8f c3 2c   3>.a)s.A...o...,
0030  5e 05 06 a1 ee fc e1 a6 40 8a 18 25 31            ^.......@..%1
    Data: 4a6ef4f47fcc7dcc9f7fac68313ad01967e020c57f5910697a093b00ddd852bf333e7f6129731141169a9e6f958fc32c5e0506a1eefce1a6408a182531
    [Length: 61]

Frame 52: Packet, 85 bytes on wire (680 bits), 85 bytes captured (680 bits) on interface \Device\NPF_{9B9257DC-FAC1-4993-B12F-136D7BA5E874}, id 0
    Section number: 1
    Interface id: 0 (\Device\NPF_{9B9257DC-FAC1-4993-B12F-136D7BA5E874})
        Interface name: \Device\NPF_{9B9257DC-FAC1-4993-B12F-136D7BA5E874}
        Interface description: Wi-Fi
    Encapsulation type: Ethernet (1)
    Arrival Time: Apr  9, 2026 18:28:04.259348000 India Standard Time
    UTC Arrival Time: Apr  9, 2026 12:58:04.259348000 UTC
    Epoch Arrival Time: 1775739484.259348000
    [Time shift for this packet: 0.000000000 seconds]
    [Time delta from previous captured frame: 408.836800 milliseconds]
    [Time delta from previous displayed frame: 408.836800 milliseconds]
    [Time since reference or first frame: 4.828236000 seconds]
    Frame Number: 52
    Frame Length: 85 bytes (680 bits)
    Capture Length: 85 bytes (680 bits)
    [Frame is marked: False]
    [Frame is ignored: False]
    [Protocols in frame: eth:ethertype:ip:udp:data]
    Character encoding: ASCII (0)
Ethernet II, Src: HewlettPacka_3a:cc:1d (28:92:4a:3a:cc:1d), Dst: 96:77:0b:05:d4:0b (96:77:0b:05:d4:0b)
    Destination: 96:77:0b:05:d4:0b (96:77:0b:05:d4:0b)
        .... ..1. .... .... .... .... = LG bit: Locally administered address (this is NOT the factory default)
        .... ...0 .... .... .... .... = IG bit: Individual address (unicast)
    Source: HewlettPacka_3a:cc:1d (28:92:4a:3a:cc:1d)
        .... ..0. .... .... .... .... = LG bit: Globally unique address (factory default)
        .... ...0 .... .... .... .... = IG bit: Individual address (unicast)
    Type: IPv4 (0x0800)
    [Stream index: 0]
Internet Protocol Version 4, Src: 18.161.111.100, Dst: 172.16.90.227
    0100 .... = Version: 4
    .... 0101 = Header Length: 20 bytes (5)
    Differentiated Services Field: 0x03 (DSCP: CS0, ECN: CE)
        0000 00.. = Differentiated Services Codepoint: Default (0)
        .... ..11 = Explicit Congestion Notification: Congestion Experienced (3)
    Total Length: 71
    Identification: 0x0000 (0)
    010. .... = Flags: 0x2, Don't fragment
        0... .... = Reserved bit: Not set
        .1.. .... = Don't fragment: Set
        ..0. .... = More fragments: Not set
    ...0 0000 0000 0000 = Fragment Offset: 0
    Time to Live: 246
    Protocol: UDP (17)
    Header Checksum: 0xfba9 [validation disabled]
    [Header checksum status: Unverified]
    Source Address: 18.161.111.100
    Destination Address: 172.16.90.227
    [Stream index: 3]
User Datagram Protocol, Src Port: 443, Dst Port: 57857
    Source Port: 443
    Destination Port: 57857
    Length: 51
    Checksum: 0xc03a [unverified]
    [Checksum Status: Unverified]
    [Stream index: 5]
    [Stream Packet Number: 1]
    [Timestamps]
        [Time since first frame: 0.000000000 seconds]
        [Time since previous frame: 0.000000000 seconds]
    UDP payload (43 bytes)
Data (43 bytes)

0000  50 dc 61 08 89 57 8c e8 e5 0a c5 58 28 50 14 13   P.a..W.....X(P..
0010  b0 48 cf 1a fb 4d 54 0c 46 a5 03 58 d7 69 f7 9f   .H...MT.F..X.i..
0020  ca 9e f7 6d 6c 0c 40 fa 03 d3 c9                  ...ml.@....
    Data: 50dc610889578ce8e50ac55828501413b048cf1afb4d540c46a50358d769f79fca9ef76d6c0c40fa03d3c9
    [Length: 43]

Frame 53: Packet, 85 bytes on wire (680 bits), 85 bytes captured (680 bits) on interface \Device\NPF_{9B9257DC-FAC1-4993-B12F-136D7BA5E874}, id 0
    Section number: 1
    Interface id: 0 (\Device\NPF_{9B9257DC-FAC1-4993-B12F-136D7BA5E874})
        Interface name: \Device\NPF_{9B9257DC-FAC1-4993-B12F-136D7BA5E874}
        Interface description: Wi-Fi
    Encapsulation type: Ethernet (1)
    Arrival Time: Apr  9, 2026 18:28:04.260125000 India Standard Time
    UTC Arrival Time: Apr  9, 2026 12:58:04.260125000 UTC
    Epoch Arrival Time: 1775739484.260125000
    [Time shift for this packet: 0.000000000 seconds]
    [Time delta from previous captured frame: 777.000 microseconds]
    [Time delta from previous displayed frame: 777.000 microseconds]
    [Time since reference or first frame: 4.829013000 seconds]
    Frame Number: 53
    Frame Length: 85 bytes (680 bits)
    Capture Length: 85 bytes (680 bits)
    [Frame is marked: False]
    [Frame is ignored: False]
    [Protocols in frame: eth:ethertype:ip:udp:data]
    Character encoding: ASCII (0)
Ethernet II, Src: HewlettPacka_3a:cc:1d (28:92:4a:3a:cc:1d), Dst: 96:77:0b:05:d4:0b (96:77:0b:05:d4:0b)
    Destination: 96:77:0b:05:d4:0b (96:77:0b:05:d4:0b)
        .... ..1. .... .... .... .... = LG bit: Locally administered address (this is NOT the factory default)
        .... ...0 .... .... .... .... = IG bit: Individual address (unicast)
    Source: HewlettPacka_3a:cc:1d (28:92:4a:3a:cc:1d)
        .... ..0. .... .... .... .... = LG bit: Globally unique address (factory default)
        .... ...0 .... .... .... .... = IG bit: Individual address (unicast)
    Type: IPv4 (0x0800)
    [Stream index: 0]
Internet Protocol Version 4, Src: 18.161.111.100, Dst: 172.16.90.227
    0100 .... = Version: 4
    .... 0101 = Header Length: 20 bytes (5)
    Differentiated Services Field: 0x02 (DSCP: CS0, ECN: ECT(0))
        0000 00.. = Differentiated Services Codepoint: Default (0)
        .... ..10 = Explicit Congestion Notification: ECN-Capable Transport codepoint '10' (2)
    Total Length: 71
    Identification: 0x0000 (0)
    010. .... = Flags: 0x2, Don't fragment
        0... .... = Reserved bit: Not set
        .1.. .... = Don't fragment: Set
        ..0. .... = More fragments: Not set
    ...0 0000 0000 0000 = Fragment Offset: 0
    Time to Live: 246
    Protocol: UDP (17)
    Header Checksum: 0xfbaa [validation disabled]
    [Header checksum status: Unverified]
    Source Address: 18.161.111.100
    Destination Address: 172.16.90.227
    [Stream index: 3]
User Datagram Protocol, Src Port: 443, Dst Port: 57857
    Source Port: 443
    Destination Port: 57857
    Length: 51
    Checksum: 0xa8e2 [unverified]
    [Checksum Status: Unverified]
    [Stream index: 5]
    [Stream Packet Number: 2]
    [Timestamps]
        [Time since first frame: 777.000 microseconds]
        [Time since previous frame: 777.000 microseconds]
    UDP payload (43 bytes)
Data (43 bytes)

0000  5d ba 03 26 40 53 00 46 90 61 55 85 9f d1 7b 9a   ]..&@S.F.aU...{.
0010  53 05 d9 f9 6c 53 6c 8f 68 20 34 02 88 0f f0 06   S...lSl.h 4.....
0020  71 92 ea a4 d3 56 20 a2 fe d6 de                  q....V ....
    Data: 5dba032640530046906155859fd17b9a5305d9f96c536c8f68203402880ff0067192eaa4d35620a2fed6de
    [Length: 43]

Frame 54: Packet, 1292 bytes on wire (10336 bits), 1292 bytes captured (10336 bits) on interface \Device\NPF_{9B9257DC-FAC1-4993-B12F-136D7BA5E874}, id 0
    Section number: 1
    Interface id: 0 (\Device\NPF_{9B9257DC-FAC1-4993-B12F-136D7BA5E874})
        Interface name: \Device\NPF_{9B9257DC-FAC1-4993-B12F-136D7BA5E874}
        Interface description: Wi-Fi
    Encapsulation type: Ethernet (1)
    Arrival Time: Apr  9, 2026 18:28:04.892310200 India Standard Time
    UTC Arrival Time: Apr  9, 2026 12:58:04.892310200 UTC
    Epoch Arrival Time: 1775739484.892310200
    [Time shift for this packet: 0.000000000 seconds]
    [Time delta from previous captured frame: 632.185200 milliseconds]
    [Time delta from previous displayed frame: 632.185200 milliseconds]
    [Time since reference or first frame: 5.461198200 seconds]
    Frame Number: 54
    Frame Length: 1292 bytes (10336 bits)
    Capture Length: 1292 bytes (10336 bits)
    [Frame is marked: False]
    [Frame is ignored: False]
    [Protocols in frame: eth:ethertype:ip:udp:quic:tls]
    Character encoding: ASCII (0)
Ethernet II, Src: 96:77:0b:05:d4:0b (96:77:0b:05:d4:0b), Dst: HewlettPacka_3a:cc:1d (28:92:4a:3a:cc:1d)
    Destination: HewlettPacka_3a:cc:1d (28:92:4a:3a:cc:1d)
        .... ..0. .... .... .... .... = LG bit: Globally unique address (factory default)
        .... ...0 .... .... .... .... = IG bit: Individual address (unicast)
    Source: 96:77:0b:05:d4:0b (96:77:0b:05:d4:0b)
        .... ..1. .... .... .... .... = LG bit: Locally administered address (this is NOT the factory default)
        .... ...0 .... .... .... .... = IG bit: Individual address (unicast)
    Type: IPv4 (0x0800)
    [Stream index: 0]
Internet Protocol Version 4, Src: 172.16.90.227, Dst: 216.239.38.223
    0100 .... = Version: 4
    .... 0101 = Header Length: 20 bytes (5)
    Differentiated Services Field: 0x00 (DSCP: CS0, ECN: Not-ECT)
        0000 00.. = Differentiated Services Codepoint: Default (0)
        .... ..00 = Explicit Congestion Notification: Not ECN-Capable Transport (0)
    Total Length: 1278
    Identification: 0xff50 (65360)
    010. .... = Flags: 0x2, Don't fragment
        0... .... = Reserved bit: Not set
        .1.. .... = Don't fragment: Set
        ..0. .... = More fragments: Not set
    ...0 0000 0000 0000 = Fragment Offset: 0
    Time to Live: 128
    Protocol: UDP (17)
    Header Checksum: 0x0000 [validation disabled]
    [Header checksum status: Unverified]
    Source Address: 172.16.90.227
    Destination Address: 216.239.38.223
    [Stream index: 4]
User Datagram Protocol, Src Port: 53398, Dst Port: 443
    Source Port: 53398
    Destination Port: 443
    Length: 1258
    Checksum: 0x0bbe [unverified]
    [Checksum Status: Unverified]
    [Stream index: 6]
    [Stream Packet Number: 1]
    [Timestamps]
        [Time since first frame: 0.000000000 seconds]
        [Time since previous frame: 0.000000000 seconds]
    UDP payload (1250 bytes)
QUIC IETF
    QUIC Connection information
        [Connection Number: 4]
    [Packet Length: 1250]
    1... .... = Header Form: Long Header (1)
    .1.. .... = Fixed Bit: True
    ..00 .... = Packet Type: Initial (0)
    [.... 00.. = Reserved: 0]
    [.... ..00 = Packet Number Length: 1 bytes (0)]
    Version: 1 (0x00000001)
    Destination Connection ID Length: 8
    Destination Connection ID: 57759d4bfdfe5e04
    Source Connection ID Length: 0
    Token Length: 70
    Token: 0074e5116412264333d540f8ba44649e545e8331318d3e1f51ce209d2c3df229621bd8f6a091cb34be2559569752de71111f2b556baa18771c020e2c9514bf164c24a7a8cf5a
    Length: 1161
    [Packet Number: 1]
    Payload […]: b6d0a4086b52cebc8008f2fd70ca75c5275323b208923d851e2cb3de95b56e6b6a87235ebbf1f46984133811ac52717569ce8642c95815e48bf6f56c276ec9531a2669d8c4613cb46ba7c54e6a979a8ca224328cb04bcf4d4d19ba02f81387e53b876fd4954e83f9600c6f47bcde1419
    CRYPTO
        Frame Type: CRYPTO (0x0000000000000006)
        Offset: 0
        Length: 1140
        Crypto Data
        TLSv1.3 Record Layer: Handshake Protocol: Client Hello (fragment)
            Handshake Protocol: Client Hello (fragment)

Frame 55: Packet, 1292 bytes on wire (10336 bits), 1292 bytes captured (10336 bits) on interface \Device\NPF_{9B9257DC-FAC1-4993-B12F-136D7BA5E874}, id 0
    Section number: 1
    Interface id: 0 (\Device\NPF_{9B9257DC-FAC1-4993-B12F-136D7BA5E874})
        Interface name: \Device\NPF_{9B9257DC-FAC1-4993-B12F-136D7BA5E874}
        Interface description: Wi-Fi
    Encapsulation type: Ethernet (1)
    Arrival Time: Apr  9, 2026 18:28:04.892360500 India Standard Time
    UTC Arrival Time: Apr  9, 2026 12:58:04.892360500 UTC
    Epoch Arrival Time: 1775739484.892360500
    [Time shift for this packet: 0.000000000 seconds]
    [Time delta from previous captured frame: 50.300 microseconds]
    [Time delta from previous displayed frame: 50.300 microseconds]
    [Time since reference or first frame: 5.461248500 seconds]
    Frame Number: 55
    Frame Length: 1292 bytes (10336 bits)
    Capture Length: 1292 bytes (10336 bits)
    [Frame is marked: False]
    [Frame is ignored: False]
    [Protocols in frame: eth:ethertype:ip:udp:quic:tls:tls]
    Character encoding: ASCII (0)
Ethernet II, Src: 96:77:0b:05:d4:0b (96:77:0b:05:d4:0b), Dst: HewlettPacka_3a:cc:1d (28:92:4a:3a:cc:1d)
    Destination: HewlettPacka_3a:cc:1d (28:92:4a:3a:cc:1d)
        .... ..0. .... .... .... .... = LG bit: Globally unique address (factory default)
        .... ...0 .... .... .... .... = IG bit: Individual address (unicast)
    Source: 96:77:0b:05:d4:0b (96:77:0b:05:d4:0b)
        .... ..1. .... .... .... .... = LG bit: Locally administered address (this is NOT the factory default)
        .... ...0 .... .... .... .... = IG bit: Individual address (unicast)
    Type: IPv4 (0x0800)
    [Stream index: 0]
Internet Protocol Version 4, Src: 172.16.90.227, Dst: 216.239.38.223
    0100 .... = Version: 4
    .... 0101 = Header Length: 20 bytes (5)
    Differentiated Services Field: 0x00 (DSCP: CS0, ECN: Not-ECT)
        0000 00.. = Differentiated Services Codepoint: Default (0)
        .... ..00 = Explicit Congestion Notification: Not ECN-Capable Transport (0)
    Total Length: 1278
    Identification: 0xff51 (65361)
    010. .... = Flags: 0x2, Don't fragment
        0... .... = Reserved bit: Not set
        .1.. .... = Don't fragment: Set
        ..0. .... = More fragments: Not set
    ...0 0000 0000 0000 = Fragment Offset: 0
    Time to Live: 128
    Protocol: UDP (17)
    Header Checksum: 0x0000 [validation disabled]
    [Header checksum status: Unverified]
    Source Address: 172.16.90.227
    Destination Address: 216.239.38.223
    [Stream index: 4]
User Datagram Protocol, Src Port: 53398, Dst Port: 443
    Source Port: 53398
    Destination Port: 443
    Length: 1258
    Checksum: 0x0bbe [unverified]
    [Checksum Status: Unverified]
    [Stream index: 6]
    [Stream Packet Number: 2]
    [Timestamps]
        [Time since first frame: 50.300 microseconds]
        [Time since previous frame: 50.300 microseconds]
    UDP payload (1250 bytes)
QUIC IETF
    QUIC Connection information
        [Connection Number: 4]
    [Packet Length: 1250]
    1... .... = Header Form: Long Header (1)
    .1.. .... = Fixed Bit: True
    ..00 .... = Packet Type: Initial (0)
    [.... 00.. = Reserved: 0]
    [.... ..00 = Packet Number Length: 1 bytes (0)]
    Version: 1 (0x00000001)
    Destination Connection ID Length: 8
    Destination Connection ID: 57759d4bfdfe5e04
    Source Connection ID Length: 0
    Token Length: 70
    Token: 0074e5116412264333d540f8ba44649e545e8331318d3e1f51ce209d2c3df229621bd8f6a091cb34be2559569752de71111f2b556baa18771c020e2c9514bf164c24a7a8cf5a
    Length: 1161
    [Packet Number: 2]
    Payload […]: 6b2421a4e594034dfd660ca0c62863692df900ef29653971c72d219ce16cef6a1d3f4a5b552bd23112b9fea4b5f88500b8abf8cbfc91f5c252433fe5cbb9f55448e9d183e9f8b26de798e30c578259bbd1aebb3bc7914f782cc4ab90ea07bfa929e0f2289e1c344c6316f80e04a79bbd
    PING
        Frame Type: PING (0x0000000000000001)
    PING
        Frame Type: PING (0x0000000000000001)
    PADDING Length: 1
        Frame Type: PADDING (0x0000000000000000)
        [Padding Length: 1]
    CRYPTO
        Frame Type: CRYPTO (0x0000000000000006)
        Offset: 1380
        Length: 4
        Crypto Data
    CRYPTO
        Frame Type: CRYPTO (0x0000000000000006)
        Offset: 1384
        Length: 104
        Crypto Data
    CRYPTO
        Frame Type: CRYPTO (0x0000000000000006)
        Offset: 1488
        Length: 695
        Crypto Data
    CRYPTO
        Frame Type: CRYPTO (0x0000000000000006)
        Offset: 1140
        Length: 240
        Crypto Data
        [4 Reassembled QUIC CRYPTO Data Fragments (1043 bytes): #55(240), #55(4), #55(104), #55(695)]
            [Frame: 55, payload: 0-239 (240 bytes)]
            [Frame: 55, payload: 240-243 (4 bytes)]
            [Frame: 55, payload: 244-347 (104 bytes)]
            [Frame: 55, payload: 348-1042 (695 bytes)]
            [Fragment count: 4]
        TLSv1.3 Record Layer: Handshake Protocol: Client Hello (fragment)
            Handshake Protocol: Client Hello (fragment)
    CRYPTO
        Frame Type: CRYPTO (0x0000000000000006)
        Offset: 2252
        Length: 1
        Crypto Data
    CRYPTO
        Frame Type: CRYPTO (0x0000000000000006)
        Offset: 2183
        Length: 69
        Crypto Data
        [2 Reassembled QUIC CRYPTO Data Fragments (70 bytes): #55(69), #55(1)]
            [Frame: 55, payload: 0-68 (69 bytes)]
            [Frame: 55, payload: 69-69 (1 byte)]
            [Fragment count: 2]
        TLSv1.3 Record Layer: Handshake Protocol: Client Hello
            Handshake Protocol: Client Hello (last fragment)
            [3 Reassembled Handshake Fragments (2253 bytes): #54(1140), #55(1043), #55(70)]
                [Frame: 54, payload: 0-1139 (1140 bytes)]
                [Frame: 55, payload: 1140-2182 (1043 bytes)]
                [Frame: 55, payload: 2183-2252 (70 bytes)]
                [Handshake Fragment count: 3]
            Handshake Protocol: Client Hello
                Handshake Type: Client Hello (1)
                Length: 2249
                Version: TLS 1.2 (0x0303)
                    [Expert Info (Chat/Deprecated): This legacy_version field MUST be ignored. The supported_versions extension is present and MUST be used instead.]
                        [This legacy_version field MUST be ignored. The supported_versions extension is present and MUST be used instead.]
                        [Severity level: Chat]
                        [Group: Deprecated]
                Random: 3675bb99ba956a4d3f4d67cf5d25a1082baa1553bcaa43c5596ba79f4d3f2fa0
                Session ID Length: 0
                Cipher Suites Length: 6
                Cipher Suites (3 suites)
                    Cipher Suite: TLS_AES_128_GCM_SHA256 (0x1301)
                    Cipher Suite: TLS_AES_256_GCM_SHA384 (0x1302)
                    Cipher Suite: TLS_CHACHA20_POLY1305_SHA256 (0x1303)
                Compression Methods Length: 1
                Compression Methods (1 method)
                    Compression Method: null (0)
                Extensions Length: 2202
                Extension: early_data (len=0)
                    Type: early_data (42)
                    Length: 0
                Extension: encrypted_client_hello (len=218)
                    Type: encrypted_client_hello (65037)
                    Length: 218
                    Client Hello type: Outer Client Hello (0)
                    Cipher Suite: HKDF-SHA256/AES-128-GCM
                        KDF Id: HKDF-SHA256 (1)
                        AEAD Id: AES-128-GCM (1)
                    Config Id: 105
                    Enc length: 32
                    Enc: 2110ae70658c5ae5500c7402bd99de2d3e463000f2b76d11364c5905805fde50
                    Payload length: 176
                    Payload […]: 009df97a57adab2b5cb6abec156bb8aa96ec4a6e8b4350cb8e8701c438e2a931584ac5aebc19cc677cfe8c3e7e264912c033134613ab6b1342be7ba13ad9c963f0eff6d09e1603e1f2b821c6efb80a381873d21bbb0d14c8c41dddcd934f335d0696726916c5b8864863ed29fa263876
                Extension: compress_certificate (len=3)
                    Type: compress_certificate (27)
                    Length: 3
                    Algorithms Length: 2
                    Algorithm: brotli (2)
                Extension: supported_groups (len=10)
                    Type: supported_groups (10)
                    Length: 10
                    Supported Groups List Length: 8
                    Supported Groups (4 groups)
                        Supported Group: X25519Kyber768Draft00 (OBSOLETE) (0x6399)
                        Supported Group: x25519 (0x001d)
                        Supported Group: secp256r1 (0x0017)
                        Supported Group: secp384r1 (0x0018)
                Extension: key_share (len=1258) X25519Kyber768Draft00 (OBSOLETE), x25519
                    Type: key_share (51)
                    Length: 1258
                    Key Share extension
                        Client Key Share Length: 1256
                        Key Share Entry: Group: X25519Kyber768Draft00 (OBSOLETE), Key Exchange length: 1216
                            Group: X25519Kyber768Draft00 (OBSOLETE) (25497)
                            Key Exchange Length: 1216
                            Key Exchange […]: 916efe619083cc7c0af00eb4ca4d8437e0e57852d6cd2a40d7cf18cc55581d0384c10eab198d77dc6335f62bbf821200117d8123a803034c1182572c16c8c6fa2b6b6328fa1b6b5003539eeaac5ff95be981754414761050126315378e5b96c639348eb914734876b66b0cbe1b0
                        Key Share Entry: Group: x25519, Key Exchange length: 32
                            Group: x25519 (29)
                            Key Exchange Length: 32
                            Key Exchange: 83c9239058c422004fe53756ba1cd0b36ebbb821723a89893f422aaa75c10e53
                Extension: application_settings_old (len=5)
                    Type: application_settings_old (17513)
                    Length: 5
                    ALPS Extension Length: 3
                    Supported ALPN List
                        Supported ALPN Length: 2
                        Supported ALPN: h3
                Extension: server_name (len=40) name=optimizationguide-pa.googleapis.com
                    Type: server_name (0)
                    Length: 40
                    Server Name Indication extension
                        Server Name list length: 38
                        Server Name Type: host_name (0)
                        Server Name length: 35
                        Server Name: optimizationguide-pa.googleapis.com
                Extension: signature_algorithms (len=20)
                    Type: signature_algorithms (13)
                    Length: 20
                    Signature Hash Algorithms Length: 18
                    Signature Hash Algorithms (9 algorithms)
                        Signature Algorithm: ecdsa_secp256r1_sha256 (0x0403)
                            Signature Hash Algorithm Hash: SHA256 (4)
                            Signature Hash Algorithm Signature: ECDSA (3)
                        Signature Algorithm: rsa_pss_rsae_sha256 (0x0804)
                            Signature Hash Algorithm Hash: Unknown (8)
                            Signature Hash Algorithm Signature: Unknown (4)
                        Signature Algorithm: rsa_pkcs1_sha256 (0x0401)
                            Signature Hash Algorithm Hash: SHA256 (4)
                            Signature Hash Algorithm Signature: RSA (1)
                        Signature Algorithm: ecdsa_secp384r1_sha384 (0x0503)
                            Signature Hash Algorithm Hash: SHA384 (5)
                            Signature Hash Algorithm Signature: ECDSA (3)
                        Signature Algorithm: rsa_pss_rsae_sha384 (0x0805)
                            Signature Hash Algorithm Hash: Unknown (8)
                            Signature Hash Algorithm Signature: Unknown (5)
                        Signature Algorithm: rsa_pkcs1_sha384 (0x0501)
                            Signature Hash Algorithm Hash: SHA384 (5)
                            Signature Hash Algorithm Signature: RSA (1)
                        Signature Algorithm: rsa_pss_rsae_sha512 (0x0806)
                            Signature Hash Algorithm Hash: Unknown (8)
                            Signature Hash Algorithm Signature: Unknown (6)
                        Signature Algorithm: rsa_pkcs1_sha512 (0x0601)
                            Signature Hash Algorithm Hash: SHA512 (6)
                            Signature Hash Algorithm Signature: RSA (1)
                        Signature Algorithm: rsa_pkcs1_sha1 (0x0201)
                            Signature Hash Algorithm Hash: SHA1 (2)
                            Signature Hash Algorithm Signature: RSA (1)
                Extension: quic_transport_parameters (len=93)
                    Type: quic_transport_parameters (57)
                    Length: 93
                    Parameter: initial_max_stream_data_bidi_local (len=4) 6291456
                        Type: initial_max_stream_data_bidi_local (0x05)
                        Length: 4
                        Value: 80600000
                        initial_max_stream_data_bidi_local: 6291456
                    Parameter: google_initial_rtt (len=2) 13222 us
                        Type: google_initial_rtt (0x3127)
                        Length: 2
                        Value: 73a6
                        Google Initial RTT: 13222
                    Parameter: initial_max_data (len=4) 15728640
                        Type: initial_max_data (0x04)
                        Length: 4
                        Value: 80f00000
                        initial_max_data: 15728640
                    Parameter: max_idle_timeout (len=4) 30000 ms
                        Type: max_idle_timeout (0x01)
                        Length: 4
                        Value: 80007530
                        max_idle_timeout: 30000
                    Parameter: google_quic_version (len=4)
                        Type: google_quic_version (0x4752)
                        Length: 4
                        Value: 00000001
                        Google QUIC version: 1 (0x00000001)
                    Parameter: initial_max_stream_data_uni (len=4) 6291456
                        Type: initial_max_stream_data_uni (0x07)
                        Length: 4
                        Value: 80600000
                        initial_max_stream_data_uni: 6291456
                    Parameter: GREASE (len=3)
                        Type: GREASE (0x28f95a9dc0abf35e)
                        Length: 3
                        Value: 9e45f8
                    Parameter: max_udp_payload_size (len=2) 1472
                        Type: max_udp_payload_size (0x03)
                        Length: 2
                        Value: 45c0
                        max_udp_payload_size: 1472
                    Parameter: initial_max_streams_bidi (len=2) 100
                        Type: initial_max_streams_bidi (0x08)
                        Length: 2
                        Value: 4064
                        initial_max_streams_bidi: 100
                    Parameter: initial_source_connection_id (len=0)
                        Type: initial_source_connection_id (0x0f)
                        Length: 0
                        Initial Source Connection ID: <MISSING>
                    Parameter: max_datagram_frame_size (len=4) 65536
                        Type: max_datagram_frame_size (0x20)
                        Length: 4
                        Value: 80010000
                        max_datagram_frame_size: 65536
                    Parameter: initial_max_streams_uni (len=2) 103
                        Type: initial_max_streams_uni (0x09)
                        Length: 2
                        Value: 4067
                        initial_max_streams_uni: 103
                    Parameter: version_information_draft (len=12)
                        Type: version_information_draft (0xff73db)
                        Length: 12
                        Value: 00000001000000010afaea1a
                        Chosen Version: 1 (0x00000001)
                        Other Version: 1 (0x00000001)
                        Other Version: Unknown (0x0afaea1a) (GREASE)
                    Parameter: initial_max_stream_data_bidi_remote (len=4) 6291456
                        Type: initial_max_stream_data_bidi_remote (0x06)
                        Length: 4
                        Value: 80600000
                        initial_max_stream_data_bidi_remote: 6291456
                Extension: application_layer_protocol_negotiation (len=5)
                    Type: application_layer_protocol_negotiation (16)
                    Length: 5
                    ALPN Extension Length: 3
                    ALPN Protocol
                        ALPN string length: 2
                        ALPN Next Protocol: h3
                Extension: supported_versions (len=3) TLS 1.3
                    Type: supported_versions (43)
                    Length: 3
                    Supported Versions length: 2
                    Supported Version: TLS 1.3 (0x0304)
                Extension: psk_key_exchange_modes (len=2)
                    Type: psk_key_exchange_modes (45)
                    Length: 2
                    PSK Key Exchange Modes Length: 1
                    PSK Key Exchange Mode: PSK with (EC)DHE key establishment (psk_dhe_ke) (1)
                Extension: pre_shared_key (len=493)
                    Type: pre_shared_key (41)
                    Length: 493
                    Pre-Shared Key extension
                        Identities Length: 456
                        PSK Identity (length: 450)
                            Identity Length: 450
                            Identity […]: 0257eba3587a69fd62a1cac1e91c7936c9952397e439d834c3f0e77825edb0799aa5b1a1b6cad0ec5f27ca4514ac2f47c7a5678f2483f51c195d29427115f44d8429914ffb203da8d7c5b4d7ab29ae9a96f39fcf8ada9e6af3f6460b43aadf9ef2eb38c10cc05f26b40f221e7eb3e7c
                            Obfuscated Ticket Age: 2525205386
                        PSK Binders length: 33
                        PSK Binders
                            PSK Binder (length: 32)
                                Binder Length: 32
                                Binder: fb5526b2d4c51e23df6dd4d7a502d936500c4d49238acbcb13f128e9fa53c37c
                [JA4: q13d0313h3_55b375c5d22e_c7319ce65786]
                [JA4_r: q13d0313h3_1301,1302,1303_000a,000d,001b,0029,002a,002b,002d,0033,0039,4469,fe0d_0403,0804,0401,0503,0805,0501,0806,0601,0201]
                [JA3 Fullstring: 771,4865-4866-4867,42-65037-27-10-51-17513-0-13-57-16-43-45-41,25497-29-23-24,]
                [JA3: 6a8229cb268646803100b59f34ea1e61]

Frame 56: Packet, 124 bytes on wire (992 bits), 124 bytes captured (992 bits) on interface \Device\NPF_{9B9257DC-FAC1-4993-B12F-136D7BA5E874}, id 0
    Section number: 1
    Interface id: 0 (\Device\NPF_{9B9257DC-FAC1-4993-B12F-136D7BA5E874})
        Interface name: \Device\NPF_{9B9257DC-FAC1-4993-B12F-136D7BA5E874}
        Interface description: Wi-Fi
    Encapsulation type: Ethernet (1)
    Arrival Time: Apr  9, 2026 18:28:04.892465400 India Standard Time
    UTC Arrival Time: Apr  9, 2026 12:58:04.892465400 UTC
    Epoch Arrival Time: 1775739484.892465400
    [Time shift for this packet: 0.000000000 seconds]
    [Time delta from previous captured frame: 104.900 microseconds]
    [Time delta from previous displayed frame: 104.900 microseconds]
    [Time since reference or first frame: 5.461353400 seconds]
    Frame Number: 56
    Frame Length: 124 bytes (992 bits)
    Capture Length: 124 bytes (992 bits)
    [Frame is marked: False]
    [Frame is ignored: False]
    [Protocols in frame: eth:ethertype:ip:udp:quic]
    Character encoding: ASCII (0)
Ethernet II, Src: 96:77:0b:05:d4:0b (96:77:0b:05:d4:0b), Dst: HewlettPacka_3a:cc:1d (28:92:4a:3a:cc:1d)
    Destination: HewlettPacka_3a:cc:1d (28:92:4a:3a:cc:1d)
        .... ..0. .... .... .... .... = LG bit: Globally unique address (factory default)
        .... ...0 .... .... .... .... = IG bit: Individual address (unicast)
    Source: 96:77:0b:05:d4:0b (96:77:0b:05:d4:0b)
        .... ..1. .... .... .... .... = LG bit: Locally administered address (this is NOT the factory default)
        .... ...0 .... .... .... .... = IG bit: Individual address (unicast)
    Type: IPv4 (0x0800)
    [Stream index: 0]
Internet Protocol Version 4, Src: 172.16.90.227, Dst: 216.239.38.223
    0100 .... = Version: 4
    .... 0101 = Header Length: 20 bytes (5)
    Differentiated Services Field: 0x00 (DSCP: CS0, ECN: Not-ECT)
        0000 00.. = Differentiated Services Codepoint: Default (0)
        .... ..00 = Explicit Congestion Notification: Not ECN-Capable Transport (0)
    Total Length: 110
    Identification: 0xff52 (65362)
    010. .... = Flags: 0x2, Don't fragment
        0... .... = Reserved bit: Not set
        .1.. .... = Don't fragment: Set
        ..0. .... = More fragments: Not set
    ...0 0000 0000 0000 = Fragment Offset: 0
    Time to Live: 128
    Protocol: UDP (17)
    Header Checksum: 0x0000 [validation disabled]
    [Header checksum status: Unverified]
    Source Address: 172.16.90.227
    Destination Address: 216.239.38.223
    [Stream index: 4]
User Datagram Protocol, Src Port: 53398, Dst Port: 443
    Source Port: 53398
    Destination Port: 443
    Length: 90
    Checksum: 0x072e [unverified]
    [Checksum Status: Unverified]
    [Stream index: 6]
    [Stream Packet Number: 3]
    [Timestamps]
        [Time since first frame: 155.200 microseconds]
        [Time since previous frame: 104.900 microseconds]
    UDP payload (82 bytes)
QUIC IETF
    QUIC Connection information
        [Connection Number: 4]
    [Packet Length: 82]
    1... .... = Header Form: Long Header (1)
    .1.. .... = Fixed Bit: True
    ..01 .... = Packet Type: 0-RTT (1)
    Version: 1 (0x00000001)
    Destination Connection ID Length: 8
    Destination Connection ID: 57759d4bfdfe5e04
    Source Connection ID Length: 0
    Length: 65
    [Expert Info (Warning/Decryption): Failed to create decryption context: Secrets are not available]
        [Failed to create decryption context: Secrets are not available]
        [Severity level: Warning]
        [Group: Decryption]
    Remaining Payload: 1047c09f686eb049507da8eba277196804c8fdf6cbf060de7b2042a61916ac91d2e197d8ab0f44e5b65e7ac8be82a07d7a93d7216615b54873482a8cbcae0e9e69

Frame 57: Packet, 86 bytes on wire (688 bits), 86 bytes captured (688 bits) on interface \Device\NPF_{9B9257DC-FAC1-4993-B12F-136D7BA5E874}, id 0
    Section number: 1
    Interface id: 0 (\Device\NPF_{9B9257DC-FAC1-4993-B12F-136D7BA5E874})
        Interface name: \Device\NPF_{9B9257DC-FAC1-4993-B12F-136D7BA5E874}
        Interface description: Wi-Fi
    Encapsulation type: Ethernet (1)
    Arrival Time: Apr  9, 2026 18:28:04.896895900 India Standard Time
    UTC Arrival Time: Apr  9, 2026 12:58:04.896895900 UTC
    Epoch Arrival Time: 1775739484.896895900
    [Time shift for this packet: 0.000000000 seconds]
    [Time delta from previous captured frame: 4.430500 milliseconds]
    [Time delta from previous displayed frame: 4.430500 milliseconds]
    [Time since reference or first frame: 5.465783900 seconds]
    Frame Number: 57
    Frame Length: 86 bytes (688 bits)
    Capture Length: 86 bytes (688 bits)
    [Frame is marked: False]
    [Frame is ignored: False]
    [Protocols in frame: eth:ethertype:vlan:ethertype:ip:udp:quic]
    Character encoding: ASCII (0)
Ethernet II, Src: HewlettPacka_3a:cc:1d (28:92:4a:3a:cc:1d), Dst: 96:77:0b:05:d4:0b (96:77:0b:05:d4:0b)
    Destination: 96:77:0b:05:d4:0b (96:77:0b:05:d4:0b)
        .... ..1. .... .... .... .... = LG bit: Locally administered address (this is NOT the factory default)
        .... ...0 .... .... .... .... = IG bit: Individual address (unicast)
    Source: HewlettPacka_3a:cc:1d (28:92:4a:3a:cc:1d)
        .... ..0. .... .... .... .... = LG bit: Globally unique address (factory default)
        .... ...0 .... .... .... .... = IG bit: Individual address (unicast)
    Type: 802.1Q Virtual LAN (0x8100)
    [Stream index: 0]
802.1Q Virtual LAN, PRI: 0, DEI: 0, ID: 0
    000. .... .... .... = Priority: Best Effort (default) (0)
    ...0 .... .... .... = DEI: Ineligible
    .... 0000 0000 0000 = ID: 0
    Type: IPv4 (0x0800)
Internet Protocol Version 4, Src: 216.239.38.223, Dst: 172.16.90.227
    0100 .... = Version: 4
    .... 0101 = Header Length: 20 bytes (5)
    Differentiated Services Field: 0xb8 (DSCP: EF, ECN: Not-ECT)
        1011 10.. = Differentiated Services Codepoint: Expedited Forwarding (46)
        .... ..00 = Explicit Congestion Notification: Not ECN-Capable Transport (0)
    Total Length: 68
    Identification: 0x0000 (0)
    010. .... = Flags: 0x2, Don't fragment
        0... .... = Reserved bit: Not set
        .1.. .... = Don't fragment: Set
        ..0. .... = More fragments: Not set
    ...0 0000 0000 0000 = Fragment Offset: 0
    Time to Live: 57
    Protocol: UDP (17)
    Header Checksum: 0x3a2f [validation disabled]
    [Header checksum status: Unverified]
    Source Address: 216.239.38.223
    Destination Address: 172.16.90.227
    [Stream index: 4]
User Datagram Protocol, Src Port: 443, Dst Port: 53398
    Source Port: 443
    Destination Port: 53398
    Length: 48
    Checksum: 0xdfd9 [unverified]
    [Checksum Status: Unverified]
    [Stream index: 6]
    [Stream Packet Number: 4]
    [Timestamps]
        [Time since first frame: 4.585700 milliseconds]
        [Time since previous frame: 4.430500 milliseconds]
    UDP payload (40 bytes)
QUIC IETF
    QUIC Connection information
        [Connection Number: 4]
    [Packet Length: 40]
    1... .... = Header Form: Long Header (1)
    .1.. .... = Fixed Bit: True
    ..00 .... = Packet Type: Initial (0)
    [.... 00.. = Reserved: 0]
    [.... ..00 = Packet Number Length: 1 bytes (0)]
    Version: 1 (0x00000001)
    Destination Connection ID Length: 0
    Source Connection ID Length: 8
    Source Connection ID: f7759d4bfdfe5e04
    Token Length: 0
    Length: 22
    [Packet Number: 1]
    Payload: 6491921133f0237f56ccc2ea36ee67d7ac4448d09c
    ACK
        Frame Type: ACK (0x0000000000000002)
        Largest Acknowledged: 1
        ACK Delay: 0
        ACK Range Count: 0
        First ACK Range: 0

Frame 58: Packet, 1296 bytes on wire (10368 bits), 1296 bytes captured (10368 bits) on interface \Device\NPF_{9B9257DC-FAC1-4993-B12F-136D7BA5E874}, id 0
    Section number: 1
    Interface id: 0 (\Device\NPF_{9B9257DC-FAC1-4993-B12F-136D7BA5E874})
        Interface name: \Device\NPF_{9B9257DC-FAC1-4993-B12F-136D7BA5E874}
        Interface description: Wi-Fi
    Encapsulation type: Ethernet (1)
    Arrival Time: Apr  9, 2026 18:28:04.897973500 India Standard Time
    UTC Arrival Time: Apr  9, 2026 12:58:04.897973500 UTC
    Epoch Arrival Time: 1775739484.897973500
    [Time shift for this packet: 0.000000000 seconds]
    [Time delta from previous captured frame: 1.077600 milliseconds]
    [Time delta from previous displayed frame: 1.077600 milliseconds]
    [Time since reference or first frame: 5.466861500 seconds]
    Frame Number: 58
    Frame Length: 1296 bytes (10368 bits)
    Capture Length: 1296 bytes (10368 bits)
    [Frame is marked: False]
    [Frame is ignored: False]
    [Protocols in frame: eth:ethertype:vlan:ethertype:ip:udp:quic]
    Character encoding: ASCII (0)
Ethernet II, Src: HewlettPacka_3a:cc:1d (28:92:4a:3a:cc:1d), Dst: 96:77:0b:05:d4:0b (96:77:0b:05:d4:0b)
    Destination: 96:77:0b:05:d4:0b (96:77:0b:05:d4:0b)
        .... ..1. .... .... .... .... = LG bit: Locally administered address (this is NOT the factory default)
        .... ...0 .... .... .... .... = IG bit: Individual address (unicast)
    Source: HewlettPacka_3a:cc:1d (28:92:4a:3a:cc:1d)
        .... ..0. .... .... .... .... = LG bit: Globally unique address (factory default)
        .... ...0 .... .... .... .... = IG bit: Individual address (unicast)
    Type: 802.1Q Virtual LAN (0x8100)
    [Stream index: 0]
802.1Q Virtual LAN, PRI: 0, DEI: 0, ID: 0
    000. .... .... .... = Priority: Best Effort (default) (0)
    ...0 .... .... .... = DEI: Ineligible
    .... 0000 0000 0000 = ID: 0
    Type: IPv4 (0x0800)
Internet Protocol Version 4, Src: 216.239.38.223, Dst: 172.16.90.227
    0100 .... = Version: 4
    .... 0101 = Header Length: 20 bytes (5)
    Differentiated Services Field: 0xb8 (DSCP: EF, ECN: Not-ECT)
        1011 10.. = Differentiated Services Codepoint: Expedited Forwarding (46)
        .... ..00 = Explicit Congestion Notification: Not ECN-Capable Transport (0)
    Total Length: 1278
    Identification: 0x0000 (0)
    010. .... = Flags: 0x2, Don't fragment
        0... .... = Reserved bit: Not set
        .1.. .... = Don't fragment: Set
        ..0. .... = More fragments: Not set
    ...0 0000 0000 0000 = Fragment Offset: 0
    Time to Live: 57
    Protocol: UDP (17)
    Header Checksum: 0x3575 [validation disabled]
    [Header checksum status: Unverified]
    Source Address: 216.239.38.223
    Destination Address: 172.16.90.227
    [Stream index: 4]
User Datagram Protocol, Src Port: 443, Dst Port: 53398
    Source Port: 443
    Destination Port: 53398
    Length: 1258
    Checksum: 0x7817 [unverified]
    [Checksum Status: Unverified]
    [Stream index: 6]
    [Stream Packet Number: 5]
    [Timestamps]
        [Time since first frame: 5.663300 milliseconds]
        [Time since previous frame: 1.077600 milliseconds]
    UDP payload (1250 bytes)
QUIC IETF
    QUIC Connection information
        [Connection Number: 4]
    [Packet Length: 1250]
    1... .... = Header Form: Long Header (1)
    .1.. .... = Fixed Bit: True
    ..00 .... = Packet Type: Initial (0)
    [.... 00.. = Reserved: 0]
    [.... ..00 = Packet Number Length: 1 bytes (0)]
    Version: 1 (0x00000001)
    Destination Connection ID Length: 0
    Source Connection ID Length: 8
    Source Connection ID: f7759d4bfdfe5e04
    Token Length: 0
    Length: 1232
    [Packet Number: 2]
    Payload […]: 20af3e1f8e2ec4b329e65b095365cc148ce3e60b2fa85cd3805395cc95eae11aeb81b33c590677678ae16db6e5d7bc4181ce9f160e77d0f8f9017c7d69b8abfb5d0bb88aa61dd269067d9ab92cc1ec3c4babae5a3307b2fcc5e011fb78b74ed5d64ece92db85288963c6df20529ed7d0
    ACK
        Frame Type: ACK (0x0000000000000002)
        Largest Acknowledged: 2
        ACK Delay: 0
        ACK Range Count: 0
        First ACK Range: 1
    PADDING Length: 1210
        Frame Type: PADDING (0x0000000000000000)
        [Padding Length: 1210]

Frame 59: Packet, 1292 bytes on wire (10336 bits), 1292 bytes captured (10336 bits) on interface \Device\NPF_{9B9257DC-FAC1-4993-B12F-136D7BA5E874}, id 0
    Section number: 1
    Interface id: 0 (\Device\NPF_{9B9257DC-FAC1-4993-B12F-136D7BA5E874})
        Interface name: \Device\NPF_{9B9257DC-FAC1-4993-B12F-136D7BA5E874}
        Interface description: Wi-Fi
    Encapsulation type: Ethernet (1)
    Arrival Time: Apr  9, 2026 18:28:04.905763800 India Standard Time
    UTC Arrival Time: Apr  9, 2026 12:58:04.905763800 UTC
    Epoch Arrival Time: 1775739484.905763800
    [Time shift for this packet: 0.000000000 seconds]
    [Time delta from previous captured frame: 7.790300 milliseconds]
    [Time delta from previous displayed frame: 7.790300 milliseconds]
    [Time since reference or first frame: 5.474651800 seconds]
    Frame Number: 59
    Frame Length: 1292 bytes (10336 bits)
    Capture Length: 1292 bytes (10336 bits)
    [Frame is marked: False]
    [Frame is ignored: False]
    [Protocols in frame: eth:ethertype:ip:udp:quic]
    Character encoding: ASCII (0)
Ethernet II, Src: 96:77:0b:05:d4:0b (96:77:0b:05:d4:0b), Dst: HewlettPacka_3a:cc:1d (28:92:4a:3a:cc:1d)
    Destination: HewlettPacka_3a:cc:1d (28:92:4a:3a:cc:1d)
        .... ..0. .... .... .... .... = LG bit: Globally unique address (factory default)
        .... ...0 .... .... .... .... = IG bit: Individual address (unicast)
    Source: 96:77:0b:05:d4:0b (96:77:0b:05:d4:0b)
        .... ..1. .... .... .... .... = LG bit: Locally administered address (this is NOT the factory default)
        .... ...0 .... .... .... .... = IG bit: Individual address (unicast)
    Type: IPv4 (0x0800)
    [Stream index: 0]
Internet Protocol Version 4, Src: 172.16.90.227, Dst: 216.239.38.223
    0100 .... = Version: 4
    .... 0101 = Header Length: 20 bytes (5)
    Differentiated Services Field: 0x00 (DSCP: CS0, ECN: Not-ECT)
        0000 00.. = Differentiated Services Codepoint: Default (0)
        .... ..00 = Explicit Congestion Notification: Not ECN-Capable Transport (0)
    Total Length: 1278
    Identification: 0xff53 (65363)
    010. .... = Flags: 0x2, Don't fragment
        0... .... = Reserved bit: Not set
        .1.. .... = Don't fragment: Set
        ..0. .... = More fragments: Not set
    ...0 0000 0000 0000 = Fragment Offset: 0
    Time to Live: 128
    Protocol: UDP (17)
    Header Checksum: 0x0000 [validation disabled]
    [Header checksum status: Unverified]
    Source Address: 172.16.90.227
    Destination Address: 216.239.38.223
    [Stream index: 4]
User Datagram Protocol, Src Port: 53398, Dst Port: 443
    Source Port: 53398
    Destination Port: 443
    Length: 1258
    Checksum: 0x0bbe [unverified]
    [Checksum Status: Unverified]
    [Stream index: 6]
    [Stream Packet Number: 6]
    [Timestamps]
        [Time since first frame: 13.453600 milliseconds]
        [Time since previous frame: 7.790300 milliseconds]
    UDP payload (1250 bytes)
QUIC IETF
    QUIC Connection information
        [Connection Number: 4]
    [Packet Length: 1250]
    1... .... = Header Form: Long Header (1)
    .1.. .... = Fixed Bit: True
    ..00 .... = Packet Type: Initial (0)
    [.... 00.. = Reserved: 0]
    [.... ..00 = Packet Number Length: 1 bytes (0)]
    Version: 1 (0x00000001)
    Destination Connection ID Length: 8
    Destination Connection ID: f7759d4bfdfe5e04
    Source Connection ID Length: 0
    Token Length: 70
    Token: 0074e5116412264333d540f8ba44649e545e8331318d3e1f51ce209d2c3df229621bd8f6a091cb34be2559569752de71111f2b556baa18771c020e2c9514bf164c24a7a8cf5a
    Length: 1161
    [Packet Number: 5]
    Payload […]: 4a3dd306ec26186003340dbaf63b842bc287245db18b7a74208b2a15915749de8ee2612f1c732fce18dcef7197570c494f20d69db724f18fc5e386f1dd1ad31945739a58dce63109dcc47c5788313b24ca09de1eff4f29af85affff03e26e740cc8e782eb265034e1bd6d357901a129d
    PADDING Length: 2
        Frame Type: PADDING (0x0000000000000000)
        [Padding Length: 2]
    PING
        Frame Type: PING (0x0000000000000001)
    PADDING Length: 1141
        Frame Type: PADDING (0x0000000000000000)
        [Padding Length: 1141]

Frame 60: Packet, 1296 bytes on wire (10368 bits), 1296 bytes captured (10368 bits) on interface \Device\NPF_{9B9257DC-FAC1-4993-B12F-136D7BA5E874}, id 0
    Section number: 1
    Interface id: 0 (\Device\NPF_{9B9257DC-FAC1-4993-B12F-136D7BA5E874})
        Interface name: \Device\NPF_{9B9257DC-FAC1-4993-B12F-136D7BA5E874}
        Interface description: Wi-Fi
    Encapsulation type: Ethernet (1)
    Arrival Time: Apr  9, 2026 18:28:04.910323300 India Standard Time
    UTC Arrival Time: Apr  9, 2026 12:58:04.910323300 UTC
    Epoch Arrival Time: 1775739484.910323300
    [Time shift for this packet: 0.000000000 seconds]
    [Time delta from previous captured frame: 4.559500 milliseconds]
    [Time delta from previous displayed frame: 4.559500 milliseconds]
    [Time since reference or first frame: 5.479211300 seconds]
    Frame Number: 60
    Frame Length: 1296 bytes (10368 bits)
    Capture Length: 1296 bytes (10368 bits)
    [Frame is marked: False]
    [Frame is ignored: False]
    [Protocols in frame: eth:ethertype:vlan:ethertype:ip:udp:quic]
    Character encoding: ASCII (0)
Ethernet II, Src: HewlettPacka_3a:cc:1d (28:92:4a:3a:cc:1d), Dst: 96:77:0b:05:d4:0b (96:77:0b:05:d4:0b)
    Destination: 96:77:0b:05:d4:0b (96:77:0b:05:d4:0b)
        .... ..1. .... .... .... .... = LG bit: Locally administered address (this is NOT the factory default)
        .... ...0 .... .... .... .... = IG bit: Individual address (unicast)
    Source: HewlettPacka_3a:cc:1d (28:92:4a:3a:cc:1d)
        .... ..0. .... .... .... .... = LG bit: Globally unique address (factory default)
        .... ...0 .... .... .... .... = IG bit: Individual address (unicast)
    Type: 802.1Q Virtual LAN (0x8100)
    [Stream index: 0]
802.1Q Virtual LAN, PRI: 0, DEI: 0, ID: 0
    000. .... .... .... = Priority: Best Effort (default) (0)
    ...0 .... .... .... = DEI: Ineligible
    .... 0000 0000 0000 = ID: 0
    Type: IPv4 (0x0800)
Internet Protocol Version 4, Src: 216.239.38.223, Dst: 172.16.90.227
    0100 .... = Version: 4
    .... 0101 = Header Length: 20 bytes (5)
    Differentiated Services Field: 0xb8 (DSCP: EF, ECN: Not-ECT)
        1011 10.. = Differentiated Services Codepoint: Expedited Forwarding (46)
        .... ..00 = Explicit Congestion Notification: Not ECN-Capable Transport (0)
    Total Length: 1278
    Identification: 0x0000 (0)
    010. .... = Flags: 0x2, Don't fragment
        0... .... = Reserved bit: Not set
        .1.. .... = Don't fragment: Set
        ..0. .... = More fragments: Not set
    ...0 0000 0000 0000 = Fragment Offset: 0
    Time to Live: 57
    Protocol: UDP (17)
    Header Checksum: 0x3575 [validation disabled]
    [Header checksum status: Unverified]
    Source Address: 216.239.38.223
    Destination Address: 172.16.90.227
    [Stream index: 4]
User Datagram Protocol, Src Port: 443, Dst Port: 53398
    Source Port: 443
    Destination Port: 53398
    Length: 1258
    Checksum: 0xf9b6 [unverified]
    [Checksum Status: Unverified]
    [Stream index: 6]
    [Stream Packet Number: 7]
    [Timestamps]
        [Time since first frame: 18.013100 milliseconds]
        [Time since previous frame: 4.559500 milliseconds]
    UDP payload (1250 bytes)
QUIC IETF
    QUIC Connection information
        [Connection Number: 4]
    [Packet Length: 1250]
    1... .... = Header Form: Long Header (1)
    .1.. .... = Fixed Bit: True
    ..00 .... = Packet Type: Initial (0)
    [.... 00.. = Reserved: 0]
    [.... ..00 = Packet Number Length: 1 bytes (0)]
    Version: 1 (0x00000001)
    Destination Connection ID Length: 0
    Source Connection ID Length: 8
    Source Connection ID: f7759d4bfdfe5e04
    Token Length: 0
    Length: 1232
    [Packet Number: 3]
    Payload […]: e4854bc21f257c54c76fd82e649e3dbfc34cab57d54a931ea99e7af6e2afaab19dc9cf97fc04c6d4bc6acf435c887ba3661751a8dfc65c0b8e55b4b681f19b27808e8b73cfac1d46b0513cf3091bf07c44b92d3fa283506d651e409d122a2c2b407e740f302daf4a67b7596ecde8bf9b
    ACK
        Frame Type: ACK (0x0000000000000002)
        Largest Acknowledged: 5
        ACK Delay: 0
        ACK Range Count: 1
        First ACK Range: 0
        Gap: 1
        ACK Range: 1
    PADDING Length: 1208
        Frame Type: PADDING (0x0000000000000000)
        [Padding Length: 1208]

Frame 61: Packet, 1292 bytes on wire (10336 bits), 1292 bytes captured (10336 bits) on interface \Device\NPF_{9B9257DC-FAC1-4993-B12F-136D7BA5E874}, id 0
    Section number: 1
    Interface id: 0 (\Device\NPF_{9B9257DC-FAC1-4993-B12F-136D7BA5E874})
        Interface name: \Device\NPF_{9B9257DC-FAC1-4993-B12F-136D7BA5E874}
        Interface description: Wi-Fi
    Encapsulation type: Ethernet (1)
    Arrival Time: Apr  9, 2026 18:28:04.919628900 India Standard Time
    UTC Arrival Time: Apr  9, 2026 12:58:04.919628900 UTC
    Epoch Arrival Time: 1775739484.919628900
    [Time shift for this packet: 0.000000000 seconds]
    [Time delta from previous captured frame: 9.305600 milliseconds]
    [Time delta from previous displayed frame: 9.305600 milliseconds]
    [Time since reference or first frame: 5.488516900 seconds]
    Frame Number: 61
    Frame Length: 1292 bytes (10336 bits)
    Capture Length: 1292 bytes (10336 bits)
    [Frame is marked: False]
    [Frame is ignored: False]
    [Protocols in frame: eth:ethertype:ip:udp:quic]
    Character encoding: ASCII (0)
Ethernet II, Src: 96:77:0b:05:d4:0b (96:77:0b:05:d4:0b), Dst: HewlettPacka_3a:cc:1d (28:92:4a:3a:cc:1d)
    Destination: HewlettPacka_3a:cc:1d (28:92:4a:3a:cc:1d)
        .... ..0. .... .... .... .... = LG bit: Globally unique address (factory default)
        .... ...0 .... .... .... .... = IG bit: Individual address (unicast)
    Source: 96:77:0b:05:d4:0b (96:77:0b:05:d4:0b)
        .... ..1. .... .... .... .... = LG bit: Locally administered address (this is NOT the factory default)
        .... ...0 .... .... .... .... = IG bit: Individual address (unicast)
    Type: IPv4 (0x0800)
    [Stream index: 0]
Internet Protocol Version 4, Src: 172.16.90.227, Dst: 216.239.38.223
    0100 .... = Version: 4
    .... 0101 = Header Length: 20 bytes (5)
    Differentiated Services Field: 0x00 (DSCP: CS0, ECN: Not-ECT)
        0000 00.. = Differentiated Services Codepoint: Default (0)
        .... ..00 = Explicit Congestion Notification: Not ECN-Capable Transport (0)
    Total Length: 1278
    Identification: 0xff54 (65364)
    010. .... = Flags: 0x2, Don't fragment
        0... .... = Reserved bit: Not set
        .1.. .... = Don't fragment: Set
        ..0. .... = More fragments: Not set
    ...0 0000 0000 0000 = Fragment Offset: 0
    Time to Live: 128
    Protocol: UDP (17)
    Header Checksum: 0x0000 [validation disabled]
    [Header checksum status: Unverified]
    Source Address: 172.16.90.227
    Destination Address: 216.239.38.223
    [Stream index: 4]
User Datagram Protocol, Src Port: 53398, Dst Port: 443
    Source Port: 53398
    Destination Port: 443
    Length: 1258
    Checksum: 0x0bbe [unverified]
    [Checksum Status: Unverified]
    [Stream index: 6]
    [Stream Packet Number: 8]
    [Timestamps]
        [Time since first frame: 27.318700 milliseconds]
        [Time since previous frame: 9.305600 milliseconds]
    UDP payload (1250 bytes)
QUIC IETF
    QUIC Connection information
        [Connection Number: 4]
    [Packet Length: 1250]
    1... .... = Header Form: Long Header (1)
    .1.. .... = Fixed Bit: True
    ..00 .... = Packet Type: Initial (0)
    [.... 00.. = Reserved: 0]
    [.... ..00 = Packet Number Length: 1 bytes (0)]
    Version: 1 (0x00000001)
    Destination Connection ID Length: 8
    Destination Connection ID: f7759d4bfdfe5e04
    Source Connection ID Length: 0
    Token Length: 70
    Token: 0074e5116412264333d540f8ba44649e545e8331318d3e1f51ce209d2c3df229621bd8f6a091cb34be2559569752de71111f2b556baa18771c020e2c9514bf164c24a7a8cf5a
    Length: 1161
    [Packet Number: 7]
    Payload […]: 5a500d94115e9f36cf45676f294e10bc34e448080905b4fc5a8ea20e589d18638f51aad0027d1783147144143686402e7b0692f1e62f9372da1f23b71aecf09ae0a347e063e23e7c024b0c0e03f08ae1a43cbc96e26417eff0477b6533e78d0d6c78ee5f6f9c5772ba1385ffcf742e6a
    PADDING Length: 2
        Frame Type: PADDING (0x0000000000000000)
        [Padding Length: 2]
    PING
        Frame Type: PING (0x0000000000000001)
    PADDING Length: 1141
        Frame Type: PADDING (0x0000000000000000)
        [Padding Length: 1141]

Frame 62: Packet, 1296 bytes on wire (10368 bits), 1296 bytes captured (10368 bits) on interface \Device\NPF_{9B9257DC-FAC1-4993-B12F-136D7BA5E874}, id 0
    Section number: 1
    Interface id: 0 (\Device\NPF_{9B9257DC-FAC1-4993-B12F-136D7BA5E874})
        Interface name: \Device\NPF_{9B9257DC-FAC1-4993-B12F-136D7BA5E874}
        Interface description: Wi-Fi
    Encapsulation type: Ethernet (1)
    Arrival Time: Apr  9, 2026 18:28:04.924275900 India Standard Time
    UTC Arrival Time: Apr  9, 2026 12:58:04.924275900 UTC
    Epoch Arrival Time: 1775739484.924275900
    [Time shift for this packet: 0.000000000 seconds]
    [Time delta from previous captured frame: 4.647000 milliseconds]
    [Time delta from previous displayed frame: 4.647000 milliseconds]
    [Time since reference or first frame: 5.493163900 seconds]
    Frame Number: 62
    Frame Length: 1296 bytes (10368 bits)
    Capture Length: 1296 bytes (10368 bits)
    [Frame is marked: False]
    [Frame is ignored: False]
    [Protocols in frame: eth:ethertype:vlan:ethertype:ip:udp:quic]
    Character encoding: ASCII (0)
Ethernet II, Src: HewlettPacka_3a:cc:1d (28:92:4a:3a:cc:1d), Dst: 96:77:0b:05:d4:0b (96:77:0b:05:d4:0b)
    Destination: 96:77:0b:05:d4:0b (96:77:0b:05:d4:0b)
        .... ..1. .... .... .... .... = LG bit: Locally administered address (this is NOT the factory default)
        .... ...0 .... .... .... .... = IG bit: Individual address (unicast)
    Source: HewlettPacka_3a:cc:1d (28:92:4a:3a:cc:1d)
        .... ..0. .... .... .... .... = LG bit: Globally unique address (factory default)
        .... ...0 .... .... .... .... = IG bit: Individual address (unicast)
    Type: 802.1Q Virtual LAN (0x8100)
    [Stream index: 0]
802.1Q Virtual LAN, PRI: 0, DEI: 0, ID: 0
    000. .... .... .... = Priority: Best Effort (default) (0)
    ...0 .... .... .... = DEI: Ineligible
    .... 0000 0000 0000 = ID: 0
    Type: IPv4 (0x0800)
Internet Protocol Version 4, Src: 216.239.38.223, Dst: 172.16.90.227
    0100 .... = Version: 4
    .... 0101 = Header Length: 20 bytes (5)
    Differentiated Services Field: 0xb8 (DSCP: EF, ECN: Not-ECT)
        1011 10.. = Differentiated Services Codepoint: Expedited Forwarding (46)
        .... ..00 = Explicit Congestion Notification: Not ECN-Capable Transport (0)
    Total Length: 1278
    Identification: 0x0000 (0)
    010. .... = Flags: 0x2, Don't fragment
        0... .... = Reserved bit: Not set
        .1.. .... = Don't fragment: Set
        ..0. .... = More fragments: Not set
    ...0 0000 0000 0000 = Fragment Offset: 0
    Time to Live: 57
    Protocol: UDP (17)
    Header Checksum: 0x3575 [validation disabled]
    [Header checksum status: Unverified]
    Source Address: 216.239.38.223
    Destination Address: 172.16.90.227
    [Stream index: 4]
User Datagram Protocol, Src Port: 443, Dst Port: 53398
    Source Port: 443
    Destination Port: 53398
    Length: 1258
    Checksum: 0xc4e0 [unverified]
    [Checksum Status: Unverified]
    [Stream index: 6]
    [Stream Packet Number: 9]
    [Timestamps]
        [Time since first frame: 31.965700 milliseconds]
        [Time since previous frame: 4.647000 milliseconds]
    UDP payload (1250 bytes)
QUIC IETF
    QUIC Connection information
        [Connection Number: 4]
    [Packet Length: 1250]
    1... .... = Header Form: Long Header (1)
    .1.. .... = Fixed Bit: True
    ..00 .... = Packet Type: Initial (0)
    [.... 00.. = Reserved: 0]
    [.... ..00 = Packet Number Length: 1 bytes (0)]
    Version: 1 (0x00000001)
    Destination Connection ID Length: 0
    Source Connection ID Length: 8
    Source Connection ID: f7759d4bfdfe5e04
    Token Length: 0
    Length: 1232
    [Packet Number: 4]
    Payload […]: 1a2496687186e181727e0992721382fdf41f569c035fd38b89cf5453bb5228dc2fbf8ced70dc5befe139c022414c77230bf11a272d855683ec58775fd4d2ce893f876d5b86b0f6f727114a92a22d632d413ea21cf4760f01423f370f8b731bed14aff78e21762c5ac48e7885ab18d085
    ACK
        Frame Type: ACK (0x0000000000000002)
        Largest Acknowledged: 7
        ACK Delay: 0
        ACK Range Count: 2
        First ACK Range: 0
        Gap: 0
        ACK Range: 0
        Gap: 1
        ACK Range: 1
    PADDING Length: 1206
        Frame Type: PADDING (0x0000000000000000)
        [Padding Length: 1206]

Frame 63: Packet, 1296 bytes on wire (10368 bits), 1296 bytes captured (10368 bits) on interface \Device\NPF_{9B9257DC-FAC1-4993-B12F-136D7BA5E874}, id 0
    Section number: 1
    Interface id: 0 (\Device\NPF_{9B9257DC-FAC1-4993-B12F-136D7BA5E874})
        Interface name: \Device\NPF_{9B9257DC-FAC1-4993-B12F-136D7BA5E874}
        Interface description: Wi-Fi
    Encapsulation type: Ethernet (1)
    Arrival Time: Apr  9, 2026 18:28:04.928161200 India Standard Time
    UTC Arrival Time: Apr  9, 2026 12:58:04.928161200 UTC
    Epoch Arrival Time: 1775739484.928161200
    [Time shift for this packet: 0.000000000 seconds]
    [Time delta from previous captured frame: 3.885300 milliseconds]
    [Time delta from previous displayed frame: 3.885300 milliseconds]
    [Time since reference or first frame: 5.497049200 seconds]
    Frame Number: 63
    Frame Length: 1296 bytes (10368 bits)
    Capture Length: 1296 bytes (10368 bits)
    [Frame is marked: False]
    [Frame is ignored: False]
    [Protocols in frame: eth:ethertype:vlan:ethertype:ip:udp:quic:tls]
    Character encoding: ASCII (0)
Ethernet II, Src: HewlettPacka_3a:cc:1d (28:92:4a:3a:cc:1d), Dst: 96:77:0b:05:d4:0b (96:77:0b:05:d4:0b)
    Destination: 96:77:0b:05:d4:0b (96:77:0b:05:d4:0b)
        .... ..1. .... .... .... .... = LG bit: Locally administered address (this is NOT the factory default)
        .... ...0 .... .... .... .... = IG bit: Individual address (unicast)
    Source: HewlettPacka_3a:cc:1d (28:92:4a:3a:cc:1d)
        .... ..0. .... .... .... .... = LG bit: Globally unique address (factory default)
        .... ...0 .... .... .... .... = IG bit: Individual address (unicast)
    Type: 802.1Q Virtual LAN (0x8100)
    [Stream index: 0]
802.1Q Virtual LAN, PRI: 0, DEI: 0, ID: 0
    000. .... .... .... = Priority: Best Effort (default) (0)
    ...0 .... .... .... = DEI: Ineligible
    .... 0000 0000 0000 = ID: 0
    Type: IPv4 (0x0800)
Internet Protocol Version 4, Src: 216.239.38.223, Dst: 172.16.90.227
    0100 .... = Version: 4
    .... 0101 = Header Length: 20 bytes (5)
    Differentiated Services Field: 0xb8 (DSCP: EF, ECN: Not-ECT)
        1011 10.. = Differentiated Services Codepoint: Expedited Forwarding (46)
        .... ..00 = Explicit Congestion Notification: Not ECN-Capable Transport (0)
    Total Length: 1278
    Identification: 0x0000 (0)
    010. .... = Flags: 0x2, Don't fragment
        0... .... = Reserved bit: Not set
        .1.. .... = Don't fragment: Set
        ..0. .... = More fragments: Not set
    ...0 0000 0000 0000 = Fragment Offset: 0
    Time to Live: 57
    Protocol: UDP (17)
    Header Checksum: 0x3575 [validation disabled]
    [Header checksum status: Unverified]
    Source Address: 216.239.38.223
    Destination Address: 172.16.90.227
    [Stream index: 4]
User Datagram Protocol, Src Port: 443, Dst Port: 53398
    Source Port: 443
    Destination Port: 53398
    Length: 1258
    Checksum: 0x921c [unverified]
    [Checksum Status: Unverified]
    [Stream index: 6]
    [Stream Packet Number: 10]
    [Timestamps]
        [Time since first frame: 35.851000 milliseconds]
        [Time since previous frame: 3.885300 milliseconds]
    UDP payload (1250 bytes)
QUIC IETF
    QUIC Connection information
        [Connection Number: 4]
    [Packet Length: 966]
    1... .... = Header Form: Long Header (1)
    .1.. .... = Fixed Bit: True
    ..00 .... = Packet Type: Initial (0)
    [.... 00.. = Reserved: 0]
    [.... ..00 = Packet Number Length: 1 bytes (0)]
    Version: 1 (0x00000001)
    Destination Connection ID Length: 0
    Source Connection ID Length: 8
    Source Connection ID: f7759d4bfdfe5e04
    Token Length: 0
    Length: 948
    [Packet Number: 5]
    Payload […]: b122c2f5f40dc285f44a42f40d5bdcd140f2b71b5f92f5a0d4ac6a0ef69260c91544583bc8937ccaf837e67d461a109f97d600a0fea81a1762da2ee1f604b7846249883635032796dba23720974f6e585448e68681926b7cd0ece839be0d89cf813137d06b482ed0940e7d89cc3c8fa4
    CRYPTO
        Frame Type: CRYPTO (0x0000000000000006)
        Offset: 0
        Length: 96
        Crypto Data
        TLSv1.3 Record Layer: Handshake Protocol: Server Hello
            Handshake Protocol: Server Hello
                Handshake Type: Server Hello (2)
                Length: 92
                Version: TLS 1.2 (0x0303)
                    [Expert Info (Chat/Deprecated): This legacy_version field MUST be ignored. The supported_versions extension is present and MUST be used instead.]
                        [This legacy_version field MUST be ignored. The supported_versions extension is present and MUST be used instead.]
                        [Severity level: Chat]
                        [Group: Deprecated]
                Random: c05fe6a3e45b902dca03cfaf19c0913e62597dd3492a0b3da55fb894d078815d
                Session ID Length: 0
                Cipher Suite: TLS_AES_128_GCM_SHA256 (0x1301)
                Compression Method: null (0)
                Extensions Length: 52
                Extension: pre_shared_key (len=2)
                    Type: pre_shared_key (41)
                    Length: 2
                    Pre-Shared Key extension
                        Selected Identity: 0
                Extension: key_share (len=36) x25519
                    Type: key_share (51)
                    Length: 36
                    Key Share extension
                        Key Share Entry: Group: x25519, Key Exchange length: 32
                            Group: x25519 (29)
                            Key Exchange Length: 32
                            Key Exchange: 501d07e7e9f59d609a5d22b87eb87cfef56969066f7a59764125bd2f58764557
                Extension: supported_versions (len=2) TLS 1.3
                    Type: supported_versions (43)
                    Length: 2
                    Supported Version: TLS 1.3 (0x0304)
                [JA3S Fullstring: 771,4865,41-51-43]
                [JA3S: 2b0648ab686ee45e0e7c35fcfb0eea7e]
    PADDING Length: 831
        Frame Type: PADDING (0x0000000000000000)
        [Padding Length: 831]
QUIC IETF
    [Packet Length: 216]
    1... .... = Header Form: Long Header (1)
    .1.. .... = Fixed Bit: True
    ..10 .... = Packet Type: Handshake (2)
    Version: 1 (0x00000001)
    Destination Connection ID Length: 0
    Source Connection ID Length: 8
    Source Connection ID: f7759d4bfdfe5e04
    Length: 199
    [Expert Info (Warning/Decryption): Failed to create decryption context: Secrets are not available]
        [Failed to create decryption context: Secrets are not available]
        [Severity level: Warning]
        [Group: Decryption]
    Remaining Payload […]: d3592fe0345211ecb3092c5444be2f0ae446f54695a42fd512e0b153c532bbb681fabd5296824c12c246d7597ab837eb0d646ef865a0f2d84bdef86fa8fa68176a259291a6cd6b2a475681e2dd9d953a0817536535d904400777772c379f192c36874d74479977e2386043
QUIC IETF
    [Packet Length: 68]
    QUIC Short Header
        0... .... = Header Form: Short Header (0)
        .1.. .... = Fixed Bit: True
        ..0. .... = Spin Bit: False
    [Expert Info (Warning/Decryption): Failed to create decryption context: Secrets are not available]
        [Failed to create decryption context: Secrets are not available]
        [Severity level: Warning]
        [Group: Decryption]
    Remaining Payload: 22d056afa9b7e322d1492582b7aff75d11de06fdbca7071d182dbdc05c065f75a45151e7f4120642c9ebc3bc8d6426935ed3a674643e46b56178e200edf221b9e188bf

Frame 64: Packet, 877 bytes on wire (7016 bits), 877 bytes captured (7016 bits) on interface \Device\NPF_{9B9257DC-FAC1-4993-B12F-136D7BA5E874}, id 0
    Section number: 1
    Interface id: 0 (\Device\NPF_{9B9257DC-FAC1-4993-B12F-136D7BA5E874})
        Interface name: \Device\NPF_{9B9257DC-FAC1-4993-B12F-136D7BA5E874}
        Interface description: Wi-Fi
    Encapsulation type: Ethernet (1)
    Arrival Time: Apr  9, 2026 18:28:04.928161200 India Standard Time
    UTC Arrival Time: Apr  9, 2026 12:58:04.928161200 UTC
    Epoch Arrival Time: 1775739484.928161200
    [Time shift for this packet: 0.000000000 seconds]
    [Time delta from previous captured frame: 0.000000000 seconds]
    [Time delta from previous displayed frame: 0.000000000 seconds]
    [Time since reference or first frame: 5.497049200 seconds]
    Frame Number: 64
    Frame Length: 877 bytes (7016 bits)
    Capture Length: 877 bytes (7016 bits)
    [Frame is marked: False]
    [Frame is ignored: False]
    [Protocols in frame: eth:ethertype:vlan:ethertype:ip:udp:quic]
    Character encoding: ASCII (0)
Ethernet II, Src: HewlettPacka_3a:cc:1d (28:92:4a:3a:cc:1d), Dst: 96:77:0b:05:d4:0b (96:77:0b:05:d4:0b)
    Destination: 96:77:0b:05:d4:0b (96:77:0b:05:d4:0b)
        .... ..1. .... .... .... .... = LG bit: Locally administered address (this is NOT the factory default)
        .... ...0 .... .... .... .... = IG bit: Individual address (unicast)
    Source: HewlettPacka_3a:cc:1d (28:92:4a:3a:cc:1d)
        .... ..0. .... .... .... .... = LG bit: Globally unique address (factory default)
        .... ...0 .... .... .... .... = IG bit: Individual address (unicast)
    Type: 802.1Q Virtual LAN (0x8100)
    [Stream index: 0]
802.1Q Virtual LAN, PRI: 0, DEI: 0, ID: 0
    000. .... .... .... = Priority: Best Effort (default) (0)
    ...0 .... .... .... = DEI: Ineligible
    .... 0000 0000 0000 = ID: 0
    Type: IPv4 (0x0800)
Internet Protocol Version 4, Src: 216.239.38.223, Dst: 172.16.90.227
    0100 .... = Version: 4
    .... 0101 = Header Length: 20 bytes (5)
    Differentiated Services Field: 0xb8 (DSCP: EF, ECN: Not-ECT)
        1011 10.. = Differentiated Services Codepoint: Expedited Forwarding (46)
        .... ..00 = Explicit Congestion Notification: Not ECN-Capable Transport (0)
    Total Length: 859
    Identification: 0x0000 (0)
    010. .... = Flags: 0x2, Don't fragment
        0... .... = Reserved bit: Not set
        .1.. .... = Don't fragment: Set
        ..0. .... = More fragments: Not set
    ...0 0000 0000 0000 = Fragment Offset: 0
    Time to Live: 57
    Protocol: UDP (17)
    Header Checksum: 0x3718 [validation disabled]
    [Header checksum status: Unverified]
    Source Address: 216.239.38.223
    Destination Address: 172.16.90.227
    [Stream index: 4]
User Datagram Protocol, Src Port: 443, Dst Port: 53398
    Source Port: 443
    Destination Port: 53398
    Length: 839
    Checksum: 0xb88f [unverified]
    [Checksum Status: Unverified]
    [Stream index: 6]
    [Stream Packet Number: 11]
    [Timestamps]
        [Time since first frame: 35.851000 milliseconds]
        [Time since previous frame: 0.000000000 seconds]
    UDP payload (831 bytes)
QUIC IETF
    QUIC Connection information
        [Connection Number: 4]
    [Packet Length: 831]
    QUIC Short Header
        0... .... = Header Form: Short Header (0)
        .1.. .... = Fixed Bit: True
        ..0. .... = Spin Bit: False
    Remaining Payload […]: a5804122aeb67140a59d0e9ec020d54ad55fc04427a5dec24df32ef3c2d2c0ab9cbcddb7971c35ace72d3b1e809495e5823581121a74d69c99cb20bdc3f70b8b393e580ee6be687502fe55eb36b0b5a7965a1d307d64c72950bfda0f44d9b75c6c4b9fb68ac9a291036d65

Frame 65: Packet, 221 bytes on wire (1768 bits), 221 bytes captured (1768 bits) on interface \Device\NPF_{9B9257DC-FAC1-4993-B12F-136D7BA5E874}, id 0
    Section number: 1
    Interface id: 0 (\Device\NPF_{9B9257DC-FAC1-4993-B12F-136D7BA5E874})
        Interface name: \Device\NPF_{9B9257DC-FAC1-4993-B12F-136D7BA5E874}
        Interface description: Wi-Fi
    Encapsulation type: Ethernet (1)
    Arrival Time: Apr  9, 2026 18:28:04.928161200 India Standard Time
    UTC Arrival Time: Apr  9, 2026 12:58:04.928161200 UTC
    Epoch Arrival Time: 1775739484.928161200
    [Time shift for this packet: 0.000000000 seconds]
    [Time delta from previous captured frame: 0.000000000 seconds]
    [Time delta from previous displayed frame: 0.000000000 seconds]
    [Time since reference or first frame: 5.497049200 seconds]
    Frame Number: 65
    Frame Length: 221 bytes (1768 bits)
    Capture Length: 221 bytes (1768 bits)
    [Frame is marked: False]
    [Frame is ignored: False]
    [Protocols in frame: eth:ethertype:vlan:ethertype:ip:udp:quic]
    Character encoding: ASCII (0)
Ethernet II, Src: HewlettPacka_3a:cc:1d (28:92:4a:3a:cc:1d), Dst: 96:77:0b:05:d4:0b (96:77:0b:05:d4:0b)
    Destination: 96:77:0b:05:d4:0b (96:77:0b:05:d4:0b)
        .... ..1. .... .... .... .... = LG bit: Locally administered address (this is NOT the factory default)
        .... ...0 .... .... .... .... = IG bit: Individual address (unicast)
    Source: HewlettPacka_3a:cc:1d (28:92:4a:3a:cc:1d)
        .... ..0. .... .... .... .... = LG bit: Globally unique address (factory default)
        .... ...0 .... .... .... .... = IG bit: Individual address (unicast)
    Type: 802.1Q Virtual LAN (0x8100)
    [Stream index: 0]
802.1Q Virtual LAN, PRI: 0, DEI: 0, ID: 0
    000. .... .... .... = Priority: Best Effort (default) (0)
    ...0 .... .... .... = DEI: Ineligible
    .... 0000 0000 0000 = ID: 0
    Type: IPv4 (0x0800)
Internet Protocol Version 4, Src: 216.239.38.223, Dst: 172.16.90.227
    0100 .... = Version: 4
    .... 0101 = Header Length: 20 bytes (5)
    Differentiated Services Field: 0xb8 (DSCP: EF, ECN: Not-ECT)
        1011 10.. = Differentiated Services Codepoint: Expedited Forwarding (46)
        .... ..00 = Explicit Congestion Notification: Not ECN-Capable Transport (0)
    Total Length: 203
    Identification: 0x0000 (0)
    010. .... = Flags: 0x2, Don't fragment
        0... .... = Reserved bit: Not set
        .1.. .... = Don't fragment: Set
        ..0. .... = More fragments: Not set
    ...0 0000 0000 0000 = Fragment Offset: 0
    Time to Live: 57
    Protocol: UDP (17)
    Header Checksum: 0x39a8 [validation disabled]
    [Header checksum status: Unverified]
    Source Address: 216.239.38.223
    Destination Address: 172.16.90.227
    [Stream index: 4]
User Datagram Protocol, Src Port: 443, Dst Port: 53398
    Source Port: 443
    Destination Port: 53398
    Length: 183
    Checksum: 0xce88 [unverified]
    [Checksum Status: Unverified]
    [Stream index: 6]
    [Stream Packet Number: 12]
    [Timestamps]
        [Time since first frame: 35.851000 milliseconds]
        [Time since previous frame: 0.000000000 seconds]
    UDP payload (175 bytes)
QUIC IETF
    QUIC Connection information
        [Connection Number: 4]
    [Packet Length: 175]
    QUIC Short Header
        0... .... = Header Form: Short Header (0)
        .1.. .... = Fixed Bit: True
        ..0. .... = Spin Bit: False
    Remaining Payload […]: decd6c0ae503d491336ed2e25d889dd9fd868d7ec46de02ec27c2e87aa37932e06de65be1d483e7a0ede315aa45d740a78798ac51d839d52c924a0f31afb646b38102927c92403c44aa79cf83af2379546eb882d4aeeed1067a21a74c8fa42843f6cc137d5e2ad75e0a6ef

Frame 66: Packet, 70 bytes on wire (560 bits), 70 bytes captured (560 bits) on interface \Device\NPF_{9B9257DC-FAC1-4993-B12F-136D7BA5E874}, id 0
    Section number: 1
    Interface id: 0 (\Device\NPF_{9B9257DC-FAC1-4993-B12F-136D7BA5E874})
        Interface name: \Device\NPF_{9B9257DC-FAC1-4993-B12F-136D7BA5E874}
        Interface description: Wi-Fi
    Encapsulation type: Ethernet (1)
    Arrival Time: Apr  9, 2026 18:28:04.928161200 India Standard Time
    UTC Arrival Time: Apr  9, 2026 12:58:04.928161200 UTC
    Epoch Arrival Time: 1775739484.928161200
    [Time shift for this packet: 0.000000000 seconds]
    [Time delta from previous captured frame: 0.000000000 seconds]
    [Time delta from previous displayed frame: 0.000000000 seconds]
    [Time since reference or first frame: 5.497049200 seconds]
    Frame Number: 66
    Frame Length: 70 bytes (560 bits)
    Capture Length: 70 bytes (560 bits)
    [Frame is marked: False]
    [Frame is ignored: False]
    [Protocols in frame: eth:ethertype:vlan:ethertype:ip:udp:quic]
    Character encoding: ASCII (0)
Ethernet II, Src: HewlettPacka_3a:cc:1d (28:92:4a:3a:cc:1d), Dst: 96:77:0b:05:d4:0b (96:77:0b:05:d4:0b)
    Destination: 96:77:0b:05:d4:0b (96:77:0b:05:d4:0b)
        .... ..1. .... .... .... .... = LG bit: Locally administered address (this is NOT the factory default)
        .... ...0 .... .... .... .... = IG bit: Individual address (unicast)
    Source: HewlettPacka_3a:cc:1d (28:92:4a:3a:cc:1d)
        .... ..0. .... .... .... .... = LG bit: Globally unique address (factory default)
        .... ...0 .... .... .... .... = IG bit: Individual address (unicast)
    Type: 802.1Q Virtual LAN (0x8100)
    [Stream index: 0]
802.1Q Virtual LAN, PRI: 0, DEI: 0, ID: 0
    000. .... .... .... = Priority: Best Effort (default) (0)
    ...0 .... .... .... = DEI: Ineligible
    .... 0000 0000 0000 = ID: 0
    Type: IPv4 (0x0800)
Internet Protocol Version 4, Src: 216.239.38.223, Dst: 172.16.90.227
    0100 .... = Version: 4
    .... 0101 = Header Length: 20 bytes (5)
    Differentiated Services Field: 0xb8 (DSCP: EF, ECN: Not-ECT)
        1011 10.. = Differentiated Services Codepoint: Expedited Forwarding (46)
        .... ..00 = Explicit Congestion Notification: Not ECN-Capable Transport (0)
    Total Length: 52
    Identification: 0x0000 (0)
    010. .... = Flags: 0x2, Don't fragment
        0... .... = Reserved bit: Not set
        .1.. .... = Don't fragment: Set
        ..0. .... = More fragments: Not set
    ...0 0000 0000 0000 = Fragment Offset: 0
    Time to Live: 57
    Protocol: UDP (17)
    Header Checksum: 0x3a3f [validation disabled]
    [Header checksum status: Unverified]
    Source Address: 216.239.38.223
    Destination Address: 172.16.90.227
    [Stream index: 4]
User Datagram Protocol, Src Port: 443, Dst Port: 53398
    Source Port: 443
    Destination Port: 53398
    Length: 32
    Checksum: 0xe95d [unverified]
    [Checksum Status: Unverified]
    [Stream index: 6]
    [Stream Packet Number: 13]
    [Timestamps]
        [Time since first frame: 35.851000 milliseconds]
        [Time since previous frame: 0.000000000 seconds]
    UDP payload (24 bytes)
QUIC IETF
    QUIC Connection information
        [Connection Number: 4]
    [Packet Length: 24]
    QUIC Short Header
        0... .... = Header Form: Short Header (0)
        .1.. .... = Fixed Bit: True
        ..0. .... = Spin Bit: False
    Remaining Payload: 5b2ac4622e4891d7362d00b242a62372777a597c444baa

Frame 67: Packet, 120 bytes on wire (960 bits), 120 bytes captured (960 bits) on interface \Device\NPF_{9B9257DC-FAC1-4993-B12F-136D7BA5E874}, id 0
    Section number: 1
    Interface id: 0 (\Device\NPF_{9B9257DC-FAC1-4993-B12F-136D7BA5E874})
        Interface name: \Device\NPF_{9B9257DC-FAC1-4993-B12F-136D7BA5E874}
        Interface description: Wi-Fi
    Encapsulation type: Ethernet (1)
    Arrival Time: Apr  9, 2026 18:28:04.928645700 India Standard Time
    UTC Arrival Time: Apr  9, 2026 12:58:04.928645700 UTC
    Epoch Arrival Time: 1775739484.928645700
    [Time shift for this packet: 0.000000000 seconds]
    [Time delta from previous captured frame: 484.500 microseconds]
    [Time delta from previous displayed frame: 484.500 microseconds]
    [Time since reference or first frame: 5.497533700 seconds]
    Frame Number: 67
    Frame Length: 120 bytes (960 bits)
    Capture Length: 120 bytes (960 bits)
    [Frame is marked: False]
    [Frame is ignored: False]
    [Protocols in frame: eth:ethertype:ip:udp:quic]
    Character encoding: ASCII (0)
Ethernet II, Src: 96:77:0b:05:d4:0b (96:77:0b:05:d4:0b), Dst: HewlettPacka_3a:cc:1d (28:92:4a:3a:cc:1d)
    Destination: HewlettPacka_3a:cc:1d (28:92:4a:3a:cc:1d)
        .... ..0. .... .... .... .... = LG bit: Globally unique address (factory default)
        .... ...0 .... .... .... .... = IG bit: Individual address (unicast)
    Source: 96:77:0b:05:d4:0b (96:77:0b:05:d4:0b)
        .... ..1. .... .... .... .... = LG bit: Locally administered address (this is NOT the factory default)
        .... ...0 .... .... .... .... = IG bit: Individual address (unicast)
    Type: IPv4 (0x0800)
    [Stream index: 0]
Internet Protocol Version 4, Src: 172.16.90.227, Dst: 216.239.38.223
    0100 .... = Version: 4
    .... 0101 = Header Length: 20 bytes (5)
    Differentiated Services Field: 0x00 (DSCP: CS0, ECN: Not-ECT)
        0000 00.. = Differentiated Services Codepoint: Default (0)
        .... ..00 = Explicit Congestion Notification: Not ECN-Capable Transport (0)
    Total Length: 106
    Identification: 0xff55 (65365)
    010. .... = Flags: 0x2, Don't fragment
        0... .... = Reserved bit: Not set
        .1.. .... = Don't fragment: Set
        ..0. .... = More fragments: Not set
    ...0 0000 0000 0000 = Fragment Offset: 0
    Time to Live: 128
    Protocol: UDP (17)
    Header Checksum: 0x0000 [validation disabled]
    [Header checksum status: Unverified]
    Source Address: 172.16.90.227
    Destination Address: 216.239.38.223
    [Stream index: 4]
User Datagram Protocol, Src Port: 53398, Dst Port: 443
    Source Port: 53398
    Destination Port: 443
    Length: 86
    Checksum: 0x072a [unverified]
    [Checksum Status: Unverified]
    [Stream index: 6]
    [Stream Packet Number: 14]
    [Timestamps]
        [Time since first frame: 36.335500 milliseconds]
        [Time since previous frame: 484.500 microseconds]
    UDP payload (78 bytes)
QUIC IETF
    QUIC Connection information
        [Connection Number: 4]
    [Packet Length: 78]
    1... .... = Header Form: Long Header (1)
    .1.. .... = Fixed Bit: True
    ..10 .... = Packet Type: Handshake (2)
    Version: 1 (0x00000001)
    Destination Connection ID Length: 8
    Destination Connection ID: f7759d4bfdfe5e04
    Source Connection ID Length: 0
    Length: 61
    [Expert Info (Warning/Decryption): Failed to create decryption context: Secrets are not available]
        [Failed to create decryption context: Secrets are not available]
        [Severity level: Warning]
        [Group: Decryption]
    Remaining Payload: 86145ea4c4a54073fbc2649bb5ec795fb210d662e44eab26304e250e328a131109cd7ccd9197d14a11659090a5405de17050573f5e944efae48ad367ab

Frame 68: Packet, 73 bytes on wire (584 bits), 73 bytes captured (584 bits) on interface \Device\NPF_{9B9257DC-FAC1-4993-B12F-136D7BA5E874}, id 0
    Section number: 1
    Interface id: 0 (\Device\NPF_{9B9257DC-FAC1-4993-B12F-136D7BA5E874})
        Interface name: \Device\NPF_{9B9257DC-FAC1-4993-B12F-136D7BA5E874}
        Interface description: Wi-Fi
    Encapsulation type: Ethernet (1)
    Arrival Time: Apr  9, 2026 18:28:04.928742600 India Standard Time
    UTC Arrival Time: Apr  9, 2026 12:58:04.928742600 UTC
    Epoch Arrival Time: 1775739484.928742600
    [Time shift for this packet: 0.000000000 seconds]
    [Time delta from previous captured frame: 96.900 microseconds]
    [Time delta from previous displayed frame: 96.900 microseconds]
    [Time since reference or first frame: 5.497630600 seconds]
    Frame Number: 68
    Frame Length: 73 bytes (584 bits)
    Capture Length: 73 bytes (584 bits)
    [Frame is marked: False]
    [Frame is ignored: False]
    [Protocols in frame: eth:ethertype:ip:udp:quic]
    Character encoding: ASCII (0)
Ethernet II, Src: 96:77:0b:05:d4:0b (96:77:0b:05:d4:0b), Dst: HewlettPacka_3a:cc:1d (28:92:4a:3a:cc:1d)
    Destination: HewlettPacka_3a:cc:1d (28:92:4a:3a:cc:1d)
        .... ..0. .... .... .... .... = LG bit: Globally unique address (factory default)
        .... ...0 .... .... .... .... = IG bit: Individual address (unicast)
    Source: 96:77:0b:05:d4:0b (96:77:0b:05:d4:0b)
        .... ..1. .... .... .... .... = LG bit: Locally administered address (this is NOT the factory default)
        .... ...0 .... .... .... .... = IG bit: Individual address (unicast)
    Type: IPv4 (0x0800)
    [Stream index: 0]
Internet Protocol Version 4, Src: 172.16.90.227, Dst: 216.239.38.223
    0100 .... = Version: 4
    .... 0101 = Header Length: 20 bytes (5)
    Differentiated Services Field: 0x00 (DSCP: CS0, ECN: Not-ECT)
        0000 00.. = Differentiated Services Codepoint: Default (0)
        .... ..00 = Explicit Congestion Notification: Not ECN-Capable Transport (0)
    Total Length: 59
    Identification: 0xff56 (65366)
    010. .... = Flags: 0x2, Don't fragment
        0... .... = Reserved bit: Not set
        .1.. .... = Don't fragment: Set
        ..0. .... = More fragments: Not set
    ...0 0000 0000 0000 = Fragment Offset: 0
    Time to Live: 128
    Protocol: UDP (17)
    Header Checksum: 0x0000 [validation disabled]
    [Header checksum status: Unverified]
    Source Address: 172.16.90.227
    Destination Address: 216.239.38.223
    [Stream index: 4]
User Datagram Protocol, Src Port: 53398, Dst Port: 443
    Source Port: 53398
    Destination Port: 443
    Length: 39
    Checksum: 0x06fb [unverified]
    [Checksum Status: Unverified]
    [Stream index: 6]
    [Stream Packet Number: 15]
    [Timestamps]
        [Time since first frame: 36.432400 milliseconds]
        [Time since previous frame: 96.900 microseconds]
    UDP payload (31 bytes)
QUIC IETF
    QUIC Connection information
        [Connection Number: 4]
    [Packet Length: 31]
    QUIC Short Header DCID=f7759d4bfdfe5e04
        0... .... = Header Form: Short Header (0)
        .1.. .... = Fixed Bit: True
        ..0. .... = Spin Bit: False
        Destination Connection ID: f7759d4bfdfe5e04
    Remaining Payload: 01f9aadff85a2c27a7b55adb49f79ea659a663b70412

Frame 69: Packet, 1288 bytes on wire (10304 bits), 1288 bytes captured (10304 bits) on interface \Device\NPF_{9B9257DC-FAC1-4993-B12F-136D7BA5E874}, id 0
    Section number: 1
    Interface id: 0 (\Device\NPF_{9B9257DC-FAC1-4993-B12F-136D7BA5E874})
        Interface name: \Device\NPF_{9B9257DC-FAC1-4993-B12F-136D7BA5E874}
        Interface description: Wi-Fi
    Encapsulation type: Ethernet (1)
    Arrival Time: Apr  9, 2026 18:28:04.928914300 India Standard Time
    UTC Arrival Time: Apr  9, 2026 12:58:04.928914300 UTC
    Epoch Arrival Time: 1775739484.928914300
    [Time shift for this packet: 0.000000000 seconds]
    [Time delta from previous captured frame: 171.700 microseconds]
    [Time delta from previous displayed frame: 171.700 microseconds]
    [Time since reference or first frame: 5.497802300 seconds]
    Frame Number: 69
    Frame Length: 1288 bytes (10304 bits)
    Capture Length: 1288 bytes (10304 bits)
    [Frame is marked: False]
    [Frame is ignored: False]
    [Protocols in frame: eth:ethertype:ip:udp:quic]
    Character encoding: ASCII (0)
Ethernet II, Src: 96:77:0b:05:d4:0b (96:77:0b:05:d4:0b), Dst: HewlettPacka_3a:cc:1d (28:92:4a:3a:cc:1d)
    Destination: HewlettPacka_3a:cc:1d (28:92:4a:3a:cc:1d)
        .... ..0. .... .... .... .... = LG bit: Globally unique address (factory default)
        .... ...0 .... .... .... .... = IG bit: Individual address (unicast)
    Source: 96:77:0b:05:d4:0b (96:77:0b:05:d4:0b)
        .... ..1. .... .... .... .... = LG bit: Locally administered address (this is NOT the factory default)
        .... ...0 .... .... .... .... = IG bit: Individual address (unicast)
    Type: IPv4 (0x0800)
    [Stream index: 0]
Internet Protocol Version 4, Src: 172.16.90.227, Dst: 216.239.38.223
    0100 .... = Version: 4
    .... 0101 = Header Length: 20 bytes (5)
    Differentiated Services Field: 0x00 (DSCP: CS0, ECN: Not-ECT)
        0000 00.. = Differentiated Services Codepoint: Default (0)
        .... ..00 = Explicit Congestion Notification: Not ECN-Capable Transport (0)
    Total Length: 1274
    Identification: 0xff57 (65367)
    010. .... = Flags: 0x2, Don't fragment
        0... .... = Reserved bit: Not set
        .1.. .... = Don't fragment: Set
        ..0. .... = More fragments: Not set
    ...0 0000 0000 0000 = Fragment Offset: 0
    Time to Live: 128
    Protocol: UDP (17)
    Header Checksum: 0x0000 [validation disabled]
    [Header checksum status: Unverified]
    Source Address: 172.16.90.227
    Destination Address: 216.239.38.223
    [Stream index: 4]
User Datagram Protocol, Src Port: 53398, Dst Port: 443
    Source Port: 53398
    Destination Port: 443
    Length: 1254
    Checksum: 0x0bba [unverified]
    [Checksum Status: Unverified]
    [Stream index: 6]
    [Stream Packet Number: 16]
    [Timestamps]
        [Time since first frame: 36.604100 milliseconds]
        [Time since previous frame: 171.700 microseconds]
    UDP payload (1246 bytes)
QUIC IETF
    QUIC Connection information
        [Connection Number: 4]
    [Packet Length: 1246]
    QUIC Short Header DCID=f7759d4bfdfe5e04
        0... .... = Header Form: Short Header (0)
        .1.. .... = Fixed Bit: True
        ..0. .... = Spin Bit: False
        Destination Connection ID: f7759d4bfdfe5e04
    Remaining Payload […]: 09af65120d4d6f486abeacb0bd578f9cf654bb0ee5130898feee29126300f2710e6e668990b75c0fe8347ce178819455fe1600b4fe5798b16ec306f2442e736b6a295fca4b94e36f3fc944723046c6d5f66619a9339199d291f81d5a9a414c6b0369928974d1d5ad85c7dc

Frame 70: Packet, 269 bytes on wire (2152 bits), 269 bytes captured (2152 bits) on interface \Device\NPF_{9B9257DC-FAC1-4993-B12F-136D7BA5E874}, id 0
    Section number: 1
    Interface id: 0 (\Device\NPF_{9B9257DC-FAC1-4993-B12F-136D7BA5E874})
        Interface name: \Device\NPF_{9B9257DC-FAC1-4993-B12F-136D7BA5E874}
        Interface description: Wi-Fi
    Encapsulation type: Ethernet (1)
    Arrival Time: Apr  9, 2026 18:28:04.928955700 India Standard Time
    UTC Arrival Time: Apr  9, 2026 12:58:04.928955700 UTC
    Epoch Arrival Time: 1775739484.928955700
    [Time shift for this packet: 0.000000000 seconds]
    [Time delta from previous captured frame: 41.400 microseconds]
    [Time delta from previous displayed frame: 41.400 microseconds]
    [Time since reference or first frame: 5.497843700 seconds]
    Frame Number: 70
    Frame Length: 269 bytes (2152 bits)
    Capture Length: 269 bytes (2152 bits)
    [Frame is marked: False]
    [Frame is ignored: False]
    [Protocols in frame: eth:ethertype:ip:udp:quic]
    Character encoding: ASCII (0)
Ethernet II, Src: 96:77:0b:05:d4:0b (96:77:0b:05:d4:0b), Dst: HewlettPacka_3a:cc:1d (28:92:4a:3a:cc:1d)
    Destination: HewlettPacka_3a:cc:1d (28:92:4a:3a:cc:1d)
        .... ..0. .... .... .... .... = LG bit: Globally unique address (factory default)
        .... ...0 .... .... .... .... = IG bit: Individual address (unicast)
    Source: 96:77:0b:05:d4:0b (96:77:0b:05:d4:0b)
        .... ..1. .... .... .... .... = LG bit: Locally administered address (this is NOT the factory default)
        .... ...0 .... .... .... .... = IG bit: Individual address (unicast)
    Type: IPv4 (0x0800)
    [Stream index: 0]
Internet Protocol Version 4, Src: 172.16.90.227, Dst: 216.239.38.223
    0100 .... = Version: 4
    .... 0101 = Header Length: 20 bytes (5)
    Differentiated Services Field: 0x00 (DSCP: CS0, ECN: Not-ECT)
        0000 00.. = Differentiated Services Codepoint: Default (0)
        .... ..00 = Explicit Congestion Notification: Not ECN-Capable Transport (0)
    Total Length: 255
    Identification: 0xff58 (65368)
    010. .... = Flags: 0x2, Don't fragment
        0... .... = Reserved bit: Not set
        .1.. .... = Don't fragment: Set
        ..0. .... = More fragments: Not set
    ...0 0000 0000 0000 = Fragment Offset: 0
    Time to Live: 128
    Protocol: UDP (17)
    Header Checksum: 0x0000 [validation disabled]
    [Header checksum status: Unverified]
    Source Address: 172.16.90.227
    Destination Address: 216.239.38.223
    [Stream index: 4]
User Datagram Protocol, Src Port: 53398, Dst Port: 443
    Source Port: 53398
    Destination Port: 443
    Length: 235
    Checksum: 0x07bf [unverified]
    [Checksum Status: Unverified]
    [Stream index: 6]
    [Stream Packet Number: 17]
    [Timestamps]
        [Time since first frame: 36.645500 milliseconds]
        [Time since previous frame: 41.400 microseconds]
    UDP payload (227 bytes)
QUIC IETF
    QUIC Connection information
        [Connection Number: 4]
    [Packet Length: 227]
    QUIC Short Header DCID=f7759d4bfdfe5e04
        0... .... = Header Form: Short Header (0)
        .1.. .... = Fixed Bit: True
        ..0. .... = Spin Bit: False
        Destination Connection ID: f7759d4bfdfe5e04
    Remaining Payload […]: 437af5be941b6ec1885f8603f6d57b1f0771cc10e376364326eb1eb4dd70d13753c959e4a6f908178f855cd35697b74d6cbc79d34022f06c0dc059467592c463d33dcc1a0d64d2213952e4940f3a335c61448066c12ea163748b3ad7ad4da9a19910d40e174f3121f25dd6

Frame 71: Packet, 166 bytes on wire (1328 bits), 166 bytes captured (1328 bits) on interface \Device\NPF_{9B9257DC-FAC1-4993-B12F-136D7BA5E874}, id 0
    Section number: 1
    Interface id: 0 (\Device\NPF_{9B9257DC-FAC1-4993-B12F-136D7BA5E874})
        Interface name: \Device\NPF_{9B9257DC-FAC1-4993-B12F-136D7BA5E874}
        Interface description: Wi-Fi
    Encapsulation type: Ethernet (1)
    Arrival Time: Apr  9, 2026 18:28:04.934271000 India Standard Time
    UTC Arrival Time: Apr  9, 2026 12:58:04.934271000 UTC
    Epoch Arrival Time: 1775739484.934271000
    [Time shift for this packet: 0.000000000 seconds]
    [Time delta from previous captured frame: 5.315300 milliseconds]
    [Time delta from previous displayed frame: 5.315300 milliseconds]
    [Time since reference or first frame: 5.503159000 seconds]
    Frame Number: 71
    Frame Length: 166 bytes (1328 bits)
    Capture Length: 166 bytes (1328 bits)
    [Frame is marked: False]
    [Frame is ignored: False]
    [Protocols in frame: eth:ethertype:vlan:ethertype:ip:udp:quic]
    Character encoding: ASCII (0)
Ethernet II, Src: HewlettPacka_3a:cc:1d (28:92:4a:3a:cc:1d), Dst: 96:77:0b:05:d4:0b (96:77:0b:05:d4:0b)
    Destination: 96:77:0b:05:d4:0b (96:77:0b:05:d4:0b)
        .... ..1. .... .... .... .... = LG bit: Locally administered address (this is NOT the factory default)
        .... ...0 .... .... .... .... = IG bit: Individual address (unicast)
    Source: HewlettPacka_3a:cc:1d (28:92:4a:3a:cc:1d)
        .... ..0. .... .... .... .... = LG bit: Globally unique address (factory default)
        .... ...0 .... .... .... .... = IG bit: Individual address (unicast)
    Type: 802.1Q Virtual LAN (0x8100)
    [Stream index: 0]
802.1Q Virtual LAN, PRI: 0, DEI: 0, ID: 0
    000. .... .... .... = Priority: Best Effort (default) (0)
    ...0 .... .... .... = DEI: Ineligible
    .... 0000 0000 0000 = ID: 0
    Type: IPv4 (0x0800)
Internet Protocol Version 4, Src: 216.239.38.223, Dst: 172.16.90.227
    0100 .... = Version: 4
    .... 0101 = Header Length: 20 bytes (5)
    Differentiated Services Field: 0xb8 (DSCP: EF, ECN: Not-ECT)
        1011 10.. = Differentiated Services Codepoint: Expedited Forwarding (46)
        .... ..00 = Explicit Congestion Notification: Not ECN-Capable Transport (0)
    Total Length: 148
    Identification: 0x0000 (0)
    010. .... = Flags: 0x2, Don't fragment
        0... .... = Reserved bit: Not set
        .1.. .... = Don't fragment: Set
        ..0. .... = More fragments: Not set
    ...0 0000 0000 0000 = Fragment Offset: 0
    Time to Live: 57
    Protocol: UDP (17)
    Header Checksum: 0x39df [validation disabled]
    [Header checksum status: Unverified]
    Source Address: 216.239.38.223
    Destination Address: 172.16.90.227
    [Stream index: 4]
User Datagram Protocol, Src Port: 443, Dst Port: 53398
    Source Port: 443
    Destination Port: 53398
    Length: 128
    Checksum: 0x4822 [unverified]
    [Checksum Status: Unverified]
    [Stream index: 6]
    [Stream Packet Number: 18]
    [Timestamps]
        [Time since first frame: 41.960800 milliseconds]
        [Time since previous frame: 5.315300 milliseconds]
    UDP payload (120 bytes)
QUIC IETF
    QUIC Connection information
        [Connection Number: 4]
    [Packet Length: 120]
    QUIC Short Header
        0... .... = Header Form: Short Header (0)
        .1.. .... = Fixed Bit: True
        ..0. .... = Spin Bit: False
    Remaining Payload […]: a5453a87f429c7a810893d4533407afa3502f8ff53d7d21d94d09fae221bcf6b3bb066d073da127c511dae494af54220fe1be7def01ce62f6552f7b2c07aa60179b2c01ea3d40cf4503935e2415bde7742ea0bd019bb5cde8f2ec168e5ae16612c3224a7379b299a3cc969

Frame 72: Packet, 73 bytes on wire (584 bits), 73 bytes captured (584 bits) on interface \Device\NPF_{9B9257DC-FAC1-4993-B12F-136D7BA5E874}, id 0
    Section number: 1
    Interface id: 0 (\Device\NPF_{9B9257DC-FAC1-4993-B12F-136D7BA5E874})
        Interface name: \Device\NPF_{9B9257DC-FAC1-4993-B12F-136D7BA5E874}
        Interface description: Wi-Fi
    Encapsulation type: Ethernet (1)
    Arrival Time: Apr  9, 2026 18:28:04.934271000 India Standard Time
    UTC Arrival Time: Apr  9, 2026 12:58:04.934271000 UTC
    Epoch Arrival Time: 1775739484.934271000
    [Time shift for this packet: 0.000000000 seconds]
    [Time delta from previous captured frame: 0.000000000 seconds]
    [Time delta from previous displayed frame: 0.000000000 seconds]
    [Time since reference or first frame: 5.503159000 seconds]
    Frame Number: 72
    Frame Length: 73 bytes (584 bits)
    Capture Length: 73 bytes (584 bits)
    [Frame is marked: False]
    [Frame is ignored: False]
    [Protocols in frame: eth:ethertype:vlan:ethertype:ip:udp:quic]
    Character encoding: ASCII (0)
Ethernet II, Src: HewlettPacka_3a:cc:1d (28:92:4a:3a:cc:1d), Dst: 96:77:0b:05:d4:0b (96:77:0b:05:d4:0b)
    Destination: 96:77:0b:05:d4:0b (96:77:0b:05:d4:0b)
        .... ..1. .... .... .... .... = LG bit: Locally administered address (this is NOT the factory default)
        .... ...0 .... .... .... .... = IG bit: Individual address (unicast)
    Source: HewlettPacka_3a:cc:1d (28:92:4a:3a:cc:1d)
        .... ..0. .... .... .... .... = LG bit: Globally unique address (factory default)
        .... ...0 .... .... .... .... = IG bit: Individual address (unicast)
    Type: 802.1Q Virtual LAN (0x8100)
    [Stream index: 0]
802.1Q Virtual LAN, PRI: 0, DEI: 0, ID: 0
    000. .... .... .... = Priority: Best Effort (default) (0)
    ...0 .... .... .... = DEI: Ineligible
    .... 0000 0000 0000 = ID: 0
    Type: IPv4 (0x0800)
Internet Protocol Version 4, Src: 216.239.38.223, Dst: 172.16.90.227
    0100 .... = Version: 4
    .... 0101 = Header Length: 20 bytes (5)
    Differentiated Services Field: 0xb8 (DSCP: EF, ECN: Not-ECT)
        1011 10.. = Differentiated Services Codepoint: Expedited Forwarding (46)
        .... ..00 = Explicit Congestion Notification: Not ECN-Capable Transport (0)
    Total Length: 55
    Identification: 0x0000 (0)
    010. .... = Flags: 0x2, Don't fragment
        0... .... = Reserved bit: Not set
        .1.. .... = Don't fragment: Set
        ..0. .... = More fragments: Not set
    ...0 0000 0000 0000 = Fragment Offset: 0
    Time to Live: 57
    Protocol: UDP (17)
    Header Checksum: 0x3a3c [validation disabled]
    [Header checksum status: Unverified]
    Source Address: 216.239.38.223
    Destination Address: 172.16.90.227
    [Stream index: 4]
User Datagram Protocol, Src Port: 443, Dst Port: 53398
    Source Port: 443
    Destination Port: 53398
    Length: 35
    Checksum: 0xfdee [unverified]
    [Checksum Status: Unverified]
    [Stream index: 6]
    [Stream Packet Number: 19]
    [Timestamps]
        [Time since first frame: 41.960800 milliseconds]
        [Time since previous frame: 0.000000000 seconds]
    UDP payload (27 bytes)
QUIC IETF
    QUIC Connection information
        [Connection Number: 4]
    [Packet Length: 27]
    QUIC Short Header
        0... .... = Header Form: Short Header (0)
        .1.. .... = Fixed Bit: True
        ..0. .... = Spin Bit: False
    Remaining Payload: 01a1e7097a65ee5e0c2231e77ecbcd179ccb24bf5d40f582b537

Frame 73: Packet, 69 bytes on wire (552 bits), 69 bytes captured (552 bits) on interface \Device\NPF_{9B9257DC-FAC1-4993-B12F-136D7BA5E874}, id 0
    Section number: 1
    Interface id: 0 (\Device\NPF_{9B9257DC-FAC1-4993-B12F-136D7BA5E874})
        Interface name: \Device\NPF_{9B9257DC-FAC1-4993-B12F-136D7BA5E874}
        Interface description: Wi-Fi
    Encapsulation type: Ethernet (1)
    Arrival Time: Apr  9, 2026 18:28:04.934271000 India Standard Time
    UTC Arrival Time: Apr  9, 2026 12:58:04.934271000 UTC
    Epoch Arrival Time: 1775739484.934271000
    [Time shift for this packet: 0.000000000 seconds]
    [Time delta from previous captured frame: 0.000000000 seconds]
    [Time delta from previous displayed frame: 0.000000000 seconds]
    [Time since reference or first frame: 5.503159000 seconds]
    Frame Number: 73
    Frame Length: 69 bytes (552 bits)
    Capture Length: 69 bytes (552 bits)
    [Frame is marked: False]
    [Frame is ignored: False]
    [Protocols in frame: eth:ethertype:vlan:ethertype:ip:udp:quic]
    Character encoding: ASCII (0)
Ethernet II, Src: HewlettPacka_3a:cc:1d (28:92:4a:3a:cc:1d), Dst: 96:77:0b:05:d4:0b (96:77:0b:05:d4:0b)
    Destination: 96:77:0b:05:d4:0b (96:77:0b:05:d4:0b)
        .... ..1. .... .... .... .... = LG bit: Locally administered address (this is NOT the factory default)
        .... ...0 .... .... .... .... = IG bit: Individual address (unicast)
    Source: HewlettPacka_3a:cc:1d (28:92:4a:3a:cc:1d)
        .... ..0. .... .... .... .... = LG bit: Globally unique address (factory default)
        .... ...0 .... .... .... .... = IG bit: Individual address (unicast)
    Type: 802.1Q Virtual LAN (0x8100)
    [Stream index: 0]
802.1Q Virtual LAN, PRI: 0, DEI: 0, ID: 0
    000. .... .... .... = Priority: Best Effort (default) (0)
    ...0 .... .... .... = DEI: Ineligible
    .... 0000 0000 0000 = ID: 0
    Type: IPv4 (0x0800)
Internet Protocol Version 4, Src: 216.239.38.223, Dst: 172.16.90.227
    0100 .... = Version: 4
    .... 0101 = Header Length: 20 bytes (5)
    Differentiated Services Field: 0xb8 (DSCP: EF, ECN: Not-ECT)
        1011 10.. = Differentiated Services Codepoint: Expedited Forwarding (46)
        .... ..00 = Explicit Congestion Notification: Not ECN-Capable Transport (0)
    Total Length: 51
    Identification: 0x0000 (0)
    010. .... = Flags: 0x2, Don't fragment
        0... .... = Reserved bit: Not set
        .1.. .... = Don't fragment: Set
        ..0. .... = More fragments: Not set
    ...0 0000 0000 0000 = Fragment Offset: 0
    Time to Live: 57
    Protocol: UDP (17)
    Header Checksum: 0x3a40 [validation disabled]
    [Header checksum status: Unverified]
    Source Address: 216.239.38.223
    Destination Address: 172.16.90.227
    [Stream index: 4]
User Datagram Protocol, Src Port: 443, Dst Port: 53398
    Source Port: 443
    Destination Port: 53398
    Length: 31
    Checksum: 0x01d1 [unverified]
    [Checksum Status: Unverified]
    [Stream index: 6]
    [Stream Packet Number: 20]
    [Timestamps]
        [Time since first frame: 41.960800 milliseconds]
        [Time since previous frame: 0.000000000 seconds]
    UDP payload (23 bytes)
QUIC IETF
    QUIC Connection information
        [Connection Number: 4]
    [Packet Length: 23]
    QUIC Short Header
        0... .... = Header Form: Short Header (0)
        .1.. .... = Fixed Bit: True
        ..0. .... = Spin Bit: False
    Remaining Payload: 5042b1a3eccc0924af1987168d26caa4de5531ff34a2

Frame 74: Packet, 73 bytes on wire (584 bits), 73 bytes captured (584 bits) on interface \Device\NPF_{9B9257DC-FAC1-4993-B12F-136D7BA5E874}, id 0
    Section number: 1
    Interface id: 0 (\Device\NPF_{9B9257DC-FAC1-4993-B12F-136D7BA5E874})
        Interface name: \Device\NPF_{9B9257DC-FAC1-4993-B12F-136D7BA5E874}
        Interface description: Wi-Fi
    Encapsulation type: Ethernet (1)
    Arrival Time: Apr  9, 2026 18:28:04.934579000 India Standard Time
    UTC Arrival Time: Apr  9, 2026 12:58:04.934579000 UTC
    Epoch Arrival Time: 1775739484.934579000
    [Time shift for this packet: 0.000000000 seconds]
    [Time delta from previous captured frame: 308.000 microseconds]
    [Time delta from previous displayed frame: 308.000 microseconds]
    [Time since reference or first frame: 5.503467000 seconds]
    Frame Number: 74
    Frame Length: 73 bytes (584 bits)
    Capture Length: 73 bytes (584 bits)
    [Frame is marked: False]
    [Frame is ignored: False]
    [Protocols in frame: eth:ethertype:ip:udp:quic]
    Character encoding: ASCII (0)
Ethernet II, Src: 96:77:0b:05:d4:0b (96:77:0b:05:d4:0b), Dst: HewlettPacka_3a:cc:1d (28:92:4a:3a:cc:1d)
    Destination: HewlettPacka_3a:cc:1d (28:92:4a:3a:cc:1d)
        .... ..0. .... .... .... .... = LG bit: Globally unique address (factory default)
        .... ...0 .... .... .... .... = IG bit: Individual address (unicast)
    Source: 96:77:0b:05:d4:0b (96:77:0b:05:d4:0b)
        .... ..1. .... .... .... .... = LG bit: Locally administered address (this is NOT the factory default)
        .... ...0 .... .... .... .... = IG bit: Individual address (unicast)
    Type: IPv4 (0x0800)
    [Stream index: 0]
Internet Protocol Version 4, Src: 172.16.90.227, Dst: 216.239.38.223
    0100 .... = Version: 4
    .... 0101 = Header Length: 20 bytes (5)
    Differentiated Services Field: 0x00 (DSCP: CS0, ECN: Not-ECT)
        0000 00.. = Differentiated Services Codepoint: Default (0)
        .... ..00 = Explicit Congestion Notification: Not ECN-Capable Transport (0)
    Total Length: 59
    Identification: 0xff59 (65369)
    010. .... = Flags: 0x2, Don't fragment
        0... .... = Reserved bit: Not set
        .1.. .... = Don't fragment: Set
        ..0. .... = More fragments: Not set
    ...0 0000 0000 0000 = Fragment Offset: 0
    Time to Live: 128
    Protocol: UDP (17)
    Header Checksum: 0x0000 [validation disabled]
    [Header checksum status: Unverified]
    Source Address: 172.16.90.227
    Destination Address: 216.239.38.223
    [Stream index: 4]
User Datagram Protocol, Src Port: 53398, Dst Port: 443
    Source Port: 53398
    Destination Port: 443
    Length: 39
    Checksum: 0x06fb [unverified]
    [Checksum Status: Unverified]
    [Stream index: 6]
    [Stream Packet Number: 21]
    [Timestamps]
        [Time since first frame: 42.268800 milliseconds]
        [Time since previous frame: 308.000 microseconds]
    UDP payload (31 bytes)
QUIC IETF
    QUIC Connection information
        [Connection Number: 4]
    [Packet Length: 31]
    QUIC Short Header DCID=f7759d4bfdfe5e04
        0... .... = Header Form: Short Header (0)
        .1.. .... = Fixed Bit: True
        ..0. .... = Spin Bit: False
        Destination Connection ID: f7759d4bfdfe5e04
    Remaining Payload: e662ad07db13f7a725fef2b7f85ca8cbc71ddcdc400b

Frame 75: Packet, 415 bytes on wire (3320 bits), 415 bytes captured (3320 bits) on interface \Device\NPF_{9B9257DC-FAC1-4993-B12F-136D7BA5E874}, id 0
    Section number: 1
    Interface id: 0 (\Device\NPF_{9B9257DC-FAC1-4993-B12F-136D7BA5E874})
        Interface name: \Device\NPF_{9B9257DC-FAC1-4993-B12F-136D7BA5E874}
        Interface description: Wi-Fi
    Encapsulation type: Ethernet (1)
    Arrival Time: Apr  9, 2026 18:28:04.978483100 India Standard Time
    UTC Arrival Time: Apr  9, 2026 12:58:04.978483100 UTC
    Epoch Arrival Time: 1775739484.978483100
    [Time shift for this packet: 0.000000000 seconds]
    [Time delta from previous captured frame: 43.904100 milliseconds]
    [Time delta from previous displayed frame: 43.904100 milliseconds]
    [Time since reference or first frame: 5.547371100 seconds]
    Frame Number: 75
    Frame Length: 415 bytes (3320 bits)
    Capture Length: 415 bytes (3320 bits)
    [Frame is marked: False]
    [Frame is ignored: False]
    [Protocols in frame: eth:ethertype:vlan:ethertype:ip:udp:quic]
    Character encoding: ASCII (0)
Ethernet II, Src: HewlettPacka_3a:cc:1d (28:92:4a:3a:cc:1d), Dst: 96:77:0b:05:d4:0b (96:77:0b:05:d4:0b)
    Destination: 96:77:0b:05:d4:0b (96:77:0b:05:d4:0b)
        .... ..1. .... .... .... .... = LG bit: Locally administered address (this is NOT the factory default)
        .... ...0 .... .... .... .... = IG bit: Individual address (unicast)
    Source: HewlettPacka_3a:cc:1d (28:92:4a:3a:cc:1d)
        .... ..0. .... .... .... .... = LG bit: Globally unique address (factory default)
        .... ...0 .... .... .... .... = IG bit: Individual address (unicast)
    Type: 802.1Q Virtual LAN (0x8100)
    [Stream index: 0]
802.1Q Virtual LAN, PRI: 0, DEI: 0, ID: 0
    000. .... .... .... = Priority: Best Effort (default) (0)
    ...0 .... .... .... = DEI: Ineligible
    .... 0000 0000 0000 = ID: 0
    Type: IPv4 (0x0800)
Internet Protocol Version 4, Src: 216.239.38.223, Dst: 172.16.90.227
    0100 .... = Version: 4
    .... 0101 = Header Length: 20 bytes (5)
    Differentiated Services Field: 0xb8 (DSCP: EF, ECN: Not-ECT)
        1011 10.. = Differentiated Services Codepoint: Expedited Forwarding (46)
        .... ..00 = Explicit Congestion Notification: Not ECN-Capable Transport (0)
    Total Length: 397
    Identification: 0x0000 (0)
    010. .... = Flags: 0x2, Don't fragment
        0... .... = Reserved bit: Not set
        .1.. .... = Don't fragment: Set
        ..0. .... = More fragments: Not set
    ...0 0000 0000 0000 = Fragment Offset: 0
    Time to Live: 57
    Protocol: UDP (17)
    Header Checksum: 0x38e6 [validation disabled]
    [Header checksum status: Unverified]
    Source Address: 216.239.38.223
    Destination Address: 172.16.90.227
    [Stream index: 4]
User Datagram Protocol, Src Port: 443, Dst Port: 53398
    Source Port: 443
    Destination Port: 53398
    Length: 377
    Checksum: 0xb735 [unverified]
    [Checksum Status: Unverified]
    [Stream index: 6]
    [Stream Packet Number: 22]
    [Timestamps]
        [Time since first frame: 86.172900 milliseconds]
        [Time since previous frame: 43.904100 milliseconds]
    UDP payload (369 bytes)
QUIC IETF
    QUIC Connection information
        [Connection Number: 4]
    [Packet Length: 369]
    QUIC Short Header
        0... .... = Header Form: Short Header (0)
        .1.. .... = Fixed Bit: True
        ..0. .... = Spin Bit: False
    Remaining Payload […]: 581800630d1254973bb8edc71dbd614b744721948e8be876fff2fdd4a2397c578b7b7cab4bc4d92d817ad492e06b2bb52e278bf6a1f763ead540a5c3b2c910c4d08387594f23ca1f94b3a92aba7aed13fa7c43c955fae78ac6428a0c9933c22d1e63f582138f04bcfb3f81

Frame 76: Packet, 98 bytes on wire (784 bits), 98 bytes captured (784 bits) on interface \Device\NPF_{9B9257DC-FAC1-4993-B12F-136D7BA5E874}, id 0
    Section number: 1
    Interface id: 0 (\Device\NPF_{9B9257DC-FAC1-4993-B12F-136D7BA5E874})
        Interface name: \Device\NPF_{9B9257DC-FAC1-4993-B12F-136D7BA5E874}
        Interface description: Wi-Fi
    Encapsulation type: Ethernet (1)
    Arrival Time: Apr  9, 2026 18:28:04.979098600 India Standard Time
    UTC Arrival Time: Apr  9, 2026 12:58:04.979098600 UTC
    Epoch Arrival Time: 1775739484.979098600
    [Time shift for this packet: 0.000000000 seconds]
    [Time delta from previous captured frame: 615.500 microseconds]
    [Time delta from previous displayed frame: 615.500 microseconds]
    [Time since reference or first frame: 5.547986600 seconds]
    Frame Number: 76
    Frame Length: 98 bytes (784 bits)
    Capture Length: 98 bytes (784 bits)
    [Frame is marked: False]
    [Frame is ignored: False]
    [Protocols in frame: eth:ethertype:vlan:ethertype:ip:udp:quic]
    Character encoding: ASCII (0)
Ethernet II, Src: HewlettPacka_3a:cc:1d (28:92:4a:3a:cc:1d), Dst: 96:77:0b:05:d4:0b (96:77:0b:05:d4:0b)
    Destination: 96:77:0b:05:d4:0b (96:77:0b:05:d4:0b)
        .... ..1. .... .... .... .... = LG bit: Locally administered address (this is NOT the factory default)
        .... ...0 .... .... .... .... = IG bit: Individual address (unicast)
    Source: HewlettPacka_3a:cc:1d (28:92:4a:3a:cc:1d)
        .... ..0. .... .... .... .... = LG bit: Globally unique address (factory default)
        .... ...0 .... .... .... .... = IG bit: Individual address (unicast)
    Type: 802.1Q Virtual LAN (0x8100)
    [Stream index: 0]
802.1Q Virtual LAN, PRI: 0, DEI: 0, ID: 0
    000. .... .... .... = Priority: Best Effort (default) (0)
    ...0 .... .... .... = DEI: Ineligible
    .... 0000 0000 0000 = ID: 0
    Type: IPv4 (0x0800)
Internet Protocol Version 4, Src: 216.239.38.223, Dst: 172.16.90.227
    0100 .... = Version: 4
    .... 0101 = Header Length: 20 bytes (5)
    Differentiated Services Field: 0xb8 (DSCP: EF, ECN: Not-ECT)
        1011 10.. = Differentiated Services Codepoint: Expedited Forwarding (46)
        .... ..00 = Explicit Congestion Notification: Not ECN-Capable Transport (0)
    Total Length: 80
    Identification: 0x0000 (0)
    010. .... = Flags: 0x2, Don't fragment
        0... .... = Reserved bit: Not set
        .1.. .... = Don't fragment: Set
        ..0. .... = More fragments: Not set
    ...0 0000 0000 0000 = Fragment Offset: 0
    Time to Live: 57
    Protocol: UDP (17)
    Header Checksum: 0x3a23 [validation disabled]
    [Header checksum status: Unverified]
    Source Address: 216.239.38.223
    Destination Address: 172.16.90.227
    [Stream index: 4]
User Datagram Protocol, Src Port: 443, Dst Port: 53398
    Source Port: 443
    Destination Port: 53398
    Length: 60
    Checksum: 0xa4d4 [unverified]
    [Checksum Status: Unverified]
    [Stream index: 6]
    [Stream Packet Number: 23]
    [Timestamps]
        [Time since first frame: 86.788400 milliseconds]
        [Time since previous frame: 615.500 microseconds]
    UDP payload (52 bytes)
QUIC IETF
    QUIC Connection information
        [Connection Number: 4]
    [Packet Length: 52]
    QUIC Short Header
        0... .... = Header Form: Short Header (0)
        .1.. .... = Fixed Bit: True
        ..0. .... = Spin Bit: False
    Remaining Payload: 58a6c041305f2d613fd9db3f6508cdad33dff5f5f7dd1a82148c61e5169935dce323d2d047c057cefe6e1f12f40abf6dd51ece

Frame 77: Packet, 77 bytes on wire (616 bits), 77 bytes captured (616 bits) on interface \Device\NPF_{9B9257DC-FAC1-4993-B12F-136D7BA5E874}, id 0
    Section number: 1
    Interface id: 0 (\Device\NPF_{9B9257DC-FAC1-4993-B12F-136D7BA5E874})
        Interface name: \Device\NPF_{9B9257DC-FAC1-4993-B12F-136D7BA5E874}
        Interface description: Wi-Fi
    Encapsulation type: Ethernet (1)
    Arrival Time: Apr  9, 2026 18:28:04.979220300 India Standard Time
    UTC Arrival Time: Apr  9, 2026 12:58:04.979220300 UTC
    Epoch Arrival Time: 1775739484.979220300
    [Time shift for this packet: 0.000000000 seconds]
    [Time delta from previous captured frame: 121.700 microseconds]
    [Time delta from previous displayed frame: 121.700 microseconds]
    [Time since reference or first frame: 5.548108300 seconds]
    Frame Number: 77
    Frame Length: 77 bytes (616 bits)
    Capture Length: 77 bytes (616 bits)
    [Frame is marked: False]
    [Frame is ignored: False]
    [Protocols in frame: eth:ethertype:ip:udp:quic]
    Character encoding: ASCII (0)
Ethernet II, Src: 96:77:0b:05:d4:0b (96:77:0b:05:d4:0b), Dst: HewlettPacka_3a:cc:1d (28:92:4a:3a:cc:1d)
    Destination: HewlettPacka_3a:cc:1d (28:92:4a:3a:cc:1d)
        .... ..0. .... .... .... .... = LG bit: Globally unique address (factory default)
        .... ...0 .... .... .... .... = IG bit: Individual address (unicast)
    Source: 96:77:0b:05:d4:0b (96:77:0b:05:d4:0b)
        .... ..1. .... .... .... .... = LG bit: Locally administered address (this is NOT the factory default)
        .... ...0 .... .... .... .... = IG bit: Individual address (unicast)
    Type: IPv4 (0x0800)
    [Stream index: 0]
Internet Protocol Version 4, Src: 172.16.90.227, Dst: 216.239.38.223
    0100 .... = Version: 4
    .... 0101 = Header Length: 20 bytes (5)
    Differentiated Services Field: 0x00 (DSCP: CS0, ECN: Not-ECT)
        0000 00.. = Differentiated Services Codepoint: Default (0)
        .... ..00 = Explicit Congestion Notification: Not ECN-Capable Transport (0)
    Total Length: 63
    Identification: 0xff5a (65370)
    010. .... = Flags: 0x2, Don't fragment
        0... .... = Reserved bit: Not set
        .1.. .... = Don't fragment: Set
        ..0. .... = More fragments: Not set
    ...0 0000 0000 0000 = Fragment Offset: 0
    Time to Live: 128
    Protocol: UDP (17)
    Header Checksum: 0x0000 [validation disabled]
    [Header checksum status: Unverified]
    Source Address: 172.16.90.227
    Destination Address: 216.239.38.223
    [Stream index: 4]
User Datagram Protocol, Src Port: 53398, Dst Port: 443
    Source Port: 53398
    Destination Port: 443
    Length: 43
    Checksum: 0x06ff [unverified]
    [Checksum Status: Unverified]
    [Stream index: 6]
    [Stream Packet Number: 24]
    [Timestamps]
        [Time since first frame: 86.910100 milliseconds]
        [Time since previous frame: 121.700 microseconds]
    UDP payload (35 bytes)
QUIC IETF
    QUIC Connection information
        [Connection Number: 4]
    [Packet Length: 35]
    QUIC Short Header DCID=f7759d4bfdfe5e04
        0... .... = Header Form: Short Header (0)
        .1.. .... = Fixed Bit: True
        ..0. .... = Spin Bit: False
        Destination Connection ID: f7759d4bfdfe5e04
    Remaining Payload: 0abaa18b6ecb9f05513dd48458927f4552338ebb1cb791259052

Frame 78: Packet, 70 bytes on wire (560 bits), 70 bytes captured (560 bits) on interface \Device\NPF_{9B9257DC-FAC1-4993-B12F-136D7BA5E874}, id 0
    Section number: 1
    Interface id: 0 (\Device\NPF_{9B9257DC-FAC1-4993-B12F-136D7BA5E874})
        Interface name: \Device\NPF_{9B9257DC-FAC1-4993-B12F-136D7BA5E874}
        Interface description: Wi-Fi
    Encapsulation type: Ethernet (1)
    Arrival Time: Apr  9, 2026 18:28:05.009793100 India Standard Time
    UTC Arrival Time: Apr  9, 2026 12:58:05.009793100 UTC
    Epoch Arrival Time: 1775739485.009793100
    [Time shift for this packet: 0.000000000 seconds]
    [Time delta from previous captured frame: 30.572800 milliseconds]
    [Time delta from previous displayed frame: 30.572800 milliseconds]
    [Time since reference or first frame: 5.578681100 seconds]
    Frame Number: 78
    Frame Length: 70 bytes (560 bits)
    Capture Length: 70 bytes (560 bits)
    [Frame is marked: False]
    [Frame is ignored: False]
    [Protocols in frame: eth:ethertype:vlan:ethertype:ip:udp:quic]
    Character encoding: ASCII (0)
Ethernet II, Src: HewlettPacka_3a:cc:1d (28:92:4a:3a:cc:1d), Dst: 96:77:0b:05:d4:0b (96:77:0b:05:d4:0b)
    Destination: 96:77:0b:05:d4:0b (96:77:0b:05:d4:0b)
        .... ..1. .... .... .... .... = LG bit: Locally administered address (this is NOT the factory default)
        .... ...0 .... .... .... .... = IG bit: Individual address (unicast)
    Source: HewlettPacka_3a:cc:1d (28:92:4a:3a:cc:1d)
        .... ..0. .... .... .... .... = LG bit: Globally unique address (factory default)
        .... ...0 .... .... .... .... = IG bit: Individual address (unicast)
    Type: 802.1Q Virtual LAN (0x8100)
    [Stream index: 0]
802.1Q Virtual LAN, PRI: 0, DEI: 0, ID: 0
    000. .... .... .... = Priority: Best Effort (default) (0)
    ...0 .... .... .... = DEI: Ineligible
    .... 0000 0000 0000 = ID: 0
    Type: IPv4 (0x0800)
Internet Protocol Version 4, Src: 216.239.38.223, Dst: 172.16.90.227
    0100 .... = Version: 4
    .... 0101 = Header Length: 20 bytes (5)
    Differentiated Services Field: 0xb8 (DSCP: EF, ECN: Not-ECT)
        1011 10.. = Differentiated Services Codepoint: Expedited Forwarding (46)
        .... ..00 = Explicit Congestion Notification: Not ECN-Capable Transport (0)
    Total Length: 52
    Identification: 0x0000 (0)
    010. .... = Flags: 0x2, Don't fragment
        0... .... = Reserved bit: Not set
        .1.. .... = Don't fragment: Set
        ..0. .... = More fragments: Not set
    ...0 0000 0000 0000 = Fragment Offset: 0
    Time to Live: 57
    Protocol: UDP (17)
    Header Checksum: 0x3a3f [validation disabled]
    [Header checksum status: Unverified]
    Source Address: 216.239.38.223
    Destination Address: 172.16.90.227
    [Stream index: 4]
User Datagram Protocol, Src Port: 443, Dst Port: 53398
    Source Port: 443
    Destination Port: 53398
    Length: 32
    Checksum: 0x9454 [unverified]
    [Checksum Status: Unverified]
    [Stream index: 6]
    [Stream Packet Number: 25]
    [Timestamps]
        [Time since first frame: 117.482900 milliseconds]
        [Time since previous frame: 30.572800 milliseconds]
    UDP payload (24 bytes)
QUIC IETF
    QUIC Connection information
        [Connection Number: 4]
    [Packet Length: 24]
    QUIC Short Header
        0... .... = Header Form: Short Header (0)
        .1.. .... = Fixed Bit: True
        ..0. .... = Spin Bit: False
    Remaining Payload: 75172ca43a172f5fcbb89b5ad7fc4d44e42d08d903bebd

