Frame 1: Packet, 85 bytes on wire (680 bits), 85 bytes captured (680 bits) on interface \Device\NPF_{9B9257DC-FAC1-4993-B12F-136D7BA5E874}, id 0
    Section number: 1
    Interface id: 0 (\Device\NPF_{9B9257DC-FAC1-4993-B12F-136D7BA5E874})
        Interface name: \Device\NPF_{9B9257DC-FAC1-4993-B12F-136D7BA5E874}
        Interface description: Wi-Fi
    Encapsulation type: Ethernet (1)
    Arrival Time: Apr  9, 2026 18:28:53.421858400 India Standard Time
    UTC Arrival Time: Apr  9, 2026 12:58:53.421858400 UTC
    Epoch Arrival Time: 1775739533.421858400
    [Time shift for this packet: 0.000000000 seconds]
    [Time since reference or first frame: 0.000000000 seconds]
    Frame Number: 1
    Frame Length: 85 bytes (680 bits)
    Capture Length: 85 bytes (680 bits)
    [Frame is marked: False]
    [Frame is ignored: False]
    [Protocols in frame: eth:ethertype:ip:udp:data]
    Character encoding: ASCII (0)
Ethernet II, Src: HewlettPacka_3a:cc:1d (28:92:4a:3a:cc:1d), Dst: 96:77:0b:05:d4:0b (96:77:0b:05:d4:0b)
    Destination: 96:77:0b:05:d4:0b (96:77:0b:05:d4:0b)
        .... ..1. .... .... .... .... = LG bit: Locally administered address (this is NOT the factory default)
        .... ...0 .... .... .... .... = IG bit: Individual address (unicast)
    Source: HewlettPacka_3a:cc:1d (28:92:4a:3a:cc:1d)
        .... ..0. .... .... .... .... = LG bit: Globally unique address (factory default)
        .... ...0 .... .... .... .... = IG bit: Individual address (unicast)
    Type: IPv4 (0x0800)
    [Stream index: 0]
Internet Protocol Version 4, Src: 18.161.111.99, Dst: 172.16.90.227
    0100 .... = Version: 4
    .... 0101 = Header Length: 20 bytes (5)
    Differentiated Services Field: 0x02 (DSCP: CS0, ECN: ECT(0))
        0000 00.. = Differentiated Services Codepoint: Default (0)
        .... ..10 = Explicit Congestion Notification: ECN-Capable Transport codepoint '10' (2)
    Total Length: 71
    Identification: 0x0000 (0)
    010. .... = Flags: 0x2, Don't fragment
        0... .... = Reserved bit: Not set
        .1.. .... = Don't fragment: Set
        ..0. .... = More fragments: Not set
    ...0 0000 0000 0000 = Fragment Offset: 0
    Time to Live: 246
    Protocol: UDP (17)
    Header Checksum: 0xfbab [validation disabled]
    [Header checksum status: Unverified]
    Source Address: 18.161.111.99
    Destination Address: 172.16.90.227
    [Stream index: 0]
User Datagram Protocol, Src Port: 443, Dst Port: 62851
    Source Port: 443
    Destination Port: 62851
    Length: 51
    Checksum: 0x1013 [unverified]
    [Checksum Status: Unverified]
    [Stream index: 0]
    [Stream Packet Number: 1]
    [Timestamps]
        [Time since first frame: 0.000000000 seconds]
        [Time since previous frame: 0.000000000 seconds]
    UDP payload (43 bytes)
Data (43 bytes)

0000  5e 69 69 69 50 6d c6 6e 02 fa 35 9d 91 82 13 79   ^iiiPm.n..5....y
0010  fd 86 41 6a 6d 8b 82 66 f4 f0 73 83 39 05 97 1a   ..Ajm..f..s.9...
0020  13 1a c7 5b a2 db 77 2b 2c 08 2b                  ...[..w+,.+
    Data: 5e696969506dc66e02fa359d91821379fd86416a6d8b8266f4f073833905971a131ac75ba2db772b2c082b
    [Length: 43]

Frame 2: Packet, 85 bytes on wire (680 bits), 85 bytes captured (680 bits) on interface \Device\NPF_{9B9257DC-FAC1-4993-B12F-136D7BA5E874}, id 0
    Section number: 1
    Interface id: 0 (\Device\NPF_{9B9257DC-FAC1-4993-B12F-136D7BA5E874})
        Interface name: \Device\NPF_{9B9257DC-FAC1-4993-B12F-136D7BA5E874}
        Interface description: Wi-Fi
    Encapsulation type: Ethernet (1)
    Arrival Time: Apr  9, 2026 18:28:53.422267000 India Standard Time
    UTC Arrival Time: Apr  9, 2026 12:58:53.422267000 UTC
    Epoch Arrival Time: 1775739533.422267000
    [Time shift for this packet: 0.000000000 seconds]
    [Time delta from previous captured frame: 408.600 microseconds]
    [Time delta from previous displayed frame: 408.600 microseconds]
    [Time since reference or first frame: 408.600 microseconds]
    Frame Number: 2
    Frame Length: 85 bytes (680 bits)
    Capture Length: 85 bytes (680 bits)
    [Frame is marked: False]
    [Frame is ignored: False]
    [Protocols in frame: eth:ethertype:ip:udp:data]
    Character encoding: ASCII (0)
Ethernet II, Src: HewlettPacka_3a:cc:1d (28:92:4a:3a:cc:1d), Dst: 96:77:0b:05:d4:0b (96:77:0b:05:d4:0b)
    Destination: 96:77:0b:05:d4:0b (96:77:0b:05:d4:0b)
        .... ..1. .... .... .... .... = LG bit: Locally administered address (this is NOT the factory default)
        .... ...0 .... .... .... .... = IG bit: Individual address (unicast)
    Source: HewlettPacka_3a:cc:1d (28:92:4a:3a:cc:1d)
        .... ..0. .... .... .... .... = LG bit: Globally unique address (factory default)
        .... ...0 .... .... .... .... = IG bit: Individual address (unicast)
    Type: IPv4 (0x0800)
    [Stream index: 0]
Internet Protocol Version 4, Src: 18.161.111.99, Dst: 172.16.90.227
    0100 .... = Version: 4
    .... 0101 = Header Length: 20 bytes (5)
    Differentiated Services Field: 0x02 (DSCP: CS0, ECN: ECT(0))
        0000 00.. = Differentiated Services Codepoint: Default (0)
        .... ..10 = Explicit Congestion Notification: ECN-Capable Transport codepoint '10' (2)
    Total Length: 71
    Identification: 0x0000 (0)
    010. .... = Flags: 0x2, Don't fragment
        0... .... = Reserved bit: Not set
        .1.. .... = Don't fragment: Set
        ..0. .... = More fragments: Not set
    ...0 0000 0000 0000 = Fragment Offset: 0
    Time to Live: 246
    Protocol: UDP (17)
    Header Checksum: 0xfbab [validation disabled]
    [Header checksum status: Unverified]
    Source Address: 18.161.111.99
    Destination Address: 172.16.90.227
    [Stream index: 0]
User Datagram Protocol, Src Port: 443, Dst Port: 62851
    Source Port: 443
    Destination Port: 62851
    Length: 51
    Checksum: 0x8a0d [unverified]
    [Checksum Status: Unverified]
    [Stream index: 0]
    [Stream Packet Number: 2]
    [Timestamps]
        [Time since first frame: 408.600 microseconds]
        [Time since previous frame: 408.600 microseconds]
    UDP payload (43 bytes)
Data (43 bytes)

0000  4b c8 68 e6 98 56 7b eb 61 2d af 00 85 8a d8 c5   K.h..V{.a-......
0010  b6 2a ee 5b 05 db 78 82 b4 94 04 6f 31 a3 8c b9   .*.[..x....o1...
0020  0e f6 27 11 a2 de a5 7e 73 2b 32                  ..'....~s+2
    Data: 4bc868e698567beb612daf00858ad8c5b62aee5b05db7882b494046f31a38cb90ef62711a2dea57e732b32
    [Length: 43]

Frame 3: Packet, 1294 bytes on wire (10352 bits), 1294 bytes captured (10352 bits) on interface \Device\NPF_{9B9257DC-FAC1-4993-B12F-136D7BA5E874}, id 0
    Section number: 1
    Interface id: 0 (\Device\NPF_{9B9257DC-FAC1-4993-B12F-136D7BA5E874})
        Interface name: \Device\NPF_{9B9257DC-FAC1-4993-B12F-136D7BA5E874}
        Interface description: Wi-Fi
    Encapsulation type: Ethernet (1)
    Arrival Time: Apr  9, 2026 18:28:53.748887100 India Standard Time
    UTC Arrival Time: Apr  9, 2026 12:58:53.748887100 UTC
    Epoch Arrival Time: 1775739533.748887100
    [Time shift for this packet: 0.000000000 seconds]
    [Time delta from previous captured frame: 326.620100 milliseconds]
    [Time delta from previous displayed frame: 326.620100 milliseconds]
    [Time since reference or first frame: 327.028700 milliseconds]
    Frame Number: 3
    Frame Length: 1294 bytes (10352 bits)
    Capture Length: 1294 bytes (10352 bits)
    [Frame is marked: False]
    [Frame is ignored: False]
    [Protocols in frame: eth:ethertype:ip:udp:quic]
    Character encoding: ASCII (0)
Ethernet II, Src: 96:77:0b:05:d4:0b (96:77:0b:05:d4:0b), Dst: HewlettPacka_3a:cc:1d (28:92:4a:3a:cc:1d)
    Destination: HewlettPacka_3a:cc:1d (28:92:4a:3a:cc:1d)
        .... ..0. .... .... .... .... = LG bit: Globally unique address (factory default)
        .... ...0 .... .... .... .... = IG bit: Individual address (unicast)
    Source: 96:77:0b:05:d4:0b (96:77:0b:05:d4:0b)
        .... ..1. .... .... .... .... = LG bit: Locally administered address (this is NOT the factory default)
        .... ...0 .... .... .... .... = IG bit: Individual address (unicast)
    Type: IPv4 (0x0800)
    [Stream index: 0]
Internet Protocol Version 4, Src: 172.16.90.227, Dst: 104.18.26.14
    0100 .... = Version: 4
    .... 0101 = Header Length: 20 bytes (5)
    Differentiated Services Field: 0x00 (DSCP: CS0, ECN: Not-ECT)
        0000 00.. = Differentiated Services Codepoint: Default (0)
        .... ..00 = Explicit Congestion Notification: Not ECN-Capable Transport (0)
    Total Length: 1280
    Identification: 0xf2a1 (62113)
    010. .... = Flags: 0x2, Don't fragment
        0... .... = Reserved bit: Not set
        .1.. .... = Don't fragment: Set
        ..0. .... = More fragments: Not set
    ...0 0000 0000 0000 = Fragment Offset: 0
    Time to Live: 128
    Protocol: UDP (17)
    Header Checksum: 0x0000 [validation disabled]
    [Header checksum status: Unverified]
    Source Address: 172.16.90.227
    Destination Address: 104.18.26.14
    [Stream index: 1]
User Datagram Protocol, Src Port: 57190, Dst Port: 443
    Source Port: 57190
    Destination Port: 443
    Length: 1260
    Checksum: 0x8e11 [unverified]
    [Checksum Status: Unverified]
    [Stream index: 1]
    [Stream Packet Number: 1]
    [Timestamps]
        [Time since first frame: 0.000000000 seconds]
        [Time since previous frame: 0.000000000 seconds]
    UDP payload (1252 bytes)
QUIC IETF
    QUIC Connection information
        [Connection Number: 0]
    [Packet Length: 968]
    1... .... = Header Form: Long Header (1)
    .1.. .... = Fixed Bit: True
    ..00 .... = Packet Type: Initial (0)
    [.... 00.. = Reserved: 0]
    [.... ..01 = Packet Number Length: 2 bytes (1)]
    Version: 1 (0x00000001)
    Destination Connection ID Length: 11
    Destination Connection ID: f64ac880bfacbea656ebaf
    Source Connection ID Length: 3
    Source Connection ID: 0afa83
    Token Length: 0
    Length: 944
    [Packet Number: 637]
    Payload […]: e78f32d9c57b0e2d15e1b2466751d98ea41625b76da6b75da58437e069f41d6db2cba49d81a3f23a3b9ac13ed72a33ef262e42248c2cb48dc2a4f5ab324f832b85bd14bd600039b1bbefc7e48b59578a60127399191009c9813c4220adbf143b059b839f2df3e3896c96db911cf1d11e
    CRYPTO
        Frame Type: CRYPTO (0x0000000000000006)
        Offset: 1469
        Length: 366
        Crypto Data
    CRYPTO
        Frame Type: CRYPTO (0x0000000000000006)
        Offset: 0
        Length: 551
        Crypto Data
QUIC IETF
    [Expert Info (Note/Protocol): (Random) padding data appended to the datagram]
        [(Random) padding data appended to the datagram]
        [Severity level: Note]
        [Group: Protocol]

Frame 4: Packet, 1294 bytes on wire (10352 bits), 1294 bytes captured (10352 bits) on interface \Device\NPF_{9B9257DC-FAC1-4993-B12F-136D7BA5E874}, id 0
    Section number: 1
    Interface id: 0 (\Device\NPF_{9B9257DC-FAC1-4993-B12F-136D7BA5E874})
        Interface name: \Device\NPF_{9B9257DC-FAC1-4993-B12F-136D7BA5E874}
        Interface description: Wi-Fi
    Encapsulation type: Ethernet (1)
    Arrival Time: Apr  9, 2026 18:28:53.748963600 India Standard Time
    UTC Arrival Time: Apr  9, 2026 12:58:53.748963600 UTC
    Epoch Arrival Time: 1775739533.748963600
    [Time shift for this packet: 0.000000000 seconds]
    [Time delta from previous captured frame: 76.500 microseconds]
    [Time delta from previous displayed frame: 76.500 microseconds]
    [Time since reference or first frame: 327.105200 milliseconds]
    Frame Number: 4
    Frame Length: 1294 bytes (10352 bits)
    Capture Length: 1294 bytes (10352 bits)
    [Frame is marked: False]
    [Frame is ignored: False]
    [Protocols in frame: eth:ethertype:ip:udp:quic:tls]
    Character encoding: ASCII (0)
Ethernet II, Src: 96:77:0b:05:d4:0b (96:77:0b:05:d4:0b), Dst: HewlettPacka_3a:cc:1d (28:92:4a:3a:cc:1d)
    Destination: HewlettPacka_3a:cc:1d (28:92:4a:3a:cc:1d)
        .... ..0. .... .... .... .... = LG bit: Globally unique address (factory default)
        .... ...0 .... .... .... .... = IG bit: Individual address (unicast)
    Source: 96:77:0b:05:d4:0b (96:77:0b:05:d4:0b)
        .... ..1. .... .... .... .... = LG bit: Locally administered address (this is NOT the factory default)
        .... ...0 .... .... .... .... = IG bit: Individual address (unicast)
    Type: IPv4 (0x0800)
    [Stream index: 0]
Internet Protocol Version 4, Src: 172.16.90.227, Dst: 104.18.26.14
    0100 .... = Version: 4
    .... 0101 = Header Length: 20 bytes (5)
    Differentiated Services Field: 0x00 (DSCP: CS0, ECN: Not-ECT)
        0000 00.. = Differentiated Services Codepoint: Default (0)
        .... ..00 = Explicit Congestion Notification: Not ECN-Capable Transport (0)
    Total Length: 1280
    Identification: 0xf2a2 (62114)
    010. .... = Flags: 0x2, Don't fragment
        0... .... = Reserved bit: Not set
        .1.. .... = Don't fragment: Set
        ..0. .... = More fragments: Not set
    ...0 0000 0000 0000 = Fragment Offset: 0
    Time to Live: 128
    Protocol: UDP (17)
    Header Checksum: 0x0000 [validation disabled]
    [Header checksum status: Unverified]
    Source Address: 172.16.90.227
    Destination Address: 104.18.26.14
    [Stream index: 1]
User Datagram Protocol, Src Port: 57190, Dst Port: 443
    Source Port: 57190
    Destination Port: 443
    Length: 1260
    Checksum: 0x8e11 [unverified]
    [Checksum Status: Unverified]
    [Stream index: 1]
    [Stream Packet Number: 2]
    [Timestamps]
        [Time since first frame: 76.500 microseconds]
        [Time since previous frame: 76.500 microseconds]
    UDP payload (1252 bytes)
QUIC IETF
    QUIC Connection information
        [Connection Number: 0]
    [Packet Length: 965]
    1... .... = Header Form: Long Header (1)
    .1.. .... = Fixed Bit: True
    ..00 .... = Packet Type: Initial (0)
    [.... 00.. = Reserved: 0]
    [.... ..01 = Packet Number Length: 2 bytes (1)]
    Version: 1 (0x00000001)
    Destination Connection ID Length: 11
    Destination Connection ID: f64ac880bfacbea656ebaf
    Source Connection ID Length: 3
    Source Connection ID: 0afa83
    Token Length: 0
    Length: 941
    [Packet Number: 638]
    Payload […]: 56640a0c58698cc43fa56728e6cef57f091f5da979033a7eca0cbc87231723d0bef10a1a7ebc6a44c8792889a87d46c31545e83abd166ad62edda478447ed6554402fadb13ea28b27cdfdb1d0dd1f25a9144cb6d7feaa1128c9d8066ebd15fec4b378eefc4d95bab947ac086338a4227
    CRYPTO
        Frame Type: CRYPTO (0x0000000000000006)
        Offset: 551
        Length: 918
        Crypto Data
        [3 Reassembled QUIC CRYPTO Data Fragments (1835 bytes): #3(551), #4(918), #3(366)]
            [Frame: 3, payload: 0-550 (551 bytes)]
            [Frame: 4, payload: 551-1468 (918 bytes)]
            [Frame: 3, payload: 1469-1834 (366 bytes)]
            [Fragment count: 3]
        TLSv1.3 Record Layer: Handshake Protocol: Client Hello
            Handshake Protocol: Client Hello
                Handshake Type: Client Hello (1)
                Length: 1831
                Version: TLS 1.2 (0x0303)
                    [Expert Info (Chat/Deprecated): This legacy_version field MUST be ignored. The supported_versions extension is present and MUST be used instead.]
                        [This legacy_version field MUST be ignored. The supported_versions extension is present and MUST be used instead.]
                        [Severity level: Chat]
                        [Group: Deprecated]
                Random: c47e5e41612ad4590628446712e94d02869583cda9b122147c62c12b7b1e94d1
                Session ID Length: 0
                Cipher Suites Length: 6
                Cipher Suites (3 suites)
                    Cipher Suite: TLS_AES_128_GCM_SHA256 (0x1301)
                    Cipher Suite: TLS_CHACHA20_POLY1305_SHA256 (0x1303)
                    Cipher Suite: TLS_AES_256_GCM_SHA384 (0x1302)
                Compression Methods Length: 1
                Compression Methods (1 method)
                    Compression Method: null (0)
                Extensions Length: 1784
                Extension: psk_key_exchange_modes (len=2)
                    Type: psk_key_exchange_modes (45)
                    Length: 2
                    PSK Key Exchange Modes Length: 1
                    PSK Key Exchange Mode: PSK with (EC)DHE key establishment (psk_dhe_ke) (1)
                Extension: extended_master_secret (len=0)
                    Type: extended_master_secret (23)
                    Length: 0
                Extension: compress_certificate (len=7)
                    Type: compress_certificate (27)
                    Length: 7
                    Algorithms Length: 6
                    Algorithm: zlib (1)
                    Algorithm: zstd (3)
                    Algorithm: brotli (2)
                Extension: renegotiation_info (len=1)
                    Type: renegotiation_info (65281)
                    Length: 1
                    Renegotiation Info extension
                        Renegotiation info extension length: 0
                Extension: record_size_limit (len=2)
                    Type: record_size_limit (28)
                    Length: 2
                    Record Size Limit: 16385
                Extension: signature_algorithms (len=24)
                    Type: signature_algorithms (13)
                    Length: 24
                    Signature Hash Algorithms Length: 22
                    Signature Hash Algorithms (11 algorithms)
                        Signature Algorithm: ecdsa_secp256r1_sha256 (0x0403)
                            Signature Hash Algorithm Hash: SHA256 (4)
                            Signature Hash Algorithm Signature: ECDSA (3)
                        Signature Algorithm: ecdsa_secp384r1_sha384 (0x0503)
                            Signature Hash Algorithm Hash: SHA384 (5)
                            Signature Hash Algorithm Signature: ECDSA (3)
                        Signature Algorithm: ecdsa_secp521r1_sha512 (0x0603)
                            Signature Hash Algorithm Hash: SHA512 (6)
                            Signature Hash Algorithm Signature: ECDSA (3)
                        Signature Algorithm: ecdsa_sha1 (0x0203)
                            Signature Hash Algorithm Hash: SHA1 (2)
                            Signature Hash Algorithm Signature: ECDSA (3)
                        Signature Algorithm: rsa_pss_rsae_sha256 (0x0804)
                            Signature Hash Algorithm Hash: Unknown (8)
                            Signature Hash Algorithm Signature: Unknown (4)
                        Signature Algorithm: rsa_pss_rsae_sha384 (0x0805)
                            Signature Hash Algorithm Hash: Unknown (8)
                            Signature Hash Algorithm Signature: Unknown (5)
                        Signature Algorithm: rsa_pss_rsae_sha512 (0x0806)
                            Signature Hash Algorithm Hash: Unknown (8)
                            Signature Hash Algorithm Signature: Unknown (6)
                        Signature Algorithm: rsa_pkcs1_sha256 (0x0401)
                            Signature Hash Algorithm Hash: SHA256 (4)
                            Signature Hash Algorithm Signature: RSA (1)
                        Signature Algorithm: rsa_pkcs1_sha384 (0x0501)
                            Signature Hash Algorithm Hash: SHA384 (5)
                            Signature Hash Algorithm Signature: RSA (1)
                        Signature Algorithm: rsa_pkcs1_sha512 (0x0601)
                            Signature Hash Algorithm Hash: SHA512 (6)
                            Signature Hash Algorithm Signature: RSA (1)
                        Signature Algorithm: rsa_pkcs1_sha1 (0x0201)
                            Signature Hash Algorithm Hash: SHA1 (2)
                            Signature Hash Algorithm Signature: RSA (1)
                Extension: key_share (len=1327) X25519MLKEM768, x25519, secp256r1
                    Type: key_share (51)
                    Length: 1327
                    Key Share extension
                        Client Key Share Length: 1325
                        Key Share Entry: Group: X25519MLKEM768, Key Exchange length: 1216
                            Group: X25519MLKEM768 (4588)
                            Key Exchange Length: 1216
                            Key Exchange […]: 92e95ee39590fc9227fbc31ec33bcefc761245752d945a92db3554f8817dd61a854e0370ebe1c1304140677919a0d54a27e5832ec7227d87621086cc0a16b670f761e53a5c1ffc4d58183b26eb07585b55f56883eb53170f7c2325a35cd812a9e8c14728802b16359d130009986
                        Key Share Entry: Group: x25519, Key Exchange length: 32
                            Group: x25519 (29)
                            Key Exchange Length: 32
                            Key Exchange: 40fe7941ad51b5a875cec8be6684e8d3f95985777fc0f951c8096afd142d3572
                        Key Share Entry: Group: secp256r1, Key Exchange length: 65
                            Group: secp256r1 (23)
                            Key Exchange Length: 65
                            Key Exchange: 04fbb59b7b0872799ae1c55ddb87758e5dd219c79afcbe635d1fd7521e773b223ed283d6eb6d716b3926875eb58a25ef26ac403c050148347da76f40877e455aa7
                Extension: application_layer_protocol_negotiation (len=5)
                    Type: application_layer_protocol_negotiation (16)
                    Length: 5
                    ALPN Extension Length: 3
                    ALPN Protocol
                        ALPN string length: 2
                        ALPN Next Protocol: h3
                Extension: server_name (len=23) name=cloudflare-ech.com
                    Type: server_name (0)
                    Length: 23
                    Server Name Indication extension
                        Server Name list length: 21
                        Server Name Type: host_name (0)
                        Server Name length: 18
                        Server Name: cloudflare-ech.com
                Extension: delegated_credentials (len=10)
                    Type: delegated_credentials (34)
                    Length: 10
                    Signature Hash Algorithms Length: 8
                    Signature Hash Algorithms (4 algorithms)
                        Signature Algorithm: ecdsa_secp256r1_sha256 (0x0403)
                            Signature Hash Algorithm Hash: SHA256 (4)
                            Signature Hash Algorithm Signature: ECDSA (3)
                        Signature Algorithm: ecdsa_secp384r1_sha384 (0x0503)
                            Signature Hash Algorithm Hash: SHA384 (5)
                            Signature Hash Algorithm Signature: ECDSA (3)
                        Signature Algorithm: ecdsa_secp521r1_sha512 (0x0603)
                            Signature Hash Algorithm Hash: SHA512 (6)
                            Signature Hash Algorithm Signature: ECDSA (3)
                        Signature Algorithm: ecdsa_sha1 (0x0203)
                            Signature Hash Algorithm Hash: SHA1 (2)
                            Signature Hash Algorithm Signature: ECDSA (3)
                Extension: supported_groups (len=12)
                    Type: supported_groups (10)
                    Length: 12
                    Supported Groups List Length: 10
                    Supported Groups (5 groups)
                        Supported Group: X25519MLKEM768 (0x11ec)
                        Supported Group: x25519 (0x001d)
                        Supported Group: secp256r1 (0x0017)
                        Supported Group: secp384r1 (0x0018)
                        Supported Group: secp521r1 (0x0019)
                Extension: status_request (len=5)
                    Type: status_request (5)
                    Length: 5
                    Certificate Status Type: OCSP (1)
                    Responder ID list Length: 0
                    Request Extensions Length: 0
                Extension: supported_versions (len=3) TLS 1.3
                    Type: supported_versions (43)
                    Length: 3
                    Supported Versions length: 2
                    Supported Version: TLS 1.3 (0x0304)
                Extension: quic_transport_parameters (len=22)
                    Type: quic_transport_parameters (57)
                    Length: 22
                    Parameter: max_ack_delay (len=1) 20
                        Type: max_ack_delay (0x0b)
                        Length: 1
                        Value: 14
                        max_ack_delay: 20
                    Parameter: initial_source_connection_id (len=3)
                        Type: initial_source_connection_id (0x0f)
                        Length: 3
                        Value: 0afa83
                        Initial Source Connection ID: 0afa83
                    Parameter: version_information (len=12)
                        Type: version_information (0x11)
                        Length: 12
                        Value: 000000018aaa7a5a00000001
                        Chosen Version: 1 (0x00000001)
                        Other Version: Unknown (0x8aaa7a5a) (GREASE)
                        Other Version: 1 (0x00000001)
                Extension: encrypted_client_hello (len=281)
                    Type: encrypted_client_hello (65037)
                    Length: 281
                    Client Hello type: Outer Client Hello (0)
                    Cipher Suite: HKDF-SHA256/AES-128-GCM
                        KDF Id: HKDF-SHA256 (1)
                        AEAD Id: AES-128-GCM (1)
                    Config Id: 28
                    Enc length: 32
                    Enc: 5725be42ef9af28125c0252e57b495a2739a719dbf907705225413a299d6992b
                    Payload length: 239
                    Payload […]: a26f6efa49e3f22541ebed6e8c3a41fdabfd7d0cbbd5ad2e9fea0c796f1d7457910c925b4e5921b4ccde2d8173e63ed1e03d1ad08beb6a3fe6cc969eef8895fbe786004cc2eb08c0002d49bd08a585bb53032a04954f82b6b3df6d7a6788e5e395544ec1dc397540e323095d6403b492
                [JA4: q13d0315h3_55b375c5d22e_dc5437974b47]
                [JA4_r: q13d0315h3_1301,1302,1303_0005,000a,000d,0017,001b,001c,0022,002b,002d,0033,0039,fe0d,ff01_0403,0503,0603,0203,0804,0805,0806,0401,0501,0601,0201]
                [JA3 Fullstring: 771,4865-4867-4866,45-23-27-65281-28-13-51-16-0-34-10-5-43-57-65037,4588-29-23-24-25,]
                [JA3: 6d18ec5f30f2800eb592a0d7595dd206]
QUIC IETF
    [Expert Info (Note/Protocol): (Random) padding data appended to the datagram]
        [(Random) padding data appended to the datagram]
        [Severity level: Note]
        [Group: Protocol]

Frame 5: Packet, 1246 bytes on wire (9968 bits), 1246 bytes captured (9968 bits) on interface \Device\NPF_{9B9257DC-FAC1-4993-B12F-136D7BA5E874}, id 0
    Section number: 1
    Interface id: 0 (\Device\NPF_{9B9257DC-FAC1-4993-B12F-136D7BA5E874})
        Interface name: \Device\NPF_{9B9257DC-FAC1-4993-B12F-136D7BA5E874}
        Interface description: Wi-Fi
    Encapsulation type: Ethernet (1)
    Arrival Time: Apr  9, 2026 18:28:53.754774100 India Standard Time
    UTC Arrival Time: Apr  9, 2026 12:58:53.754774100 UTC
    Epoch Arrival Time: 1775739533.754774100
    [Time shift for this packet: 0.000000000 seconds]
    [Time delta from previous captured frame: 5.810500 milliseconds]
    [Time delta from previous displayed frame: 5.810500 milliseconds]
    [Time since reference or first frame: 332.915700 milliseconds]
    Frame Number: 5
    Frame Length: 1246 bytes (9968 bits)
    Capture Length: 1246 bytes (9968 bits)
    [Frame is marked: False]
    [Frame is ignored: False]
    [Protocols in frame: eth:ethertype:vlan:ethertype:ip:udp:quic]
    Character encoding: ASCII (0)
Ethernet II, Src: HewlettPacka_3a:cc:1d (28:92:4a:3a:cc:1d), Dst: 96:77:0b:05:d4:0b (96:77:0b:05:d4:0b)
    Destination: 96:77:0b:05:d4:0b (96:77:0b:05:d4:0b)
        .... ..1. .... .... .... .... = LG bit: Locally administered address (this is NOT the factory default)
        .... ...0 .... .... .... .... = IG bit: Individual address (unicast)
    Source: HewlettPacka_3a:cc:1d (28:92:4a:3a:cc:1d)
        .... ..0. .... .... .... .... = LG bit: Globally unique address (factory default)
        .... ...0 .... .... .... .... = IG bit: Individual address (unicast)
    Type: 802.1Q Virtual LAN (0x8100)
    [Stream index: 0]
802.1Q Virtual LAN, PRI: 0, DEI: 0, ID: 0
    000. .... .... .... = Priority: Best Effort (default) (0)
    ...0 .... .... .... = DEI: Ineligible
    .... 0000 0000 0000 = ID: 0
    Type: IPv4 (0x0800)
Internet Protocol Version 4, Src: 104.18.26.14, Dst: 172.16.90.227
    0100 .... = Version: 4
    .... 0101 = Header Length: 20 bytes (5)
    Differentiated Services Field: 0x88 (DSCP: AF41, ECN: Not-ECT)
        1000 10.. = Differentiated Services Codepoint: Assured Forwarding 41 (34)
        .... ..00 = Explicit Congestion Notification: Not ECN-Capable Transport (0)
    Total Length: 1228
    Identification: 0x0000 (0)
    010. .... = Flags: 0x2, Don't fragment
        0... .... = Reserved bit: Not set
        .1.. .... = Don't fragment: Set
        ..0. .... = More fragments: Not set
    ...0 0000 0000 0000 = Fragment Offset: 0
    Time to Live: 57
    Protocol: UDP (17)
    Header Checksum: 0xb385 [validation disabled]
    [Header checksum status: Unverified]
    Source Address: 104.18.26.14
    Destination Address: 172.16.90.227
    [Stream index: 1]
User Datagram Protocol, Src Port: 443, Dst Port: 57190
    Source Port: 443
    Destination Port: 57190
    Length: 1208
    Checksum: 0x39d0 [unverified]
    [Checksum Status: Unverified]
    [Stream index: 1]
    [Stream Packet Number: 3]
    [Timestamps]
        [Time since first frame: 5.887000 milliseconds]
        [Time since previous frame: 5.810500 milliseconds]
    UDP payload (1200 bytes)
QUIC IETF
    QUIC Connection information
        [Connection Number: 0]
    [Packet Length: 56]
    1... .... = Header Form: Long Header (1)
    .1.. .... = Fixed Bit: True
    ..00 .... = Packet Type: Initial (0)
    [.... 00.. = Reserved: 0]
    [.... ..00 = Packet Number Length: 1 bytes (0)]
    Version: 1 (0x00000001)
    Destination Connection ID Length: 3
    Destination Connection ID: 0afa83
    Source Connection ID Length: 20
    Source Connection ID: 0172064c881f2e941470f84c1c1f09aefd860534
    Token Length: 0
    Length: 23
    [Packet Number: 0]
    Payload: 7261cd518b5b000a938be8f668284c5712ffca00199b
    ACK
        Frame Type: ACK (0x0000000000000002)
        Largest Acknowledged: 637
        ACK Delay: 4
        ACK Range Count: 0
        First ACK Range: 0
QUIC IETF
    [Expert Info (Note/Protocol): (Random) padding data appended to the datagram]
        [(Random) padding data appended to the datagram]
        [Severity level: Note]
        [Group: Protocol]

Frame 6: Packet, 1246 bytes on wire (9968 bits), 1246 bytes captured (9968 bits) on interface \Device\NPF_{9B9257DC-FAC1-4993-B12F-136D7BA5E874}, id 0
    Section number: 1
    Interface id: 0 (\Device\NPF_{9B9257DC-FAC1-4993-B12F-136D7BA5E874})
        Interface name: \Device\NPF_{9B9257DC-FAC1-4993-B12F-136D7BA5E874}
        Interface description: Wi-Fi
    Encapsulation type: Ethernet (1)
    Arrival Time: Apr  9, 2026 18:28:53.755053200 India Standard Time
    UTC Arrival Time: Apr  9, 2026 12:58:53.755053200 UTC
    Epoch Arrival Time: 1775739533.755053200
    [Time shift for this packet: 0.000000000 seconds]
    [Time delta from previous captured frame: 279.100 microseconds]
    [Time delta from previous displayed frame: 279.100 microseconds]
    [Time since reference or first frame: 333.194800 milliseconds]
    Frame Number: 6
    Frame Length: 1246 bytes (9968 bits)
    Capture Length: 1246 bytes (9968 bits)
    [Frame is marked: False]
    [Frame is ignored: False]
    [Protocols in frame: eth:ethertype:vlan:ethertype:ip:udp:quic]
    Character encoding: ASCII (0)
Ethernet II, Src: HewlettPacka_3a:cc:1d (28:92:4a:3a:cc:1d), Dst: 96:77:0b:05:d4:0b (96:77:0b:05:d4:0b)
    Destination: 96:77:0b:05:d4:0b (96:77:0b:05:d4:0b)
        .... ..1. .... .... .... .... = LG bit: Locally administered address (this is NOT the factory default)
        .... ...0 .... .... .... .... = IG bit: Individual address (unicast)
    Source: HewlettPacka_3a:cc:1d (28:92:4a:3a:cc:1d)
        .... ..0. .... .... .... .... = LG bit: Globally unique address (factory default)
        .... ...0 .... .... .... .... = IG bit: Individual address (unicast)
    Type: 802.1Q Virtual LAN (0x8100)
    [Stream index: 0]
802.1Q Virtual LAN, PRI: 0, DEI: 0, ID: 0
    000. .... .... .... = Priority: Best Effort (default) (0)
    ...0 .... .... .... = DEI: Ineligible
    .... 0000 0000 0000 = ID: 0
    Type: IPv4 (0x0800)
Internet Protocol Version 4, Src: 104.18.26.14, Dst: 172.16.90.227
    0100 .... = Version: 4
    .... 0101 = Header Length: 20 bytes (5)
    Differentiated Services Field: 0x88 (DSCP: AF41, ECN: Not-ECT)
        1000 10.. = Differentiated Services Codepoint: Assured Forwarding 41 (34)
        .... ..00 = Explicit Congestion Notification: Not ECN-Capable Transport (0)
    Total Length: 1228
    Identification: 0x0000 (0)
    010. .... = Flags: 0x2, Don't fragment
        0... .... = Reserved bit: Not set
        .1.. .... = Don't fragment: Set
        ..0. .... = More fragments: Not set
    ...0 0000 0000 0000 = Fragment Offset: 0
    Time to Live: 57
    Protocol: UDP (17)
    Header Checksum: 0xb385 [validation disabled]
    [Header checksum status: Unverified]
    Source Address: 104.18.26.14
    Destination Address: 172.16.90.227
    [Stream index: 1]
User Datagram Protocol, Src Port: 443, Dst Port: 57190
    Source Port: 443
    Destination Port: 57190
    Length: 1208
    Checksum: 0x4747 [unverified]
    [Checksum Status: Unverified]
    [Stream index: 1]
    [Stream Packet Number: 4]
    [Timestamps]
        [Time since first frame: 6.166100 milliseconds]
        [Time since previous frame: 279.100 microseconds]
    UDP payload (1200 bytes)
QUIC IETF
    QUIC Connection information
        [Connection Number: 0]
    [Packet Length: 57]
    1... .... = Header Form: Long Header (1)
    .1.. .... = Fixed Bit: True
    ..00 .... = Packet Type: Initial (0)
    [.... 00.. = Reserved: 0]
    [.... ..00 = Packet Number Length: 1 bytes (0)]
    Version: 1 (0x00000001)
    Destination Connection ID Length: 3
    Destination Connection ID: 0afa83
    Source Connection ID Length: 20
    Source Connection ID: 0172064c881f2e941470f84c1c1f09aefd860534
    Token Length: 0
    Length: 24
    [Packet Number: 1]
    Payload: 2e870a756e59cce621e7badc8102bc5131984970dba3fd
    ACK
        Frame Type: ACK (0x0000000000000002)
        Largest Acknowledged: 638
        ACK Delay: 78
        ACK Range Count: 0
        First ACK Range: 1
QUIC IETF
    [Expert Info (Note/Protocol): (Random) padding data appended to the datagram]
        [(Random) padding data appended to the datagram]
        [Severity level: Note]
        [Group: Protocol]

Frame 7: Packet, 1246 bytes on wire (9968 bits), 1246 bytes captured (9968 bits) on interface \Device\NPF_{9B9257DC-FAC1-4993-B12F-136D7BA5E874}, id 0
    Section number: 1
    Interface id: 0 (\Device\NPF_{9B9257DC-FAC1-4993-B12F-136D7BA5E874})
        Interface name: \Device\NPF_{9B9257DC-FAC1-4993-B12F-136D7BA5E874}
        Interface description: Wi-Fi
    Encapsulation type: Ethernet (1)
    Arrival Time: Apr  9, 2026 18:28:53.756678200 India Standard Time
    UTC Arrival Time: Apr  9, 2026 12:58:53.756678200 UTC
    Epoch Arrival Time: 1775739533.756678200
    [Time shift for this packet: 0.000000000 seconds]
    [Time delta from previous captured frame: 1.625000 milliseconds]
    [Time delta from previous displayed frame: 1.625000 milliseconds]
    [Time since reference or first frame: 334.819800 milliseconds]
    Frame Number: 7
    Frame Length: 1246 bytes (9968 bits)
    Capture Length: 1246 bytes (9968 bits)
    [Frame is marked: False]
    [Frame is ignored: False]
    [Protocols in frame: eth:ethertype:vlan:ethertype:ip:udp:quic:tls]
    Character encoding: ASCII (0)
Ethernet II, Src: HewlettPacka_3a:cc:1d (28:92:4a:3a:cc:1d), Dst: 96:77:0b:05:d4:0b (96:77:0b:05:d4:0b)
    Destination: 96:77:0b:05:d4:0b (96:77:0b:05:d4:0b)
        .... ..1. .... .... .... .... = LG bit: Locally administered address (this is NOT the factory default)
        .... ...0 .... .... .... .... = IG bit: Individual address (unicast)
    Source: HewlettPacka_3a:cc:1d (28:92:4a:3a:cc:1d)
        .... ..0. .... .... .... .... = LG bit: Globally unique address (factory default)
        .... ...0 .... .... .... .... = IG bit: Individual address (unicast)
    Type: 802.1Q Virtual LAN (0x8100)
    [Stream index: 0]
802.1Q Virtual LAN, PRI: 0, DEI: 0, ID: 0
    000. .... .... .... = Priority: Best Effort (default) (0)
    ...0 .... .... .... = DEI: Ineligible
    .... 0000 0000 0000 = ID: 0
    Type: IPv4 (0x0800)
Internet Protocol Version 4, Src: 104.18.26.14, Dst: 172.16.90.227
    0100 .... = Version: 4
    .... 0101 = Header Length: 20 bytes (5)
    Differentiated Services Field: 0x88 (DSCP: AF41, ECN: Not-ECT)
        1000 10.. = Differentiated Services Codepoint: Assured Forwarding 41 (34)
        .... ..00 = Explicit Congestion Notification: Not ECN-Capable Transport (0)
    Total Length: 1228
    Identification: 0x0000 (0)
    010. .... = Flags: 0x2, Don't fragment
        0... .... = Reserved bit: Not set
        .1.. .... = Don't fragment: Set
        ..0. .... = More fragments: Not set
    ...0 0000 0000 0000 = Fragment Offset: 0
    Time to Live: 57
    Protocol: UDP (17)
    Header Checksum: 0xb385 [validation disabled]
    [Header checksum status: Unverified]
    Source Address: 104.18.26.14
    Destination Address: 172.16.90.227
    [Stream index: 1]
User Datagram Protocol, Src Port: 443, Dst Port: 57190
    Source Port: 443
    Destination Port: 57190
    Length: 1208
    Checksum: 0x24ba [unverified]
    [Checksum Status: Unverified]
    [Stream index: 1]
    [Stream Packet Number: 5]
    [Timestamps]
        [Time since first frame: 7.791100 milliseconds]
        [Time since previous frame: 1.625000 milliseconds]
    UDP payload (1200 bytes)
QUIC IETF
    QUIC Connection information
        [Connection Number: 0]
    [Packet Length: 1200]
    1... .... = Header Form: Long Header (1)
    .1.. .... = Fixed Bit: True
    ..00 .... = Packet Type: Initial (0)
    [.... 00.. = Reserved: 0]
    [.... ..00 = Packet Number Length: 1 bytes (0)]
    Version: 1 (0x00000001)
    Destination Connection ID Length: 3
    Destination Connection ID: 0afa83
    Source Connection ID Length: 20
    Source Connection ID: 0172064c881f2e941470f84c1c1f09aefd860534
    Token Length: 0
    Length: 1167
    [Packet Number: 2]
    Payload […]: f0b44f61a154cf463f4e1fb9a1d020555a2753b8a51884718bad52291e556559555319f30b3f4cdd40fcf9da3197c7af6443f8927e350bfbc22c24052ad6b20398eec80f9a3ad05cfd9df8a9fab2b0d9d2c48c4a3eac0f8e1d8ce1638f071ca29cd3b24001fd899966797c3b62a97ee7
    CRYPTO
        Frame Type: CRYPTO (0x0000000000000006)
        Offset: 0
        Length: 1146
        Crypto Data
        TLSv1.3 Record Layer: Handshake Protocol: Server Hello (fragment)
            Handshake Protocol: Server Hello (fragment)

Frame 8: Packet, 1294 bytes on wire (10352 bits), 1294 bytes captured (10352 bits) on interface \Device\NPF_{9B9257DC-FAC1-4993-B12F-136D7BA5E874}, id 0
    Section number: 1
    Interface id: 0 (\Device\NPF_{9B9257DC-FAC1-4993-B12F-136D7BA5E874})
        Interface name: \Device\NPF_{9B9257DC-FAC1-4993-B12F-136D7BA5E874}
        Interface description: Wi-Fi
    Encapsulation type: Ethernet (1)
    Arrival Time: Apr  9, 2026 18:28:53.756793000 India Standard Time
    UTC Arrival Time: Apr  9, 2026 12:58:53.756793000 UTC
    Epoch Arrival Time: 1775739533.756793000
    [Time shift for this packet: 0.000000000 seconds]
    [Time delta from previous captured frame: 114.800 microseconds]
    [Time delta from previous displayed frame: 114.800 microseconds]
    [Time since reference or first frame: 334.934600 milliseconds]
    Frame Number: 8
    Frame Length: 1294 bytes (10352 bits)
    Capture Length: 1294 bytes (10352 bits)
    [Frame is marked: False]
    [Frame is ignored: False]
    [Protocols in frame: eth:ethertype:ip:udp:quic]
    Character encoding: ASCII (0)
Ethernet II, Src: 96:77:0b:05:d4:0b (96:77:0b:05:d4:0b), Dst: HewlettPacka_3a:cc:1d (28:92:4a:3a:cc:1d)
    Destination: HewlettPacka_3a:cc:1d (28:92:4a:3a:cc:1d)
        .... ..0. .... .... .... .... = LG bit: Globally unique address (factory default)
        .... ...0 .... .... .... .... = IG bit: Individual address (unicast)
    Source: 96:77:0b:05:d4:0b (96:77:0b:05:d4:0b)
        .... ..1. .... .... .... .... = LG bit: Locally administered address (this is NOT the factory default)
        .... ...0 .... .... .... .... = IG bit: Individual address (unicast)
    Type: IPv4 (0x0800)
    [Stream index: 0]
Internet Protocol Version 4, Src: 172.16.90.227, Dst: 104.18.26.14
    0100 .... = Version: 4
    .... 0101 = Header Length: 20 bytes (5)
    Differentiated Services Field: 0x00 (DSCP: CS0, ECN: Not-ECT)
        0000 00.. = Differentiated Services Codepoint: Default (0)
        .... ..00 = Explicit Congestion Notification: Not ECN-Capable Transport (0)
    Total Length: 1280
    Identification: 0xf2a3 (62115)
    010. .... = Flags: 0x2, Don't fragment
        0... .... = Reserved bit: Not set
        .1.. .... = Don't fragment: Set
        ..0. .... = More fragments: Not set
    ...0 0000 0000 0000 = Fragment Offset: 0
    Time to Live: 128
    Protocol: UDP (17)
    Header Checksum: 0x0000 [validation disabled]
    [Header checksum status: Unverified]
    Source Address: 172.16.90.227
    Destination Address: 104.18.26.14
    [Stream index: 1]
User Datagram Protocol, Src Port: 57190, Dst Port: 443
    Source Port: 57190
    Destination Port: 443
    Length: 1260
    Checksum: 0x8e11 [unverified]
    [Checksum Status: Unverified]
    [Stream index: 1]
    [Stream Packet Number: 6]
    [Timestamps]
        [Time since first frame: 7.905900 milliseconds]
        [Time since previous frame: 114.800 microseconds]
    UDP payload (1252 bytes)
QUIC IETF
    QUIC Connection information
        [Connection Number: 0]
    [Packet Length: 55]
    1... .... = Header Form: Long Header (1)
    .1.. .... = Fixed Bit: True
    ..00 .... = Packet Type: Initial (0)
    [.... 00.. = Reserved: 0]
    [.... ..00 = Packet Number Length: 1 bytes (0)]
    Version: 1 (0x00000001)
    Destination Connection ID Length: 20
    Destination Connection ID: 0172064c881f2e941470f84c1c1f09aefd860534
    Source Connection ID Length: 3
    Source Connection ID: 0afa83
    Token Length: 0
    Length: 22
    [Packet Number: 639]
    Payload: bdbbb29dfda359f33a7f1980e0ff4b9ed581885cf6
    ACK
        Frame Type: ACK (0x0000000000000002)
        Largest Acknowledged: 2
        ACK Delay: 4
        ACK Range Count: 0
        First ACK Range: 2
QUIC IETF
    [Expert Info (Note/Protocol): (Random) padding data appended to the datagram]
        [(Random) padding data appended to the datagram]
        [Severity level: Note]
        [Group: Protocol]

Frame 9: Packet, 1246 bytes on wire (9968 bits), 1246 bytes captured (9968 bits) on interface \Device\NPF_{9B9257DC-FAC1-4993-B12F-136D7BA5E874}, id 0
    Section number: 1
    Interface id: 0 (\Device\NPF_{9B9257DC-FAC1-4993-B12F-136D7BA5E874})
        Interface name: \Device\NPF_{9B9257DC-FAC1-4993-B12F-136D7BA5E874}
        Interface description: Wi-Fi
    Encapsulation type: Ethernet (1)
    Arrival Time: Apr  9, 2026 18:28:53.756970900 India Standard Time
    UTC Arrival Time: Apr  9, 2026 12:58:53.756970900 UTC
    Epoch Arrival Time: 1775739533.756970900
    [Time shift for this packet: 0.000000000 seconds]
    [Time delta from previous captured frame: 177.900 microseconds]
    [Time delta from previous displayed frame: 177.900 microseconds]
    [Time since reference or first frame: 335.112500 milliseconds]
    Frame Number: 9
    Frame Length: 1246 bytes (9968 bits)
    Capture Length: 1246 bytes (9968 bits)
    [Frame is marked: False]
    [Frame is ignored: False]
    [Protocols in frame: eth:ethertype:vlan:ethertype:ip:udp:quic:tls]
    Character encoding: ASCII (0)
Ethernet II, Src: HewlettPacka_3a:cc:1d (28:92:4a:3a:cc:1d), Dst: 96:77:0b:05:d4:0b (96:77:0b:05:d4:0b)
    Destination: 96:77:0b:05:d4:0b (96:77:0b:05:d4:0b)
        .... ..1. .... .... .... .... = LG bit: Locally administered address (this is NOT the factory default)
        .... ...0 .... .... .... .... = IG bit: Individual address (unicast)
    Source: HewlettPacka_3a:cc:1d (28:92:4a:3a:cc:1d)
        .... ..0. .... .... .... .... = LG bit: Globally unique address (factory default)
        .... ...0 .... .... .... .... = IG bit: Individual address (unicast)
    Type: 802.1Q Virtual LAN (0x8100)
    [Stream index: 0]
802.1Q Virtual LAN, PRI: 0, DEI: 0, ID: 0
    000. .... .... .... = Priority: Best Effort (default) (0)
    ...0 .... .... .... = DEI: Ineligible
    .... 0000 0000 0000 = ID: 0
    Type: IPv4 (0x0800)
Internet Protocol Version 4, Src: 104.18.26.14, Dst: 172.16.90.227
    0100 .... = Version: 4
    .... 0101 = Header Length: 20 bytes (5)
    Differentiated Services Field: 0x88 (DSCP: AF41, ECN: Not-ECT)
        1000 10.. = Differentiated Services Codepoint: Assured Forwarding 41 (34)
        .... ..00 = Explicit Congestion Notification: Not ECN-Capable Transport (0)
    Total Length: 1228
    Identification: 0x0001 (1)
    010. .... = Flags: 0x2, Don't fragment
        0... .... = Reserved bit: Not set
        .1.. .... = Don't fragment: Set
        ..0. .... = More fragments: Not set
    ...0 0000 0000 0000 = Fragment Offset: 0
    Time to Live: 57
    Protocol: UDP (17)
    Header Checksum: 0xb384 [validation disabled]
    [Header checksum status: Unverified]
    Source Address: 104.18.26.14
    Destination Address: 172.16.90.227
    [Stream index: 1]
User Datagram Protocol, Src Port: 443, Dst Port: 57190
    Source Port: 443
    Destination Port: 57190
    Length: 1208
    Checksum: 0x8ab9 [unverified]
    [Checksum Status: Unverified]
    [Stream index: 1]
    [Stream Packet Number: 7]
    [Timestamps]
        [Time since first frame: 8.083800 milliseconds]
        [Time since previous frame: 177.900 microseconds]
    UDP payload (1200 bytes)
QUIC IETF
    QUIC Connection information
        [Connection Number: 0]
    [Packet Length: 87]
    1... .... = Header Form: Long Header (1)
    .1.. .... = Fixed Bit: True
    ..00 .... = Packet Type: Initial (0)
    [.... 00.. = Reserved: 0]
    [.... ..00 = Packet Number Length: 1 bytes (0)]
    Version: 1 (0x00000001)
    Destination Connection ID Length: 3
    Destination Connection ID: 0afa83
    Source Connection ID Length: 20
    Source Connection ID: 0172064c881f2e941470f84c1c1f09aefd860534
    Token Length: 0
    Length: 54
    [Packet Number: 3]
    Payload: a56b4eed331d17171f80873886f8905d080234b3767fb2d061e890a623729d6a4612cb985fb65149f535ebde929d49b120f7503078
    CRYPTO
        Frame Type: CRYPTO (0x0000000000000006)
        Offset: 1146
        Length: 32
        Crypto Data
        TLSv1.3 Record Layer: Handshake Protocol: Server Hello
            Handshake Protocol: Server Hello (last fragment)
            [2 Reassembled Handshake Fragments (1178 bytes): #7(1146), #9(32)]
                [Frame: 7, payload: 0-1145 (1146 bytes)]
                [Frame: 9, payload: 1146-1177 (32 bytes)]
                [Handshake Fragment count: 2]
            Handshake Protocol: Server Hello
                Handshake Type: Server Hello (2)
                Length: 1174
                Version: TLS 1.2 (0x0303)
                    [Expert Info (Chat/Deprecated): This legacy_version field MUST be ignored. The supported_versions extension is present and MUST be used instead.]
                        [This legacy_version field MUST be ignored. The supported_versions extension is present and MUST be used instead.]
                        [Severity level: Chat]
                        [Group: Deprecated]
                Random: 5d331bced8c448b6139eb8585ba95808aa1953e6bd1b7b98cbcd293cbdd0916b
                Session ID Length: 0
                Cipher Suite: TLS_AES_128_GCM_SHA256 (0x1301)
                Compression Method: null (0)
                Extensions Length: 1134
                Extension: key_share (len=1124) X25519MLKEM768
                    Type: key_share (51)
                    Length: 1124
                    Key Share extension
                        Key Share Entry: Group: X25519MLKEM768, Key Exchange length: 1120
                            Group: X25519MLKEM768 (4588)
                            Key Exchange Length: 1120
                            Key Exchange […]: da280e4ca3e35a43cf41b484423c6906f02844175af13edb9dcfb5134151cac16747bd62c7c875c12707fd3ccb8393d3e73f92c558f267940c7527c9aa4279a399f12dcdfd1c30f42550291e292ee282e8848c7dde6522562c8e799a50c82d864b1efe8c584a1e534378facd4f1
                Extension: supported_versions (len=2) TLS 1.3
                    Type: supported_versions (43)
                    Length: 2
                    Supported Version: TLS 1.3 (0x0304)
                [JA3S Fullstring: 771,4865,51-43]
                [JA3S: eb1d94daa7e0344597e756a1fb6e7054]
QUIC IETF
    [Expert Info (Note/Protocol): (Random) padding data appended to the datagram]
        [(Random) padding data appended to the datagram]
        [Severity level: Note]
        [Group: Protocol]

Frame 10: Packet, 1294 bytes on wire (10352 bits), 1294 bytes captured (10352 bits) on interface \Device\NPF_{9B9257DC-FAC1-4993-B12F-136D7BA5E874}, id 0
    Section number: 1
    Interface id: 0 (\Device\NPF_{9B9257DC-FAC1-4993-B12F-136D7BA5E874})
        Interface name: \Device\NPF_{9B9257DC-FAC1-4993-B12F-136D7BA5E874}
        Interface description: Wi-Fi
    Encapsulation type: Ethernet (1)
    Arrival Time: Apr  9, 2026 18:28:53.757393800 India Standard Time
    UTC Arrival Time: Apr  9, 2026 12:58:53.757393800 UTC
    Epoch Arrival Time: 1775739533.757393800
    [Time shift for this packet: 0.000000000 seconds]
    [Time delta from previous captured frame: 422.900 microseconds]
    [Time delta from previous displayed frame: 422.900 microseconds]
    [Time since reference or first frame: 335.535400 milliseconds]
    Frame Number: 10
    Frame Length: 1294 bytes (10352 bits)
    Capture Length: 1294 bytes (10352 bits)
    [Frame is marked: False]
    [Frame is ignored: False]
    [Protocols in frame: eth:ethertype:ip:udp:quic]
    Character encoding: ASCII (0)
Ethernet II, Src: 96:77:0b:05:d4:0b (96:77:0b:05:d4:0b), Dst: HewlettPacka_3a:cc:1d (28:92:4a:3a:cc:1d)
    Destination: HewlettPacka_3a:cc:1d (28:92:4a:3a:cc:1d)
        .... ..0. .... .... .... .... = LG bit: Globally unique address (factory default)
        .... ...0 .... .... .... .... = IG bit: Individual address (unicast)
    Source: 96:77:0b:05:d4:0b (96:77:0b:05:d4:0b)
        .... ..1. .... .... .... .... = LG bit: Locally administered address (this is NOT the factory default)
        .... ...0 .... .... .... .... = IG bit: Individual address (unicast)
    Type: IPv4 (0x0800)
    [Stream index: 0]
Internet Protocol Version 4, Src: 172.16.90.227, Dst: 104.18.26.14
    0100 .... = Version: 4
    .... 0101 = Header Length: 20 bytes (5)
    Differentiated Services Field: 0x00 (DSCP: CS0, ECN: Not-ECT)
        0000 00.. = Differentiated Services Codepoint: Default (0)
        .... ..00 = Explicit Congestion Notification: Not ECN-Capable Transport (0)
    Total Length: 1280
    Identification: 0xf2a4 (62116)
    010. .... = Flags: 0x2, Don't fragment
        0... .... = Reserved bit: Not set
        .1.. .... = Don't fragment: Set
        ..0. .... = More fragments: Not set
    ...0 0000 0000 0000 = Fragment Offset: 0
    Time to Live: 128
    Protocol: UDP (17)
    Header Checksum: 0x0000 [validation disabled]
    [Header checksum status: Unverified]
    Source Address: 172.16.90.227
    Destination Address: 104.18.26.14
    [Stream index: 1]
User Datagram Protocol, Src Port: 57190, Dst Port: 443
    Source Port: 57190
    Destination Port: 443
    Length: 1260
    Checksum: 0x8e11 [unverified]
    [Checksum Status: Unverified]
    [Stream index: 1]
    [Stream Packet Number: 8]
    [Timestamps]
        [Time since first frame: 8.506700 milliseconds]
        [Time since previous frame: 422.900 microseconds]
    UDP payload (1252 bytes)
QUIC IETF
    QUIC Connection information
        [Connection Number: 0]
    [Packet Length: 55]
    1... .... = Header Form: Long Header (1)
    .1.. .... = Fixed Bit: True
    ..00 .... = Packet Type: Initial (0)
    [.... 00.. = Reserved: 0]
    [.... ..00 = Packet Number Length: 1 bytes (0)]
    Version: 1 (0x00000001)
    Destination Connection ID Length: 20
    Destination Connection ID: 0172064c881f2e941470f84c1c1f09aefd860534
    Source Connection ID Length: 3
    Source Connection ID: 0afa83
    Token Length: 0
    Length: 22
    [Packet Number: 640]
    Payload: d6dbedb7bfeda706e9ba110d5128ff0f116eacbdd0
    ACK
        Frame Type: ACK (0x0000000000000002)
        Largest Acknowledged: 3
        ACK Delay: 38
        ACK Range Count: 0
        First ACK Range: 3
QUIC IETF
    [Expert Info (Note/Protocol): (Random) padding data appended to the datagram]
        [(Random) padding data appended to the datagram]
        [Severity level: Note]
        [Group: Protocol]

Frame 11: Packet, 1246 bytes on wire (9968 bits), 1246 bytes captured (9968 bits) on interface \Device\NPF_{9B9257DC-FAC1-4993-B12F-136D7BA5E874}, id 0
    Section number: 1
    Interface id: 0 (\Device\NPF_{9B9257DC-FAC1-4993-B12F-136D7BA5E874})
        Interface name: \Device\NPF_{9B9257DC-FAC1-4993-B12F-136D7BA5E874}
        Interface description: Wi-Fi
    Encapsulation type: Ethernet (1)
    Arrival Time: Apr  9, 2026 18:28:53.757661500 India Standard Time
    UTC Arrival Time: Apr  9, 2026 12:58:53.757661500 UTC
    Epoch Arrival Time: 1775739533.757661500
    [Time shift for this packet: 0.000000000 seconds]
    [Time delta from previous captured frame: 267.700 microseconds]
    [Time delta from previous displayed frame: 267.700 microseconds]
    [Time since reference or first frame: 335.803100 milliseconds]
    Frame Number: 11
    Frame Length: 1246 bytes (9968 bits)
    Capture Length: 1246 bytes (9968 bits)
    [Frame is marked: False]
    [Frame is ignored: False]
    [Protocols in frame: eth:ethertype:vlan:ethertype:ip:udp:quic]
    Character encoding: ASCII (0)
Ethernet II, Src: HewlettPacka_3a:cc:1d (28:92:4a:3a:cc:1d), Dst: 96:77:0b:05:d4:0b (96:77:0b:05:d4:0b)
    Destination: 96:77:0b:05:d4:0b (96:77:0b:05:d4:0b)
        .... ..1. .... .... .... .... = LG bit: Locally administered address (this is NOT the factory default)
        .... ...0 .... .... .... .... = IG bit: Individual address (unicast)
    Source: HewlettPacka_3a:cc:1d (28:92:4a:3a:cc:1d)
        .... ..0. .... .... .... .... = LG bit: Globally unique address (factory default)
        .... ...0 .... .... .... .... = IG bit: Individual address (unicast)
    Type: 802.1Q Virtual LAN (0x8100)
    [Stream index: 0]
802.1Q Virtual LAN, PRI: 0, DEI: 0, ID: 0
    000. .... .... .... = Priority: Best Effort (default) (0)
    ...0 .... .... .... = DEI: Ineligible
    .... 0000 0000 0000 = ID: 0
    Type: IPv4 (0x0800)
Internet Protocol Version 4, Src: 104.18.26.14, Dst: 172.16.90.227
    0100 .... = Version: 4
    .... 0101 = Header Length: 20 bytes (5)
    Differentiated Services Field: 0x88 (DSCP: AF41, ECN: Not-ECT)
        1000 10.. = Differentiated Services Codepoint: Assured Forwarding 41 (34)
        .... ..00 = Explicit Congestion Notification: Not ECN-Capable Transport (0)
    Total Length: 1228
    Identification: 0x0000 (0)
    010. .... = Flags: 0x2, Don't fragment
        0... .... = Reserved bit: Not set
        .1.. .... = Don't fragment: Set
        ..0. .... = More fragments: Not set
    ...0 0000 0000 0000 = Fragment Offset: 0
    Time to Live: 57
    Protocol: UDP (17)
    Header Checksum: 0xb385 [validation disabled]
    [Header checksum status: Unverified]
    Source Address: 104.18.26.14
    Destination Address: 172.16.90.227
    [Stream index: 1]
User Datagram Protocol, Src Port: 443, Dst Port: 57190
    Source Port: 443
    Destination Port: 57190
    Length: 1208
    Checksum: 0xbe39 [unverified]
    [Checksum Status: Unverified]
    [Stream index: 1]
    [Stream Packet Number: 9]
    [Timestamps]
        [Time since first frame: 8.774400 milliseconds]
        [Time since previous frame: 267.700 microseconds]
    UDP payload (1200 bytes)
QUIC IETF
    QUIC Connection information
        [Connection Number: 0]
    [Packet Length: 1200]
    1... .... = Header Form: Long Header (1)
    .1.. .... = Fixed Bit: True
    ..10 .... = Packet Type: Handshake (2)
    Version: 1 (0x00000001)
    Destination Connection ID Length: 3
    Destination Connection ID: 0afa83
    Source Connection ID Length: 20
    Source Connection ID: 0172064c881f2e941470f84c1c1f09aefd860534
    Length: 1168
    [Expert Info (Warning/Decryption): Failed to create decryption context: Secrets are not available]
        [Failed to create decryption context: Secrets are not available]
        [Severity level: Warning]
        [Group: Decryption]
    Remaining Payload […]: 64e1338f1c2d599bebc1b5b7d7ea02d173d132adac103c86f42ab2fddb243a27a03f4eb7135d9be8a608429ffcff2fdbee2e2863edcfb285c9aaf2303fb53daeb864fe3d64e9f817db1e84ff9faa7645d5e10182f4df18769ee0f357ffb365538cb5e095b911fadfc7ccb7

Frame 12: Packet, 96 bytes on wire (768 bits), 96 bytes captured (768 bits) on interface \Device\NPF_{9B9257DC-FAC1-4993-B12F-136D7BA5E874}, id 0
    Section number: 1
    Interface id: 0 (\Device\NPF_{9B9257DC-FAC1-4993-B12F-136D7BA5E874})
        Interface name: \Device\NPF_{9B9257DC-FAC1-4993-B12F-136D7BA5E874}
        Interface description: Wi-Fi
    Encapsulation type: Ethernet (1)
    Arrival Time: Apr  9, 2026 18:28:53.757834900 India Standard Time
    UTC Arrival Time: Apr  9, 2026 12:58:53.757834900 UTC
    Epoch Arrival Time: 1775739533.757834900
    [Time shift for this packet: 0.000000000 seconds]
    [Time delta from previous captured frame: 173.400 microseconds]
    [Time delta from previous displayed frame: 173.400 microseconds]
    [Time since reference or first frame: 335.976500 milliseconds]
    Frame Number: 12
    Frame Length: 96 bytes (768 bits)
    Capture Length: 96 bytes (768 bits)
    [Frame is marked: False]
    [Frame is ignored: False]
    [Protocols in frame: eth:ethertype:ip:udp:quic]
    Character encoding: ASCII (0)
Ethernet II, Src: 96:77:0b:05:d4:0b (96:77:0b:05:d4:0b), Dst: HewlettPacka_3a:cc:1d (28:92:4a:3a:cc:1d)
    Destination: HewlettPacka_3a:cc:1d (28:92:4a:3a:cc:1d)
        .... ..0. .... .... .... .... = LG bit: Globally unique address (factory default)
        .... ...0 .... .... .... .... = IG bit: Individual address (unicast)
    Source: 96:77:0b:05:d4:0b (96:77:0b:05:d4:0b)
        .... ..1. .... .... .... .... = LG bit: Locally administered address (this is NOT the factory default)
        .... ...0 .... .... .... .... = IG bit: Individual address (unicast)
    Type: IPv4 (0x0800)
    [Stream index: 0]
Internet Protocol Version 4, Src: 172.16.90.227, Dst: 104.18.26.14
    0100 .... = Version: 4
    .... 0101 = Header Length: 20 bytes (5)
    Differentiated Services Field: 0x00 (DSCP: CS0, ECN: Not-ECT)
        0000 00.. = Differentiated Services Codepoint: Default (0)
        .... ..00 = Explicit Congestion Notification: Not ECN-Capable Transport (0)
    Total Length: 82
    Identification: 0xf2a5 (62117)
    010. .... = Flags: 0x2, Don't fragment
        0... .... = Reserved bit: Not set
        .1.. .... = Don't fragment: Set
        ..0. .... = More fragments: Not set
    ...0 0000 0000 0000 = Fragment Offset: 0
    Time to Live: 128
    Protocol: UDP (17)
    Header Checksum: 0x0000 [validation disabled]
    [Header checksum status: Unverified]
    Source Address: 172.16.90.227
    Destination Address: 104.18.26.14
    [Stream index: 1]
User Datagram Protocol, Src Port: 57190, Dst Port: 443
    Source Port: 57190
    Destination Port: 443
    Length: 62
    Checksum: 0x8963 [unverified]
    [Checksum Status: Unverified]
    [Stream index: 1]
    [Stream Packet Number: 10]
    [Timestamps]
        [Time since first frame: 8.947800 milliseconds]
        [Time since previous frame: 173.400 microseconds]
    UDP payload (54 bytes)
QUIC IETF
    QUIC Connection information
        [Connection Number: 0]
    [Packet Length: 54]
    1... .... = Header Form: Long Header (1)
    .1.. .... = Fixed Bit: True
    ..10 .... = Packet Type: Handshake (2)
    Version: 1 (0x00000001)
    Destination Connection ID Length: 20
    Destination Connection ID: 0172064c881f2e941470f84c1c1f09aefd860534
    Source Connection ID Length: 3
    Source Connection ID: 0afa83
    Length: 22
    [Expert Info (Warning/Decryption): Failed to create decryption context: Secrets are not available]
        [Failed to create decryption context: Secrets are not available]
        [Severity level: Warning]
        [Group: Decryption]
    Remaining Payload: 532decda90b1f8539450b500ef86fb56b5c3af5dfc5e

Frame 13: Packet, 1185 bytes on wire (9480 bits), 1185 bytes captured (9480 bits) on interface \Device\NPF_{9B9257DC-FAC1-4993-B12F-136D7BA5E874}, id 0
    Section number: 1
    Interface id: 0 (\Device\NPF_{9B9257DC-FAC1-4993-B12F-136D7BA5E874})
        Interface name: \Device\NPF_{9B9257DC-FAC1-4993-B12F-136D7BA5E874}
        Interface description: Wi-Fi
    Encapsulation type: Ethernet (1)
    Arrival Time: Apr  9, 2026 18:28:53.758500900 India Standard Time
    UTC Arrival Time: Apr  9, 2026 12:58:53.758500900 UTC
    Epoch Arrival Time: 1775739533.758500900
    [Time shift for this packet: 0.000000000 seconds]
    [Time delta from previous captured frame: 666.000 microseconds]
    [Time delta from previous displayed frame: 666.000 microseconds]
    [Time since reference or first frame: 336.642500 milliseconds]
    Frame Number: 13
    Frame Length: 1185 bytes (9480 bits)
    Capture Length: 1185 bytes (9480 bits)
    [Frame is marked: False]
    [Frame is ignored: False]
    [Protocols in frame: eth:ethertype:vlan:ethertype:ip:udp:quic]
    Character encoding: ASCII (0)
Ethernet II, Src: HewlettPacka_3a:cc:1d (28:92:4a:3a:cc:1d), Dst: 96:77:0b:05:d4:0b (96:77:0b:05:d4:0b)
    Destination: 96:77:0b:05:d4:0b (96:77:0b:05:d4:0b)
        .... ..1. .... .... .... .... = LG bit: Locally administered address (this is NOT the factory default)
        .... ...0 .... .... .... .... = IG bit: Individual address (unicast)
    Source: HewlettPacka_3a:cc:1d (28:92:4a:3a:cc:1d)
        .... ..0. .... .... .... .... = LG bit: Globally unique address (factory default)
        .... ...0 .... .... .... .... = IG bit: Individual address (unicast)
    Type: 802.1Q Virtual LAN (0x8100)
    [Stream index: 0]
802.1Q Virtual LAN, PRI: 0, DEI: 0, ID: 0
    000. .... .... .... = Priority: Best Effort (default) (0)
    ...0 .... .... .... = DEI: Ineligible
    .... 0000 0000 0000 = ID: 0
    Type: IPv4 (0x0800)
Internet Protocol Version 4, Src: 104.18.26.14, Dst: 172.16.90.227
    0100 .... = Version: 4
    .... 0101 = Header Length: 20 bytes (5)
    Differentiated Services Field: 0x88 (DSCP: AF41, ECN: Not-ECT)
        1000 10.. = Differentiated Services Codepoint: Assured Forwarding 41 (34)
        .... ..00 = Explicit Congestion Notification: Not ECN-Capable Transport (0)
    Total Length: 1167
    Identification: 0x0001 (1)
    010. .... = Flags: 0x2, Don't fragment
        0... .... = Reserved bit: Not set
        .1.. .... = Don't fragment: Set
        ..0. .... = More fragments: Not set
    ...0 0000 0000 0000 = Fragment Offset: 0
    Time to Live: 57
    Protocol: UDP (17)
    Header Checksum: 0xb3c1 [validation disabled]
    [Header checksum status: Unverified]
    Source Address: 104.18.26.14
    Destination Address: 172.16.90.227
    [Stream index: 1]
User Datagram Protocol, Src Port: 443, Dst Port: 57190
    Source Port: 443
    Destination Port: 57190
    Length: 1147
    Checksum: 0x5d4f [unverified]
    [Checksum Status: Unverified]
    [Stream index: 1]
    [Stream Packet Number: 11]
    [Timestamps]
        [Time since first frame: 9.613800 milliseconds]
        [Time since previous frame: 666.000 microseconds]
    UDP payload (1139 bytes)
QUIC IETF
    QUIC Connection information
        [Connection Number: 0]
    [Packet Length: 1139]
    1... .... = Header Form: Long Header (1)
    .1.. .... = Fixed Bit: True
    ..10 .... = Packet Type: Handshake (2)
    Version: 1 (0x00000001)
    Destination Connection ID Length: 3
    Destination Connection ID: 0afa83
    Source Connection ID Length: 20
    Source Connection ID: 0172064c881f2e941470f84c1c1f09aefd860534
    Length: 1107
    [Expert Info (Warning/Decryption): Failed to create decryption context: Secrets are not available]
        [Failed to create decryption context: Secrets are not available]
        [Severity level: Warning]
        [Group: Decryption]
    Remaining Payload […]: 22b2f2fa77bce53fa6e3eb2883d6e6c45ffd635966d15775ee7c522396c7ef82d29b6b642df0e38f489f20b7dcbd227348ba9fe7cf57f4e932b11bccc3ed39c3bc74ef6eefd36fa00bfe349d22f3c84d1999cf9e41d5d15f0277bf42922873706bc4ef3ea75fa21415ca09

Frame 14: Packet, 97 bytes on wire (776 bits), 97 bytes captured (776 bits) on interface \Device\NPF_{9B9257DC-FAC1-4993-B12F-136D7BA5E874}, id 0
    Section number: 1
    Interface id: 0 (\Device\NPF_{9B9257DC-FAC1-4993-B12F-136D7BA5E874})
        Interface name: \Device\NPF_{9B9257DC-FAC1-4993-B12F-136D7BA5E874}
        Interface description: Wi-Fi
    Encapsulation type: Ethernet (1)
    Arrival Time: Apr  9, 2026 18:28:53.759511400 India Standard Time
    UTC Arrival Time: Apr  9, 2026 12:58:53.759511400 UTC
    Epoch Arrival Time: 1775739533.759511400
    [Time shift for this packet: 0.000000000 seconds]
    [Time delta from previous captured frame: 1.010500 milliseconds]
    [Time delta from previous displayed frame: 1.010500 milliseconds]
    [Time since reference or first frame: 337.653000 milliseconds]
    Frame Number: 14
    Frame Length: 97 bytes (776 bits)
    Capture Length: 97 bytes (776 bits)
    [Frame is marked: False]
    [Frame is ignored: False]
    [Protocols in frame: eth:ethertype:ip:udp:quic]
    Character encoding: ASCII (0)
Ethernet II, Src: 96:77:0b:05:d4:0b (96:77:0b:05:d4:0b), Dst: HewlettPacka_3a:cc:1d (28:92:4a:3a:cc:1d)
    Destination: HewlettPacka_3a:cc:1d (28:92:4a:3a:cc:1d)
        .... ..0. .... .... .... .... = LG bit: Globally unique address (factory default)
        .... ...0 .... .... .... .... = IG bit: Individual address (unicast)
    Source: 96:77:0b:05:d4:0b (96:77:0b:05:d4:0b)
        .... ..1. .... .... .... .... = LG bit: Locally administered address (this is NOT the factory default)
        .... ...0 .... .... .... .... = IG bit: Individual address (unicast)
    Type: IPv4 (0x0800)
    [Stream index: 0]
Internet Protocol Version 4, Src: 172.16.90.227, Dst: 104.18.26.14
    0100 .... = Version: 4
    .... 0101 = Header Length: 20 bytes (5)
    Differentiated Services Field: 0x00 (DSCP: CS0, ECN: Not-ECT)
        0000 00.. = Differentiated Services Codepoint: Default (0)
        .... ..00 = Explicit Congestion Notification: Not ECN-Capable Transport (0)
    Total Length: 83
    Identification: 0xf2a6 (62118)
    010. .... = Flags: 0x2, Don't fragment
        0... .... = Reserved bit: Not set
        .1.. .... = Don't fragment: Set
        ..0. .... = More fragments: Not set
    ...0 0000 0000 0000 = Fragment Offset: 0
    Time to Live: 128
    Protocol: UDP (17)
    Header Checksum: 0x0000 [validation disabled]
    [Header checksum status: Unverified]
    Source Address: 172.16.90.227
    Destination Address: 104.18.26.14
    [Stream index: 1]
User Datagram Protocol, Src Port: 57190, Dst Port: 443
    Source Port: 57190
    Destination Port: 443
    Length: 63
    Checksum: 0x8964 [unverified]
    [Checksum Status: Unverified]
    [Stream index: 1]
    [Stream Packet Number: 12]
    [Timestamps]
        [Time since first frame: 10.624300 milliseconds]
        [Time since previous frame: 1.010500 milliseconds]
    UDP payload (55 bytes)
QUIC IETF
    QUIC Connection information
        [Connection Number: 0]
    [Packet Length: 55]
    1... .... = Header Form: Long Header (1)
    .1.. .... = Fixed Bit: True
    ..10 .... = Packet Type: Handshake (2)
    Version: 1 (0x00000001)
    Destination Connection ID Length: 20
    Destination Connection ID: 0172064c881f2e941470f84c1c1f09aefd860534
    Source Connection ID Length: 3
    Source Connection ID: 0afa83
    Length: 23
    [Expert Info (Warning/Decryption): Failed to create decryption context: Secrets are not available]
        [Failed to create decryption context: Secrets are not available]
        [Severity level: Warning]
        [Group: Decryption]
    Remaining Payload: a3622963f69c05aa6aadf1482b65344755e8ce5a71ae35

Frame 15: Packet, 191 bytes on wire (1528 bits), 191 bytes captured (1528 bits) on interface \Device\NPF_{9B9257DC-FAC1-4993-B12F-136D7BA5E874}, id 0
    Section number: 1
    Interface id: 0 (\Device\NPF_{9B9257DC-FAC1-4993-B12F-136D7BA5E874})
        Interface name: \Device\NPF_{9B9257DC-FAC1-4993-B12F-136D7BA5E874}
        Interface description: Wi-Fi
    Encapsulation type: Ethernet (1)
    Arrival Time: Apr  9, 2026 18:28:53.762555000 India Standard Time
    UTC Arrival Time: Apr  9, 2026 12:58:53.762555000 UTC
    Epoch Arrival Time: 1775739533.762555000
    [Time shift for this packet: 0.000000000 seconds]
    [Time delta from previous captured frame: 3.043600 milliseconds]
    [Time delta from previous displayed frame: 3.043600 milliseconds]
    [Time since reference or first frame: 340.696600 milliseconds]
    Frame Number: 15
    Frame Length: 191 bytes (1528 bits)
    Capture Length: 191 bytes (1528 bits)
    [Frame is marked: False]
    [Frame is ignored: False]
    [Protocols in frame: eth:ethertype:ip:udp:quic]
    Character encoding: ASCII (0)
Ethernet II, Src: 96:77:0b:05:d4:0b (96:77:0b:05:d4:0b), Dst: HewlettPacka_3a:cc:1d (28:92:4a:3a:cc:1d)
    Destination: HewlettPacka_3a:cc:1d (28:92:4a:3a:cc:1d)
        .... ..0. .... .... .... .... = LG bit: Globally unique address (factory default)
        .... ...0 .... .... .... .... = IG bit: Individual address (unicast)
    Source: 96:77:0b:05:d4:0b (96:77:0b:05:d4:0b)
        .... ..1. .... .... .... .... = LG bit: Locally administered address (this is NOT the factory default)
        .... ...0 .... .... .... .... = IG bit: Individual address (unicast)
    Type: IPv4 (0x0800)
    [Stream index: 0]
Internet Protocol Version 4, Src: 172.16.90.227, Dst: 104.18.26.14
    0100 .... = Version: 4
    .... 0101 = Header Length: 20 bytes (5)
    Differentiated Services Field: 0x00 (DSCP: CS0, ECN: Not-ECT)
        0000 00.. = Differentiated Services Codepoint: Default (0)
        .... ..00 = Explicit Congestion Notification: Not ECN-Capable Transport (0)
    Total Length: 177
    Identification: 0xf2a7 (62119)
    010. .... = Flags: 0x2, Don't fragment
        0... .... = Reserved bit: Not set
        .1.. .... = Don't fragment: Set
        ..0. .... = More fragments: Not set
    ...0 0000 0000 0000 = Fragment Offset: 0
    Time to Live: 128
    Protocol: UDP (17)
    Header Checksum: 0x0000 [validation disabled]
    [Header checksum status: Unverified]
    Source Address: 172.16.90.227
    Destination Address: 104.18.26.14
    [Stream index: 1]
User Datagram Protocol, Src Port: 57190, Dst Port: 443
    Source Port: 57190
    Destination Port: 443
    Length: 157
    Checksum: 0x89c2 [unverified]
    [Checksum Status: Unverified]
    [Stream index: 1]
    [Stream Packet Number: 13]
    [Timestamps]
        [Time since first frame: 13.667900 milliseconds]
        [Time since previous frame: 3.043600 milliseconds]
    UDP payload (149 bytes)
QUIC IETF
    QUIC Connection information
        [Connection Number: 0]
    [Packet Length: 88]
    1... .... = Header Form: Long Header (1)
    .1.. .... = Fixed Bit: True
    ..10 .... = Packet Type: Handshake (2)
    Version: 1 (0x00000001)
    Destination Connection ID Length: 20
    Destination Connection ID: 0172064c881f2e941470f84c1c1f09aefd860534
    Source Connection ID Length: 3
    Source Connection ID: 0afa83
    Length: 56
    [Expert Info (Warning/Decryption): Failed to create decryption context: Secrets are not available]
        [Failed to create decryption context: Secrets are not available]
        [Severity level: Warning]
        [Group: Decryption]
    Remaining Payload: e2118077492990be4cfca9e842884b06d122d0b02fe403667ccf501eb9c69b647c8a995b07f61f6e405e135170a2ce7af754d665b7ba57d2
QUIC IETF
    [Packet Length: 61]
    QUIC Short Header DCID=0172064c881f2e941470f84c1c1f09aefd860534
        0... .... = Header Form: Short Header (0)
        .1.. .... = Fixed Bit: True
        ..1. .... = Spin Bit: True
        Destination Connection ID: 0172064c881f2e941470f84c1c1f09aefd860534
    [Expert Info (Warning/Decryption): Failed to create decryption context: Secrets are not available]
        [Failed to create decryption context: Secrets are not available]
        [Severity level: Warning]
        [Group: Decryption]
    Remaining Payload: 617e1e8986d3194af2ec1146f2044451a772207d9f27721fe2de4a7b6f22bd78979e9ee30e8fae3a

Frame 16: Packet, 125 bytes on wire (1000 bits), 125 bytes captured (1000 bits) on interface \Device\NPF_{9B9257DC-FAC1-4993-B12F-136D7BA5E874}, id 0
    Section number: 1
    Interface id: 0 (\Device\NPF_{9B9257DC-FAC1-4993-B12F-136D7BA5E874})
        Interface name: \Device\NPF_{9B9257DC-FAC1-4993-B12F-136D7BA5E874}
        Interface description: Wi-Fi
    Encapsulation type: Ethernet (1)
    Arrival Time: Apr  9, 2026 18:28:53.762589900 India Standard Time
    UTC Arrival Time: Apr  9, 2026 12:58:53.762589900 UTC
    Epoch Arrival Time: 1775739533.762589900
    [Time shift for this packet: 0.000000000 seconds]
    [Time delta from previous captured frame: 34.900 microseconds]
    [Time delta from previous displayed frame: 34.900 microseconds]
    [Time since reference or first frame: 340.731500 milliseconds]
    Frame Number: 16
    Frame Length: 125 bytes (1000 bits)
    Capture Length: 125 bytes (1000 bits)
    [Frame is marked: False]
    [Frame is ignored: False]
    [Protocols in frame: eth:ethertype:ip:udp:quic]
    Character encoding: ASCII (0)
Ethernet II, Src: 96:77:0b:05:d4:0b (96:77:0b:05:d4:0b), Dst: HewlettPacka_3a:cc:1d (28:92:4a:3a:cc:1d)
    Destination: HewlettPacka_3a:cc:1d (28:92:4a:3a:cc:1d)
        .... ..0. .... .... .... .... = LG bit: Globally unique address (factory default)
        .... ...0 .... .... .... .... = IG bit: Individual address (unicast)
    Source: 96:77:0b:05:d4:0b (96:77:0b:05:d4:0b)
        .... ..1. .... .... .... .... = LG bit: Locally administered address (this is NOT the factory default)
        .... ...0 .... .... .... .... = IG bit: Individual address (unicast)
    Type: IPv4 (0x0800)
    [Stream index: 0]
Internet Protocol Version 4, Src: 172.16.90.227, Dst: 104.18.26.14
    0100 .... = Version: 4
    .... 0101 = Header Length: 20 bytes (5)
    Differentiated Services Field: 0x00 (DSCP: CS0, ECN: Not-ECT)
        0000 00.. = Differentiated Services Codepoint: Default (0)
        .... ..00 = Explicit Congestion Notification: Not ECN-Capable Transport (0)
    Total Length: 111
    Identification: 0xf2a8 (62120)
    010. .... = Flags: 0x2, Don't fragment
        0... .... = Reserved bit: Not set
        .1.. .... = Don't fragment: Set
        ..0. .... = More fragments: Not set
    ...0 0000 0000 0000 = Fragment Offset: 0
    Time to Live: 128
    Protocol: UDP (17)
    Header Checksum: 0x0000 [validation disabled]
    [Header checksum status: Unverified]
    Source Address: 172.16.90.227
    Destination Address: 104.18.26.14
    [Stream index: 1]
User Datagram Protocol, Src Port: 57190, Dst Port: 443
    Source Port: 57190
    Destination Port: 443
    Length: 91
    Checksum: 0x8980 [unverified]
    [Checksum Status: Unverified]
    [Stream index: 1]
    [Stream Packet Number: 14]
    [Timestamps]
        [Time since first frame: 13.702800 milliseconds]
        [Time since previous frame: 34.900 microseconds]
    UDP payload (83 bytes)
QUIC IETF
    QUIC Connection information
        [Connection Number: 0]
    [Packet Length: 83]
    QUIC Short Header DCID=0172064c881f2e941470f84c1c1f09aefd860534
        0... .... = Header Form: Short Header (0)
        .1.. .... = Fixed Bit: True
        ..1. .... = Spin Bit: True
        Destination Connection ID: 0172064c881f2e941470f84c1c1f09aefd860534
    Remaining Payload: 14c981110097f202a20e9d2126d5ce9e6e7d8bfe8a37e9ec60a76f5488c71255d4b2fc0430d4bcf3337b077c4d84f4cc2197ae859cac60375c055e200aca

Frame 17: Packet, 355 bytes on wire (2840 bits), 355 bytes captured (2840 bits) on interface \Device\NPF_{9B9257DC-FAC1-4993-B12F-136D7BA5E874}, id 0
    Section number: 1
    Interface id: 0 (\Device\NPF_{9B9257DC-FAC1-4993-B12F-136D7BA5E874})
        Interface name: \Device\NPF_{9B9257DC-FAC1-4993-B12F-136D7BA5E874}
        Interface description: Wi-Fi
    Encapsulation type: Ethernet (1)
    Arrival Time: Apr  9, 2026 18:28:53.762805500 India Standard Time
    UTC Arrival Time: Apr  9, 2026 12:58:53.762805500 UTC
    Epoch Arrival Time: 1775739533.762805500
    [Time shift for this packet: 0.000000000 seconds]
    [Time delta from previous captured frame: 215.600 microseconds]
    [Time delta from previous displayed frame: 215.600 microseconds]
    [Time since reference or first frame: 340.947100 milliseconds]
    Frame Number: 17
    Frame Length: 355 bytes (2840 bits)
    Capture Length: 355 bytes (2840 bits)
    [Frame is marked: False]
    [Frame is ignored: False]
    [Protocols in frame: eth:ethertype:ip:udp:quic]
    Character encoding: ASCII (0)
Ethernet II, Src: 96:77:0b:05:d4:0b (96:77:0b:05:d4:0b), Dst: HewlettPacka_3a:cc:1d (28:92:4a:3a:cc:1d)
    Destination: HewlettPacka_3a:cc:1d (28:92:4a:3a:cc:1d)
        .... ..0. .... .... .... .... = LG bit: Globally unique address (factory default)
        .... ...0 .... .... .... .... = IG bit: Individual address (unicast)
    Source: 96:77:0b:05:d4:0b (96:77:0b:05:d4:0b)
        .... ..1. .... .... .... .... = LG bit: Locally administered address (this is NOT the factory default)
        .... ...0 .... .... .... .... = IG bit: Individual address (unicast)
    Type: IPv4 (0x0800)
    [Stream index: 0]
Internet Protocol Version 4, Src: 172.16.90.227, Dst: 104.18.26.14
    0100 .... = Version: 4
    .... 0101 = Header Length: 20 bytes (5)
    Differentiated Services Field: 0x00 (DSCP: CS0, ECN: Not-ECT)
        0000 00.. = Differentiated Services Codepoint: Default (0)
        .... ..00 = Explicit Congestion Notification: Not ECN-Capable Transport (0)
    Total Length: 341
    Identification: 0xf2a9 (62121)
    010. .... = Flags: 0x2, Don't fragment
        0... .... = Reserved bit: Not set
        .1.. .... = Don't fragment: Set
        ..0. .... = More fragments: Not set
    ...0 0000 0000 0000 = Fragment Offset: 0
    Time to Live: 128
    Protocol: UDP (17)
    Header Checksum: 0x0000 [validation disabled]
    [Header checksum status: Unverified]
    Source Address: 172.16.90.227
    Destination Address: 104.18.26.14
    [Stream index: 1]
User Datagram Protocol, Src Port: 57190, Dst Port: 443
    Source Port: 57190
    Destination Port: 443
    Length: 321
    Checksum: 0x8a66 [unverified]
    [Checksum Status: Unverified]
    [Stream index: 1]
    [Stream Packet Number: 15]
    [Timestamps]
        [Time since first frame: 13.918400 milliseconds]
        [Time since previous frame: 215.600 microseconds]
    UDP payload (313 bytes)
QUIC IETF
    QUIC Connection information
        [Connection Number: 0]
    [Packet Length: 313]
    QUIC Short Header DCID=0172064c881f2e941470f84c1c1f09aefd860534
        0... .... = Header Form: Short Header (0)
        .1.. .... = Fixed Bit: True
        ..1. .... = Spin Bit: True
        Destination Connection ID: 0172064c881f2e941470f84c1c1f09aefd860534
    Remaining Payload […]: e5e1cb904fbb5713ee57f4942856674eaa6a76a997c6abfe222293d4fb86a41f349ae24b52c113bdda98311e26eefb8b3981823fecdad0b0a432f85a67ac7511f63825b838c936752885543d3494764a9aa5946644d6f0a0d731d04e8fd609e113785d92c9bb691c88ad5b

Frame 18: Packet, 583 bytes on wire (4664 bits), 583 bytes captured (4664 bits) on interface \Device\NPF_{9B9257DC-FAC1-4993-B12F-136D7BA5E874}, id 0
    Section number: 1
    Interface id: 0 (\Device\NPF_{9B9257DC-FAC1-4993-B12F-136D7BA5E874})
        Interface name: \Device\NPF_{9B9257DC-FAC1-4993-B12F-136D7BA5E874}
        Interface description: Wi-Fi
    Encapsulation type: Ethernet (1)
    Arrival Time: Apr  9, 2026 18:28:53.768498300 India Standard Time
    UTC Arrival Time: Apr  9, 2026 12:58:53.768498300 UTC
    Epoch Arrival Time: 1775739533.768498300
    [Time shift for this packet: 0.000000000 seconds]
    [Time delta from previous captured frame: 5.692800 milliseconds]
    [Time delta from previous displayed frame: 5.692800 milliseconds]
    [Time since reference or first frame: 346.639900 milliseconds]
    Frame Number: 18
    Frame Length: 583 bytes (4664 bits)
    Capture Length: 583 bytes (4664 bits)
    [Frame is marked: False]
    [Frame is ignored: False]
    [Protocols in frame: eth:ethertype:vlan:ethertype:ip:udp:quic]
    Character encoding: ASCII (0)
Ethernet II, Src: HewlettPacka_3a:cc:1d (28:92:4a:3a:cc:1d), Dst: 96:77:0b:05:d4:0b (96:77:0b:05:d4:0b)
    Destination: 96:77:0b:05:d4:0b (96:77:0b:05:d4:0b)
        .... ..1. .... .... .... .... = LG bit: Locally administered address (this is NOT the factory default)
        .... ...0 .... .... .... .... = IG bit: Individual address (unicast)
    Source: HewlettPacka_3a:cc:1d (28:92:4a:3a:cc:1d)
        .... ..0. .... .... .... .... = LG bit: Globally unique address (factory default)
        .... ...0 .... .... .... .... = IG bit: Individual address (unicast)
    Type: 802.1Q Virtual LAN (0x8100)
    [Stream index: 0]
802.1Q Virtual LAN, PRI: 0, DEI: 0, ID: 0
    000. .... .... .... = Priority: Best Effort (default) (0)
    ...0 .... .... .... = DEI: Ineligible
    .... 0000 0000 0000 = ID: 0
    Type: IPv4 (0x0800)
Internet Protocol Version 4, Src: 104.18.26.14, Dst: 172.16.90.227
    0100 .... = Version: 4
    .... 0101 = Header Length: 20 bytes (5)
    Differentiated Services Field: 0x88 (DSCP: AF41, ECN: Not-ECT)
        1000 10.. = Differentiated Services Codepoint: Assured Forwarding 41 (34)
        .... ..00 = Explicit Congestion Notification: Not ECN-Capable Transport (0)
    Total Length: 565
    Identification: 0x0000 (0)
    010. .... = Flags: 0x2, Don't fragment
        0... .... = Reserved bit: Not set
        .1.. .... = Don't fragment: Set
        ..0. .... = More fragments: Not set
    ...0 0000 0000 0000 = Fragment Offset: 0
    Time to Live: 57
    Protocol: UDP (17)
    Header Checksum: 0xb61c [validation disabled]
    [Header checksum status: Unverified]
    Source Address: 104.18.26.14
    Destination Address: 172.16.90.227
    [Stream index: 1]
User Datagram Protocol, Src Port: 443, Dst Port: 57190
    Source Port: 443
    Destination Port: 57190
    Length: 545
    Checksum: 0xa241 [unverified]
    [Checksum Status: Unverified]
    [Stream index: 1]
    [Stream Packet Number: 16]
    [Timestamps]
        [Time since first frame: 19.611200 milliseconds]
        [Time since previous frame: 5.692800 milliseconds]
    UDP payload (537 bytes)
QUIC IETF
    QUIC Connection information
        [Connection Number: 0]
    [Packet Length: 537]
    QUIC Short Header DCID=0afa83
        0... .... = Header Form: Short Header (0)
        .1.. .... = Fixed Bit: True
        ..0. .... = Spin Bit: False
        Destination Connection ID: 0afa83
    Remaining Payload […]: 86b3a7017dc275d078edb7de76767afe5cbf7b7e3a1542cf9c74f359f07c9540dbd6d5b968c0607e16ec75be58ab669a4817f3ef7cdc3b707da717671c5a90be7314fe2e35b1299714fa3b170369487429cbde42d2bee26b5644a29cc3394019968f9ad659be4a5d9e61b2

Frame 19: Packet, 73 bytes on wire (584 bits), 73 bytes captured (584 bits) on interface \Device\NPF_{9B9257DC-FAC1-4993-B12F-136D7BA5E874}, id 0
    Section number: 1
    Interface id: 0 (\Device\NPF_{9B9257DC-FAC1-4993-B12F-136D7BA5E874})
        Interface name: \Device\NPF_{9B9257DC-FAC1-4993-B12F-136D7BA5E874}
        Interface description: Wi-Fi
    Encapsulation type: Ethernet (1)
    Arrival Time: Apr  9, 2026 18:28:53.768891600 India Standard Time
    UTC Arrival Time: Apr  9, 2026 12:58:53.768891600 UTC
    Epoch Arrival Time: 1775739533.768891600
    [Time shift for this packet: 0.000000000 seconds]
    [Time delta from previous captured frame: 393.300 microseconds]
    [Time delta from previous displayed frame: 393.300 microseconds]
    [Time since reference or first frame: 347.033200 milliseconds]
    Frame Number: 19
    Frame Length: 73 bytes (584 bits)
    Capture Length: 73 bytes (584 bits)
    [Frame is marked: False]
    [Frame is ignored: False]
    [Protocols in frame: eth:ethertype:vlan:ethertype:ip:udp:quic]
    Character encoding: ASCII (0)
Ethernet II, Src: HewlettPacka_3a:cc:1d (28:92:4a:3a:cc:1d), Dst: 96:77:0b:05:d4:0b (96:77:0b:05:d4:0b)
    Destination: 96:77:0b:05:d4:0b (96:77:0b:05:d4:0b)
        .... ..1. .... .... .... .... = LG bit: Locally administered address (this is NOT the factory default)
        .... ...0 .... .... .... .... = IG bit: Individual address (unicast)
    Source: HewlettPacka_3a:cc:1d (28:92:4a:3a:cc:1d)
        .... ..0. .... .... .... .... = LG bit: Globally unique address (factory default)
        .... ...0 .... .... .... .... = IG bit: Individual address (unicast)
    Type: 802.1Q Virtual LAN (0x8100)
    [Stream index: 0]
802.1Q Virtual LAN, PRI: 0, DEI: 0, ID: 0
    000. .... .... .... = Priority: Best Effort (default) (0)
    ...0 .... .... .... = DEI: Ineligible
    .... 0000 0000 0000 = ID: 0
    Type: IPv4 (0x0800)
Internet Protocol Version 4, Src: 104.18.26.14, Dst: 172.16.90.227
    0100 .... = Version: 4
    .... 0101 = Header Length: 20 bytes (5)
    Differentiated Services Field: 0x88 (DSCP: AF41, ECN: Not-ECT)
        1000 10.. = Differentiated Services Codepoint: Assured Forwarding 41 (34)
        .... ..00 = Explicit Congestion Notification: Not ECN-Capable Transport (0)
    Total Length: 55
    Identification: 0x0001 (1)
    010. .... = Flags: 0x2, Don't fragment
        0... .... = Reserved bit: Not set
        .1.. .... = Don't fragment: Set
        ..0. .... = More fragments: Not set
    ...0 0000 0000 0000 = Fragment Offset: 0
    Time to Live: 57
    Protocol: UDP (17)
    Header Checksum: 0xb819 [validation disabled]
    [Header checksum status: Unverified]
    Source Address: 104.18.26.14
    Destination Address: 172.16.90.227
    [Stream index: 1]
User Datagram Protocol, Src Port: 443, Dst Port: 57190
    Source Port: 443
    Destination Port: 57190
    Length: 35
    Checksum: 0xca73 [unverified]
    [Checksum Status: Unverified]
    [Stream index: 1]
    [Stream Packet Number: 17]
    [Timestamps]
        [Time since first frame: 20.004500 milliseconds]
        [Time since previous frame: 393.300 microseconds]
    UDP payload (27 bytes)
QUIC IETF
    QUIC Connection information
        [Connection Number: 0]
    [Packet Length: 27]
    QUIC Short Header DCID=0afa83
        0... .... = Header Form: Short Header (0)
        .1.. .... = Fixed Bit: True
        ..0. .... = Spin Bit: False
        Destination Connection ID: 0afa83
    Remaining Payload: a5ae00dc4b21a6aa8a16cb33b3232826132bb9ac0cadec

Frame 20: Packet, 69 bytes on wire (552 bits), 69 bytes captured (552 bits) on interface \Device\NPF_{9B9257DC-FAC1-4993-B12F-136D7BA5E874}, id 0
    Section number: 1
    Interface id: 0 (\Device\NPF_{9B9257DC-FAC1-4993-B12F-136D7BA5E874})
        Interface name: \Device\NPF_{9B9257DC-FAC1-4993-B12F-136D7BA5E874}
        Interface description: Wi-Fi
    Encapsulation type: Ethernet (1)
    Arrival Time: Apr  9, 2026 18:28:53.769031000 India Standard Time
    UTC Arrival Time: Apr  9, 2026 12:58:53.769031000 UTC
    Epoch Arrival Time: 1775739533.769031000
    [Time shift for this packet: 0.000000000 seconds]
    [Time delta from previous captured frame: 139.400 microseconds]
    [Time delta from previous displayed frame: 139.400 microseconds]
    [Time since reference or first frame: 347.172600 milliseconds]
    Frame Number: 20
    Frame Length: 69 bytes (552 bits)
    Capture Length: 69 bytes (552 bits)
    [Frame is marked: False]
    [Frame is ignored: False]
    [Protocols in frame: eth:ethertype:ip:udp:quic]
    Character encoding: ASCII (0)
Ethernet II, Src: HewlettPacka_3a:cc:1d (28:92:4a:3a:cc:1d), Dst: 96:77:0b:05:d4:0b (96:77:0b:05:d4:0b)
    Destination: 96:77:0b:05:d4:0b (96:77:0b:05:d4:0b)
        .... ..1. .... .... .... .... = LG bit: Locally administered address (this is NOT the factory default)
        .... ...0 .... .... .... .... = IG bit: Individual address (unicast)
    Source: HewlettPacka_3a:cc:1d (28:92:4a:3a:cc:1d)
        .... ..0. .... .... .... .... = LG bit: Globally unique address (factory default)
        .... ...0 .... .... .... .... = IG bit: Individual address (unicast)
    Type: IPv4 (0x0800)
    [Stream index: 0]
Internet Protocol Version 4, Src: 104.18.26.14, Dst: 172.16.90.227
    0100 .... = Version: 4
    .... 0101 = Header Length: 20 bytes (5)
    Differentiated Services Field: 0x88 (DSCP: AF41, ECN: Not-ECT)
        1000 10.. = Differentiated Services Codepoint: Assured Forwarding 41 (34)
        .... ..00 = Explicit Congestion Notification: Not ECN-Capable Transport (0)
    Total Length: 55
    Identification: 0x0000 (0)
    010. .... = Flags: 0x2, Don't fragment
        0... .... = Reserved bit: Not set
        .1.. .... = Don't fragment: Set
        ..0. .... = More fragments: Not set
    ...0 0000 0000 0000 = Fragment Offset: 0
    Time to Live: 57
    Protocol: UDP (17)
    Header Checksum: 0xb81a [validation disabled]
    [Header checksum status: Unverified]
    Source Address: 104.18.26.14
    Destination Address: 172.16.90.227
    [Stream index: 1]
User Datagram Protocol, Src Port: 443, Dst Port: 57190
    Source Port: 443
    Destination Port: 57190
    Length: 35
    Checksum: 0x240a [unverified]
    [Checksum Status: Unverified]
    [Stream index: 1]
    [Stream Packet Number: 18]
    [Timestamps]
        [Time since first frame: 20.143900 milliseconds]
        [Time since previous frame: 139.400 microseconds]
    UDP payload (27 bytes)
QUIC IETF
    QUIC Connection information
        [Connection Number: 0]
    [Packet Length: 27]
    QUIC Short Header DCID=0afa83
        0... .... = Header Form: Short Header (0)
        .1.. .... = Fixed Bit: True
        ..0. .... = Spin Bit: False
        Destination Connection ID: 0afa83
    Remaining Payload: bd1a262bb6c9e448bd072108cda4e75a7379b4ac3e4bbe

Frame 21: Packet, 94 bytes on wire (752 bits), 94 bytes captured (752 bits) on interface \Device\NPF_{9B9257DC-FAC1-4993-B12F-136D7BA5E874}, id 0
    Section number: 1
    Interface id: 0 (\Device\NPF_{9B9257DC-FAC1-4993-B12F-136D7BA5E874})
        Interface name: \Device\NPF_{9B9257DC-FAC1-4993-B12F-136D7BA5E874}
        Interface description: Wi-Fi
    Encapsulation type: Ethernet (1)
    Arrival Time: Apr  9, 2026 18:28:53.769031000 India Standard Time
    UTC Arrival Time: Apr  9, 2026 12:58:53.769031000 UTC
    Epoch Arrival Time: 1775739533.769031000
    [Time shift for this packet: 0.000000000 seconds]
    [Time delta from previous captured frame: 0.000000000 seconds]
    [Time delta from previous displayed frame: 0.000000000 seconds]
    [Time since reference or first frame: 347.172600 milliseconds]
    Frame Number: 21
    Frame Length: 94 bytes (752 bits)
    Capture Length: 94 bytes (752 bits)
    [Frame is marked: False]
    [Frame is ignored: False]
    [Protocols in frame: eth:ethertype:ip:udp:quic]
    Character encoding: ASCII (0)
Ethernet II, Src: HewlettPacka_3a:cc:1d (28:92:4a:3a:cc:1d), Dst: 96:77:0b:05:d4:0b (96:77:0b:05:d4:0b)
    Destination: 96:77:0b:05:d4:0b (96:77:0b:05:d4:0b)
        .... ..1. .... .... .... .... = LG bit: Locally administered address (this is NOT the factory default)
        .... ...0 .... .... .... .... = IG bit: Individual address (unicast)
    Source: HewlettPacka_3a:cc:1d (28:92:4a:3a:cc:1d)
        .... ..0. .... .... .... .... = LG bit: Globally unique address (factory default)
        .... ...0 .... .... .... .... = IG bit: Individual address (unicast)
    Type: IPv4 (0x0800)
    [Stream index: 0]
Internet Protocol Version 4, Src: 104.18.26.14, Dst: 172.16.90.227
    0100 .... = Version: 4
    .... 0101 = Header Length: 20 bytes (5)
    Differentiated Services Field: 0x88 (DSCP: AF41, ECN: Not-ECT)
        1000 10.. = Differentiated Services Codepoint: Assured Forwarding 41 (34)
        .... ..00 = Explicit Congestion Notification: Not ECN-Capable Transport (0)
    Total Length: 80
    Identification: 0x0000 (0)
    010. .... = Flags: 0x2, Don't fragment
        0... .... = Reserved bit: Not set
        .1.. .... = Don't fragment: Set
        ..0. .... = More fragments: Not set
    ...0 0000 0000 0000 = Fragment Offset: 0
    Time to Live: 57
    Protocol: UDP (17)
    Header Checksum: 0xb801 [validation disabled]
    [Header checksum status: Unverified]
    Source Address: 104.18.26.14
    Destination Address: 172.16.90.227
    [Stream index: 1]
User Datagram Protocol, Src Port: 443, Dst Port: 57190
    Source Port: 443
    Destination Port: 57190
    Length: 60
    Checksum: 0x6db7 [unverified]
    [Checksum Status: Unverified]
    [Stream index: 1]
    [Stream Packet Number: 19]
    [Timestamps]
        [Time since first frame: 20.143900 milliseconds]
        [Time since previous frame: 0.000000000 seconds]
    UDP payload (52 bytes)
QUIC IETF
    QUIC Connection information
        [Connection Number: 0]
    [Packet Length: 52]
    QUIC Short Header DCID=0afa83
        0... .... = Header Form: Short Header (0)
        .1.. .... = Fixed Bit: True
        ..0. .... = Spin Bit: False
        Destination Connection ID: 0afa83
    Remaining Payload: a15c913f6883503c388562d4a6ac92536954f8c2adfae3333ab7a504612671db780c0d7b5437a960aff787e7d590e1b1

Frame 22: Packet, 85 bytes on wire (680 bits), 85 bytes captured (680 bits) on interface \Device\NPF_{9B9257DC-FAC1-4993-B12F-136D7BA5E874}, id 0
    Section number: 1
    Interface id: 0 (\Device\NPF_{9B9257DC-FAC1-4993-B12F-136D7BA5E874})
        Interface name: \Device\NPF_{9B9257DC-FAC1-4993-B12F-136D7BA5E874}
        Interface description: Wi-Fi
    Encapsulation type: Ethernet (1)
    Arrival Time: Apr  9, 2026 18:28:53.769037200 India Standard Time
    UTC Arrival Time: Apr  9, 2026 12:58:53.769037200 UTC
    Epoch Arrival Time: 1775739533.769037200
    [Time shift for this packet: 0.000000000 seconds]
    [Time delta from previous captured frame: 6.200 microseconds]
    [Time delta from previous displayed frame: 6.200 microseconds]
    [Time since reference or first frame: 347.178800 milliseconds]
    Frame Number: 22
    Frame Length: 85 bytes (680 bits)
    Capture Length: 85 bytes (680 bits)
    [Frame is marked: False]
    [Frame is ignored: False]
    [Protocols in frame: eth:ethertype:ip:udp:quic]
    Character encoding: ASCII (0)
Ethernet II, Src: 96:77:0b:05:d4:0b (96:77:0b:05:d4:0b), Dst: HewlettPacka_3a:cc:1d (28:92:4a:3a:cc:1d)
    Destination: HewlettPacka_3a:cc:1d (28:92:4a:3a:cc:1d)
        .... ..0. .... .... .... .... = LG bit: Globally unique address (factory default)
        .... ...0 .... .... .... .... = IG bit: Individual address (unicast)
    Source: 96:77:0b:05:d4:0b (96:77:0b:05:d4:0b)
        .... ..1. .... .... .... .... = LG bit: Locally administered address (this is NOT the factory default)
        .... ...0 .... .... .... .... = IG bit: Individual address (unicast)
    Type: IPv4 (0x0800)
    [Stream index: 0]
Internet Protocol Version 4, Src: 172.16.90.227, Dst: 104.18.26.14
    0100 .... = Version: 4
    .... 0101 = Header Length: 20 bytes (5)
    Differentiated Services Field: 0x02 (DSCP: CS0, ECN: ECT(0))
        0000 00.. = Differentiated Services Codepoint: Default (0)
        .... ..10 = Explicit Congestion Notification: ECN-Capable Transport codepoint '10' (2)
    Total Length: 71
    Identification: 0xf2aa (62122)
    010. .... = Flags: 0x2, Don't fragment
        0... .... = Reserved bit: Not set
        .1.. .... = Don't fragment: Set
        ..0. .... = More fragments: Not set
    ...0 0000 0000 0000 = Fragment Offset: 0
    Time to Live: 128
    Protocol: UDP (17)
    Header Checksum: 0x0000 [validation disabled]
    [Header checksum status: Unverified]
    Source Address: 172.16.90.227
    Destination Address: 104.18.26.14
    [Stream index: 1]
User Datagram Protocol, Src Port: 57190, Dst Port: 443
    Source Port: 57190
    Destination Port: 443
    Length: 51
    Checksum: 0x8958 [unverified]
    [Checksum Status: Unverified]
    [Stream index: 1]
    [Stream Packet Number: 20]
    [Timestamps]
        [Time since first frame: 20.150100 milliseconds]
        [Time since previous frame: 6.200 microseconds]
    UDP payload (43 bytes)
QUIC IETF
    QUIC Connection information
        [Connection Number: 0]
    [Packet Length: 43]
    QUIC Short Header DCID=0172064c881f2e941470f84c1c1f09aefd860534
        0... .... = Header Form: Short Header (0)
        .1.. .... = Fixed Bit: True
        ..0. .... = Spin Bit: False
        Destination Connection ID: 0172064c881f2e941470f84c1c1f09aefd860534
    Remaining Payload: 677fb5bf988e5286e1aa0874aa3bceefd85e2f7719e3

Frame 23: Packet, 88 bytes on wire (704 bits), 88 bytes captured (704 bits) on interface \Device\NPF_{9B9257DC-FAC1-4993-B12F-136D7BA5E874}, id 0
    Section number: 1
    Interface id: 0 (\Device\NPF_{9B9257DC-FAC1-4993-B12F-136D7BA5E874})
        Interface name: \Device\NPF_{9B9257DC-FAC1-4993-B12F-136D7BA5E874}
        Interface description: Wi-Fi
    Encapsulation type: Ethernet (1)
    Arrival Time: Apr  9, 2026 18:28:53.769181000 India Standard Time
    UTC Arrival Time: Apr  9, 2026 12:58:53.769181000 UTC
    Epoch Arrival Time: 1775739533.769181000
    [Time shift for this packet: 0.000000000 seconds]
    [Time delta from previous captured frame: 143.800 microseconds]
    [Time delta from previous displayed frame: 143.800 microseconds]
    [Time since reference or first frame: 347.322600 milliseconds]
    Frame Number: 23
    Frame Length: 88 bytes (704 bits)
    Capture Length: 88 bytes (704 bits)
    [Frame is marked: False]
    [Frame is ignored: False]
    [Protocols in frame: eth:ethertype:ip:udp:quic]
    Character encoding: ASCII (0)
Ethernet II, Src: 96:77:0b:05:d4:0b (96:77:0b:05:d4:0b), Dst: HewlettPacka_3a:cc:1d (28:92:4a:3a:cc:1d)
    Destination: HewlettPacka_3a:cc:1d (28:92:4a:3a:cc:1d)
        .... ..0. .... .... .... .... = LG bit: Globally unique address (factory default)
        .... ...0 .... .... .... .... = IG bit: Individual address (unicast)
    Source: 96:77:0b:05:d4:0b (96:77:0b:05:d4:0b)
        .... ..1. .... .... .... .... = LG bit: Locally administered address (this is NOT the factory default)
        .... ...0 .... .... .... .... = IG bit: Individual address (unicast)
    Type: IPv4 (0x0800)
    [Stream index: 0]
Internet Protocol Version 4, Src: 172.16.90.227, Dst: 104.18.26.14
    0100 .... = Version: 4
    .... 0101 = Header Length: 20 bytes (5)
    Differentiated Services Field: 0x02 (DSCP: CS0, ECN: ECT(0))
        0000 00.. = Differentiated Services Codepoint: Default (0)
        .... ..10 = Explicit Congestion Notification: ECN-Capable Transport codepoint '10' (2)
    Total Length: 74
    Identification: 0xf2ab (62123)
    010. .... = Flags: 0x2, Don't fragment
        0... .... = Reserved bit: Not set
        .1.. .... = Don't fragment: Set
        ..0. .... = More fragments: Not set
    ...0 0000 0000 0000 = Fragment Offset: 0
    Time to Live: 128
    Protocol: UDP (17)
    Header Checksum: 0x0000 [validation disabled]
    [Header checksum status: Unverified]
    Source Address: 172.16.90.227
    Destination Address: 104.18.26.14
    [Stream index: 1]
User Datagram Protocol, Src Port: 57190, Dst Port: 443
    Source Port: 57190
    Destination Port: 443
    Length: 54
    Checksum: 0x895b [unverified]
    [Checksum Status: Unverified]
    [Stream index: 1]
    [Stream Packet Number: 21]
    [Timestamps]
        [Time since first frame: 20.293900 milliseconds]
        [Time since previous frame: 143.800 microseconds]
    UDP payload (46 bytes)
QUIC IETF
    QUIC Connection information
        [Connection Number: 0]
    [Packet Length: 46]
    QUIC Short Header DCID=0172064c881f2e941470f84c1c1f09aefd860534
        0... .... = Header Form: Short Header (0)
        .1.. .... = Fixed Bit: True
        ..0. .... = Spin Bit: False
        Destination Connection ID: 0172064c881f2e941470f84c1c1f09aefd860534
    Remaining Payload: c3ead2e8e84c31a7130c80354bac814ceba179621b4acb86f5

Frame 24: Packet, 68 bytes on wire (544 bits), 68 bytes captured (544 bits) on interface \Device\NPF_{9B9257DC-FAC1-4993-B12F-136D7BA5E874}, id 0
    Section number: 1
    Interface id: 0 (\Device\NPF_{9B9257DC-FAC1-4993-B12F-136D7BA5E874})
        Interface name: \Device\NPF_{9B9257DC-FAC1-4993-B12F-136D7BA5E874}
        Interface description: Wi-Fi
    Encapsulation type: Ethernet (1)
    Arrival Time: Apr  9, 2026 18:28:53.774067400 India Standard Time
    UTC Arrival Time: Apr  9, 2026 12:58:53.774067400 UTC
    Epoch Arrival Time: 1775739533.774067400
    [Time shift for this packet: 0.000000000 seconds]
    [Time delta from previous captured frame: 4.886400 milliseconds]
    [Time delta from previous displayed frame: 4.886400 milliseconds]
    [Time since reference or first frame: 352.209000 milliseconds]
    Frame Number: 24
    Frame Length: 68 bytes (544 bits)
    Capture Length: 68 bytes (544 bits)
    [Frame is marked: False]
    [Frame is ignored: False]
    [Protocols in frame: eth:ethertype:ip:udp:quic]
    Character encoding: ASCII (0)
Ethernet II, Src: HewlettPacka_3a:cc:1d (28:92:4a:3a:cc:1d), Dst: 96:77:0b:05:d4:0b (96:77:0b:05:d4:0b)
    Destination: 96:77:0b:05:d4:0b (96:77:0b:05:d4:0b)
        .... ..1. .... .... .... .... = LG bit: Locally administered address (this is NOT the factory default)
        .... ...0 .... .... .... .... = IG bit: Individual address (unicast)
    Source: HewlettPacka_3a:cc:1d (28:92:4a:3a:cc:1d)
        .... ..0. .... .... .... .... = LG bit: Globally unique address (factory default)
        .... ...0 .... .... .... .... = IG bit: Individual address (unicast)
    Type: IPv4 (0x0800)
    [Stream index: 0]
Internet Protocol Version 4, Src: 104.18.26.14, Dst: 172.16.90.227
    0100 .... = Version: 4
    .... 0101 = Header Length: 20 bytes (5)
    Differentiated Services Field: 0x88 (DSCP: AF41, ECN: Not-ECT)
        1000 10.. = Differentiated Services Codepoint: Assured Forwarding 41 (34)
        .... ..00 = Explicit Congestion Notification: Not ECN-Capable Transport (0)
    Total Length: 54
    Identification: 0x0000 (0)
    010. .... = Flags: 0x2, Don't fragment
        0... .... = Reserved bit: Not set
        .1.. .... = Don't fragment: Set
        ..0. .... = More fragments: Not set
    ...0 0000 0000 0000 = Fragment Offset: 0
    Time to Live: 57
    Protocol: UDP (17)
    Header Checksum: 0xb81b [validation disabled]
    [Header checksum status: Unverified]
    Source Address: 104.18.26.14
    Destination Address: 172.16.90.227
    [Stream index: 1]
User Datagram Protocol, Src Port: 443, Dst Port: 57190
    Source Port: 443
    Destination Port: 57190
    Length: 34
    Checksum: 0xe938 [unverified]
    [Checksum Status: Unverified]
    [Stream index: 1]
    [Stream Packet Number: 22]
    [Timestamps]
        [Time since first frame: 25.180300 milliseconds]
        [Time since previous frame: 4.886400 milliseconds]
    UDP payload (26 bytes)
QUIC IETF
    QUIC Connection information
        [Connection Number: 0]
    [Packet Length: 26]
    QUIC Short Header DCID=0afa83
        0... .... = Header Form: Short Header (0)
        .1.. .... = Fixed Bit: True
        ..0. .... = Spin Bit: False
        Destination Connection ID: 0afa83
    Remaining Payload: dfa1a44a982175232188d44ceacdcce40c5f5314d380

Frame 25: Packet, 1242 bytes on wire (9936 bits), 1242 bytes captured (9936 bits) on interface \Device\NPF_{9B9257DC-FAC1-4993-B12F-136D7BA5E874}, id 0
    Section number: 1
    Interface id: 0 (\Device\NPF_{9B9257DC-FAC1-4993-B12F-136D7BA5E874})
        Interface name: \Device\NPF_{9B9257DC-FAC1-4993-B12F-136D7BA5E874}
        Interface description: Wi-Fi
    Encapsulation type: Ethernet (1)
    Arrival Time: Apr  9, 2026 18:28:53.777945700 India Standard Time
    UTC Arrival Time: Apr  9, 2026 12:58:53.777945700 UTC
    Epoch Arrival Time: 1775739533.777945700
    [Time shift for this packet: 0.000000000 seconds]
    [Time delta from previous captured frame: 3.878300 milliseconds]
    [Time delta from previous displayed frame: 3.878300 milliseconds]
    [Time since reference or first frame: 356.087300 milliseconds]
    Frame Number: 25
    Frame Length: 1242 bytes (9936 bits)
    Capture Length: 1242 bytes (9936 bits)
    [Frame is marked: False]
    [Frame is ignored: False]
    [Protocols in frame: eth:ethertype:ip:udp:quic]
    Character encoding: ASCII (0)
Ethernet II, Src: HewlettPacka_3a:cc:1d (28:92:4a:3a:cc:1d), Dst: 96:77:0b:05:d4:0b (96:77:0b:05:d4:0b)
    Destination: 96:77:0b:05:d4:0b (96:77:0b:05:d4:0b)
        .... ..1. .... .... .... .... = LG bit: Locally administered address (this is NOT the factory default)
        .... ...0 .... .... .... .... = IG bit: Individual address (unicast)
    Source: HewlettPacka_3a:cc:1d (28:92:4a:3a:cc:1d)
        .... ..0. .... .... .... .... = LG bit: Globally unique address (factory default)
        .... ...0 .... .... .... .... = IG bit: Individual address (unicast)
    Type: IPv4 (0x0800)
    [Stream index: 0]
Internet Protocol Version 4, Src: 104.18.26.14, Dst: 172.16.90.227
    0100 .... = Version: 4
    .... 0101 = Header Length: 20 bytes (5)
    Differentiated Services Field: 0x88 (DSCP: AF41, ECN: Not-ECT)
        1000 10.. = Differentiated Services Codepoint: Assured Forwarding 41 (34)
        .... ..00 = Explicit Congestion Notification: Not ECN-Capable Transport (0)
    Total Length: 1228
    Identification: 0x0000 (0)
    010. .... = Flags: 0x2, Don't fragment
        0... .... = Reserved bit: Not set
        .1.. .... = Don't fragment: Set
        ..0. .... = More fragments: Not set
    ...0 0000 0000 0000 = Fragment Offset: 0
    Time to Live: 57
    Protocol: UDP (17)
    Header Checksum: 0xb385 [validation disabled]
    [Header checksum status: Unverified]
    Source Address: 104.18.26.14
    Destination Address: 172.16.90.227
    [Stream index: 1]
User Datagram Protocol, Src Port: 443, Dst Port: 57190
    Source Port: 443
    Destination Port: 57190
    Length: 1208
    Checksum: 0xc859 [unverified]
    [Checksum Status: Unverified]
    [Stream index: 1]
    [Stream Packet Number: 23]
    [Timestamps]
        [Time since first frame: 29.058600 milliseconds]
        [Time since previous frame: 3.878300 milliseconds]
    UDP payload (1200 bytes)
QUIC IETF
    QUIC Connection information
        [Connection Number: 0]
    [Packet Length: 1200]
    QUIC Short Header DCID=0afa83
        0... .... = Header Form: Short Header (0)
        .1.. .... = Fixed Bit: True
        ..0. .... = Spin Bit: False
        Destination Connection ID: 0afa83
    Remaining Payload […]: f2aa5d3f62cbf173244325968f431a8961e69c7671d54143a557e9124416178ea91af399cd3d43fd8b5403a5d98cdcf1d5668b0c44afe3ab7f53ac40347e85c1a7ce0c79d8eb1d8622349d590ebcefe2481658d260341a156d899af9c6f7a295b491903f95cae4d15322ea

Frame 26: Packet, 85 bytes on wire (680 bits), 85 bytes captured (680 bits) on interface \Device\NPF_{9B9257DC-FAC1-4993-B12F-136D7BA5E874}, id 0
    Section number: 1
    Interface id: 0 (\Device\NPF_{9B9257DC-FAC1-4993-B12F-136D7BA5E874})
        Interface name: \Device\NPF_{9B9257DC-FAC1-4993-B12F-136D7BA5E874}
        Interface description: Wi-Fi
    Encapsulation type: Ethernet (1)
    Arrival Time: Apr  9, 2026 18:28:53.778219500 India Standard Time
    UTC Arrival Time: Apr  9, 2026 12:58:53.778219500 UTC
    Epoch Arrival Time: 1775739533.778219500
    [Time shift for this packet: 0.000000000 seconds]
    [Time delta from previous captured frame: 273.800 microseconds]
    [Time delta from previous displayed frame: 273.800 microseconds]
    [Time since reference or first frame: 356.361100 milliseconds]
    Frame Number: 26
    Frame Length: 85 bytes (680 bits)
    Capture Length: 85 bytes (680 bits)
    [Frame is marked: False]
    [Frame is ignored: False]
    [Protocols in frame: eth:ethertype:ip:udp:quic]
    Character encoding: ASCII (0)
Ethernet II, Src: 96:77:0b:05:d4:0b (96:77:0b:05:d4:0b), Dst: HewlettPacka_3a:cc:1d (28:92:4a:3a:cc:1d)
    Destination: HewlettPacka_3a:cc:1d (28:92:4a:3a:cc:1d)
        .... ..0. .... .... .... .... = LG bit: Globally unique address (factory default)
        .... ...0 .... .... .... .... = IG bit: Individual address (unicast)
    Source: 96:77:0b:05:d4:0b (96:77:0b:05:d4:0b)
        .... ..1. .... .... .... .... = LG bit: Locally administered address (this is NOT the factory default)
        .... ...0 .... .... .... .... = IG bit: Individual address (unicast)
    Type: IPv4 (0x0800)
    [Stream index: 0]
Internet Protocol Version 4, Src: 172.16.90.227, Dst: 104.18.26.14
    0100 .... = Version: 4
    .... 0101 = Header Length: 20 bytes (5)
    Differentiated Services Field: 0x02 (DSCP: CS0, ECN: ECT(0))
        0000 00.. = Differentiated Services Codepoint: Default (0)
        .... ..10 = Explicit Congestion Notification: ECN-Capable Transport codepoint '10' (2)
    Total Length: 71
    Identification: 0xf2ac (62124)
    010. .... = Flags: 0x2, Don't fragment
        0... .... = Reserved bit: Not set
        .1.. .... = Don't fragment: Set
        ..0. .... = More fragments: Not set
    ...0 0000 0000 0000 = Fragment Offset: 0
    Time to Live: 128
    Protocol: UDP (17)
    Header Checksum: 0x0000 [validation disabled]
    [Header checksum status: Unverified]
    Source Address: 172.16.90.227
    Destination Address: 104.18.26.14
    [Stream index: 1]
User Datagram Protocol, Src Port: 57190, Dst Port: 443
    Source Port: 57190
    Destination Port: 443
    Length: 51
    Checksum: 0x8958 [unverified]
    [Checksum Status: Unverified]
    [Stream index: 1]
    [Stream Packet Number: 24]
    [Timestamps]
        [Time since first frame: 29.332400 milliseconds]
        [Time since previous frame: 273.800 microseconds]
    UDP payload (43 bytes)
QUIC IETF
    QUIC Connection information
        [Connection Number: 0]
    [Packet Length: 43]
    QUIC Short Header DCID=0172064c881f2e941470f84c1c1f09aefd860534
        0... .... = Header Form: Short Header (0)
        .1.. .... = Fixed Bit: True
        ..1. .... = Spin Bit: True
        Destination Connection ID: 0172064c881f2e941470f84c1c1f09aefd860534
    Remaining Payload: 8ee96aa4a0318224e50cfa910ed072bcd0011066e015

Frame 27: Packet, 1242 bytes on wire (9936 bits), 1242 bytes captured (9936 bits) on interface \Device\NPF_{9B9257DC-FAC1-4993-B12F-136D7BA5E874}, id 0
    Section number: 1
    Interface id: 0 (\Device\NPF_{9B9257DC-FAC1-4993-B12F-136D7BA5E874})
        Interface name: \Device\NPF_{9B9257DC-FAC1-4993-B12F-136D7BA5E874}
        Interface description: Wi-Fi
    Encapsulation type: Ethernet (1)
    Arrival Time: Apr  9, 2026 18:28:53.778303900 India Standard Time
    UTC Arrival Time: Apr  9, 2026 12:58:53.778303900 UTC
    Epoch Arrival Time: 1775739533.778303900
    [Time shift for this packet: 0.000000000 seconds]
    [Time delta from previous captured frame: 84.400 microseconds]
    [Time delta from previous displayed frame: 84.400 microseconds]
    [Time since reference or first frame: 356.445500 milliseconds]
    Frame Number: 27
    Frame Length: 1242 bytes (9936 bits)
    Capture Length: 1242 bytes (9936 bits)
    [Frame is marked: False]
    [Frame is ignored: False]
    [Protocols in frame: eth:ethertype:ip:udp:quic]
    Character encoding: ASCII (0)
Ethernet II, Src: HewlettPacka_3a:cc:1d (28:92:4a:3a:cc:1d), Dst: 96:77:0b:05:d4:0b (96:77:0b:05:d4:0b)
    Destination: 96:77:0b:05:d4:0b (96:77:0b:05:d4:0b)
        .... ..1. .... .... .... .... = LG bit: Locally administered address (this is NOT the factory default)
        .... ...0 .... .... .... .... = IG bit: Individual address (unicast)
    Source: HewlettPacka_3a:cc:1d (28:92:4a:3a:cc:1d)
        .... ..0. .... .... .... .... = LG bit: Globally unique address (factory default)
        .... ...0 .... .... .... .... = IG bit: Individual address (unicast)
    Type: IPv4 (0x0800)
    [Stream index: 0]
Internet Protocol Version 4, Src: 104.18.26.14, Dst: 172.16.90.227
    0100 .... = Version: 4
    .... 0101 = Header Length: 20 bytes (5)
    Differentiated Services Field: 0x88 (DSCP: AF41, ECN: Not-ECT)
        1000 10.. = Differentiated Services Codepoint: Assured Forwarding 41 (34)
        .... ..00 = Explicit Congestion Notification: Not ECN-Capable Transport (0)
    Total Length: 1228
    Identification: 0x0001 (1)
    010. .... = Flags: 0x2, Don't fragment
        0... .... = Reserved bit: Not set
        .1.. .... = Don't fragment: Set
        ..0. .... = More fragments: Not set
    ...0 0000 0000 0000 = Fragment Offset: 0
    Time to Live: 57
    Protocol: UDP (17)
    Header Checksum: 0xb384 [validation disabled]
    [Header checksum status: Unverified]
    Source Address: 104.18.26.14
    Destination Address: 172.16.90.227
    [Stream index: 1]
User Datagram Protocol, Src Port: 443, Dst Port: 57190
    Source Port: 443
    Destination Port: 57190
    Length: 1208
    Checksum: 0xd20e [unverified]
    [Checksum Status: Unverified]
    [Stream index: 1]
    [Stream Packet Number: 25]
    [Timestamps]
        [Time since first frame: 29.416800 milliseconds]
        [Time since previous frame: 84.400 microseconds]
    UDP payload (1200 bytes)
QUIC IETF
    QUIC Connection information
        [Connection Number: 0]
    [Packet Length: 1200]
    QUIC Short Header DCID=0afa83
        0... .... = Header Form: Short Header (0)
        .1.. .... = Fixed Bit: True
        ..0. .... = Spin Bit: False
        Destination Connection ID: 0afa83
    Remaining Payload […]: 039fbac09208173463022df64775c87f77f2f47571dbe15d30f8086b70efd10cf043483c56ba9df2b4d7fcd0926e1e514ce6de29ca66227daef44eec6935c085809264970b3a294ca53ac838e83f0a8312cd62682612184c520c108fcf0fe100d91230ec95cfd1e4b29661

Frame 28: Packet, 1242 bytes on wire (9936 bits), 1242 bytes captured (9936 bits) on interface \Device\NPF_{9B9257DC-FAC1-4993-B12F-136D7BA5E874}, id 0
    Section number: 1
    Interface id: 0 (\Device\NPF_{9B9257DC-FAC1-4993-B12F-136D7BA5E874})
        Interface name: \Device\NPF_{9B9257DC-FAC1-4993-B12F-136D7BA5E874}
        Interface description: Wi-Fi
    Encapsulation type: Ethernet (1)
    Arrival Time: Apr  9, 2026 18:28:53.779094300 India Standard Time
    UTC Arrival Time: Apr  9, 2026 12:58:53.779094300 UTC
    Epoch Arrival Time: 1775739533.779094300
    [Time shift for this packet: 0.000000000 seconds]
    [Time delta from previous captured frame: 790.400 microseconds]
    [Time delta from previous displayed frame: 790.400 microseconds]
    [Time since reference or first frame: 357.235900 milliseconds]
    Frame Number: 28
    Frame Length: 1242 bytes (9936 bits)
    Capture Length: 1242 bytes (9936 bits)
    [Frame is marked: False]
    [Frame is ignored: False]
    [Protocols in frame: eth:ethertype:ip:udp:quic]
    Character encoding: ASCII (0)
Ethernet II, Src: HewlettPacka_3a:cc:1d (28:92:4a:3a:cc:1d), Dst: 96:77:0b:05:d4:0b (96:77:0b:05:d4:0b)
    Destination: 96:77:0b:05:d4:0b (96:77:0b:05:d4:0b)
        .... ..1. .... .... .... .... = LG bit: Locally administered address (this is NOT the factory default)
        .... ...0 .... .... .... .... = IG bit: Individual address (unicast)
    Source: HewlettPacka_3a:cc:1d (28:92:4a:3a:cc:1d)
        .... ..0. .... .... .... .... = LG bit: Globally unique address (factory default)
        .... ...0 .... .... .... .... = IG bit: Individual address (unicast)
    Type: IPv4 (0x0800)
    [Stream index: 0]
Internet Protocol Version 4, Src: 104.18.26.14, Dst: 172.16.90.227
    0100 .... = Version: 4
    .... 0101 = Header Length: 20 bytes (5)
    Differentiated Services Field: 0x88 (DSCP: AF41, ECN: Not-ECT)
        1000 10.. = Differentiated Services Codepoint: Assured Forwarding 41 (34)
        .... ..00 = Explicit Congestion Notification: Not ECN-Capable Transport (0)
    Total Length: 1228
    Identification: 0x0002 (2)
    010. .... = Flags: 0x2, Don't fragment
        0... .... = Reserved bit: Not set
        .1.. .... = Don't fragment: Set
        ..0. .... = More fragments: Not set
    ...0 0000 0000 0000 = Fragment Offset: 0
    Time to Live: 57
    Protocol: UDP (17)
    Header Checksum: 0xb383 [validation disabled]
    [Header checksum status: Unverified]
    Source Address: 104.18.26.14
    Destination Address: 172.16.90.227
    [Stream index: 1]
User Datagram Protocol, Src Port: 443, Dst Port: 57190
    Source Port: 443
    Destination Port: 57190
    Length: 1208
    Checksum: 0xb600 [unverified]
    [Checksum Status: Unverified]
    [Stream index: 1]
    [Stream Packet Number: 26]
    [Timestamps]
        [Time since first frame: 30.207200 milliseconds]
        [Time since previous frame: 790.400 microseconds]
    UDP payload (1200 bytes)
QUIC IETF
    QUIC Connection information
        [Connection Number: 0]
    [Packet Length: 1200]
    QUIC Short Header DCID=0afa83
        0... .... = Header Form: Short Header (0)
        .1.. .... = Fixed Bit: True
        ..0. .... = Spin Bit: False
        Destination Connection ID: 0afa83
    Remaining Payload […]: 57bd3b358405e884954bba40c4e1f4d62d1fc7f43b5de7aa1eade37e66748e336bb72d8abc8a326400350ffa50b290bd32545bc5b42ffdfacb5b056561f6f14868af2e25fd060fc313e1526dc0eef9381b17acfab02ace9236d053d484eb635859bb7cc71ff6f910d6a8e5

Frame 29: Packet, 85 bytes on wire (680 bits), 85 bytes captured (680 bits) on interface \Device\NPF_{9B9257DC-FAC1-4993-B12F-136D7BA5E874}, id 0
    Section number: 1
    Interface id: 0 (\Device\NPF_{9B9257DC-FAC1-4993-B12F-136D7BA5E874})
        Interface name: \Device\NPF_{9B9257DC-FAC1-4993-B12F-136D7BA5E874}
        Interface description: Wi-Fi
    Encapsulation type: Ethernet (1)
    Arrival Time: Apr  9, 2026 18:28:53.779147200 India Standard Time
    UTC Arrival Time: Apr  9, 2026 12:58:53.779147200 UTC
    Epoch Arrival Time: 1775739533.779147200
    [Time shift for this packet: 0.000000000 seconds]
    [Time delta from previous captured frame: 52.900 microseconds]
    [Time delta from previous displayed frame: 52.900 microseconds]
    [Time since reference or first frame: 357.288800 milliseconds]
    Frame Number: 29
    Frame Length: 85 bytes (680 bits)
    Capture Length: 85 bytes (680 bits)
    [Frame is marked: False]
    [Frame is ignored: False]
    [Protocols in frame: eth:ethertype:ip:udp:quic]
    Character encoding: ASCII (0)
Ethernet II, Src: 96:77:0b:05:d4:0b (96:77:0b:05:d4:0b), Dst: HewlettPacka_3a:cc:1d (28:92:4a:3a:cc:1d)
    Destination: HewlettPacka_3a:cc:1d (28:92:4a:3a:cc:1d)
        .... ..0. .... .... .... .... = LG bit: Globally unique address (factory default)
        .... ...0 .... .... .... .... = IG bit: Individual address (unicast)
    Source: 96:77:0b:05:d4:0b (96:77:0b:05:d4:0b)
        .... ..1. .... .... .... .... = LG bit: Locally administered address (this is NOT the factory default)
        .... ...0 .... .... .... .... = IG bit: Individual address (unicast)
    Type: IPv4 (0x0800)
    [Stream index: 0]
Internet Protocol Version 4, Src: 172.16.90.227, Dst: 104.18.26.14
    0100 .... = Version: 4
    .... 0101 = Header Length: 20 bytes (5)
    Differentiated Services Field: 0x02 (DSCP: CS0, ECN: ECT(0))
        0000 00.. = Differentiated Services Codepoint: Default (0)
        .... ..10 = Explicit Congestion Notification: ECN-Capable Transport codepoint '10' (2)
    Total Length: 71
    Identification: 0xf2ad (62125)
    010. .... = Flags: 0x2, Don't fragment
        0... .... = Reserved bit: Not set
        .1.. .... = Don't fragment: Set
        ..0. .... = More fragments: Not set
    ...0 0000 0000 0000 = Fragment Offset: 0
    Time to Live: 128
    Protocol: UDP (17)
    Header Checksum: 0x0000 [validation disabled]
    [Header checksum status: Unverified]
    Source Address: 172.16.90.227
    Destination Address: 104.18.26.14
    [Stream index: 1]
User Datagram Protocol, Src Port: 57190, Dst Port: 443
    Source Port: 57190
    Destination Port: 443
    Length: 51
    Checksum: 0x8958 [unverified]
    [Checksum Status: Unverified]
    [Stream index: 1]
    [Stream Packet Number: 27]
    [Timestamps]
        [Time since first frame: 30.260100 milliseconds]
        [Time since previous frame: 52.900 microseconds]
    UDP payload (43 bytes)
QUIC IETF
    QUIC Connection information
        [Connection Number: 0]
    [Packet Length: 43]
    QUIC Short Header DCID=0172064c881f2e941470f84c1c1f09aefd860534
        0... .... = Header Form: Short Header (0)
        .1.. .... = Fixed Bit: True
        ..1. .... = Spin Bit: True
        Destination Connection ID: 0172064c881f2e941470f84c1c1f09aefd860534
    Remaining Payload: b5665aa0483fdfa7ea4e88763adfadfff64dc7992026

Frame 30: Packet, 1242 bytes on wire (9936 bits), 1242 bytes captured (9936 bits) on interface \Device\NPF_{9B9257DC-FAC1-4993-B12F-136D7BA5E874}, id 0
    Section number: 1
    Interface id: 0 (\Device\NPF_{9B9257DC-FAC1-4993-B12F-136D7BA5E874})
        Interface name: \Device\NPF_{9B9257DC-FAC1-4993-B12F-136D7BA5E874}
        Interface description: Wi-Fi
    Encapsulation type: Ethernet (1)
    Arrival Time: Apr  9, 2026 18:28:53.781289700 India Standard Time
    UTC Arrival Time: Apr  9, 2026 12:58:53.781289700 UTC
    Epoch Arrival Time: 1775739533.781289700
    [Time shift for this packet: 0.000000000 seconds]
    [Time delta from previous captured frame: 2.142500 milliseconds]
    [Time delta from previous displayed frame: 2.142500 milliseconds]
    [Time since reference or first frame: 359.431300 milliseconds]
    Frame Number: 30
    Frame Length: 1242 bytes (9936 bits)
    Capture Length: 1242 bytes (9936 bits)
    [Frame is marked: False]
    [Frame is ignored: False]
    [Protocols in frame: eth:ethertype:ip:udp:quic]
    Character encoding: ASCII (0)
Ethernet II, Src: HewlettPacka_3a:cc:1d (28:92:4a:3a:cc:1d), Dst: 96:77:0b:05:d4:0b (96:77:0b:05:d4:0b)
    Destination: 96:77:0b:05:d4:0b (96:77:0b:05:d4:0b)
        .... ..1. .... .... .... .... = LG bit: Locally administered address (this is NOT the factory default)
        .... ...0 .... .... .... .... = IG bit: Individual address (unicast)
    Source: HewlettPacka_3a:cc:1d (28:92:4a:3a:cc:1d)
        .... ..0. .... .... .... .... = LG bit: Globally unique address (factory default)
        .... ...0 .... .... .... .... = IG bit: Individual address (unicast)
    Type: IPv4 (0x0800)
    [Stream index: 0]
Internet Protocol Version 4, Src: 104.18.26.14, Dst: 172.16.90.227
    0100 .... = Version: 4
    .... 0101 = Header Length: 20 bytes (5)
    Differentiated Services Field: 0x88 (DSCP: AF41, ECN: Not-ECT)
        1000 10.. = Differentiated Services Codepoint: Assured Forwarding 41 (34)
        .... ..00 = Explicit Congestion Notification: Not ECN-Capable Transport (0)
    Total Length: 1228
    Identification: 0x0003 (3)
    010. .... = Flags: 0x2, Don't fragment
        0... .... = Reserved bit: Not set
        .1.. .... = Don't fragment: Set
        ..0. .... = More fragments: Not set
    ...0 0000 0000 0000 = Fragment Offset: 0
    Time to Live: 57
    Protocol: UDP (17)
    Header Checksum: 0xb382 [validation disabled]
    [Header checksum status: Unverified]
    Source Address: 104.18.26.14
    Destination Address: 172.16.90.227
    [Stream index: 1]
User Datagram Protocol, Src Port: 443, Dst Port: 57190
    Source Port: 443
    Destination Port: 57190
    Length: 1208
    Checksum: 0xeacf [unverified]
    [Checksum Status: Unverified]
    [Stream index: 1]
    [Stream Packet Number: 28]
    [Timestamps]
        [Time since first frame: 32.402600 milliseconds]
        [Time since previous frame: 2.142500 milliseconds]
    UDP payload (1200 bytes)
QUIC IETF
    QUIC Connection information
        [Connection Number: 0]
    [Packet Length: 1200]
    QUIC Short Header DCID=0afa83
        0... .... = Header Form: Short Header (0)
        .1.. .... = Fixed Bit: True
        ..0. .... = Spin Bit: False
        Destination Connection ID: 0afa83
    Remaining Payload […]: b85b64dd64c7fb0fd0c62bec60b15c81d1cc63acd620e142500eb7cd641dffa1960c7aabd1e7e12ff355fe38741427b831c28d301af0105efc23a05c3dd6832b4ab1ba1a98bd3eefd86b4bdf9a91392d0dced4519f3dc1816b6971a3b7f79e77664dabe95ae9b100b062e1

Frame 31: Packet, 1242 bytes on wire (9936 bits), 1242 bytes captured (9936 bits) on interface \Device\NPF_{9B9257DC-FAC1-4993-B12F-136D7BA5E874}, id 0
    Section number: 1
    Interface id: 0 (\Device\NPF_{9B9257DC-FAC1-4993-B12F-136D7BA5E874})
        Interface name: \Device\NPF_{9B9257DC-FAC1-4993-B12F-136D7BA5E874}
        Interface description: Wi-Fi
    Encapsulation type: Ethernet (1)
    Arrival Time: Apr  9, 2026 18:28:53.781289700 India Standard Time
    UTC Arrival Time: Apr  9, 2026 12:58:53.781289700 UTC
    Epoch Arrival Time: 1775739533.781289700
    [Time shift for this packet: 0.000000000 seconds]
    [Time delta from previous captured frame: 0.000000000 seconds]
    [Time delta from previous displayed frame: 0.000000000 seconds]
    [Time since reference or first frame: 359.431300 milliseconds]
    Frame Number: 31
    Frame Length: 1242 bytes (9936 bits)
    Capture Length: 1242 bytes (9936 bits)
    [Frame is marked: False]
    [Frame is ignored: False]
    [Protocols in frame: eth:ethertype:ip:udp:quic]
    Character encoding: ASCII (0)
Ethernet II, Src: HewlettPacka_3a:cc:1d (28:92:4a:3a:cc:1d), Dst: 96:77:0b:05:d4:0b (96:77:0b:05:d4:0b)
    Destination: 96:77:0b:05:d4:0b (96:77:0b:05:d4:0b)
        .... ..1. .... .... .... .... = LG bit: Locally administered address (this is NOT the factory default)
        .... ...0 .... .... .... .... = IG bit: Individual address (unicast)
    Source: HewlettPacka_3a:cc:1d (28:92:4a:3a:cc:1d)
        .... ..0. .... .... .... .... = LG bit: Globally unique address (factory default)
        .... ...0 .... .... .... .... = IG bit: Individual address (unicast)
    Type: IPv4 (0x0800)
    [Stream index: 0]
Internet Protocol Version 4, Src: 104.18.26.14, Dst: 172.16.90.227
    0100 .... = Version: 4
    .... 0101 = Header Length: 20 bytes (5)
    Differentiated Services Field: 0x88 (DSCP: AF41, ECN: Not-ECT)
        1000 10.. = Differentiated Services Codepoint: Assured Forwarding 41 (34)
        .... ..00 = Explicit Congestion Notification: Not ECN-Capable Transport (0)
    Total Length: 1228
    Identification: 0x0004 (4)
    010. .... = Flags: 0x2, Don't fragment
        0... .... = Reserved bit: Not set
        .1.. .... = Don't fragment: Set
        ..0. .... = More fragments: Not set
    ...0 0000 0000 0000 = Fragment Offset: 0
    Time to Live: 57
    Protocol: UDP (17)
    Header Checksum: 0xb381 [validation disabled]
    [Header checksum status: Unverified]
    Source Address: 104.18.26.14
    Destination Address: 172.16.90.227
    [Stream index: 1]
User Datagram Protocol, Src Port: 443, Dst Port: 57190
    Source Port: 443
    Destination Port: 57190
    Length: 1208
    Checksum: 0xc8e2 [unverified]
    [Checksum Status: Unverified]
    [Stream index: 1]
    [Stream Packet Number: 29]
    [Timestamps]
        [Time since first frame: 32.402600 milliseconds]
        [Time since previous frame: 0.000000000 seconds]
    UDP payload (1200 bytes)
QUIC IETF
    QUIC Connection information
        [Connection Number: 0]
    [Packet Length: 1200]
    QUIC Short Header DCID=0afa83
        0... .... = Header Form: Short Header (0)
        .1.. .... = Fixed Bit: True
        ..0. .... = Spin Bit: False
        Destination Connection ID: 0afa83
    Remaining Payload […]: 3d5f23f22701958d87d4ac358b22a0216ef54d60a3dad0954d7ee3e61e838fbf243c8e0cebe73a5dfc96b76a42704d2bca23726bf139e19c385d12c45a257634d0d43f14a67ab36d34e0750703deef0f75e6815e7285eb41533d027992d01d901a9d7c3d3cfa48737bf55d

Frame 32: Packet, 85 bytes on wire (680 bits), 85 bytes captured (680 bits) on interface \Device\NPF_{9B9257DC-FAC1-4993-B12F-136D7BA5E874}, id 0
    Section number: 1
    Interface id: 0 (\Device\NPF_{9B9257DC-FAC1-4993-B12F-136D7BA5E874})
        Interface name: \Device\NPF_{9B9257DC-FAC1-4993-B12F-136D7BA5E874}
        Interface description: Wi-Fi
    Encapsulation type: Ethernet (1)
    Arrival Time: Apr  9, 2026 18:28:53.781452500 India Standard Time
    UTC Arrival Time: Apr  9, 2026 12:58:53.781452500 UTC
    Epoch Arrival Time: 1775739533.781452500
    [Time shift for this packet: 0.000000000 seconds]
    [Time delta from previous captured frame: 162.800 microseconds]
    [Time delta from previous displayed frame: 162.800 microseconds]
    [Time since reference or first frame: 359.594100 milliseconds]
    Frame Number: 32
    Frame Length: 85 bytes (680 bits)
    Capture Length: 85 bytes (680 bits)
    [Frame is marked: False]
    [Frame is ignored: False]
    [Protocols in frame: eth:ethertype:ip:udp:quic]
    Character encoding: ASCII (0)
Ethernet II, Src: 96:77:0b:05:d4:0b (96:77:0b:05:d4:0b), Dst: HewlettPacka_3a:cc:1d (28:92:4a:3a:cc:1d)
    Destination: HewlettPacka_3a:cc:1d (28:92:4a:3a:cc:1d)
        .... ..0. .... .... .... .... = LG bit: Globally unique address (factory default)
        .... ...0 .... .... .... .... = IG bit: Individual address (unicast)
    Source: 96:77:0b:05:d4:0b (96:77:0b:05:d4:0b)
        .... ..1. .... .... .... .... = LG bit: Locally administered address (this is NOT the factory default)
        .... ...0 .... .... .... .... = IG bit: Individual address (unicast)
    Type: IPv4 (0x0800)
    [Stream index: 0]
Internet Protocol Version 4, Src: 172.16.90.227, Dst: 104.18.26.14
    0100 .... = Version: 4
    .... 0101 = Header Length: 20 bytes (5)
    Differentiated Services Field: 0x02 (DSCP: CS0, ECN: ECT(0))
        0000 00.. = Differentiated Services Codepoint: Default (0)
        .... ..10 = Explicit Congestion Notification: ECN-Capable Transport codepoint '10' (2)
    Total Length: 71
    Identification: 0xf2ae (62126)
    010. .... = Flags: 0x2, Don't fragment
        0... .... = Reserved bit: Not set
        .1.. .... = Don't fragment: Set
        ..0. .... = More fragments: Not set
    ...0 0000 0000 0000 = Fragment Offset: 0
    Time to Live: 128
    Protocol: UDP (17)
    Header Checksum: 0x0000 [validation disabled]
    [Header checksum status: Unverified]
    Source Address: 172.16.90.227
    Destination Address: 104.18.26.14
    [Stream index: 1]
User Datagram Protocol, Src Port: 57190, Dst Port: 443
    Source Port: 57190
    Destination Port: 443
    Length: 51
    Checksum: 0x8958 [unverified]
    [Checksum Status: Unverified]
    [Stream index: 1]
    [Stream Packet Number: 30]
    [Timestamps]
        [Time since first frame: 32.565400 milliseconds]
        [Time since previous frame: 162.800 microseconds]
    UDP payload (43 bytes)
QUIC IETF
    QUIC Connection information
        [Connection Number: 0]
    [Packet Length: 43]
    QUIC Short Header DCID=0172064c881f2e941470f84c1c1f09aefd860534
        0... .... = Header Form: Short Header (0)
        .1.. .... = Fixed Bit: True
        ..1. .... = Spin Bit: True
        Destination Connection ID: 0172064c881f2e941470f84c1c1f09aefd860534
    Remaining Payload: 4f3f90c6b0579648232cd3815092e6acb280f59e0fca

Frame 33: Packet, 1242 bytes on wire (9936 bits), 1242 bytes captured (9936 bits) on interface \Device\NPF_{9B9257DC-FAC1-4993-B12F-136D7BA5E874}, id 0
    Section number: 1
    Interface id: 0 (\Device\NPF_{9B9257DC-FAC1-4993-B12F-136D7BA5E874})
        Interface name: \Device\NPF_{9B9257DC-FAC1-4993-B12F-136D7BA5E874}
        Interface description: Wi-Fi
    Encapsulation type: Ethernet (1)
    Arrival Time: Apr  9, 2026 18:28:53.781582900 India Standard Time
    UTC Arrival Time: Apr  9, 2026 12:58:53.781582900 UTC
    Epoch Arrival Time: 1775739533.781582900
    [Time shift for this packet: 0.000000000 seconds]
    [Time delta from previous captured frame: 130.400 microseconds]
    [Time delta from previous displayed frame: 130.400 microseconds]
    [Time since reference or first frame: 359.724500 milliseconds]
    Frame Number: 33
    Frame Length: 1242 bytes (9936 bits)
    Capture Length: 1242 bytes (9936 bits)
    [Frame is marked: False]
    [Frame is ignored: False]
    [Protocols in frame: eth:ethertype:ip:udp:quic]
    Character encoding: ASCII (0)
Ethernet II, Src: HewlettPacka_3a:cc:1d (28:92:4a:3a:cc:1d), Dst: 96:77:0b:05:d4:0b (96:77:0b:05:d4:0b)
    Destination: 96:77:0b:05:d4:0b (96:77:0b:05:d4:0b)
        .... ..1. .... .... .... .... = LG bit: Locally administered address (this is NOT the factory default)
        .... ...0 .... .... .... .... = IG bit: Individual address (unicast)
    Source: HewlettPacka_3a:cc:1d (28:92:4a:3a:cc:1d)
        .... ..0. .... .... .... .... = LG bit: Globally unique address (factory default)
        .... ...0 .... .... .... .... = IG bit: Individual address (unicast)
    Type: IPv4 (0x0800)
    [Stream index: 0]
Internet Protocol Version 4, Src: 104.18.26.14, Dst: 172.16.90.227
    0100 .... = Version: 4
    .... 0101 = Header Length: 20 bytes (5)
    Differentiated Services Field: 0x88 (DSCP: AF41, ECN: Not-ECT)
        1000 10.. = Differentiated Services Codepoint: Assured Forwarding 41 (34)
        .... ..00 = Explicit Congestion Notification: Not ECN-Capable Transport (0)
    Total Length: 1228
    Identification: 0x0005 (5)
    010. .... = Flags: 0x2, Don't fragment
        0... .... = Reserved bit: Not set
        .1.. .... = Don't fragment: Set
        ..0. .... = More fragments: Not set
    ...0 0000 0000 0000 = Fragment Offset: 0
    Time to Live: 57
    Protocol: UDP (17)
    Header Checksum: 0xb380 [validation disabled]
    [Header checksum status: Unverified]
    Source Address: 104.18.26.14
    Destination Address: 172.16.90.227
    [Stream index: 1]
User Datagram Protocol, Src Port: 443, Dst Port: 57190
    Source Port: 443
    Destination Port: 57190
    Length: 1208
    Checksum: 0x0750 [unverified]
    [Checksum Status: Unverified]
    [Stream index: 1]
    [Stream Packet Number: 31]
    [Timestamps]
        [Time since first frame: 32.695800 milliseconds]
        [Time since previous frame: 130.400 microseconds]
    UDP payload (1200 bytes)
QUIC IETF
    QUIC Connection information
        [Connection Number: 0]
    [Packet Length: 1200]
    QUIC Short Header DCID=0afa83
        0... .... = Header Form: Short Header (0)
        .1.. .... = Fixed Bit: True
        ..0. .... = Spin Bit: False
        Destination Connection ID: 0afa83
    Remaining Payload […]: ac75231ddb93eed8bdb8e7ecb7cfda2f20981eac547930c2c70b8ba5f6176a8efb7b35b7754a9100de6ad744e6211403210d27808b873c4920aca95a0245e5a6004ed70a51f37859b1b77bfde7d312416a9f30f02de28a1757e586a34d032935c38b7138bb19f151f58926

Frame 34: Packet, 1242 bytes on wire (9936 bits), 1242 bytes captured (9936 bits) on interface \Device\NPF_{9B9257DC-FAC1-4993-B12F-136D7BA5E874}, id 0
    Section number: 1
    Interface id: 0 (\Device\NPF_{9B9257DC-FAC1-4993-B12F-136D7BA5E874})
        Interface name: \Device\NPF_{9B9257DC-FAC1-4993-B12F-136D7BA5E874}
        Interface description: Wi-Fi
    Encapsulation type: Ethernet (1)
    Arrival Time: Apr  9, 2026 18:28:53.782525600 India Standard Time
    UTC Arrival Time: Apr  9, 2026 12:58:53.782525600 UTC
    Epoch Arrival Time: 1775739533.782525600
    [Time shift for this packet: 0.000000000 seconds]
    [Time delta from previous captured frame: 942.700 microseconds]
    [Time delta from previous displayed frame: 942.700 microseconds]
    [Time since reference or first frame: 360.667200 milliseconds]
    Frame Number: 34
    Frame Length: 1242 bytes (9936 bits)
    Capture Length: 1242 bytes (9936 bits)
    [Frame is marked: False]
    [Frame is ignored: False]
    [Protocols in frame: eth:ethertype:ip:udp:quic]
    Character encoding: ASCII (0)
Ethernet II, Src: HewlettPacka_3a:cc:1d (28:92:4a:3a:cc:1d), Dst: 96:77:0b:05:d4:0b (96:77:0b:05:d4:0b)
    Destination: 96:77:0b:05:d4:0b (96:77:0b:05:d4:0b)
        .... ..1. .... .... .... .... = LG bit: Locally administered address (this is NOT the factory default)
        .... ...0 .... .... .... .... = IG bit: Individual address (unicast)
    Source: HewlettPacka_3a:cc:1d (28:92:4a:3a:cc:1d)
        .... ..0. .... .... .... .... = LG bit: Globally unique address (factory default)
        .... ...0 .... .... .... .... = IG bit: Individual address (unicast)
    Type: IPv4 (0x0800)
    [Stream index: 0]
Internet Protocol Version 4, Src: 104.18.26.14, Dst: 172.16.90.227
    0100 .... = Version: 4
    .... 0101 = Header Length: 20 bytes (5)
    Differentiated Services Field: 0x88 (DSCP: AF41, ECN: Not-ECT)
        1000 10.. = Differentiated Services Codepoint: Assured Forwarding 41 (34)
        .... ..00 = Explicit Congestion Notification: Not ECN-Capable Transport (0)
    Total Length: 1228
    Identification: 0x0006 (6)
    010. .... = Flags: 0x2, Don't fragment
        0... .... = Reserved bit: Not set
        .1.. .... = Don't fragment: Set
        ..0. .... = More fragments: Not set
    ...0 0000 0000 0000 = Fragment Offset: 0
    Time to Live: 57
    Protocol: UDP (17)
    Header Checksum: 0xb37f [validation disabled]
    [Header checksum status: Unverified]
    Source Address: 104.18.26.14
    Destination Address: 172.16.90.227
    [Stream index: 1]
User Datagram Protocol, Src Port: 443, Dst Port: 57190
    Source Port: 443
    Destination Port: 57190
    Length: 1208
    Checksum: 0x0fae [unverified]
    [Checksum Status: Unverified]
    [Stream index: 1]
    [Stream Packet Number: 32]
    [Timestamps]
        [Time since first frame: 33.638500 milliseconds]
        [Time since previous frame: 942.700 microseconds]
    UDP payload (1200 bytes)
QUIC IETF
    QUIC Connection information
        [Connection Number: 0]
    [Packet Length: 1200]
    QUIC Short Header DCID=0afa83
        0... .... = Header Form: Short Header (0)
        .1.. .... = Fixed Bit: True
        ..0. .... = Spin Bit: False
        Destination Connection ID: 0afa83
    Remaining Payload […]: 5fd35a3ef62a7362a4a648c7800c9474e76811513ccd14758a6f6647ed421efb43daa2c7ca1eff7959a32a19d8cc3af4712289023f9e441183884f440257fa679ed548bc95bc601b91b9fa43a818b42a02e7ace1f9e14d4dc1da0326d9bb7f7538b0244cc3e36fd1a6fc18

Frame 35: Packet, 85 bytes on wire (680 bits), 85 bytes captured (680 bits) on interface \Device\NPF_{9B9257DC-FAC1-4993-B12F-136D7BA5E874}, id 0
    Section number: 1
    Interface id: 0 (\Device\NPF_{9B9257DC-FAC1-4993-B12F-136D7BA5E874})
        Interface name: \Device\NPF_{9B9257DC-FAC1-4993-B12F-136D7BA5E874}
        Interface description: Wi-Fi
    Encapsulation type: Ethernet (1)
    Arrival Time: Apr  9, 2026 18:28:53.782605100 India Standard Time
    UTC Arrival Time: Apr  9, 2026 12:58:53.782605100 UTC
    Epoch Arrival Time: 1775739533.782605100
    [Time shift for this packet: 0.000000000 seconds]
    [Time delta from previous captured frame: 79.500 microseconds]
    [Time delta from previous displayed frame: 79.500 microseconds]
    [Time since reference or first frame: 360.746700 milliseconds]
    Frame Number: 35
    Frame Length: 85 bytes (680 bits)
    Capture Length: 85 bytes (680 bits)
    [Frame is marked: False]
    [Frame is ignored: False]
    [Protocols in frame: eth:ethertype:ip:udp:quic]
    Character encoding: ASCII (0)
Ethernet II, Src: 96:77:0b:05:d4:0b (96:77:0b:05:d4:0b), Dst: HewlettPacka_3a:cc:1d (28:92:4a:3a:cc:1d)
    Destination: HewlettPacka_3a:cc:1d (28:92:4a:3a:cc:1d)
        .... ..0. .... .... .... .... = LG bit: Globally unique address (factory default)
        .... ...0 .... .... .... .... = IG bit: Individual address (unicast)
    Source: 96:77:0b:05:d4:0b (96:77:0b:05:d4:0b)
        .... ..1. .... .... .... .... = LG bit: Locally administered address (this is NOT the factory default)
        .... ...0 .... .... .... .... = IG bit: Individual address (unicast)
    Type: IPv4 (0x0800)
    [Stream index: 0]
Internet Protocol Version 4, Src: 172.16.90.227, Dst: 104.18.26.14
    0100 .... = Version: 4
    .... 0101 = Header Length: 20 bytes (5)
    Differentiated Services Field: 0x02 (DSCP: CS0, ECN: ECT(0))
        0000 00.. = Differentiated Services Codepoint: Default (0)
        .... ..10 = Explicit Congestion Notification: ECN-Capable Transport codepoint '10' (2)
    Total Length: 71
    Identification: 0xf2af (62127)
    010. .... = Flags: 0x2, Don't fragment
        0... .... = Reserved bit: Not set
        .1.. .... = Don't fragment: Set
        ..0. .... = More fragments: Not set
    ...0 0000 0000 0000 = Fragment Offset: 0
    Time to Live: 128
    Protocol: UDP (17)
    Header Checksum: 0x0000 [validation disabled]
    [Header checksum status: Unverified]
    Source Address: 172.16.90.227
    Destination Address: 104.18.26.14
    [Stream index: 1]
User Datagram Protocol, Src Port: 57190, Dst Port: 443
    Source Port: 57190
    Destination Port: 443
    Length: 51
    Checksum: 0x8958 [unverified]
    [Checksum Status: Unverified]
    [Stream index: 1]
    [Stream Packet Number: 33]
    [Timestamps]
        [Time since first frame: 33.718000 milliseconds]
        [Time since previous frame: 79.500 microseconds]
    UDP payload (43 bytes)
QUIC IETF
    QUIC Connection information
        [Connection Number: 0]
    [Packet Length: 43]
    QUIC Short Header DCID=0172064c881f2e941470f84c1c1f09aefd860534
        0... .... = Header Form: Short Header (0)
        .1.. .... = Fixed Bit: True
        ..1. .... = Spin Bit: True
        Destination Connection ID: 0172064c881f2e941470f84c1c1f09aefd860534
    Remaining Payload: 8c09f5e10a13add15d7399b5de36f016d23b6acbde70

Frame 36: Packet, 1242 bytes on wire (9936 bits), 1242 bytes captured (9936 bits) on interface \Device\NPF_{9B9257DC-FAC1-4993-B12F-136D7BA5E874}, id 0
    Section number: 1
    Interface id: 0 (\Device\NPF_{9B9257DC-FAC1-4993-B12F-136D7BA5E874})
        Interface name: \Device\NPF_{9B9257DC-FAC1-4993-B12F-136D7BA5E874}
        Interface description: Wi-Fi
    Encapsulation type: Ethernet (1)
    Arrival Time: Apr  9, 2026 18:28:53.783267000 India Standard Time
    UTC Arrival Time: Apr  9, 2026 12:58:53.783267000 UTC
    Epoch Arrival Time: 1775739533.783267000
    [Time shift for this packet: 0.000000000 seconds]
    [Time delta from previous captured frame: 661.900 microseconds]
    [Time delta from previous displayed frame: 661.900 microseconds]
    [Time since reference or first frame: 361.408600 milliseconds]
    Frame Number: 36
    Frame Length: 1242 bytes (9936 bits)
    Capture Length: 1242 bytes (9936 bits)
    [Frame is marked: False]
    [Frame is ignored: False]
    [Protocols in frame: eth:ethertype:ip:udp:quic]
    Character encoding: ASCII (0)
Ethernet II, Src: HewlettPacka_3a:cc:1d (28:92:4a:3a:cc:1d), Dst: 96:77:0b:05:d4:0b (96:77:0b:05:d4:0b)
    Destination: 96:77:0b:05:d4:0b (96:77:0b:05:d4:0b)
        .... ..1. .... .... .... .... = LG bit: Locally administered address (this is NOT the factory default)
        .... ...0 .... .... .... .... = IG bit: Individual address (unicast)
    Source: HewlettPacka_3a:cc:1d (28:92:4a:3a:cc:1d)
        .... ..0. .... .... .... .... = LG bit: Globally unique address (factory default)
        .... ...0 .... .... .... .... = IG bit: Individual address (unicast)
    Type: IPv4 (0x0800)
    [Stream index: 0]
Internet Protocol Version 4, Src: 104.18.26.14, Dst: 172.16.90.227
    0100 .... = Version: 4
    .... 0101 = Header Length: 20 bytes (5)
    Differentiated Services Field: 0x88 (DSCP: AF41, ECN: Not-ECT)
        1000 10.. = Differentiated Services Codepoint: Assured Forwarding 41 (34)
        .... ..00 = Explicit Congestion Notification: Not ECN-Capable Transport (0)
    Total Length: 1228
    Identification: 0x0007 (7)
    010. .... = Flags: 0x2, Don't fragment
        0... .... = Reserved bit: Not set
        .1.. .... = Don't fragment: Set
        ..0. .... = More fragments: Not set
    ...0 0000 0000 0000 = Fragment Offset: 0
    Time to Live: 57
    Protocol: UDP (17)
    Header Checksum: 0xb37e [validation disabled]
    [Header checksum status: Unverified]
    Source Address: 104.18.26.14
    Destination Address: 172.16.90.227
    [Stream index: 1]
User Datagram Protocol, Src Port: 443, Dst Port: 57190
    Source Port: 443
    Destination Port: 57190
    Length: 1208
    Checksum: 0xef35 [unverified]
    [Checksum Status: Unverified]
    [Stream index: 1]
    [Stream Packet Number: 34]
    [Timestamps]
        [Time since first frame: 34.379900 milliseconds]
        [Time since previous frame: 661.900 microseconds]
    UDP payload (1200 bytes)
QUIC IETF
    QUIC Connection information
        [Connection Number: 0]
    [Packet Length: 1200]
    QUIC Short Header DCID=0afa83
        0... .... = Header Form: Short Header (0)
        .1.. .... = Fixed Bit: True
        ..0. .... = Spin Bit: False
        Destination Connection ID: 0afa83
    Remaining Payload […]: 812ec0a43725cfcab6c40c6154fb8358134ac435b02138ca10c84192b4a444b652f405f19091d059af2efbececb0bcaa1711d3115272049b4f38ed4848426f02b8df63ed7ee86d2cccc2d89f020b9d1284bdd09aa3cd1f3b57f3404938264e0bbe75e62660515f68ac72f2

Frame 37: Packet, 1242 bytes on wire (9936 bits), 1242 bytes captured (9936 bits) on interface \Device\NPF_{9B9257DC-FAC1-4993-B12F-136D7BA5E874}, id 0
    Section number: 1
    Interface id: 0 (\Device\NPF_{9B9257DC-FAC1-4993-B12F-136D7BA5E874})
        Interface name: \Device\NPF_{9B9257DC-FAC1-4993-B12F-136D7BA5E874}
        Interface description: Wi-Fi
    Encapsulation type: Ethernet (1)
    Arrival Time: Apr  9, 2026 18:28:53.784146100 India Standard Time
    UTC Arrival Time: Apr  9, 2026 12:58:53.784146100 UTC
    Epoch Arrival Time: 1775739533.784146100
    [Time shift for this packet: 0.000000000 seconds]
    [Time delta from previous captured frame: 879.100 microseconds]
    [Time delta from previous displayed frame: 879.100 microseconds]
    [Time since reference or first frame: 362.287700 milliseconds]
    Frame Number: 37
    Frame Length: 1242 bytes (9936 bits)
    Capture Length: 1242 bytes (9936 bits)
    [Frame is marked: False]
    [Frame is ignored: False]
    [Protocols in frame: eth:ethertype:ip:udp:quic]
    Character encoding: ASCII (0)
Ethernet II, Src: HewlettPacka_3a:cc:1d (28:92:4a:3a:cc:1d), Dst: 96:77:0b:05:d4:0b (96:77:0b:05:d4:0b)
    Destination: 96:77:0b:05:d4:0b (96:77:0b:05:d4:0b)
        .... ..1. .... .... .... .... = LG bit: Locally administered address (this is NOT the factory default)
        .... ...0 .... .... .... .... = IG bit: Individual address (unicast)
    Source: HewlettPacka_3a:cc:1d (28:92:4a:3a:cc:1d)
        .... ..0. .... .... .... .... = LG bit: Globally unique address (factory default)
        .... ...0 .... .... .... .... = IG bit: Individual address (unicast)
    Type: IPv4 (0x0800)
    [Stream index: 0]
Internet Protocol Version 4, Src: 104.18.26.14, Dst: 172.16.90.227
    0100 .... = Version: 4
    .... 0101 = Header Length: 20 bytes (5)
    Differentiated Services Field: 0x88 (DSCP: AF41, ECN: Not-ECT)
        1000 10.. = Differentiated Services Codepoint: Assured Forwarding 41 (34)
        .... ..00 = Explicit Congestion Notification: Not ECN-Capable Transport (0)
    Total Length: 1228
    Identification: 0x0008 (8)
    010. .... = Flags: 0x2, Don't fragment
        0... .... = Reserved bit: Not set
        .1.. .... = Don't fragment: Set
        ..0. .... = More fragments: Not set
    ...0 0000 0000 0000 = Fragment Offset: 0
    Time to Live: 57
    Protocol: UDP (17)
    Header Checksum: 0xb37d [validation disabled]
    [Header checksum status: Unverified]
    Source Address: 104.18.26.14
    Destination Address: 172.16.90.227
    [Stream index: 1]
User Datagram Protocol, Src Port: 443, Dst Port: 57190
    Source Port: 443
    Destination Port: 57190
    Length: 1208
    Checksum: 0xa145 [unverified]
    [Checksum Status: Unverified]
    [Stream index: 1]
    [Stream Packet Number: 35]
    [Timestamps]
        [Time since first frame: 35.259000 milliseconds]
        [Time since previous frame: 879.100 microseconds]
    UDP payload (1200 bytes)
QUIC IETF
    QUIC Connection information
        [Connection Number: 0]
    [Packet Length: 1200]
    QUIC Short Header DCID=0afa83
        0... .... = Header Form: Short Header (0)
        .1.. .... = Fixed Bit: True
        ..0. .... = Spin Bit: False
        Destination Connection ID: 0afa83
    Remaining Payload […]: c696a2781a56654143e839936b15ab56bf9c59dbbc3db5a6490b91b052b67a988adc29d25cef32bec03c6b75815c5507857ddc3d8ae5e29031f16dfcc7ac90b441d34377b63e599db543548d2b98a287ee4efbf75a5c102cf26632695e9d605c9525e4ab2e440674c51ec5

Frame 38: Packet, 85 bytes on wire (680 bits), 85 bytes captured (680 bits) on interface \Device\NPF_{9B9257DC-FAC1-4993-B12F-136D7BA5E874}, id 0
    Section number: 1
    Interface id: 0 (\Device\NPF_{9B9257DC-FAC1-4993-B12F-136D7BA5E874})
        Interface name: \Device\NPF_{9B9257DC-FAC1-4993-B12F-136D7BA5E874}
        Interface description: Wi-Fi
    Encapsulation type: Ethernet (1)
    Arrival Time: Apr  9, 2026 18:28:53.784206700 India Standard Time
    UTC Arrival Time: Apr  9, 2026 12:58:53.784206700 UTC
    Epoch Arrival Time: 1775739533.784206700
    [Time shift for this packet: 0.000000000 seconds]
    [Time delta from previous captured frame: 60.600 microseconds]
    [Time delta from previous displayed frame: 60.600 microseconds]
    [Time since reference or first frame: 362.348300 milliseconds]
    Frame Number: 38
    Frame Length: 85 bytes (680 bits)
    Capture Length: 85 bytes (680 bits)
    [Frame is marked: False]
    [Frame is ignored: False]
    [Protocols in frame: eth:ethertype:ip:udp:quic]
    Character encoding: ASCII (0)
Ethernet II, Src: 96:77:0b:05:d4:0b (96:77:0b:05:d4:0b), Dst: HewlettPacka_3a:cc:1d (28:92:4a:3a:cc:1d)
    Destination: HewlettPacka_3a:cc:1d (28:92:4a:3a:cc:1d)
        .... ..0. .... .... .... .... = LG bit: Globally unique address (factory default)
        .... ...0 .... .... .... .... = IG bit: Individual address (unicast)
    Source: 96:77:0b:05:d4:0b (96:77:0b:05:d4:0b)
        .... ..1. .... .... .... .... = LG bit: Locally administered address (this is NOT the factory default)
        .... ...0 .... .... .... .... = IG bit: Individual address (unicast)
    Type: IPv4 (0x0800)
    [Stream index: 0]
Internet Protocol Version 4, Src: 172.16.90.227, Dst: 104.18.26.14
    0100 .... = Version: 4
    .... 0101 = Header Length: 20 bytes (5)
    Differentiated Services Field: 0x02 (DSCP: CS0, ECN: ECT(0))
        0000 00.. = Differentiated Services Codepoint: Default (0)
        .... ..10 = Explicit Congestion Notification: ECN-Capable Transport codepoint '10' (2)
    Total Length: 71
    Identification: 0xf2b0 (62128)
    010. .... = Flags: 0x2, Don't fragment
        0... .... = Reserved bit: Not set
        .1.. .... = Don't fragment: Set
        ..0. .... = More fragments: Not set
    ...0 0000 0000 0000 = Fragment Offset: 0
    Time to Live: 128
    Protocol: UDP (17)
    Header Checksum: 0x0000 [validation disabled]
    [Header checksum status: Unverified]
    Source Address: 172.16.90.227
    Destination Address: 104.18.26.14
    [Stream index: 1]
User Datagram Protocol, Src Port: 57190, Dst Port: 443
    Source Port: 57190
    Destination Port: 443
    Length: 51
    Checksum: 0x8958 [unverified]
    [Checksum Status: Unverified]
    [Stream index: 1]
    [Stream Packet Number: 36]
    [Timestamps]
        [Time since first frame: 35.319600 milliseconds]
        [Time since previous frame: 60.600 microseconds]
    UDP payload (43 bytes)
QUIC IETF
    QUIC Connection information
        [Connection Number: 0]
    [Packet Length: 43]
    QUIC Short Header DCID=0172064c881f2e941470f84c1c1f09aefd860534
        0... .... = Header Form: Short Header (0)
        .1.. .... = Fixed Bit: True
        ..1. .... = Spin Bit: True
        Destination Connection ID: 0172064c881f2e941470f84c1c1f09aefd860534
    Remaining Payload: 11198fb0cc6ac48a9a5ab1109caf27793139e75d00a7

Frame 39: Packet, 1242 bytes on wire (9936 bits), 1242 bytes captured (9936 bits) on interface \Device\NPF_{9B9257DC-FAC1-4993-B12F-136D7BA5E874}, id 0
    Section number: 1
    Interface id: 0 (\Device\NPF_{9B9257DC-FAC1-4993-B12F-136D7BA5E874})
        Interface name: \Device\NPF_{9B9257DC-FAC1-4993-B12F-136D7BA5E874}
        Interface description: Wi-Fi
    Encapsulation type: Ethernet (1)
    Arrival Time: Apr  9, 2026 18:28:53.785326600 India Standard Time
    UTC Arrival Time: Apr  9, 2026 12:58:53.785326600 UTC
    Epoch Arrival Time: 1775739533.785326600
    [Time shift for this packet: 0.000000000 seconds]
    [Time delta from previous captured frame: 1.119900 milliseconds]
    [Time delta from previous displayed frame: 1.119900 milliseconds]
    [Time since reference or first frame: 363.468200 milliseconds]
    Frame Number: 39
    Frame Length: 1242 bytes (9936 bits)
    Capture Length: 1242 bytes (9936 bits)
    [Frame is marked: False]
    [Frame is ignored: False]
    [Protocols in frame: eth:ethertype:ip:udp:quic]
    Character encoding: ASCII (0)
Ethernet II, Src: HewlettPacka_3a:cc:1d (28:92:4a:3a:cc:1d), Dst: 96:77:0b:05:d4:0b (96:77:0b:05:d4:0b)
    Destination: 96:77:0b:05:d4:0b (96:77:0b:05:d4:0b)
        .... ..1. .... .... .... .... = LG bit: Locally administered address (this is NOT the factory default)
        .... ...0 .... .... .... .... = IG bit: Individual address (unicast)
    Source: HewlettPacka_3a:cc:1d (28:92:4a:3a:cc:1d)
        .... ..0. .... .... .... .... = LG bit: Globally unique address (factory default)
        .... ...0 .... .... .... .... = IG bit: Individual address (unicast)
    Type: IPv4 (0x0800)
    [Stream index: 0]
Internet Protocol Version 4, Src: 104.18.26.14, Dst: 172.16.90.227
    0100 .... = Version: 4
    .... 0101 = Header Length: 20 bytes (5)
    Differentiated Services Field: 0x88 (DSCP: AF41, ECN: Not-ECT)
        1000 10.. = Differentiated Services Codepoint: Assured Forwarding 41 (34)
        .... ..00 = Explicit Congestion Notification: Not ECN-Capable Transport (0)
    Total Length: 1228
    Identification: 0x0009 (9)
    010. .... = Flags: 0x2, Don't fragment
        0... .... = Reserved bit: Not set
        .1.. .... = Don't fragment: Set
        ..0. .... = More fragments: Not set
    ...0 0000 0000 0000 = Fragment Offset: 0
    Time to Live: 57
    Protocol: UDP (17)
    Header Checksum: 0xb37c [validation disabled]
    [Header checksum status: Unverified]
    Source Address: 104.18.26.14
    Destination Address: 172.16.90.227
    [Stream index: 1]
User Datagram Protocol, Src Port: 443, Dst Port: 57190
    Source Port: 443
    Destination Port: 57190
    Length: 1208
    Checksum: 0x9beb [unverified]
    [Checksum Status: Unverified]
    [Stream index: 1]
    [Stream Packet Number: 37]
    [Timestamps]
        [Time since first frame: 36.439500 milliseconds]
        [Time since previous frame: 1.119900 milliseconds]
    UDP payload (1200 bytes)
QUIC IETF
    QUIC Connection information
        [Connection Number: 0]
    [Packet Length: 1200]
    QUIC Short Header DCID=0afa83
        0... .... = Header Form: Short Header (0)
        .1.. .... = Fixed Bit: True
        ..0. .... = Spin Bit: False
        Destination Connection ID: 0afa83
    Remaining Payload […]: e47199ea4ec36b3d43ea8e1d6ac8ba38fc31ed6b1133ecce42fc59bce106197d103f469762bceb0f5c5c0dbeb52e0a1a672709ad1c316b5db28aa73471a58329ef720d5368601b800dc7446533e562961be4834e4c70aa8d09db10263d74f417266c72b79bc1fc0491daa3

Frame 40: Packet, 1242 bytes on wire (9936 bits), 1242 bytes captured (9936 bits) on interface \Device\NPF_{9B9257DC-FAC1-4993-B12F-136D7BA5E874}, id 0
    Section number: 1
    Interface id: 0 (\Device\NPF_{9B9257DC-FAC1-4993-B12F-136D7BA5E874})
        Interface name: \Device\NPF_{9B9257DC-FAC1-4993-B12F-136D7BA5E874}
        Interface description: Wi-Fi
    Encapsulation type: Ethernet (1)
    Arrival Time: Apr  9, 2026 18:28:53.786233800 India Standard Time
    UTC Arrival Time: Apr  9, 2026 12:58:53.786233800 UTC
    Epoch Arrival Time: 1775739533.786233800
    [Time shift for this packet: 0.000000000 seconds]
    [Time delta from previous captured frame: 907.200 microseconds]
    [Time delta from previous displayed frame: 907.200 microseconds]
    [Time since reference or first frame: 364.375400 milliseconds]
    Frame Number: 40
    Frame Length: 1242 bytes (9936 bits)
    Capture Length: 1242 bytes (9936 bits)
    [Frame is marked: False]
    [Frame is ignored: False]
    [Protocols in frame: eth:ethertype:ip:udp:quic]
    Character encoding: ASCII (0)
Ethernet II, Src: HewlettPacka_3a:cc:1d (28:92:4a:3a:cc:1d), Dst: 96:77:0b:05:d4:0b (96:77:0b:05:d4:0b)
    Destination: 96:77:0b:05:d4:0b (96:77:0b:05:d4:0b)
        .... ..1. .... .... .... .... = LG bit: Locally administered address (this is NOT the factory default)
        .... ...0 .... .... .... .... = IG bit: Individual address (unicast)
    Source: HewlettPacka_3a:cc:1d (28:92:4a:3a:cc:1d)
        .... ..0. .... .... .... .... = LG bit: Globally unique address (factory default)
        .... ...0 .... .... .... .... = IG bit: Individual address (unicast)
    Type: IPv4 (0x0800)
    [Stream index: 0]
Internet Protocol Version 4, Src: 104.18.26.14, Dst: 172.16.90.227
    0100 .... = Version: 4
    .... 0101 = Header Length: 20 bytes (5)
    Differentiated Services Field: 0x88 (DSCP: AF41, ECN: Not-ECT)
        1000 10.. = Differentiated Services Codepoint: Assured Forwarding 41 (34)
        .... ..00 = Explicit Congestion Notification: Not ECN-Capable Transport (0)
    Total Length: 1228
    Identification: 0x0000 (0)
    010. .... = Flags: 0x2, Don't fragment
        0... .... = Reserved bit: Not set
        .1.. .... = Don't fragment: Set
        ..0. .... = More fragments: Not set
    ...0 0000 0000 0000 = Fragment Offset: 0
    Time to Live: 57
    Protocol: UDP (17)
    Header Checksum: 0xb385 [validation disabled]
    [Header checksum status: Unverified]
    Source Address: 104.18.26.14
    Destination Address: 172.16.90.227
    [Stream index: 1]
User Datagram Protocol, Src Port: 443, Dst Port: 57190
    Source Port: 443
    Destination Port: 57190
    Length: 1208
    Checksum: 0x72c4 [unverified]
    [Checksum Status: Unverified]
    [Stream index: 1]
    [Stream Packet Number: 38]
    [Timestamps]
        [Time since first frame: 37.346700 milliseconds]
        [Time since previous frame: 907.200 microseconds]
    UDP payload (1200 bytes)
QUIC IETF
    QUIC Connection information
        [Connection Number: 0]
    [Packet Length: 1200]
    QUIC Short Header DCID=0afa83
        0... .... = Header Form: Short Header (0)
        .1.. .... = Fixed Bit: True
        ..0. .... = Spin Bit: False
        Destination Connection ID: 0afa83
    Remaining Payload […]: af732a82dd909c0357c85415c06f630949e0db2d1976374798e967eb1536187f8cab9d74d91252ec061d0df16a9fc9e3590605a4e757d0eae7d97ca3ead3f91860cf9494fdbd303b85266bb727e20d3b1950129ea32c36d979548e90f70dc3110a60315f106261ff8243c2

Frame 41: Packet, 85 bytes on wire (680 bits), 85 bytes captured (680 bits) on interface \Device\NPF_{9B9257DC-FAC1-4993-B12F-136D7BA5E874}, id 0
    Section number: 1
    Interface id: 0 (\Device\NPF_{9B9257DC-FAC1-4993-B12F-136D7BA5E874})
        Interface name: \Device\NPF_{9B9257DC-FAC1-4993-B12F-136D7BA5E874}
        Interface description: Wi-Fi
    Encapsulation type: Ethernet (1)
    Arrival Time: Apr  9, 2026 18:28:53.786273300 India Standard Time
    UTC Arrival Time: Apr  9, 2026 12:58:53.786273300 UTC
    Epoch Arrival Time: 1775739533.786273300
    [Time shift for this packet: 0.000000000 seconds]
    [Time delta from previous captured frame: 39.500 microseconds]
    [Time delta from previous displayed frame: 39.500 microseconds]
    [Time since reference or first frame: 364.414900 milliseconds]
    Frame Number: 41
    Frame Length: 85 bytes (680 bits)
    Capture Length: 85 bytes (680 bits)
    [Frame is marked: False]
    [Frame is ignored: False]
    [Protocols in frame: eth:ethertype:ip:udp:quic]
    Character encoding: ASCII (0)
Ethernet II, Src: 96:77:0b:05:d4:0b (96:77:0b:05:d4:0b), Dst: HewlettPacka_3a:cc:1d (28:92:4a:3a:cc:1d)
    Destination: HewlettPacka_3a:cc:1d (28:92:4a:3a:cc:1d)
        .... ..0. .... .... .... .... = LG bit: Globally unique address (factory default)
        .... ...0 .... .... .... .... = IG bit: Individual address (unicast)
    Source: 96:77:0b:05:d4:0b (96:77:0b:05:d4:0b)
        .... ..1. .... .... .... .... = LG bit: Locally administered address (this is NOT the factory default)
        .... ...0 .... .... .... .... = IG bit: Individual address (unicast)
    Type: IPv4 (0x0800)
    [Stream index: 0]
Internet Protocol Version 4, Src: 172.16.90.227, Dst: 104.18.26.14
    0100 .... = Version: 4
    .... 0101 = Header Length: 20 bytes (5)
    Differentiated Services Field: 0x02 (DSCP: CS0, ECN: ECT(0))
        0000 00.. = Differentiated Services Codepoint: Default (0)
        .... ..10 = Explicit Congestion Notification: ECN-Capable Transport codepoint '10' (2)
    Total Length: 71
    Identification: 0xf2b1 (62129)
    010. .... = Flags: 0x2, Don't fragment
        0... .... = Reserved bit: Not set
        .1.. .... = Don't fragment: Set
        ..0. .... = More fragments: Not set
    ...0 0000 0000 0000 = Fragment Offset: 0
    Time to Live: 128
    Protocol: UDP (17)
    Header Checksum: 0x0000 [validation disabled]
    [Header checksum status: Unverified]
    Source Address: 172.16.90.227
    Destination Address: 104.18.26.14
    [Stream index: 1]
User Datagram Protocol, Src Port: 57190, Dst Port: 443
    Source Port: 57190
    Destination Port: 443
    Length: 51
    Checksum: 0x8958 [unverified]
    [Checksum Status: Unverified]
    [Stream index: 1]
    [Stream Packet Number: 39]
    [Timestamps]
        [Time since first frame: 37.386200 milliseconds]
        [Time since previous frame: 39.500 microseconds]
    UDP payload (43 bytes)
QUIC IETF
    QUIC Connection information
        [Connection Number: 0]
    [Packet Length: 43]
    QUIC Short Header DCID=0172064c881f2e941470f84c1c1f09aefd860534
        0... .... = Header Form: Short Header (0)
        .1.. .... = Fixed Bit: True
        ..1. .... = Spin Bit: True
        Destination Connection ID: 0172064c881f2e941470f84c1c1f09aefd860534
    Remaining Payload: 6eeb3a962a68764075564f5b63a47d4d4b3c7a7e9d05

Frame 42: Packet, 731 bytes on wire (5848 bits), 731 bytes captured (5848 bits) on interface \Device\NPF_{9B9257DC-FAC1-4993-B12F-136D7BA5E874}, id 0
    Section number: 1
    Interface id: 0 (\Device\NPF_{9B9257DC-FAC1-4993-B12F-136D7BA5E874})
        Interface name: \Device\NPF_{9B9257DC-FAC1-4993-B12F-136D7BA5E874}
        Interface description: Wi-Fi
    Encapsulation type: Ethernet (1)
    Arrival Time: Apr  9, 2026 18:28:53.787583400 India Standard Time
    UTC Arrival Time: Apr  9, 2026 12:58:53.787583400 UTC
    Epoch Arrival Time: 1775739533.787583400
    [Time shift for this packet: 0.000000000 seconds]
    [Time delta from previous captured frame: 1.310100 milliseconds]
    [Time delta from previous displayed frame: 1.310100 milliseconds]
    [Time since reference or first frame: 365.725000 milliseconds]
    Frame Number: 42
    Frame Length: 731 bytes (5848 bits)
    Capture Length: 731 bytes (5848 bits)
    [Frame is marked: False]
    [Frame is ignored: False]
    [Protocols in frame: eth:ethertype:ip:udp:quic]
    Character encoding: ASCII (0)
Ethernet II, Src: HewlettPacka_3a:cc:1d (28:92:4a:3a:cc:1d), Dst: 96:77:0b:05:d4:0b (96:77:0b:05:d4:0b)
    Destination: 96:77:0b:05:d4:0b (96:77:0b:05:d4:0b)
        .... ..1. .... .... .... .... = LG bit: Locally administered address (this is NOT the factory default)
        .... ...0 .... .... .... .... = IG bit: Individual address (unicast)
    Source: HewlettPacka_3a:cc:1d (28:92:4a:3a:cc:1d)
        .... ..0. .... .... .... .... = LG bit: Globally unique address (factory default)
        .... ...0 .... .... .... .... = IG bit: Individual address (unicast)
    Type: IPv4 (0x0800)
    [Stream index: 0]
Internet Protocol Version 4, Src: 104.18.26.14, Dst: 172.16.90.227
    0100 .... = Version: 4
    .... 0101 = Header Length: 20 bytes (5)
    Differentiated Services Field: 0x88 (DSCP: AF41, ECN: Not-ECT)
        1000 10.. = Differentiated Services Codepoint: Assured Forwarding 41 (34)
        .... ..00 = Explicit Congestion Notification: Not ECN-Capable Transport (0)
    Total Length: 717
    Identification: 0x0001 (1)
    010. .... = Flags: 0x2, Don't fragment
        0... .... = Reserved bit: Not set
        .1.. .... = Don't fragment: Set
        ..0. .... = More fragments: Not set
    ...0 0000 0000 0000 = Fragment Offset: 0
    Time to Live: 57
    Protocol: UDP (17)
    Header Checksum: 0xb583 [validation disabled]
    [Header checksum status: Unverified]
    Source Address: 104.18.26.14
    Destination Address: 172.16.90.227
    [Stream index: 1]
User Datagram Protocol, Src Port: 443, Dst Port: 57190
    Source Port: 443
    Destination Port: 57190
    Length: 697
    Checksum: 0x01ea [unverified]
    [Checksum Status: Unverified]
    [Stream index: 1]
    [Stream Packet Number: 40]
    [Timestamps]
        [Time since first frame: 38.696300 milliseconds]
        [Time since previous frame: 1.310100 milliseconds]
    UDP payload (689 bytes)
QUIC IETF
    QUIC Connection information
        [Connection Number: 0]
    [Packet Length: 689]
    QUIC Short Header DCID=0afa83
        0... .... = Header Form: Short Header (0)
        .1.. .... = Fixed Bit: True
        ..0. .... = Spin Bit: False
        Destination Connection ID: 0afa83
    Remaining Payload […]: 184a6aa40a3adca326621f22704bd64a5d530e05452b53dd09428d1ca100073a0e242da6399020716c50e7a68b569b05ca175b2ca914d640e520a519ddde60cf97d255c5f3d367748237a546dcdde5c163b90ee3f446e9713abacf7a9f2dd9917679a8ebaa3906b89fd2df

Frame 43: Packet, 86 bytes on wire (688 bits), 86 bytes captured (688 bits) on interface \Device\NPF_{9B9257DC-FAC1-4993-B12F-136D7BA5E874}, id 0
    Section number: 1
    Interface id: 0 (\Device\NPF_{9B9257DC-FAC1-4993-B12F-136D7BA5E874})
        Interface name: \Device\NPF_{9B9257DC-FAC1-4993-B12F-136D7BA5E874}
        Interface description: Wi-Fi
    Encapsulation type: Ethernet (1)
    Arrival Time: Apr  9, 2026 18:28:53.807793200 India Standard Time
    UTC Arrival Time: Apr  9, 2026 12:58:53.807793200 UTC
    Epoch Arrival Time: 1775739533.807793200
    [Time shift for this packet: 0.000000000 seconds]
    [Time delta from previous captured frame: 20.209800 milliseconds]
    [Time delta from previous displayed frame: 20.209800 milliseconds]
    [Time since reference or first frame: 385.934800 milliseconds]
    Frame Number: 43
    Frame Length: 86 bytes (688 bits)
    Capture Length: 86 bytes (688 bits)
    [Frame is marked: False]
    [Frame is ignored: False]
    [Protocols in frame: eth:ethertype:ip:udp:quic]
    Character encoding: ASCII (0)
Ethernet II, Src: 96:77:0b:05:d4:0b (96:77:0b:05:d4:0b), Dst: HewlettPacka_3a:cc:1d (28:92:4a:3a:cc:1d)
    Destination: HewlettPacka_3a:cc:1d (28:92:4a:3a:cc:1d)
        .... ..0. .... .... .... .... = LG bit: Globally unique address (factory default)
        .... ...0 .... .... .... .... = IG bit: Individual address (unicast)
    Source: 96:77:0b:05:d4:0b (96:77:0b:05:d4:0b)
        .... ..1. .... .... .... .... = LG bit: Locally administered address (this is NOT the factory default)
        .... ...0 .... .... .... .... = IG bit: Individual address (unicast)
    Type: IPv4 (0x0800)
    [Stream index: 0]
Internet Protocol Version 4, Src: 172.16.90.227, Dst: 104.18.26.14
    0100 .... = Version: 4
    .... 0101 = Header Length: 20 bytes (5)
    Differentiated Services Field: 0x02 (DSCP: CS0, ECN: ECT(0))
        0000 00.. = Differentiated Services Codepoint: Default (0)
        .... ..10 = Explicit Congestion Notification: ECN-Capable Transport codepoint '10' (2)
    Total Length: 72
    Identification: 0xf2b2 (62130)
    010. .... = Flags: 0x2, Don't fragment
        0... .... = Reserved bit: Not set
        .1.. .... = Don't fragment: Set
        ..0. .... = More fragments: Not set
    ...0 0000 0000 0000 = Fragment Offset: 0
    Time to Live: 128
    Protocol: UDP (17)
    Header Checksum: 0x0000 [validation disabled]
    [Header checksum status: Unverified]
    Source Address: 172.16.90.227
    Destination Address: 104.18.26.14
    [Stream index: 1]
User Datagram Protocol, Src Port: 57190, Dst Port: 443
    Source Port: 57190
    Destination Port: 443
    Length: 52
    Checksum: 0x8959 [unverified]
    [Checksum Status: Unverified]
    [Stream index: 1]
    [Stream Packet Number: 41]
    [Timestamps]
        [Time since first frame: 58.906100 milliseconds]
        [Time since previous frame: 20.209800 milliseconds]
    UDP payload (44 bytes)
QUIC IETF
    QUIC Connection information
        [Connection Number: 0]
    [Packet Length: 44]
    QUIC Short Header DCID=0172064c881f2e941470f84c1c1f09aefd860534
        0... .... = Header Form: Short Header (0)
        .1.. .... = Fixed Bit: True
        ..0. .... = Spin Bit: False
        Destination Connection ID: 0172064c881f2e941470f84c1c1f09aefd860534
    Remaining Payload: b0b1ac4bb2b093ebe76cc99f15084ed2dec55db7a6ea43

Frame 44: Packet, 1294 bytes on wire (10352 bits), 1294 bytes captured (10352 bits) on interface \Device\NPF_{9B9257DC-FAC1-4993-B12F-136D7BA5E874}, id 0
    Section number: 1
    Interface id: 0 (\Device\NPF_{9B9257DC-FAC1-4993-B12F-136D7BA5E874})
        Interface name: \Device\NPF_{9B9257DC-FAC1-4993-B12F-136D7BA5E874}
        Interface description: Wi-Fi
    Encapsulation type: Ethernet (1)
    Arrival Time: Apr  9, 2026 18:28:53.935913300 India Standard Time
    UTC Arrival Time: Apr  9, 2026 12:58:53.935913300 UTC
    Epoch Arrival Time: 1775739533.935913300
    [Time shift for this packet: 0.000000000 seconds]
    [Time delta from previous captured frame: 128.120100 milliseconds]
    [Time delta from previous displayed frame: 128.120100 milliseconds]
    [Time since reference or first frame: 514.054900 milliseconds]
    Frame Number: 44
    Frame Length: 1294 bytes (10352 bits)
    Capture Length: 1294 bytes (10352 bits)
    [Frame is marked: False]
    [Frame is ignored: False]
    [Protocols in frame: eth:ethertype:ip:udp:quic]
    Character encoding: ASCII (0)
Ethernet II, Src: 96:77:0b:05:d4:0b (96:77:0b:05:d4:0b), Dst: HewlettPacka_3a:cc:1d (28:92:4a:3a:cc:1d)
    Destination: HewlettPacka_3a:cc:1d (28:92:4a:3a:cc:1d)
        .... ..0. .... .... .... .... = LG bit: Globally unique address (factory default)
        .... ...0 .... .... .... .... = IG bit: Individual address (unicast)
    Source: 96:77:0b:05:d4:0b (96:77:0b:05:d4:0b)
        .... ..1. .... .... .... .... = LG bit: Locally administered address (this is NOT the factory default)
        .... ...0 .... .... .... .... = IG bit: Individual address (unicast)
    Type: IPv4 (0x0800)
    [Stream index: 0]
Internet Protocol Version 4, Src: 172.16.90.227, Dst: 104.16.123.96
    0100 .... = Version: 4
    .... 0101 = Header Length: 20 bytes (5)
    Differentiated Services Field: 0x00 (DSCP: CS0, ECN: Not-ECT)
        0000 00.. = Differentiated Services Codepoint: Default (0)
        .... ..00 = Explicit Congestion Notification: Not ECN-Capable Transport (0)
    Total Length: 1280
    Identification: 0xb428 (46120)
    010. .... = Flags: 0x2, Don't fragment
        0... .... = Reserved bit: Not set
        .1.. .... = Don't fragment: Set
        ..0. .... = More fragments: Not set
    ...0 0000 0000 0000 = Fragment Offset: 0
    Time to Live: 128
    Protocol: UDP (17)
    Header Checksum: 0x0000 [validation disabled]
    [Header checksum status: Unverified]
    Source Address: 172.16.90.227
    Destination Address: 104.16.123.96
    [Stream index: 2]
User Datagram Protocol, Src Port: 50490, Dst Port: 443
    Source Port: 50490
    Destination Port: 443
    Length: 1260
    Checksum: 0xef61 [unverified]
    [Checksum Status: Unverified]
    [Stream index: 2]
    [Stream Packet Number: 1]
    [Timestamps]
        [Time since first frame: 0.000000000 seconds]
        [Time since previous frame: 0.000000000 seconds]
    UDP payload (1252 bytes)
QUIC IETF
    QUIC Connection information
        [Connection Number: 1]
    [Packet Length: 993]
    1... .... = Header Form: Long Header (1)
    .1.. .... = Fixed Bit: True
    ..00 .... = Packet Type: Initial (0)
    [.... 00.. = Reserved: 0]
    [.... ..00 = Packet Number Length: 1 bytes (0)]
    Version: 1 (0x00000001)
    Destination Connection ID Length: 8
    Destination Connection ID: e707adaf91c48f4d
    Source Connection ID Length: 3
    Source Connection ID: 95a10c
    Token Length: 0
    Length: 972
    [Packet Number: 32]
    Payload […]: 2e362225a499d6b8bab7f0277c3f5b78b69b8220c4e79411675e9205e50fc3e28861850cbbc87a3bad0f771f11fc9aafc3605e1b0b295f29fcd1d5570caf437bdeed3c45c02758409c95f444dacb0ca6ca8ed7a15488cdafc5d9fc7fddfbda5fc992163b10350eda98ee6f949ac61cd1
    CRYPTO
        Frame Type: CRYPTO (0x0000000000000006)
        Offset: 1032
        Length: 861
        Crypto Data
    CRYPTO
        Frame Type: CRYPTO (0x0000000000000006)
        Offset: 0
        Length: 85
        Crypto Data
QUIC IETF
    [Expert Info (Note/Protocol): (Random) padding data appended to the datagram]
        [(Random) padding data appended to the datagram]
        [Severity level: Note]
        [Group: Protocol]

Frame 45: Packet, 1294 bytes on wire (10352 bits), 1294 bytes captured (10352 bits) on interface \Device\NPF_{9B9257DC-FAC1-4993-B12F-136D7BA5E874}, id 0
    Section number: 1
    Interface id: 0 (\Device\NPF_{9B9257DC-FAC1-4993-B12F-136D7BA5E874})
        Interface name: \Device\NPF_{9B9257DC-FAC1-4993-B12F-136D7BA5E874}
        Interface description: Wi-Fi
    Encapsulation type: Ethernet (1)
    Arrival Time: Apr  9, 2026 18:28:53.935957400 India Standard Time
    UTC Arrival Time: Apr  9, 2026 12:58:53.935957400 UTC
    Epoch Arrival Time: 1775739533.935957400
    [Time shift for this packet: 0.000000000 seconds]
    [Time delta from previous captured frame: 44.100 microseconds]
    [Time delta from previous displayed frame: 44.100 microseconds]
    [Time since reference or first frame: 514.099000 milliseconds]
    Frame Number: 45
    Frame Length: 1294 bytes (10352 bits)
    Capture Length: 1294 bytes (10352 bits)
    [Frame is marked: False]
    [Frame is ignored: False]
    [Protocols in frame: eth:ethertype:ip:udp:quic:tls]
    Character encoding: ASCII (0)
Ethernet II, Src: 96:77:0b:05:d4:0b (96:77:0b:05:d4:0b), Dst: HewlettPacka_3a:cc:1d (28:92:4a:3a:cc:1d)
    Destination: HewlettPacka_3a:cc:1d (28:92:4a:3a:cc:1d)
        .... ..0. .... .... .... .... = LG bit: Globally unique address (factory default)
        .... ...0 .... .... .... .... = IG bit: Individual address (unicast)
    Source: 96:77:0b:05:d4:0b (96:77:0b:05:d4:0b)
        .... ..1. .... .... .... .... = LG bit: Locally administered address (this is NOT the factory default)
        .... ...0 .... .... .... .... = IG bit: Individual address (unicast)
    Type: IPv4 (0x0800)
    [Stream index: 0]
Internet Protocol Version 4, Src: 172.16.90.227, Dst: 104.16.123.96
    0100 .... = Version: 4
    .... 0101 = Header Length: 20 bytes (5)
    Differentiated Services Field: 0x00 (DSCP: CS0, ECN: Not-ECT)
        0000 00.. = Differentiated Services Codepoint: Default (0)
        .... ..00 = Explicit Congestion Notification: Not ECN-Capable Transport (0)
    Total Length: 1280
    Identification: 0xb429 (46121)
    010. .... = Flags: 0x2, Don't fragment
        0... .... = Reserved bit: Not set
        .1.. .... = Don't fragment: Set
        ..0. .... = More fragments: Not set
    ...0 0000 0000 0000 = Fragment Offset: 0
    Time to Live: 128
    Protocol: UDP (17)
    Header Checksum: 0x0000 [validation disabled]
    [Header checksum status: Unverified]
    Source Address: 172.16.90.227
    Destination Address: 104.16.123.96
    [Stream index: 2]
User Datagram Protocol, Src Port: 50490, Dst Port: 443
    Source Port: 50490
    Destination Port: 443
    Length: 1260
    Checksum: 0xef61 [unverified]
    [Checksum Status: Unverified]
    [Stream index: 2]
    [Stream Packet Number: 2]
    [Timestamps]
        [Time since first frame: 44.100 microseconds]
        [Time since previous frame: 44.100 microseconds]
    UDP payload (1252 bytes)
QUIC IETF
    QUIC Connection information
        [Connection Number: 1]
    [Packet Length: 990]
    1... .... = Header Form: Long Header (1)
    .1.. .... = Fixed Bit: True
    ..00 .... = Packet Type: Initial (0)
    [.... 00.. = Reserved: 0]
    [.... ..00 = Packet Number Length: 1 bytes (0)]
    Version: 1 (0x00000001)
    Destination Connection ID Length: 8
    Destination Connection ID: e707adaf91c48f4d
    Source Connection ID Length: 3
    Source Connection ID: 95a10c
    Token Length: 0
    Length: 969
    [Packet Number: 33]
    Payload […]: 323f43f34b274ee00130318ff27586108d391bd28e2e44ca1989ad96ac9c5e39a5f0dc25920e1d5e295fbb4e44c6df3f49693323e9d35b3794bbd7fe33c5310272d0090abfd506aef439387e4d21896f4c399ad1fa9ddf3024f4ea30c0124de83203cd7b9b73747d11bafc7da8c16094
    CRYPTO
        Frame Type: CRYPTO (0x0000000000000006)
        Offset: 85
        Length: 947
        Crypto Data
        [3 Reassembled QUIC CRYPTO Data Fragments (1893 bytes): #44(85), #45(947), #44(861)]
            [Frame: 44, payload: 0-84 (85 bytes)]
            [Frame: 45, payload: 85-1031 (947 bytes)]
            [Frame: 44, payload: 1032-1892 (861 bytes)]
            [Fragment count: 3]
        TLSv1.3 Record Layer: Handshake Protocol: Client Hello
            Handshake Protocol: Client Hello
                Handshake Type: Client Hello (1)
                Length: 1889
                Version: TLS 1.2 (0x0303)
                    [Expert Info (Chat/Deprecated): This legacy_version field MUST be ignored. The supported_versions extension is present and MUST be used instead.]
                        [This legacy_version field MUST be ignored. The supported_versions extension is present and MUST be used instead.]
                        [Severity level: Chat]
                        [Group: Deprecated]
                Random: 94b2d08ad8bd1a0fee3dc6b60e242a614135b2e5598d530acd94b004f37d7fa8
                Session ID Length: 0
                Cipher Suites Length: 6
                Cipher Suites (3 suites)
                    Cipher Suite: TLS_AES_128_GCM_SHA256 (0x1301)
                    Cipher Suite: TLS_CHACHA20_POLY1305_SHA256 (0x1303)
                    Cipher Suite: TLS_AES_256_GCM_SHA384 (0x1302)
                Compression Methods Length: 1
                Compression Methods (1 method)
                    Compression Method: null (0)
                Extensions Length: 1842
                Extension: supported_versions (len=3) TLS 1.3
                    Type: supported_versions (43)
                    Length: 3
                    Supported Versions length: 2
                    Supported Version: TLS 1.3 (0x0304)
                Extension: status_request (len=5)
                    Type: status_request (5)
                    Length: 5
                    Certificate Status Type: OCSP (1)
                    Responder ID list Length: 0
                    Request Extensions Length: 0
                Extension: server_name (len=23) name=www.cloudflare.com
                    Type: server_name (0)
                    Length: 23
                    Server Name Indication extension
                        Server Name list length: 21
                        Server Name Type: host_name (0)
                        Server Name length: 18
                        Server Name: www.cloudflare.com
                Extension: renegotiation_info (len=1)
                    Type: renegotiation_info (65281)
                    Length: 1
                    Renegotiation Info extension
                        Renegotiation info extension length: 0
                Extension: extended_master_secret (len=0)
                    Type: extended_master_secret (23)
                    Length: 0
                Extension: supported_groups (len=12)
                    Type: supported_groups (10)
                    Length: 12
                    Supported Groups List Length: 10
                    Supported Groups (5 groups)
                        Supported Group: X25519MLKEM768 (0x11ec)
                        Supported Group: x25519 (0x001d)
                        Supported Group: secp256r1 (0x0017)
                        Supported Group: secp384r1 (0x0018)
                        Supported Group: secp521r1 (0x0019)
                Extension: delegated_credentials (len=10)
                    Type: delegated_credentials (34)
                    Length: 10
                    Signature Hash Algorithms Length: 8
                    Signature Hash Algorithms (4 algorithms)
                        Signature Algorithm: ecdsa_secp256r1_sha256 (0x0403)
                            Signature Hash Algorithm Hash: SHA256 (4)
                            Signature Hash Algorithm Signature: ECDSA (3)
                        Signature Algorithm: ecdsa_secp384r1_sha384 (0x0503)
                            Signature Hash Algorithm Hash: SHA384 (5)
                            Signature Hash Algorithm Signature: ECDSA (3)
                        Signature Algorithm: ecdsa_secp521r1_sha512 (0x0603)
                            Signature Hash Algorithm Hash: SHA512 (6)
                            Signature Hash Algorithm Signature: ECDSA (3)
                        Signature Algorithm: ecdsa_sha1 (0x0203)
                            Signature Hash Algorithm Hash: SHA1 (2)
                            Signature Hash Algorithm Signature: ECDSA (3)
                Extension: key_share (len=1327) X25519MLKEM768, x25519, secp256r1
                    Type: key_share (51)
                    Length: 1327
                    Key Share extension
                        Client Key Share Length: 1325
                        Key Share Entry: Group: X25519MLKEM768, Key Exchange length: 1216
                            Group: X25519MLKEM768 (4588)
                            Key Exchange Length: 1216
                            Key Exchange […]: 7e098e931c41fee2232ae370e37b66fa78895200b10776299309b5607697059081bd284947f13819f810e8b6a89904c33f04431fe167798419e3f9bd66291f99832e2a494f2dda853b5c7e3953c44405011a955c3ffa1518936108b787200cbac35b7cf04c8c76fb52613353801
                        Key Share Entry: Group: x25519, Key Exchange length: 32
                            Group: x25519 (29)
                            Key Exchange Length: 32
                            Key Exchange: 27860f3efc2dcd99df2725947b2baea8407481493f988c4ef690fdb52475216a
                        Key Share Entry: Group: secp256r1, Key Exchange length: 65
                            Group: secp256r1 (23)
                            Key Exchange Length: 65
                            Key Exchange: 04e3c750cdb3d30e852caae96be28af2a4c15d0d6066b343ec10c82369253053d8a12d52c3e31b2dca2eccd77b5efb32ba945c4df43a8d7b2737efc791ba4b17bc
                Extension: psk_key_exchange_modes (len=2)
                    Type: psk_key_exchange_modes (45)
                    Length: 2
                    PSK Key Exchange Modes Length: 1
                    PSK Key Exchange Mode: PSK with (EC)DHE key establishment (psk_dhe_ke) (1)
                Extension: record_size_limit (len=2)
                    Type: record_size_limit (28)
                    Length: 2
                    Record Size Limit: 16385
                Extension: signature_algorithms (len=24)
                    Type: signature_algorithms (13)
                    Length: 24
                    Signature Hash Algorithms Length: 22
                    Signature Hash Algorithms (11 algorithms)
                        Signature Algorithm: ecdsa_secp256r1_sha256 (0x0403)
                            Signature Hash Algorithm Hash: SHA256 (4)
                            Signature Hash Algorithm Signature: ECDSA (3)
                        Signature Algorithm: ecdsa_secp384r1_sha384 (0x0503)
                            Signature Hash Algorithm Hash: SHA384 (5)
                            Signature Hash Algorithm Signature: ECDSA (3)
                        Signature Algorithm: ecdsa_secp521r1_sha512 (0x0603)
                            Signature Hash Algorithm Hash: SHA512 (6)
                            Signature Hash Algorithm Signature: ECDSA (3)
                        Signature Algorithm: ecdsa_sha1 (0x0203)
                            Signature Hash Algorithm Hash: SHA1 (2)
                            Signature Hash Algorithm Signature: ECDSA (3)
                        Signature Algorithm: rsa_pss_rsae_sha256 (0x0804)
                            Signature Hash Algorithm Hash: Unknown (8)
                            Signature Hash Algorithm Signature: Unknown (4)
                        Signature Algorithm: rsa_pss_rsae_sha384 (0x0805)
                            Signature Hash Algorithm Hash: Unknown (8)
                            Signature Hash Algorithm Signature: Unknown (5)
                        Signature Algorithm: rsa_pss_rsae_sha512 (0x0806)
                            Signature Hash Algorithm Hash: Unknown (8)
                            Signature Hash Algorithm Signature: Unknown (6)
                        Signature Algorithm: rsa_pkcs1_sha256 (0x0401)
                            Signature Hash Algorithm Hash: SHA256 (4)
                            Signature Hash Algorithm Signature: RSA (1)
                        Signature Algorithm: rsa_pkcs1_sha384 (0x0501)
                            Signature Hash Algorithm Hash: SHA384 (5)
                            Signature Hash Algorithm Signature: RSA (1)
                        Signature Algorithm: rsa_pkcs1_sha512 (0x0601)
                            Signature Hash Algorithm Hash: SHA512 (6)
                            Signature Hash Algorithm Signature: RSA (1)
                        Signature Algorithm: rsa_pkcs1_sha1 (0x0201)
                            Signature Hash Algorithm Hash: SHA1 (2)
                            Signature Hash Algorithm Signature: RSA (1)
                Extension: application_layer_protocol_negotiation (len=5)
                    Type: application_layer_protocol_negotiation (16)
                    Length: 5
                    ALPN Extension Length: 3
                    ALPN Protocol
                        ALPN string length: 2
                        ALPN Next Protocol: h3
                Extension: compress_certificate (len=7)
                    Type: compress_certificate (27)
                    Length: 7
                    Algorithms Length: 6
                    Algorithm: zlib (1)
                    Algorithm: zstd (3)
                    Algorithm: brotli (2)
                Extension: quic_transport_parameters (len=80)
                    Type: quic_transport_parameters (57)
                    Length: 80
                    Parameter: max_idle_timeout (len=4) 30000 ms
                        Type: max_idle_timeout (0x01)
                        Length: 4
                        Value: 80007530
                        max_idle_timeout: 30000
                    Parameter: initial_max_data (len=4) 25165824
                        Type: initial_max_data (0x04)
                        Length: 4
                        Value: 81800000
                        initial_max_data: 25165824
                    Parameter: initial_max_stream_data_bidi_local (len=4) 12582912
                        Type: initial_max_stream_data_bidi_local (0x05)
                        Length: 4
                        Value: 80c00000
                        initial_max_stream_data_bidi_local: 12582912
                    Parameter: initial_max_stream_data_bidi_remote (len=4) 1048576
                        Type: initial_max_stream_data_bidi_remote (0x06)
                        Length: 4
                        Value: 80100000
                        initial_max_stream_data_bidi_remote: 1048576
                    Parameter: initial_max_stream_data_uni (len=4) 1048576
                        Type: initial_max_stream_data_uni (0x07)
                        Length: 4
                        Value: 80100000
                        initial_max_stream_data_uni: 1048576
                    Parameter: initial_max_streams_bidi (len=2) 100
                        Type: initial_max_streams_bidi (0x08)
                        Length: 2
                        Value: 4064
                        initial_max_streams_bidi: 100
                    Parameter: initial_max_streams_uni (len=2) 100
                        Type: initial_max_streams_uni (0x09)
                        Length: 2
                        Value: 4064
                        initial_max_streams_uni: 100
                    Parameter: max_ack_delay (len=1) 20
                        Type: max_ack_delay (0x0b)
                        Length: 1
                        Value: 14
                        max_ack_delay: 20
                    Parameter: active_connection_id_limit (len=1) 8
                        Type: active_connection_id_limit (0x0e)
                        Length: 1
                        Value: 08
                        Active Connection ID Limit: 8
                    Parameter: initial_source_connection_id (len=3)
                        Type: initial_source_connection_id (0x0f)
                        Length: 3
                        Value: 95a10c
                        Initial Source Connection ID: 95a10c
                    Parameter: version_information (len=12)
                        Type: version_information (0x11)
                        Length: 12
                        Value: 00000001aaba4aca00000001
                        Chosen Version: 1 (0x00000001)
                        Other Version: Unknown (0xaaba4aca) (GREASE)
                        Other Version: 1 (0x00000001)
                    Parameter: GREASE (len=2)
                        Type: GREASE (0xff02de1a)
                        Length: 2
                        Value: 43e8
                    Parameter: max_datagram_frame_size (len=4) 65535
                        Type: max_datagram_frame_size (0x20)
                        Length: 4
                        Value: 8000ffff
                        max_datagram_frame_size: 65535
                Extension: encrypted_client_hello (len=281)
                    Type: encrypted_client_hello (65037)
                    Length: 281
                    Client Hello type: Outer Client Hello (0)
                    Cipher Suite: HKDF-SHA256/AES-128-GCM
                        KDF Id: HKDF-SHA256 (1)
                        AEAD Id: AES-128-GCM (1)
                    Config Id: 69
                    Enc length: 32
                    Enc: f984a713b1c9e14f46a497194013b93390d73278a04b39ac89952b70ef4e3a53
                    Payload length: 239
                    Payload […]: f697141ae84c092984d05386ffa9a1111af2c50bb1d82aeb82aa40bbceb1fca6f095fb3afe119bf7037bde5bb4ceee294c028e8c9a44ff133133d39581ff972ace4757359bf6955177cf280223db6a9bc2a0d54df84ed4125baeee28bc9b4cd4481b13953120bdf5f16360fcc1c98aac
                [JA4: q13d0315h3_55b375c5d22e_dc5437974b47]
                [JA4_r: q13d0315h3_1301,1302,1303_0005,000a,000d,0017,001b,001c,0022,002b,002d,0033,0039,fe0d,ff01_0403,0503,0603,0203,0804,0805,0806,0401,0501,0601,0201]
                [JA3 Fullstring: 771,4865-4867-4866,43-5-0-65281-23-10-34-51-45-28-13-16-27-57-65037,4588-29-23-24-25,]
                [JA3: e452c09029b252f2c20427796626d774]
QUIC IETF
    [Expert Info (Note/Protocol): (Random) padding data appended to the datagram]
        [(Random) padding data appended to the datagram]
        [Severity level: Note]
        [Group: Protocol]

Frame 46: Packet, 1246 bytes on wire (9968 bits), 1246 bytes captured (9968 bits) on interface \Device\NPF_{9B9257DC-FAC1-4993-B12F-136D7BA5E874}, id 0
    Section number: 1
    Interface id: 0 (\Device\NPF_{9B9257DC-FAC1-4993-B12F-136D7BA5E874})
        Interface name: \Device\NPF_{9B9257DC-FAC1-4993-B12F-136D7BA5E874}
        Interface description: Wi-Fi
    Encapsulation type: Ethernet (1)
    Arrival Time: Apr  9, 2026 18:28:53.943249500 India Standard Time
    UTC Arrival Time: Apr  9, 2026 12:58:53.943249500 UTC
    Epoch Arrival Time: 1775739533.943249500
    [Time shift for this packet: 0.000000000 seconds]
    [Time delta from previous captured frame: 7.292100 milliseconds]
    [Time delta from previous displayed frame: 7.292100 milliseconds]
    [Time since reference or first frame: 521.391100 milliseconds]
    Frame Number: 46
    Frame Length: 1246 bytes (9968 bits)
    Capture Length: 1246 bytes (9968 bits)
    [Frame is marked: False]
    [Frame is ignored: False]
    [Protocols in frame: eth:ethertype:vlan:ethertype:ip:udp:quic]
    Character encoding: ASCII (0)
Ethernet II, Src: HewlettPacka_3a:cc:1d (28:92:4a:3a:cc:1d), Dst: 96:77:0b:05:d4:0b (96:77:0b:05:d4:0b)
    Destination: 96:77:0b:05:d4:0b (96:77:0b:05:d4:0b)
        .... ..1. .... .... .... .... = LG bit: Locally administered address (this is NOT the factory default)
        .... ...0 .... .... .... .... = IG bit: Individual address (unicast)
    Source: HewlettPacka_3a:cc:1d (28:92:4a:3a:cc:1d)
        .... ..0. .... .... .... .... = LG bit: Globally unique address (factory default)
        .... ...0 .... .... .... .... = IG bit: Individual address (unicast)
    Type: 802.1Q Virtual LAN (0x8100)
    [Stream index: 0]
802.1Q Virtual LAN, PRI: 0, DEI: 0, ID: 0
    000. .... .... .... = Priority: Best Effort (default) (0)
    ...0 .... .... .... = DEI: Ineligible
    .... 0000 0000 0000 = ID: 0
    Type: IPv4 (0x0800)
Internet Protocol Version 4, Src: 104.16.123.96, Dst: 172.16.90.227
    0100 .... = Version: 4
    .... 0101 = Header Length: 20 bytes (5)
    Differentiated Services Field: 0x88 (DSCP: AF41, ECN: Not-ECT)
        1000 10.. = Differentiated Services Codepoint: Assured Forwarding 41 (34)
        .... ..00 = Explicit Congestion Notification: Not ECN-Capable Transport (0)
    Total Length: 1228
    Identification: 0x0000 (0)
    010. .... = Flags: 0x2, Don't fragment
        0... .... = Reserved bit: Not set
        .1.. .... = Don't fragment: Set
        ..0. .... = More fragments: Not set
    ...0 0000 0000 0000 = Fragment Offset: 0
    Time to Live: 57
    Protocol: UDP (17)
    Header Checksum: 0x5235 [validation disabled]
    [Header checksum status: Unverified]
    Source Address: 104.16.123.96
    Destination Address: 172.16.90.227
    [Stream index: 2]
User Datagram Protocol, Src Port: 443, Dst Port: 50490
    Source Port: 443
    Destination Port: 50490
    Length: 1208
    Checksum: 0x4d7f [unverified]
    [Checksum Status: Unverified]
    [Stream index: 2]
    [Stream Packet Number: 3]
    [Timestamps]
        [Time since first frame: 7.336200 milliseconds]
        [Time since previous frame: 7.292100 milliseconds]
    UDP payload (1200 bytes)
QUIC IETF
    QUIC Connection information
        [Connection Number: 1]
    [Packet Length: 55]
    1... .... = Header Form: Long Header (1)
    .1.. .... = Fixed Bit: True
    ..00 .... = Packet Type: Initial (0)
    [.... 00.. = Reserved: 0]
    [.... ..00 = Packet Number Length: 1 bytes (0)]
    Version: 1 (0x00000001)
    Destination Connection ID Length: 3
    Destination Connection ID: 95a10c
    Source Connection ID Length: 20
    Source Connection ID: 01bcae2b54a62e8966be502b5ea6320b35bc87d8
    Token Length: 0
    Length: 22
    [Packet Number: 0]
    Payload: 7dcaebf11e48b642200501e7a771cfc911db3dc215
    ACK
        Frame Type: ACK (0x0000000000000002)
        Largest Acknowledged: 32
        ACK Delay: 8
        ACK Range Count: 0
        First ACK Range: 0
QUIC IETF
    [Expert Info (Note/Protocol): (Random) padding data appended to the datagram]
        [(Random) padding data appended to the datagram]
        [Severity level: Note]
        [Group: Protocol]

Frame 47: Packet, 1246 bytes on wire (9968 bits), 1246 bytes captured (9968 bits) on interface \Device\NPF_{9B9257DC-FAC1-4993-B12F-136D7BA5E874}, id 0
    Section number: 1
    Interface id: 0 (\Device\NPF_{9B9257DC-FAC1-4993-B12F-136D7BA5E874})
        Interface name: \Device\NPF_{9B9257DC-FAC1-4993-B12F-136D7BA5E874}
        Interface description: Wi-Fi
    Encapsulation type: Ethernet (1)
    Arrival Time: Apr  9, 2026 18:28:53.943481300 India Standard Time
    UTC Arrival Time: Apr  9, 2026 12:58:53.943481300 UTC
    Epoch Arrival Time: 1775739533.943481300
    [Time shift for this packet: 0.000000000 seconds]
    [Time delta from previous captured frame: 231.800 microseconds]
    [Time delta from previous displayed frame: 231.800 microseconds]
    [Time since reference or first frame: 521.622900 milliseconds]
    Frame Number: 47
    Frame Length: 1246 bytes (9968 bits)
    Capture Length: 1246 bytes (9968 bits)
    [Frame is marked: False]
    [Frame is ignored: False]
    [Protocols in frame: eth:ethertype:vlan:ethertype:ip:udp:quic:tls]
    Character encoding: ASCII (0)
Ethernet II, Src: HewlettPacka_3a:cc:1d (28:92:4a:3a:cc:1d), Dst: 96:77:0b:05:d4:0b (96:77:0b:05:d4:0b)
    Destination: 96:77:0b:05:d4:0b (96:77:0b:05:d4:0b)
        .... ..1. .... .... .... .... = LG bit: Locally administered address (this is NOT the factory default)
        .... ...0 .... .... .... .... = IG bit: Individual address (unicast)
    Source: HewlettPacka_3a:cc:1d (28:92:4a:3a:cc:1d)
        .... ..0. .... .... .... .... = LG bit: Globally unique address (factory default)
        .... ...0 .... .... .... .... = IG bit: Individual address (unicast)
    Type: 802.1Q Virtual LAN (0x8100)
    [Stream index: 0]
802.1Q Virtual LAN, PRI: 0, DEI: 0, ID: 0
    000. .... .... .... = Priority: Best Effort (default) (0)
    ...0 .... .... .... = DEI: Ineligible
    .... 0000 0000 0000 = ID: 0
    Type: IPv4 (0x0800)
Internet Protocol Version 4, Src: 104.16.123.96, Dst: 172.16.90.227
    0100 .... = Version: 4
    .... 0101 = Header Length: 20 bytes (5)
    Differentiated Services Field: 0x88 (DSCP: AF41, ECN: Not-ECT)
        1000 10.. = Differentiated Services Codepoint: Assured Forwarding 41 (34)
        .... ..00 = Explicit Congestion Notification: Not ECN-Capable Transport (0)
    Total Length: 1228
    Identification: 0x0000 (0)
    010. .... = Flags: 0x2, Don't fragment
        0... .... = Reserved bit: Not set
        .1.. .... = Don't fragment: Set
        ..0. .... = More fragments: Not set
    ...0 0000 0000 0000 = Fragment Offset: 0
    Time to Live: 57
    Protocol: UDP (17)
    Header Checksum: 0x5235 [validation disabled]
    [Header checksum status: Unverified]
    Source Address: 104.16.123.96
    Destination Address: 172.16.90.227
    [Stream index: 2]
User Datagram Protocol, Src Port: 443, Dst Port: 50490
    Source Port: 443
    Destination Port: 50490
    Length: 1208
    Checksum: 0x52e1 [unverified]
    [Checksum Status: Unverified]
    [Stream index: 2]
    [Stream Packet Number: 4]
    [Timestamps]
        [Time since first frame: 7.568000 milliseconds]
        [Time since previous frame: 231.800 microseconds]
    UDP payload (1200 bytes)
QUIC IETF
    QUIC Connection information
        [Connection Number: 1]
    [Packet Length: 1200]
    1... .... = Header Form: Long Header (1)
    .1.. .... = Fixed Bit: True
    ..00 .... = Packet Type: Initial (0)
    [.... 00.. = Reserved: 0]
    [.... ..00 = Packet Number Length: 1 bytes (0)]
    Version: 1 (0x00000001)
    Destination Connection ID Length: 3
    Destination Connection ID: 95a10c
    Source Connection ID Length: 20
    Source Connection ID: 01bcae2b54a62e8966be502b5ea6320b35bc87d8
    Token Length: 0
    Length: 1167
    [Packet Number: 1]
    Payload […]: bec884323e57ea9aefbd8f05daed77efc4e33639ff23a9043b759e25c25fcee8c7a13f78186c00691ec6b543f330608e070845eb20ea9f3af4a17996bf338ddf0c8f8ae43b402646d7edef0eaf372d4eaaa6bb50446596d4fdc091d3005cf3c4d65956aca8f297af54f7c0caebba35d3
    ACK
        Frame Type: ACK (0x0000000000000002)
        Largest Acknowledged: 33
        ACK Delay: 186
        ACK Range Count: 0
        First ACK Range: 1
    CRYPTO
        Frame Type: CRYPTO (0x0000000000000006)
        Offset: 0
        Length: 1140
        Crypto Data
        TLSv1.3 Record Layer: Handshake Protocol: Server Hello (fragment)
            Handshake Protocol: Server Hello (fragment)

Frame 48: Packet, 1246 bytes on wire (9968 bits), 1246 bytes captured (9968 bits) on interface \Device\NPF_{9B9257DC-FAC1-4993-B12F-136D7BA5E874}, id 0
    Section number: 1
    Interface id: 0 (\Device\NPF_{9B9257DC-FAC1-4993-B12F-136D7BA5E874})
        Interface name: \Device\NPF_{9B9257DC-FAC1-4993-B12F-136D7BA5E874}
        Interface description: Wi-Fi
    Encapsulation type: Ethernet (1)
    Arrival Time: Apr  9, 2026 18:28:53.943687800 India Standard Time
    UTC Arrival Time: Apr  9, 2026 12:58:53.943687800 UTC
    Epoch Arrival Time: 1775739533.943687800
    [Time shift for this packet: 0.000000000 seconds]
    [Time delta from previous captured frame: 206.500 microseconds]
    [Time delta from previous displayed frame: 206.500 microseconds]
    [Time since reference or first frame: 521.829400 milliseconds]
    Frame Number: 48
    Frame Length: 1246 bytes (9968 bits)
    Capture Length: 1246 bytes (9968 bits)
    [Frame is marked: False]
    [Frame is ignored: False]
    [Protocols in frame: eth:ethertype:vlan:ethertype:ip:udp:quic:tls]
    Character encoding: ASCII (0)
Ethernet II, Src: HewlettPacka_3a:cc:1d (28:92:4a:3a:cc:1d), Dst: 96:77:0b:05:d4:0b (96:77:0b:05:d4:0b)
    Destination: 96:77:0b:05:d4:0b (96:77:0b:05:d4:0b)
        .... ..1. .... .... .... .... = LG bit: Locally administered address (this is NOT the factory default)
        .... ...0 .... .... .... .... = IG bit: Individual address (unicast)
    Source: HewlettPacka_3a:cc:1d (28:92:4a:3a:cc:1d)
        .... ..0. .... .... .... .... = LG bit: Globally unique address (factory default)
        .... ...0 .... .... .... .... = IG bit: Individual address (unicast)
    Type: 802.1Q Virtual LAN (0x8100)
    [Stream index: 0]
802.1Q Virtual LAN, PRI: 0, DEI: 0, ID: 0
    000. .... .... .... = Priority: Best Effort (default) (0)
    ...0 .... .... .... = DEI: Ineligible
    .... 0000 0000 0000 = ID: 0
    Type: IPv4 (0x0800)
Internet Protocol Version 4, Src: 104.16.123.96, Dst: 172.16.90.227
    0100 .... = Version: 4
    .... 0101 = Header Length: 20 bytes (5)
    Differentiated Services Field: 0x88 (DSCP: AF41, ECN: Not-ECT)
        1000 10.. = Differentiated Services Codepoint: Assured Forwarding 41 (34)
        .... ..00 = Explicit Congestion Notification: Not ECN-Capable Transport (0)
    Total Length: 1228
    Identification: 0x0001 (1)
    010. .... = Flags: 0x2, Don't fragment
        0... .... = Reserved bit: Not set
        .1.. .... = Don't fragment: Set
        ..0. .... = More fragments: Not set
    ...0 0000 0000 0000 = Fragment Offset: 0
    Time to Live: 57
    Protocol: UDP (17)
    Header Checksum: 0x5234 [validation disabled]
    [Header checksum status: Unverified]
    Source Address: 104.16.123.96
    Destination Address: 172.16.90.227
    [Stream index: 2]
User Datagram Protocol, Src Port: 443, Dst Port: 50490
    Source Port: 443
    Destination Port: 50490
    Length: 1208
    Checksum: 0xa601 [unverified]
    [Checksum Status: Unverified]
    [Stream index: 2]
    [Stream Packet Number: 5]
    [Timestamps]
        [Time since first frame: 7.774500 milliseconds]
        [Time since previous frame: 206.500 microseconds]
    UDP payload (1200 bytes)
QUIC IETF
    QUIC Connection information
        [Connection Number: 1]
    [Packet Length: 93]
    1... .... = Header Form: Long Header (1)
    .1.. .... = Fixed Bit: True
    ..00 .... = Packet Type: Initial (0)
    [.... 00.. = Reserved: 0]
    [.... ..00 = Packet Number Length: 1 bytes (0)]
    Version: 1 (0x00000001)
    Destination Connection ID Length: 3
    Destination Connection ID: 95a10c
    Source Connection ID Length: 20
    Source Connection ID: 01bcae2b54a62e8966be502b5ea6320b35bc87d8
    Token Length: 0
    Length: 60
    [Packet Number: 2]
    Payload: 13e5a7f1704f65cf35c1f1f34e0d4be524fc194ef50c0818b772944a47592c162f7141f0661181c118d5efcb8d740a6064a7140f39996ebefd6855
    CRYPTO
        Frame Type: CRYPTO (0x0000000000000006)
        Offset: 1140
        Length: 38
        Crypto Data
        TLSv1.3 Record Layer: Handshake Protocol: Server Hello
            Handshake Protocol: Server Hello (last fragment)
            [2 Reassembled Handshake Fragments (1178 bytes): #47(1140), #48(38)]
                [Frame: 47, payload: 0-1139 (1140 bytes)]
                [Frame: 48, payload: 1140-1177 (38 bytes)]
                [Handshake Fragment count: 2]
            Handshake Protocol: Server Hello
                Handshake Type: Server Hello (2)
                Length: 1174
                Version: TLS 1.2 (0x0303)
                    [Expert Info (Chat/Deprecated): This legacy_version field MUST be ignored. The supported_versions extension is present and MUST be used instead.]
                        [This legacy_version field MUST be ignored. The supported_versions extension is present and MUST be used instead.]
                        [Severity level: Chat]
                        [Group: Deprecated]
                Random: 2dfd990d71e095e1857e67690a0e43f95eab4bb79be534771839103cde87f5ef
                Session ID Length: 0
                Cipher Suite: TLS_AES_128_GCM_SHA256 (0x1301)
                Compression Method: null (0)
                Extensions Length: 1134
                Extension: key_share (len=1124) X25519MLKEM768
                    Type: key_share (51)
                    Length: 1124
                    Key Share extension
                        Key Share Entry: Group: X25519MLKEM768, Key Exchange length: 1120
                            Group: X25519MLKEM768 (4588)
                            Key Exchange Length: 1120
                            Key Exchange […]: 90f0dab0b572425d38716c4ca3089b2218dae4edf2f972c2f1b6f49f1c9671b1b983b6785170ba215b83ca0575cf19950a7c85ff8e8cfdd79a96671f244e6646ad3d93fcbae57689b60b27d4e897cd2059f788f1c311be798b3c96958c4697c79e11f47e0c9ddada7193b392b88
                Extension: supported_versions (len=2) TLS 1.3
                    Type: supported_versions (43)
                    Length: 2
                    Supported Version: TLS 1.3 (0x0304)
                [JA3S Fullstring: 771,4865,51-43]
                [JA3S: eb1d94daa7e0344597e756a1fb6e7054]
QUIC IETF
    [Expert Info (Note/Protocol): (Random) padding data appended to the datagram]
        [(Random) padding data appended to the datagram]
        [Severity level: Note]
        [Group: Protocol]

Frame 49: Packet, 1294 bytes on wire (10352 bits), 1294 bytes captured (10352 bits) on interface \Device\NPF_{9B9257DC-FAC1-4993-B12F-136D7BA5E874}, id 0
    Section number: 1
    Interface id: 0 (\Device\NPF_{9B9257DC-FAC1-4993-B12F-136D7BA5E874})
        Interface name: \Device\NPF_{9B9257DC-FAC1-4993-B12F-136D7BA5E874}
        Interface description: Wi-Fi
    Encapsulation type: Ethernet (1)
    Arrival Time: Apr  9, 2026 18:28:53.944219200 India Standard Time
    UTC Arrival Time: Apr  9, 2026 12:58:53.944219200 UTC
    Epoch Arrival Time: 1775739533.944219200
    [Time shift for this packet: 0.000000000 seconds]
    [Time delta from previous captured frame: 531.400 microseconds]
    [Time delta from previous displayed frame: 531.400 microseconds]
    [Time since reference or first frame: 522.360800 milliseconds]
    Frame Number: 49
    Frame Length: 1294 bytes (10352 bits)
    Capture Length: 1294 bytes (10352 bits)
    [Frame is marked: False]
    [Frame is ignored: False]
    [Protocols in frame: eth:ethertype:ip:udp:quic]
    Character encoding: ASCII (0)
Ethernet II, Src: 96:77:0b:05:d4:0b (96:77:0b:05:d4:0b), Dst: HewlettPacka_3a:cc:1d (28:92:4a:3a:cc:1d)
    Destination: HewlettPacka_3a:cc:1d (28:92:4a:3a:cc:1d)
        .... ..0. .... .... .... .... = LG bit: Globally unique address (factory default)
        .... ...0 .... .... .... .... = IG bit: Individual address (unicast)
    Source: 96:77:0b:05:d4:0b (96:77:0b:05:d4:0b)
        .... ..1. .... .... .... .... = LG bit: Locally administered address (this is NOT the factory default)
        .... ...0 .... .... .... .... = IG bit: Individual address (unicast)
    Type: IPv4 (0x0800)
    [Stream index: 0]
Internet Protocol Version 4, Src: 172.16.90.227, Dst: 104.16.123.96
    0100 .... = Version: 4
    .... 0101 = Header Length: 20 bytes (5)
    Differentiated Services Field: 0x00 (DSCP: CS0, ECN: Not-ECT)
        0000 00.. = Differentiated Services Codepoint: Default (0)
        .... ..00 = Explicit Congestion Notification: Not ECN-Capable Transport (0)
    Total Length: 1280
    Identification: 0xb42a (46122)
    010. .... = Flags: 0x2, Don't fragment
        0... .... = Reserved bit: Not set
        .1.. .... = Don't fragment: Set
        ..0. .... = More fragments: Not set
    ...0 0000 0000 0000 = Fragment Offset: 0
    Time to Live: 128
    Protocol: UDP (17)
    Header Checksum: 0x0000 [validation disabled]
    [Header checksum status: Unverified]
    Source Address: 172.16.90.227
    Destination Address: 104.16.123.96
    [Stream index: 2]
User Datagram Protocol, Src Port: 50490, Dst Port: 443
    Source Port: 50490
    Destination Port: 443
    Length: 1260
    Checksum: 0xef61 [unverified]
    [Checksum Status: Unverified]
    [Stream index: 2]
    [Stream Packet Number: 6]
    [Timestamps]
        [Time since first frame: 8.305900 milliseconds]
        [Time since previous frame: 531.400 microseconds]
    UDP payload (1252 bytes)
QUIC IETF
    QUIC Connection information
        [Connection Number: 1]
    [Packet Length: 55]
    1... .... = Header Form: Long Header (1)
    .1.. .... = Fixed Bit: True
    ..00 .... = Packet Type: Initial (0)
    [.... 00.. = Reserved: 0]
    [.... ..00 = Packet Number Length: 1 bytes (0)]
    Version: 1 (0x00000001)
    Destination Connection ID Length: 20
    Destination Connection ID: 01bcae2b54a62e8966be502b5ea6320b35bc87d8
    Source Connection ID Length: 3
    Source Connection ID: 95a10c
    Token Length: 0
    Length: 22
    [Packet Number: 34]
    Payload: 53624bb897f1b8ced415479e6e77e106781f65295a
    ACK
        Frame Type: ACK (0x0000000000000002)
        Largest Acknowledged: 2
        ACK Delay: 35
        ACK Range Count: 0
        First ACK Range: 2
QUIC IETF
    [Expert Info (Note/Protocol): (Random) padding data appended to the datagram]
        [(Random) padding data appended to the datagram]
        [Severity level: Note]
        [Group: Protocol]

Frame 50: Packet, 1246 bytes on wire (9968 bits), 1246 bytes captured (9968 bits) on interface \Device\NPF_{9B9257DC-FAC1-4993-B12F-136D7BA5E874}, id 0
    Section number: 1
    Interface id: 0 (\Device\NPF_{9B9257DC-FAC1-4993-B12F-136D7BA5E874})
        Interface name: \Device\NPF_{9B9257DC-FAC1-4993-B12F-136D7BA5E874}
        Interface description: Wi-Fi
    Encapsulation type: Ethernet (1)
    Arrival Time: Apr  9, 2026 18:28:53.944295800 India Standard Time
    UTC Arrival Time: Apr  9, 2026 12:58:53.944295800 UTC
    Epoch Arrival Time: 1775739533.944295800
    [Time shift for this packet: 0.000000000 seconds]
    [Time delta from previous captured frame: 76.600 microseconds]
    [Time delta from previous displayed frame: 76.600 microseconds]
    [Time since reference or first frame: 522.437400 milliseconds]
    Frame Number: 50
    Frame Length: 1246 bytes (9968 bits)
    Capture Length: 1246 bytes (9968 bits)
    [Frame is marked: False]
    [Frame is ignored: False]
    [Protocols in frame: eth:ethertype:vlan:ethertype:ip:udp:quic]
    Character encoding: ASCII (0)
Ethernet II, Src: HewlettPacka_3a:cc:1d (28:92:4a:3a:cc:1d), Dst: 96:77:0b:05:d4:0b (96:77:0b:05:d4:0b)
    Destination: 96:77:0b:05:d4:0b (96:77:0b:05:d4:0b)
        .... ..1. .... .... .... .... = LG bit: Locally administered address (this is NOT the factory default)
        .... ...0 .... .... .... .... = IG bit: Individual address (unicast)
    Source: HewlettPacka_3a:cc:1d (28:92:4a:3a:cc:1d)
        .... ..0. .... .... .... .... = LG bit: Globally unique address (factory default)
        .... ...0 .... .... .... .... = IG bit: Individual address (unicast)
    Type: 802.1Q Virtual LAN (0x8100)
    [Stream index: 0]
802.1Q Virtual LAN, PRI: 0, DEI: 0, ID: 0
    000. .... .... .... = Priority: Best Effort (default) (0)
    ...0 .... .... .... = DEI: Ineligible
    .... 0000 0000 0000 = ID: 0
    Type: IPv4 (0x0800)
Internet Protocol Version 4, Src: 104.16.123.96, Dst: 172.16.90.227
    0100 .... = Version: 4
    .... 0101 = Header Length: 20 bytes (5)
    Differentiated Services Field: 0x88 (DSCP: AF41, ECN: Not-ECT)
        1000 10.. = Differentiated Services Codepoint: Assured Forwarding 41 (34)
        .... ..00 = Explicit Congestion Notification: Not ECN-Capable Transport (0)
    Total Length: 1228
    Identification: 0x0000 (0)
    010. .... = Flags: 0x2, Don't fragment
        0... .... = Reserved bit: Not set
        .1.. .... = Don't fragment: Set
        ..0. .... = More fragments: Not set
    ...0 0000 0000 0000 = Fragment Offset: 0
    Time to Live: 57
    Protocol: UDP (17)
    Header Checksum: 0x5235 [validation disabled]
    [Header checksum status: Unverified]
    Source Address: 104.16.123.96
    Destination Address: 172.16.90.227
    [Stream index: 2]
User Datagram Protocol, Src Port: 443, Dst Port: 50490
    Source Port: 443
    Destination Port: 50490
    Length: 1208
    Checksum: 0xcae8 [unverified]
    [Checksum Status: Unverified]
    [Stream index: 2]
    [Stream Packet Number: 7]
    [Timestamps]
        [Time since first frame: 8.382500 milliseconds]
        [Time since previous frame: 76.600 microseconds]
    UDP payload (1200 bytes)
QUIC IETF
    QUIC Connection information
        [Connection Number: 1]
    [Packet Length: 1200]
    1... .... = Header Form: Long Header (1)
    .1.. .... = Fixed Bit: True
    ..10 .... = Packet Type: Handshake (2)
    Version: 1 (0x00000001)
    Destination Connection ID Length: 3
    Destination Connection ID: 95a10c
    Source Connection ID Length: 20
    Source Connection ID: 01bcae2b54a62e8966be502b5ea6320b35bc87d8
    Length: 1168
    [Expert Info (Warning/Decryption): Failed to create decryption context: Secrets are not available]
        [Failed to create decryption context: Secrets are not available]
        [Severity level: Warning]
        [Group: Decryption]
    Remaining Payload […]: dacfbffc33a6c1c3429a27725b22ed33414ed573f91ae91aa0fa426a1a7c8340a9ffbf1b832d4b8e4d4748b80ef523ce599addba3c0ad1e1a2affb839e620901eff92009450ee6b8b8a7b664a612b3117856134071cdfca979e0d70b6c4c603028ccfcada7da0ab83a8bae

Frame 51: Packet, 96 bytes on wire (768 bits), 96 bytes captured (768 bits) on interface \Device\NPF_{9B9257DC-FAC1-4993-B12F-136D7BA5E874}, id 0
    Section number: 1
    Interface id: 0 (\Device\NPF_{9B9257DC-FAC1-4993-B12F-136D7BA5E874})
        Interface name: \Device\NPF_{9B9257DC-FAC1-4993-B12F-136D7BA5E874}
        Interface description: Wi-Fi
    Encapsulation type: Ethernet (1)
    Arrival Time: Apr  9, 2026 18:28:53.944633700 India Standard Time
    UTC Arrival Time: Apr  9, 2026 12:58:53.944633700 UTC
    Epoch Arrival Time: 1775739533.944633700
    [Time shift for this packet: 0.000000000 seconds]
    [Time delta from previous captured frame: 337.900 microseconds]
    [Time delta from previous displayed frame: 337.900 microseconds]
    [Time since reference or first frame: 522.775300 milliseconds]
    Frame Number: 51
    Frame Length: 96 bytes (768 bits)
    Capture Length: 96 bytes (768 bits)
    [Frame is marked: False]
    [Frame is ignored: False]
    [Protocols in frame: eth:ethertype:ip:udp:quic]
    Character encoding: ASCII (0)
Ethernet II, Src: 96:77:0b:05:d4:0b (96:77:0b:05:d4:0b), Dst: HewlettPacka_3a:cc:1d (28:92:4a:3a:cc:1d)
    Destination: HewlettPacka_3a:cc:1d (28:92:4a:3a:cc:1d)
        .... ..0. .... .... .... .... = LG bit: Globally unique address (factory default)
        .... ...0 .... .... .... .... = IG bit: Individual address (unicast)
    Source: 96:77:0b:05:d4:0b (96:77:0b:05:d4:0b)
        .... ..1. .... .... .... .... = LG bit: Locally administered address (this is NOT the factory default)
        .... ...0 .... .... .... .... = IG bit: Individual address (unicast)
    Type: IPv4 (0x0800)
    [Stream index: 0]
Internet Protocol Version 4, Src: 172.16.90.227, Dst: 104.16.123.96
    0100 .... = Version: 4
    .... 0101 = Header Length: 20 bytes (5)
    Differentiated Services Field: 0x00 (DSCP: CS0, ECN: Not-ECT)
        0000 00.. = Differentiated Services Codepoint: Default (0)
        .... ..00 = Explicit Congestion Notification: Not ECN-Capable Transport (0)
    Total Length: 82
    Identification: 0xb42b (46123)
    010. .... = Flags: 0x2, Don't fragment
        0... .... = Reserved bit: Not set
        .1.. .... = Don't fragment: Set
        ..0. .... = More fragments: Not set
    ...0 0000 0000 0000 = Fragment Offset: 0
    Time to Live: 128
    Protocol: UDP (17)
    Header Checksum: 0x0000 [validation disabled]
    [Header checksum status: Unverified]
    Source Address: 172.16.90.227
    Destination Address: 104.16.123.96
    [Stream index: 2]
User Datagram Protocol, Src Port: 50490, Dst Port: 443
    Source Port: 50490
    Destination Port: 443
    Length: 62
    Checksum: 0xeab3 [unverified]
    [Checksum Status: Unverified]
    [Stream index: 2]
    [Stream Packet Number: 8]
    [Timestamps]
        [Time since first frame: 8.720400 milliseconds]
        [Time since previous frame: 337.900 microseconds]
    UDP payload (54 bytes)
QUIC IETF
    QUIC Connection information
        [Connection Number: 1]
    [Packet Length: 54]
    1... .... = Header Form: Long Header (1)
    .1.. .... = Fixed Bit: True
    ..10 .... = Packet Type: Handshake (2)
    Version: 1 (0x00000001)
    Destination Connection ID Length: 20
    Destination Connection ID: 01bcae2b54a62e8966be502b5ea6320b35bc87d8
    Source Connection ID Length: 3
    Source Connection ID: 95a10c
    Length: 22
    [Expert Info (Warning/Decryption): Failed to create decryption context: Secrets are not available]
        [Failed to create decryption context: Secrets are not available]
        [Severity level: Warning]
        [Group: Decryption]
    Remaining Payload: a424ff9153d0ce0b40f3422f65cbf9cdb37a9733f3da

Frame 52: Packet, 1294 bytes on wire (10352 bits), 1294 bytes captured (10352 bits) on interface \Device\NPF_{9B9257DC-FAC1-4993-B12F-136D7BA5E874}, id 0
    Section number: 1
    Interface id: 0 (\Device\NPF_{9B9257DC-FAC1-4993-B12F-136D7BA5E874})
        Interface name: \Device\NPF_{9B9257DC-FAC1-4993-B12F-136D7BA5E874}
        Interface description: Wi-Fi
    Encapsulation type: Ethernet (1)
    Arrival Time: Apr  9, 2026 18:28:53.945700800 India Standard Time
    UTC Arrival Time: Apr  9, 2026 12:58:53.945700800 UTC
    Epoch Arrival Time: 1775739533.945700800
    [Time shift for this packet: 0.000000000 seconds]
    [Time delta from previous captured frame: 1.067100 milliseconds]
    [Time delta from previous displayed frame: 1.067100 milliseconds]
    [Time since reference or first frame: 523.842400 milliseconds]
    Frame Number: 52
    Frame Length: 1294 bytes (10352 bits)
    Capture Length: 1294 bytes (10352 bits)
    [Frame is marked: False]
    [Frame is ignored: False]
    [Protocols in frame: eth:ethertype:ip:udp:quic]
    Character encoding: ASCII (0)
Ethernet II, Src: 96:77:0b:05:d4:0b (96:77:0b:05:d4:0b), Dst: HewlettPacka_3a:cc:1d (28:92:4a:3a:cc:1d)
    Destination: HewlettPacka_3a:cc:1d (28:92:4a:3a:cc:1d)
        .... ..0. .... .... .... .... = LG bit: Globally unique address (factory default)
        .... ...0 .... .... .... .... = IG bit: Individual address (unicast)
    Source: 96:77:0b:05:d4:0b (96:77:0b:05:d4:0b)
        .... ..1. .... .... .... .... = LG bit: Locally administered address (this is NOT the factory default)
        .... ...0 .... .... .... .... = IG bit: Individual address (unicast)
    Type: IPv4 (0x0800)
    [Stream index: 0]
Internet Protocol Version 4, Src: 172.16.90.227, Dst: 104.18.28.7
    0100 .... = Version: 4
    .... 0101 = Header Length: 20 bytes (5)
    Differentiated Services Field: 0x00 (DSCP: CS0, ECN: Not-ECT)
        0000 00.. = Differentiated Services Codepoint: Default (0)
        .... ..00 = Explicit Congestion Notification: Not ECN-Capable Transport (0)
    Total Length: 1280
    Identification: 0x2ef1 (12017)
    010. .... = Flags: 0x2, Don't fragment
        0... .... = Reserved bit: Not set
        .1.. .... = Don't fragment: Set
        ..0. .... = More fragments: Not set
    ...0 0000 0000 0000 = Fragment Offset: 0
    Time to Live: 128
    Protocol: UDP (17)
    Header Checksum: 0x0000 [validation disabled]
    [Header checksum status: Unverified]
    Source Address: 172.16.90.227
    Destination Address: 104.18.28.7
    [Stream index: 3]
User Datagram Protocol, Src Port: 50491, Dst Port: 443
    Source Port: 50491
    Destination Port: 443
    Length: 1260
    Checksum: 0x900a [unverified]
    [Checksum Status: Unverified]
    [Stream index: 3]
    [Stream Packet Number: 1]
    [Timestamps]
        [Time since first frame: 0.000000000 seconds]
        [Time since previous frame: 0.000000000 seconds]
    UDP payload (1252 bytes)
QUIC IETF
    QUIC Connection information
        [Connection Number: 2]
    [Packet Length: 995]
    1... .... = Header Form: Long Header (1)
    .1.. .... = Fixed Bit: True
    ..00 .... = Packet Type: Initial (0)
    [.... 00.. = Reserved: 0]
    [.... ..00 = Packet Number Length: 1 bytes (0)]
    Version: 1 (0x00000001)
    Destination Connection ID Length: 9
    Destination Connection ID: 03106f9b82e57b6f7f
    Source Connection ID Length: 3
    Source Connection ID: 37727d
    Token Length: 0
    Length: 973
    [Packet Number: 11]
    Payload […]: 9f587900bf50c87dfb02dcfd2e956cf49e4143de33b1fda6075a07d8a874be1bb573a28910c81a917293d346752e885de56ee4a85a7c25eb9fdff5dd6c4a8266841ebbfae66ddca4c415ba20c7e3c898aff4d7b619e8dc254f07ab1ad47fa5b4f49308dae0490c4017980bd8cbff6473
    CRYPTO
        Frame Type: CRYPTO (0x0000000000000006)
        Offset: 1494
        Length: 400
        Crypto Data
    CRYPTO
        Frame Type: CRYPTO (0x0000000000000006)
        Offset: 0
        Length: 547
        Crypto Data
QUIC IETF
    [Expert Info (Note/Protocol): (Random) padding data appended to the datagram]
        [(Random) padding data appended to the datagram]
        [Severity level: Note]
        [Group: Protocol]

Frame 53: Packet, 1294 bytes on wire (10352 bits), 1294 bytes captured (10352 bits) on interface \Device\NPF_{9B9257DC-FAC1-4993-B12F-136D7BA5E874}, id 0
    Section number: 1
    Interface id: 0 (\Device\NPF_{9B9257DC-FAC1-4993-B12F-136D7BA5E874})
        Interface name: \Device\NPF_{9B9257DC-FAC1-4993-B12F-136D7BA5E874}
        Interface description: Wi-Fi
    Encapsulation type: Ethernet (1)
    Arrival Time: Apr  9, 2026 18:28:53.945773300 India Standard Time
    UTC Arrival Time: Apr  9, 2026 12:58:53.945773300 UTC
    Epoch Arrival Time: 1775739533.945773300
    [Time shift for this packet: 0.000000000 seconds]
    [Time delta from previous captured frame: 72.500 microseconds]
    [Time delta from previous displayed frame: 72.500 microseconds]
    [Time since reference or first frame: 523.914900 milliseconds]
    Frame Number: 53
    Frame Length: 1294 bytes (10352 bits)
    Capture Length: 1294 bytes (10352 bits)
    [Frame is marked: False]
    [Frame is ignored: False]
    [Protocols in frame: eth:ethertype:ip:udp:quic:tls]
    Character encoding: ASCII (0)
Ethernet II, Src: 96:77:0b:05:d4:0b (96:77:0b:05:d4:0b), Dst: HewlettPacka_3a:cc:1d (28:92:4a:3a:cc:1d)
    Destination: HewlettPacka_3a:cc:1d (28:92:4a:3a:cc:1d)
        .... ..0. .... .... .... .... = LG bit: Globally unique address (factory default)
        .... ...0 .... .... .... .... = IG bit: Individual address (unicast)
    Source: 96:77:0b:05:d4:0b (96:77:0b:05:d4:0b)
        .... ..1. .... .... .... .... = LG bit: Locally administered address (this is NOT the factory default)
        .... ...0 .... .... .... .... = IG bit: Individual address (unicast)
    Type: IPv4 (0x0800)
    [Stream index: 0]
Internet Protocol Version 4, Src: 172.16.90.227, Dst: 104.18.28.7
    0100 .... = Version: 4
    .... 0101 = Header Length: 20 bytes (5)
    Differentiated Services Field: 0x00 (DSCP: CS0, ECN: Not-ECT)
        0000 00.. = Differentiated Services Codepoint: Default (0)
        .... ..00 = Explicit Congestion Notification: Not ECN-Capable Transport (0)
    Total Length: 1280
    Identification: 0x2ef2 (12018)
    010. .... = Flags: 0x2, Don't fragment
        0... .... = Reserved bit: Not set
        .1.. .... = Don't fragment: Set
        ..0. .... = More fragments: Not set
    ...0 0000 0000 0000 = Fragment Offset: 0
    Time to Live: 128
    Protocol: UDP (17)
    Header Checksum: 0x0000 [validation disabled]
    [Header checksum status: Unverified]
    Source Address: 172.16.90.227
    Destination Address: 104.18.28.7
    [Stream index: 3]
User Datagram Protocol, Src Port: 50491, Dst Port: 443
    Source Port: 50491
    Destination Port: 443
    Length: 1260
    Checksum: 0x900a [unverified]
    [Checksum Status: Unverified]
    [Stream index: 3]
    [Stream Packet Number: 2]
    [Timestamps]
        [Time since first frame: 72.500 microseconds]
        [Time since previous frame: 72.500 microseconds]
    UDP payload (1252 bytes)
QUIC IETF
    QUIC Connection information
        [Connection Number: 2]
    [Packet Length: 991]
    1... .... = Header Form: Long Header (1)
    .1.. .... = Fixed Bit: True
    ..00 .... = Packet Type: Initial (0)
    [.... 00.. = Reserved: 0]
    [.... ..00 = Packet Number Length: 1 bytes (0)]
    Version: 1 (0x00000001)
    Destination Connection ID Length: 9
    Destination Connection ID: 03106f9b82e57b6f7f
    Source Connection ID Length: 3
    Source Connection ID: 37727d
    Token Length: 0
    Length: 969
    [Packet Number: 12]
    Payload […]: a9cb379d9a5993e1b5398924d1e26056c0e1fd3c350a28d42efe90224e5bde62bf89566cf8785f16d263b5784c42b0529a94e07c86f29e7749174100717163c3cf67bd6d5a4c14acd1ebf9efcaaade651e9db8f00fa4dd48d91a22c074439ad4890dd35450ebb33f4e8084bab6570650
    CRYPTO
        Frame Type: CRYPTO (0x0000000000000006)
        Offset: 547
        Length: 947
        Crypto Data
        [3 Reassembled QUIC CRYPTO Data Fragments (1894 bytes): #52(547), #53(947), #52(400)]
            [Frame: 52, payload: 0-546 (547 bytes)]
            [Frame: 53, payload: 547-1493 (947 bytes)]
            [Frame: 52, payload: 1494-1893 (400 bytes)]
            [Fragment count: 3]
        TLSv1.3 Record Layer: Handshake Protocol: Client Hello
            Handshake Protocol: Client Hello
                Handshake Type: Client Hello (1)
                Length: 1890
                Version: TLS 1.2 (0x0303)
                    [Expert Info (Chat/Deprecated): This legacy_version field MUST be ignored. The supported_versions extension is present and MUST be used instead.]
                        [This legacy_version field MUST be ignored. The supported_versions extension is present and MUST be used instead.]
                        [Severity level: Chat]
                        [Group: Deprecated]
                Random: 7bc4c1897fcf3f1a7f5f9b0cf18434ad18b17b40d799a55be72520a9552a48d2
                Session ID Length: 0
                Cipher Suites Length: 6
                Cipher Suites (3 suites)
                    Cipher Suite: TLS_AES_128_GCM_SHA256 (0x1301)
                    Cipher Suite: TLS_CHACHA20_POLY1305_SHA256 (0x1303)
                    Cipher Suite: TLS_AES_256_GCM_SHA384 (0x1302)
                Compression Methods Length: 1
                Compression Methods (1 method)
                    Compression Method: null (0)
                Extensions Length: 1843
                Extension: signature_algorithms (len=24)
                    Type: signature_algorithms (13)
                    Length: 24
                    Signature Hash Algorithms Length: 22
                    Signature Hash Algorithms (11 algorithms)
                        Signature Algorithm: ecdsa_secp256r1_sha256 (0x0403)
                            Signature Hash Algorithm Hash: SHA256 (4)
                            Signature Hash Algorithm Signature: ECDSA (3)
                        Signature Algorithm: ecdsa_secp384r1_sha384 (0x0503)
                            Signature Hash Algorithm Hash: SHA384 (5)
                            Signature Hash Algorithm Signature: ECDSA (3)
                        Signature Algorithm: ecdsa_secp521r1_sha512 (0x0603)
                            Signature Hash Algorithm Hash: SHA512 (6)
                            Signature Hash Algorithm Signature: ECDSA (3)
                        Signature Algorithm: ecdsa_sha1 (0x0203)
                            Signature Hash Algorithm Hash: SHA1 (2)
                            Signature Hash Algorithm Signature: ECDSA (3)
                        Signature Algorithm: rsa_pss_rsae_sha256 (0x0804)
                            Signature Hash Algorithm Hash: Unknown (8)
                            Signature Hash Algorithm Signature: Unknown (4)
                        Signature Algorithm: rsa_pss_rsae_sha384 (0x0805)
                            Signature Hash Algorithm Hash: Unknown (8)
                            Signature Hash Algorithm Signature: Unknown (5)
                        Signature Algorithm: rsa_pss_rsae_sha512 (0x0806)
                            Signature Hash Algorithm Hash: Unknown (8)
                            Signature Hash Algorithm Signature: Unknown (6)
                        Signature Algorithm: rsa_pkcs1_sha256 (0x0401)
                            Signature Hash Algorithm Hash: SHA256 (4)
                            Signature Hash Algorithm Signature: RSA (1)
                        Signature Algorithm: rsa_pkcs1_sha384 (0x0501)
                            Signature Hash Algorithm Hash: SHA384 (5)
                            Signature Hash Algorithm Signature: RSA (1)
                        Signature Algorithm: rsa_pkcs1_sha512 (0x0601)
                            Signature Hash Algorithm Hash: SHA512 (6)
                            Signature Hash Algorithm Signature: RSA (1)
                        Signature Algorithm: rsa_pkcs1_sha1 (0x0201)
                            Signature Hash Algorithm Hash: SHA1 (2)
                            Signature Hash Algorithm Signature: RSA (1)
                Extension: status_request (len=5)
                    Type: status_request (5)
                    Length: 5
                    Certificate Status Type: OCSP (1)
                    Responder ID list Length: 0
                    Request Extensions Length: 0
                Extension: extended_master_secret (len=0)
                    Type: extended_master_secret (23)
                    Length: 0
                Extension: supported_groups (len=12)
                    Type: supported_groups (10)
                    Length: 12
                    Supported Groups List Length: 10
                    Supported Groups (5 groups)
                        Supported Group: X25519MLKEM768 (0x11ec)
                        Supported Group: x25519 (0x001d)
                        Supported Group: secp256r1 (0x0017)
                        Supported Group: secp384r1 (0x0018)
                        Supported Group: secp521r1 (0x0019)
                Extension: compress_certificate (len=7)
                    Type: compress_certificate (27)
                    Length: 7
                    Algorithms Length: 6
                    Algorithm: zlib (1)
                    Algorithm: zstd (3)
                    Algorithm: brotli (2)
                Extension: delegated_credentials (len=10)
                    Type: delegated_credentials (34)
                    Length: 10
                    Signature Hash Algorithms Length: 8
                    Signature Hash Algorithms (4 algorithms)
                        Signature Algorithm: ecdsa_secp256r1_sha256 (0x0403)
                            Signature Hash Algorithm Hash: SHA256 (4)
                            Signature Hash Algorithm Signature: ECDSA (3)
                        Signature Algorithm: ecdsa_secp384r1_sha384 (0x0503)
                            Signature Hash Algorithm Hash: SHA384 (5)
                            Signature Hash Algorithm Signature: ECDSA (3)
                        Signature Algorithm: ecdsa_secp521r1_sha512 (0x0603)
                            Signature Hash Algorithm Hash: SHA512 (6)
                            Signature Hash Algorithm Signature: ECDSA (3)
                        Signature Algorithm: ecdsa_sha1 (0x0203)
                            Signature Hash Algorithm Hash: SHA1 (2)
                            Signature Hash Algorithm Signature: ECDSA (3)
                Extension: supported_versions (len=3) TLS 1.3
                    Type: supported_versions (43)
                    Length: 3
                    Supported Versions length: 2
                    Supported Version: TLS 1.3 (0x0304)
                Extension: renegotiation_info (len=1)
                    Type: renegotiation_info (65281)
                    Length: 1
                    Renegotiation Info extension
                        Renegotiation info extension length: 0
                Extension: key_share (len=1327) X25519MLKEM768, x25519, secp256r1
                    Type: key_share (51)
                    Length: 1327
                    Key Share extension
                        Client Key Share Length: 1325
                        Key Share Entry: Group: X25519MLKEM768, Key Exchange length: 1216
                            Group: X25519MLKEM768 (4588)
                            Key Exchange Length: 1216
                            Key Exchange […]: ef480a4e527e937ab689782fa16939f564cee5a94144bcbf78b285a2439ee260af6f6bb3304a10deb1b357ca8bcba68b5aea9786a4a752dc20d85b557515790bdb71c80b663db303752b018cbc9503c64fe8320eb62b16281755f6d8c8dc8bce76d511c6b54bde677433529193f
                        Key Share Entry: Group: x25519, Key Exchange length: 32
                            Group: x25519 (29)
                            Key Exchange Length: 32
                            Key Exchange: 75b2c4bf6c2824623f69d4c3607b61ce3744173a1c9da1ddab1678c80e539910
                        Key Share Entry: Group: secp256r1, Key Exchange length: 65
                            Group: secp256r1 (23)
                            Key Exchange Length: 65
                            Key Exchange: 0442fbcb26456a1d3b9d3aba57f40108beb320eadc9b278db77de5b33fa97bf9473ca3ab2ad9851e16023ba0ef14c3089e82f3cf33f42d78e12a56228d815fa23c
                Extension: server_name (len=24) name=blog.cloudflare.com
                    Type: server_name (0)
                    Length: 24
                    Server Name Indication extension
                        Server Name list length: 22
                        Server Name Type: host_name (0)
                        Server Name length: 19
                        Server Name: blog.cloudflare.com
                Extension: application_layer_protocol_negotiation (len=5)
                    Type: application_layer_protocol_negotiation (16)
                    Length: 5
                    ALPN Extension Length: 3
                    ALPN Protocol
                        ALPN string length: 2
                        ALPN Next Protocol: h3
                Extension: psk_key_exchange_modes (len=2)
                    Type: psk_key_exchange_modes (45)
                    Length: 2
                    PSK Key Exchange Modes Length: 1
                    PSK Key Exchange Mode: PSK with (EC)DHE key establishment (psk_dhe_ke) (1)
                Extension: record_size_limit (len=2)
                    Type: record_size_limit (28)
                    Length: 2
                    Record Size Limit: 16385
                Extension: quic_transport_parameters (len=80)
                    Type: quic_transport_parameters (57)
                    Length: 80
                    Parameter: max_idle_timeout (len=4) 30000 ms
                        Type: max_idle_timeout (0x01)
                        Length: 4
                        Value: 80007530
                        max_idle_timeout: 30000
                    Parameter: initial_max_data (len=4) 25165824
                        Type: initial_max_data (0x04)
                        Length: 4
                        Value: 81800000
                        initial_max_data: 25165824
                    Parameter: initial_max_stream_data_bidi_local (len=4) 12582912
                        Type: initial_max_stream_data_bidi_local (0x05)
                        Length: 4
                        Value: 80c00000
                        initial_max_stream_data_bidi_local: 12582912
                    Parameter: initial_max_stream_data_bidi_remote (len=4) 1048576
                        Type: initial_max_stream_data_bidi_remote (0x06)
                        Length: 4
                        Value: 80100000
                        initial_max_stream_data_bidi_remote: 1048576
                    Parameter: initial_max_stream_data_uni (len=4) 1048576
                        Type: initial_max_stream_data_uni (0x07)
                        Length: 4
                        Value: 80100000
                        initial_max_stream_data_uni: 1048576
                    Parameter: initial_max_streams_bidi (len=2) 100
                        Type: initial_max_streams_bidi (0x08)
                        Length: 2
                        Value: 4064
                        initial_max_streams_bidi: 100
                    Parameter: initial_max_streams_uni (len=2) 100
                        Type: initial_max_streams_uni (0x09)
                        Length: 2
                        Value: 4064
                        initial_max_streams_uni: 100
                    Parameter: max_ack_delay (len=1) 20
                        Type: max_ack_delay (0x0b)
                        Length: 1
                        Value: 14
                        max_ack_delay: 20
                    Parameter: active_connection_id_limit (len=1) 8
                        Type: active_connection_id_limit (0x0e)
                        Length: 1
                        Value: 08
                        Active Connection ID Limit: 8
                    Parameter: initial_source_connection_id (len=3)
                        Type: initial_source_connection_id (0x0f)
                        Length: 3
                        Value: 37727d
                        Initial Source Connection ID: 37727d
                    Parameter: version_information (len=12)
                        Type: version_information (0x11)
                        Length: 12
                        Value: 00000001ba5a7aca00000001
                        Chosen Version: 1 (0x00000001)
                        Other Version: Unknown (0xba5a7aca) (GREASE)
                        Other Version: 1 (0x00000001)
                    Parameter: GREASE (len=2)
                        Type: GREASE (0xff02de1a)
                        Length: 2
                        Value: 43e8
                    Parameter: max_datagram_frame_size (len=4) 65535
                        Type: max_datagram_frame_size (0x20)
                        Length: 4
                        Value: 8000ffff
                        max_datagram_frame_size: 65535
                Extension: encrypted_client_hello (len=281)
                    Type: encrypted_client_hello (65037)
                    Length: 281
                    Client Hello type: Outer Client Hello (0)
                    Cipher Suite: HKDF-SHA256/AES-128-GCM
                        KDF Id: HKDF-SHA256 (1)
                        AEAD Id: AES-128-GCM (1)
                    Config Id: 62
                    Enc length: 32
                    Enc: 93bc3112fb90e9d9357ec569eff9f84ed0e31f4cbd2d65b1485158e441a0d77e
                    Payload length: 239
                    Payload […]: 71007011cd4d30e7296b29ced0ed86c00123dfa32b1eaa45d1a839b54d994755959582180f39745192ac75b2a3c376f17718122cf591aa1341440a96d45f3e0a22bbf2248756a98e208fd2ca03c0508d60a2d1f60ddcbcacda2bd4fc20108f6e84d529861dda6afdf6afa8b482aca796
                [JA4: q13d0315h3_55b375c5d22e_dc5437974b47]
                [JA4_r: q13d0315h3_1301,1302,1303_0005,000a,000d,0017,001b,001c,0022,002b,002d,0033,0039,fe0d,ff01_0403,0503,0603,0203,0804,0805,0806,0401,0501,0601,0201]
                [JA3 Fullstring: 771,4865-4867-4866,13-5-23-10-27-34-43-65281-51-0-16-45-28-57-65037,4588-29-23-24-25,]
                [JA3: d41b5d60b5b9c7ac5a65f4843196607d]
QUIC IETF
    [Expert Info (Note/Protocol): (Random) padding data appended to the datagram]
        [(Random) padding data appended to the datagram]
        [Severity level: Note]
        [Group: Protocol]

Frame 54: Packet, 1246 bytes on wire (9968 bits), 1246 bytes captured (9968 bits) on interface \Device\NPF_{9B9257DC-FAC1-4993-B12F-136D7BA5E874}, id 0
    Section number: 1
    Interface id: 0 (\Device\NPF_{9B9257DC-FAC1-4993-B12F-136D7BA5E874})
        Interface name: \Device\NPF_{9B9257DC-FAC1-4993-B12F-136D7BA5E874}
        Interface description: Wi-Fi
    Encapsulation type: Ethernet (1)
    Arrival Time: Apr  9, 2026 18:28:53.946473000 India Standard Time
    UTC Arrival Time: Apr  9, 2026 12:58:53.946473000 UTC
    Epoch Arrival Time: 1775739533.946473000
    [Time shift for this packet: 0.000000000 seconds]
    [Time delta from previous captured frame: 699.700 microseconds]
    [Time delta from previous displayed frame: 699.700 microseconds]
    [Time since reference or first frame: 524.614600 milliseconds]
    Frame Number: 54
    Frame Length: 1246 bytes (9968 bits)
    Capture Length: 1246 bytes (9968 bits)
    [Frame is marked: False]
    [Frame is ignored: False]
    [Protocols in frame: eth:ethertype:vlan:ethertype:ip:udp:quic]
    Character encoding: ASCII (0)
Ethernet II, Src: HewlettPacka_3a:cc:1d (28:92:4a:3a:cc:1d), Dst: 96:77:0b:05:d4:0b (96:77:0b:05:d4:0b)
    Destination: 96:77:0b:05:d4:0b (96:77:0b:05:d4:0b)
        .... ..1. .... .... .... .... = LG bit: Locally administered address (this is NOT the factory default)
        .... ...0 .... .... .... .... = IG bit: Individual address (unicast)
    Source: HewlettPacka_3a:cc:1d (28:92:4a:3a:cc:1d)
        .... ..0. .... .... .... .... = LG bit: Globally unique address (factory default)
        .... ...0 .... .... .... .... = IG bit: Individual address (unicast)
    Type: 802.1Q Virtual LAN (0x8100)
    [Stream index: 0]
802.1Q Virtual LAN, PRI: 0, DEI: 0, ID: 0
    000. .... .... .... = Priority: Best Effort (default) (0)
    ...0 .... .... .... = DEI: Ineligible
    .... 0000 0000 0000 = ID: 0
    Type: IPv4 (0x0800)
Internet Protocol Version 4, Src: 104.16.123.96, Dst: 172.16.90.227
    0100 .... = Version: 4
    .... 0101 = Header Length: 20 bytes (5)
    Differentiated Services Field: 0x88 (DSCP: AF41, ECN: Not-ECT)
        1000 10.. = Differentiated Services Codepoint: Assured Forwarding 41 (34)
        .... ..00 = Explicit Congestion Notification: Not ECN-Capable Transport (0)
    Total Length: 1228
    Identification: 0x0001 (1)
    010. .... = Flags: 0x2, Don't fragment
        0... .... = Reserved bit: Not set
        .1.. .... = Don't fragment: Set
        ..0. .... = More fragments: Not set
    ...0 0000 0000 0000 = Fragment Offset: 0
    Time to Live: 57
    Protocol: UDP (17)
    Header Checksum: 0x5234 [validation disabled]
    [Header checksum status: Unverified]
    Source Address: 104.16.123.96
    Destination Address: 172.16.90.227
    [Stream index: 2]
User Datagram Protocol, Src Port: 443, Dst Port: 50490
    Source Port: 443
    Destination Port: 50490
    Length: 1208
    Checksum: 0x8ff8 [unverified]
    [Checksum Status: Unverified]
    [Stream index: 2]
    [Stream Packet Number: 9]
    [Timestamps]
        [Time since first frame: 10.559700 milliseconds]
        [Time since previous frame: 1.839300 milliseconds]
    UDP payload (1200 bytes)
QUIC IETF
    QUIC Connection information
        [Connection Number: 1]
    [Packet Length: 1200]
    1... .... = Header Form: Long Header (1)
    .1.. .... = Fixed Bit: True
    ..10 .... = Packet Type: Handshake (2)
    Version: 1 (0x00000001)
    Destination Connection ID Length: 3
    Destination Connection ID: 95a10c
    Source Connection ID Length: 20
    Source Connection ID: 01bcae2b54a62e8966be502b5ea6320b35bc87d8
    Length: 1168
    [Expert Info (Warning/Decryption): Failed to create decryption context: Secrets are not available]
        [Failed to create decryption context: Secrets are not available]
        [Severity level: Warning]
        [Group: Decryption]
    Remaining Payload […]: 4a84ad3665ec742687b11c46cbef238233b5ac28998cdd7240c1523393373883be3c7629f4b3889d5fae75efbf9a528dc3c7f55b0a41e2caa9e000fbf6b791a4ec444197927908eadb41f4bc01167dae071896a2405ef1e04ed4a26a68417d4c1efda7d3ca28771154a54e

Frame 55: Packet, 135 bytes on wire (1080 bits), 135 bytes captured (1080 bits) on interface \Device\NPF_{9B9257DC-FAC1-4993-B12F-136D7BA5E874}, id 0
    Section number: 1
    Interface id: 0 (\Device\NPF_{9B9257DC-FAC1-4993-B12F-136D7BA5E874})
        Interface name: \Device\NPF_{9B9257DC-FAC1-4993-B12F-136D7BA5E874}
        Interface description: Wi-Fi
    Encapsulation type: Ethernet (1)
    Arrival Time: Apr  9, 2026 18:28:53.946473000 India Standard Time
    UTC Arrival Time: Apr  9, 2026 12:58:53.946473000 UTC
    Epoch Arrival Time: 1775739533.946473000
    [Time shift for this packet: 0.000000000 seconds]
    [Time delta from previous captured frame: 0.000000000 seconds]
    [Time delta from previous displayed frame: 0.000000000 seconds]
    [Time since reference or first frame: 524.614600 milliseconds]
    Frame Number: 55
    Frame Length: 135 bytes (1080 bits)
    Capture Length: 135 bytes (1080 bits)
    [Frame is marked: False]
    [Frame is ignored: False]
    [Protocols in frame: eth:ethertype:vlan:ethertype:ip:udp:quic]
    Character encoding: ASCII (0)
Ethernet II, Src: HewlettPacka_3a:cc:1d (28:92:4a:3a:cc:1d), Dst: 96:77:0b:05:d4:0b (96:77:0b:05:d4:0b)
    Destination: 96:77:0b:05:d4:0b (96:77:0b:05:d4:0b)
        .... ..1. .... .... .... .... = LG bit: Locally administered address (this is NOT the factory default)
        .... ...0 .... .... .... .... = IG bit: Individual address (unicast)
    Source: HewlettPacka_3a:cc:1d (28:92:4a:3a:cc:1d)
        .... ..0. .... .... .... .... = LG bit: Globally unique address (factory default)
        .... ...0 .... .... .... .... = IG bit: Individual address (unicast)
    Type: 802.1Q Virtual LAN (0x8100)
    [Stream index: 0]
802.1Q Virtual LAN, PRI: 0, DEI: 0, ID: 0
    000. .... .... .... = Priority: Best Effort (default) (0)
    ...0 .... .... .... = DEI: Ineligible
    .... 0000 0000 0000 = ID: 0
    Type: IPv4 (0x0800)
Internet Protocol Version 4, Src: 104.16.123.96, Dst: 172.16.90.227
    0100 .... = Version: 4
    .... 0101 = Header Length: 20 bytes (5)
    Differentiated Services Field: 0x88 (DSCP: AF41, ECN: Not-ECT)
        1000 10.. = Differentiated Services Codepoint: Assured Forwarding 41 (34)
        .... ..00 = Explicit Congestion Notification: Not ECN-Capable Transport (0)
    Total Length: 117
    Identification: 0x0002 (2)
    010. .... = Flags: 0x2, Don't fragment
        0... .... = Reserved bit: Not set
        .1.. .... = Don't fragment: Set
        ..0. .... = More fragments: Not set
    ...0 0000 0000 0000 = Fragment Offset: 0
    Time to Live: 57
    Protocol: UDP (17)
    Header Checksum: 0x568a [validation disabled]
    [Header checksum status: Unverified]
    Source Address: 104.16.123.96
    Destination Address: 172.16.90.227
    [Stream index: 2]
User Datagram Protocol, Src Port: 443, Dst Port: 50490
    Source Port: 443
    Destination Port: 50490
    Length: 97
    Checksum: 0x79af [unverified]
    [Checksum Status: Unverified]
    [Stream index: 2]
    [Stream Packet Number: 10]
    [Timestamps]
        [Time since first frame: 10.559700 milliseconds]
        [Time since previous frame: 0.000000000 seconds]
    UDP payload (89 bytes)
QUIC IETF
    QUIC Connection information
        [Connection Number: 1]
    [Packet Length: 89]
    1... .... = Header Form: Long Header (1)
    .1.. .... = Fixed Bit: True
    ..10 .... = Packet Type: Handshake (2)
    Version: 1 (0x00000001)
    Destination Connection ID Length: 3
    Destination Connection ID: 95a10c
    Source Connection ID Length: 20
    Source Connection ID: 01bcae2b54a62e8966be502b5ea6320b35bc87d8
    Length: 57
    [Expert Info (Warning/Decryption): Failed to create decryption context: Secrets are not available]
        [Failed to create decryption context: Secrets are not available]
        [Severity level: Warning]
        [Group: Decryption]
    Remaining Payload: b03d49a0513b51b7679ffde7ffc50547aa8f704006c41f65459a22d0e640a6695db06b7579182ef083889ca93388cc44953a03deacd859566b

Frame 56: Packet, 96 bytes on wire (768 bits), 96 bytes captured (768 bits) on interface \Device\NPF_{9B9257DC-FAC1-4993-B12F-136D7BA5E874}, id 0
    Section number: 1
    Interface id: 0 (\Device\NPF_{9B9257DC-FAC1-4993-B12F-136D7BA5E874})
        Interface name: \Device\NPF_{9B9257DC-FAC1-4993-B12F-136D7BA5E874}
        Interface description: Wi-Fi
    Encapsulation type: Ethernet (1)
    Arrival Time: Apr  9, 2026 18:28:53.947687400 India Standard Time
    UTC Arrival Time: Apr  9, 2026 12:58:53.947687400 UTC
    Epoch Arrival Time: 1775739533.947687400
    [Time shift for this packet: 0.000000000 seconds]
    [Time delta from previous captured frame: 1.214400 milliseconds]
    [Time delta from previous displayed frame: 1.214400 milliseconds]
    [Time since reference or first frame: 525.829000 milliseconds]
    Frame Number: 56
    Frame Length: 96 bytes (768 bits)
    Capture Length: 96 bytes (768 bits)
    [Frame is marked: False]
    [Frame is ignored: False]
    [Protocols in frame: eth:ethertype:ip:udp:quic]
    Character encoding: ASCII (0)
Ethernet II, Src: 96:77:0b:05:d4:0b (96:77:0b:05:d4:0b), Dst: HewlettPacka_3a:cc:1d (28:92:4a:3a:cc:1d)
    Destination: HewlettPacka_3a:cc:1d (28:92:4a:3a:cc:1d)
        .... ..0. .... .... .... .... = LG bit: Globally unique address (factory default)
        .... ...0 .... .... .... .... = IG bit: Individual address (unicast)
    Source: 96:77:0b:05:d4:0b (96:77:0b:05:d4:0b)
        .... ..1. .... .... .... .... = LG bit: Locally administered address (this is NOT the factory default)
        .... ...0 .... .... .... .... = IG bit: Individual address (unicast)
    Type: IPv4 (0x0800)
    [Stream index: 0]
Internet Protocol Version 4, Src: 172.16.90.227, Dst: 104.16.123.96
    0100 .... = Version: 4
    .... 0101 = Header Length: 20 bytes (5)
    Differentiated Services Field: 0x00 (DSCP: CS0, ECN: Not-ECT)
        0000 00.. = Differentiated Services Codepoint: Default (0)
        .... ..00 = Explicit Congestion Notification: Not ECN-Capable Transport (0)
    Total Length: 82
    Identification: 0xb42c (46124)
    010. .... = Flags: 0x2, Don't fragment
        0... .... = Reserved bit: Not set
        .1.. .... = Don't fragment: Set
        ..0. .... = More fragments: Not set
    ...0 0000 0000 0000 = Fragment Offset: 0
    Time to Live: 128
    Protocol: UDP (17)
    Header Checksum: 0x0000 [validation disabled]
    [Header checksum status: Unverified]
    Source Address: 172.16.90.227
    Destination Address: 104.16.123.96
    [Stream index: 2]
User Datagram Protocol, Src Port: 50490, Dst Port: 443
    Source Port: 50490
    Destination Port: 443
    Length: 62
    Checksum: 0xeab3 [unverified]
    [Checksum Status: Unverified]
    [Stream index: 2]
    [Stream Packet Number: 11]
    [Timestamps]
        [Time since first frame: 11.774100 milliseconds]
        [Time since previous frame: 1.214400 milliseconds]
    UDP payload (54 bytes)
QUIC IETF
    QUIC Connection information
        [Connection Number: 1]
    [Packet Length: 54]
    1... .... = Header Form: Long Header (1)
    .1.. .... = Fixed Bit: True
    ..10 .... = Packet Type: Handshake (2)
    Version: 1 (0x00000001)
    Destination Connection ID Length: 20
    Destination Connection ID: 01bcae2b54a62e8966be502b5ea6320b35bc87d8
    Source Connection ID Length: 3
    Source Connection ID: 95a10c
    Length: 22
    [Expert Info (Warning/Decryption): Failed to create decryption context: Secrets are not available]
        [Failed to create decryption context: Secrets are not available]
        [Severity level: Warning]
        [Group: Decryption]
    Remaining Payload: a78d7d4e414a6b4753893b6a73a2d6416fa95ccc13c7

Frame 57: Packet, 191 bytes on wire (1528 bits), 191 bytes captured (1528 bits) on interface \Device\NPF_{9B9257DC-FAC1-4993-B12F-136D7BA5E874}, id 0
    Section number: 1
    Interface id: 0 (\Device\NPF_{9B9257DC-FAC1-4993-B12F-136D7BA5E874})
        Interface name: \Device\NPF_{9B9257DC-FAC1-4993-B12F-136D7BA5E874}
        Interface description: Wi-Fi
    Encapsulation type: Ethernet (1)
    Arrival Time: Apr  9, 2026 18:28:53.949342300 India Standard Time
    UTC Arrival Time: Apr  9, 2026 12:58:53.949342300 UTC
    Epoch Arrival Time: 1775739533.949342300
    [Time shift for this packet: 0.000000000 seconds]
    [Time delta from previous captured frame: 1.654900 milliseconds]
    [Time delta from previous displayed frame: 1.654900 milliseconds]
    [Time since reference or first frame: 527.483900 milliseconds]
    Frame Number: 57
    Frame Length: 191 bytes (1528 bits)
    Capture Length: 191 bytes (1528 bits)
    [Frame is marked: False]
    [Frame is ignored: False]
    [Protocols in frame: eth:ethertype:ip:udp:quic]
    Character encoding: ASCII (0)
Ethernet II, Src: 96:77:0b:05:d4:0b (96:77:0b:05:d4:0b), Dst: HewlettPacka_3a:cc:1d (28:92:4a:3a:cc:1d)
    Destination: HewlettPacka_3a:cc:1d (28:92:4a:3a:cc:1d)
        .... ..0. .... .... .... .... = LG bit: Globally unique address (factory default)
        .... ...0 .... .... .... .... = IG bit: Individual address (unicast)
    Source: 96:77:0b:05:d4:0b (96:77:0b:05:d4:0b)
        .... ..1. .... .... .... .... = LG bit: Locally administered address (this is NOT the factory default)
        .... ...0 .... .... .... .... = IG bit: Individual address (unicast)
    Type: IPv4 (0x0800)
    [Stream index: 0]
Internet Protocol Version 4, Src: 172.16.90.227, Dst: 104.16.123.96
    0100 .... = Version: 4
    .... 0101 = Header Length: 20 bytes (5)
    Differentiated Services Field: 0x00 (DSCP: CS0, ECN: Not-ECT)
        0000 00.. = Differentiated Services Codepoint: Default (0)
        .... ..00 = Explicit Congestion Notification: Not ECN-Capable Transport (0)
    Total Length: 177
    Identification: 0xb42d (46125)
    010. .... = Flags: 0x2, Don't fragment
        0... .... = Reserved bit: Not set
        .1.. .... = Don't fragment: Set
        ..0. .... = More fragments: Not set
    ...0 0000 0000 0000 = Fragment Offset: 0
    Time to Live: 128
    Protocol: UDP (17)
    Header Checksum: 0x0000 [validation disabled]
    [Header checksum status: Unverified]
    Source Address: 172.16.90.227
    Destination Address: 104.16.123.96
    [Stream index: 2]
User Datagram Protocol, Src Port: 50490, Dst Port: 443
    Source Port: 50490
    Destination Port: 443
    Length: 157
    Checksum: 0xeb12 [unverified]
    [Checksum Status: Unverified]
    [Stream index: 2]
    [Stream Packet Number: 12]
    [Timestamps]
        [Time since first frame: 13.429000 milliseconds]
        [Time since previous frame: 1.654900 milliseconds]
    UDP payload (149 bytes)
QUIC IETF
    QUIC Connection information
        [Connection Number: 1]
    [Packet Length: 88]
    1... .... = Header Form: Long Header (1)
    .1.. .... = Fixed Bit: True
    ..10 .... = Packet Type: Handshake (2)
    Version: 1 (0x00000001)
    Destination Connection ID Length: 20
    Destination Connection ID: 01bcae2b54a62e8966be502b5ea6320b35bc87d8
    Source Connection ID Length: 3
    Source Connection ID: 95a10c
    Length: 56
    [Expert Info (Warning/Decryption): Failed to create decryption context: Secrets are not available]
        [Failed to create decryption context: Secrets are not available]
        [Severity level: Warning]
        [Group: Decryption]
    Remaining Payload: b19d5ce562a3143bd91dde01b54a55b52200e59de7cfa77fc7d8481984227001006a0d3b4babd6643b105e9b83450b27f23f2a98ae54f1c1
QUIC IETF
    [Packet Length: 61]
    QUIC Short Header DCID=01bcae2b54a62e8966be502b5ea6320b35bc87d8
        0... .... = Header Form: Short Header (0)
        .1.. .... = Fixed Bit: True
        ..0. .... = Spin Bit: False
        Destination Connection ID: 01bcae2b54a62e8966be502b5ea6320b35bc87d8
    [Expert Info (Warning/Decryption): Failed to create decryption context: Secrets are not available]
        [Failed to create decryption context: Secrets are not available]
        [Severity level: Warning]
        [Group: Decryption]
    Remaining Payload: ff15b371b7e0ed86b91176af902659d9863d397d3b340e30518b94198d0847c03e34f74feb3b0e23

Frame 58: Packet, 129 bytes on wire (1032 bits), 129 bytes captured (1032 bits) on interface \Device\NPF_{9B9257DC-FAC1-4993-B12F-136D7BA5E874}, id 0
    Section number: 1
    Interface id: 0 (\Device\NPF_{9B9257DC-FAC1-4993-B12F-136D7BA5E874})
        Interface name: \Device\NPF_{9B9257DC-FAC1-4993-B12F-136D7BA5E874}
        Interface description: Wi-Fi
    Encapsulation type: Ethernet (1)
    Arrival Time: Apr  9, 2026 18:28:53.949399600 India Standard Time
    UTC Arrival Time: Apr  9, 2026 12:58:53.949399600 UTC
    Epoch Arrival Time: 1775739533.949399600
    [Time shift for this packet: 0.000000000 seconds]
    [Time delta from previous captured frame: 57.300 microseconds]
    [Time delta from previous displayed frame: 57.300 microseconds]
    [Time since reference or first frame: 527.541200 milliseconds]
    Frame Number: 58
    Frame Length: 129 bytes (1032 bits)
    Capture Length: 129 bytes (1032 bits)
    [Frame is marked: False]
    [Frame is ignored: False]
    [Protocols in frame: eth:ethertype:ip:udp:quic]
    Character encoding: ASCII (0)
Ethernet II, Src: 96:77:0b:05:d4:0b (96:77:0b:05:d4:0b), Dst: HewlettPacka_3a:cc:1d (28:92:4a:3a:cc:1d)
    Destination: HewlettPacka_3a:cc:1d (28:92:4a:3a:cc:1d)
        .... ..0. .... .... .... .... = LG bit: Globally unique address (factory default)
        .... ...0 .... .... .... .... = IG bit: Individual address (unicast)
    Source: 96:77:0b:05:d4:0b (96:77:0b:05:d4:0b)
        .... ..1. .... .... .... .... = LG bit: Locally administered address (this is NOT the factory default)
        .... ...0 .... .... .... .... = IG bit: Individual address (unicast)
    Type: IPv4 (0x0800)
    [Stream index: 0]
Internet Protocol Version 4, Src: 172.16.90.227, Dst: 104.16.123.96
    0100 .... = Version: 4
    .... 0101 = Header Length: 20 bytes (5)
    Differentiated Services Field: 0x00 (DSCP: CS0, ECN: Not-ECT)
        0000 00.. = Differentiated Services Codepoint: Default (0)
        .... ..00 = Explicit Congestion Notification: Not ECN-Capable Transport (0)
    Total Length: 115
    Identification: 0xb42e (46126)
    010. .... = Flags: 0x2, Don't fragment
        0... .... = Reserved bit: Not set
        .1.. .... = Don't fragment: Set
        ..0. .... = More fragments: Not set
    ...0 0000 0000 0000 = Fragment Offset: 0
    Time to Live: 128
    Protocol: UDP (17)
    Header Checksum: 0x0000 [validation disabled]
    [Header checksum status: Unverified]
    Source Address: 172.16.90.227
    Destination Address: 104.16.123.96
    [Stream index: 2]
User Datagram Protocol, Src Port: 50490, Dst Port: 443
    Source Port: 50490
    Destination Port: 443
    Length: 95
    Checksum: 0xead4 [unverified]
    [Checksum Status: Unverified]
    [Stream index: 2]
    [Stream Packet Number: 13]
    [Timestamps]
        [Time since first frame: 13.486300 milliseconds]
        [Time since previous frame: 57.300 microseconds]
    UDP payload (87 bytes)
QUIC IETF
    QUIC Connection information
        [Connection Number: 1]
    [Packet Length: 87]
    QUIC Short Header DCID=01bcae2b54a62e8966be502b5ea6320b35bc87d8
        0... .... = Header Form: Short Header (0)
        .1.. .... = Fixed Bit: True
        ..1. .... = Spin Bit: True
        Destination Connection ID: 01bcae2b54a62e8966be502b5ea6320b35bc87d8
    Remaining Payload: cc4e899043454d1fe0f0bbf1bf7e57b05926b2d58d9c17636b5c5191cef54ac68593000920903f3475c8a69861765af196177660fe20a3a9afa8a20cc45b985c987a

Frame 59: Packet, 737 bytes on wire (5896 bits), 737 bytes captured (5896 bits) on interface \Device\NPF_{9B9257DC-FAC1-4993-B12F-136D7BA5E874}, id 0
    Section number: 1
    Interface id: 0 (\Device\NPF_{9B9257DC-FAC1-4993-B12F-136D7BA5E874})
        Interface name: \Device\NPF_{9B9257DC-FAC1-4993-B12F-136D7BA5E874}
        Interface description: Wi-Fi
    Encapsulation type: Ethernet (1)
    Arrival Time: Apr  9, 2026 18:28:53.949679400 India Standard Time
    UTC Arrival Time: Apr  9, 2026 12:58:53.949679400 UTC
    Epoch Arrival Time: 1775739533.949679400
    [Time shift for this packet: 0.000000000 seconds]
    [Time delta from previous captured frame: 279.800 microseconds]
    [Time delta from previous displayed frame: 279.800 microseconds]
    [Time since reference or first frame: 527.821000 milliseconds]
    Frame Number: 59
    Frame Length: 737 bytes (5896 bits)
    Capture Length: 737 bytes (5896 bits)
    [Frame is marked: False]
    [Frame is ignored: False]
    [Protocols in frame: eth:ethertype:ip:udp:quic]
    Character encoding: ASCII (0)
Ethernet II, Src: 96:77:0b:05:d4:0b (96:77:0b:05:d4:0b), Dst: HewlettPacka_3a:cc:1d (28:92:4a:3a:cc:1d)
    Destination: HewlettPacka_3a:cc:1d (28:92:4a:3a:cc:1d)
        .... ..0. .... .... .... .... = LG bit: Globally unique address (factory default)
        .... ...0 .... .... .... .... = IG bit: Individual address (unicast)
    Source: 96:77:0b:05:d4:0b (96:77:0b:05:d4:0b)
        .... ..1. .... .... .... .... = LG bit: Locally administered address (this is NOT the factory default)
        .... ...0 .... .... .... .... = IG bit: Individual address (unicast)
    Type: IPv4 (0x0800)
    [Stream index: 0]
Internet Protocol Version 4, Src: 172.16.90.227, Dst: 104.16.123.96
    0100 .... = Version: 4
    .... 0101 = Header Length: 20 bytes (5)
    Differentiated Services Field: 0x00 (DSCP: CS0, ECN: Not-ECT)
        0000 00.. = Differentiated Services Codepoint: Default (0)
        .... ..00 = Explicit Congestion Notification: Not ECN-Capable Transport (0)
    Total Length: 723
    Identification: 0xb42f (46127)
    010. .... = Flags: 0x2, Don't fragment
        0... .... = Reserved bit: Not set
        .1.. .... = Don't fragment: Set
        ..0. .... = More fragments: Not set
    ...0 0000 0000 0000 = Fragment Offset: 0
    Time to Live: 128
    Protocol: UDP (17)
    Header Checksum: 0x0000 [validation disabled]
    [Header checksum status: Unverified]
    Source Address: 172.16.90.227
    Destination Address: 104.16.123.96
    [Stream index: 2]
User Datagram Protocol, Src Port: 50490, Dst Port: 443
    Source Port: 50490
    Destination Port: 443
    Length: 703
    Checksum: 0xed34 [unverified]
    [Checksum Status: Unverified]
    [Stream index: 2]
    [Stream Packet Number: 14]
    [Timestamps]
        [Time since first frame: 13.766100 milliseconds]
        [Time since previous frame: 279.800 microseconds]
    UDP payload (695 bytes)
QUIC IETF
    QUIC Connection information
        [Connection Number: 1]
    [Packet Length: 695]
    QUIC Short Header DCID=01bcae2b54a62e8966be502b5ea6320b35bc87d8
        0... .... = Header Form: Short Header (0)
        .1.. .... = Fixed Bit: True
        ..0. .... = Spin Bit: False
        Destination Connection ID: 01bcae2b54a62e8966be502b5ea6320b35bc87d8
    Remaining Payload […]: 110aff5e2004fe576f8cd4ed658b98e2343f89f281167d1ff64567caad951cc1b7439553d905b8fe13122140816382f2fa4227cb9de74b3cf211cc48e5d9e60a1e98c235a6094293f122d07dad48eb26b00579ab43d190694074ff109d6954142fcbc20801f84ac881454c

Frame 60: Packet, 1246 bytes on wire (9968 bits), 1246 bytes captured (9968 bits) on interface \Device\NPF_{9B9257DC-FAC1-4993-B12F-136D7BA5E874}, id 0
    Section number: 1
    Interface id: 0 (\Device\NPF_{9B9257DC-FAC1-4993-B12F-136D7BA5E874})
        Interface name: \Device\NPF_{9B9257DC-FAC1-4993-B12F-136D7BA5E874}
        Interface description: Wi-Fi
    Encapsulation type: Ethernet (1)
    Arrival Time: Apr  9, 2026 18:28:53.956004600 India Standard Time
    UTC Arrival Time: Apr  9, 2026 12:58:53.956004600 UTC
    Epoch Arrival Time: 1775739533.956004600
    [Time shift for this packet: 0.000000000 seconds]
    [Time delta from previous captured frame: 6.325200 milliseconds]
    [Time delta from previous displayed frame: 6.325200 milliseconds]
    [Time since reference or first frame: 534.146200 milliseconds]
    Frame Number: 60
    Frame Length: 1246 bytes (9968 bits)
    Capture Length: 1246 bytes (9968 bits)
    [Frame is marked: False]
    [Frame is ignored: False]
    [Protocols in frame: eth:ethertype:vlan:ethertype:ip:udp:quic]
    Character encoding: ASCII (0)
Ethernet II, Src: HewlettPacka_3a:cc:1d (28:92:4a:3a:cc:1d), Dst: 96:77:0b:05:d4:0b (96:77:0b:05:d4:0b)
    Destination: 96:77:0b:05:d4:0b (96:77:0b:05:d4:0b)
        .... ..1. .... .... .... .... = LG bit: Locally administered address (this is NOT the factory default)
        .... ...0 .... .... .... .... = IG bit: Individual address (unicast)
    Source: HewlettPacka_3a:cc:1d (28:92:4a:3a:cc:1d)
        .... ..0. .... .... .... .... = LG bit: Globally unique address (factory default)
        .... ...0 .... .... .... .... = IG bit: Individual address (unicast)
    Type: 802.1Q Virtual LAN (0x8100)
    [Stream index: 0]
802.1Q Virtual LAN, PRI: 0, DEI: 0, ID: 0
    000. .... .... .... = Priority: Best Effort (default) (0)
    ...0 .... .... .... = DEI: Ineligible
    .... 0000 0000 0000 = ID: 0
    Type: IPv4 (0x0800)
Internet Protocol Version 4, Src: 104.18.28.7, Dst: 172.16.90.227
    0100 .... = Version: 4
    .... 0101 = Header Length: 20 bytes (5)
    Differentiated Services Field: 0x88 (DSCP: AF41, ECN: Not-ECT)
        1000 10.. = Differentiated Services Codepoint: Assured Forwarding 41 (34)
        .... ..00 = Explicit Congestion Notification: Not ECN-Capable Transport (0)
    Total Length: 1228
    Identification: 0x0000 (0)
    010. .... = Flags: 0x2, Don't fragment
        0... .... = Reserved bit: Not set
        .1.. .... = Don't fragment: Set
        ..0. .... = More fragments: Not set
    ...0 0000 0000 0000 = Fragment Offset: 0
    Time to Live: 57
    Protocol: UDP (17)
    Header Checksum: 0xb18c [validation disabled]
    [Header checksum status: Unverified]
    Source Address: 104.18.28.7
    Destination Address: 172.16.90.227
    [Stream index: 3]
User Datagram Protocol, Src Port: 443, Dst Port: 50491
    Source Port: 443
    Destination Port: 50491
    Length: 1208
    Checksum: 0x3d94 [unverified]
    [Checksum Status: Unverified]
    [Stream index: 3]
    [Stream Packet Number: 3]
    [Timestamps]
        [Time since first frame: 10.303800 milliseconds]
        [Time since previous frame: 10.231300 milliseconds]
    UDP payload (1200 bytes)
QUIC IETF
    QUIC Connection information
        [Connection Number: 2]
    [Packet Length: 55]
    1... .... = Header Form: Long Header (1)
    .1.. .... = Fixed Bit: True
    ..00 .... = Packet Type: Initial (0)
    [.... 00.. = Reserved: 0]
    [.... ..00 = Packet Number Length: 1 bytes (0)]
    Version: 1 (0x00000001)
    Destination Connection ID Length: 3
    Destination Connection ID: 37727d
    Source Connection ID Length: 20
    Source Connection ID: 0109fa68d8f7e373860b0468b0f7ceb5e4c7d584
    Token Length: 0
    Length: 22
    [Packet Number: 0]
    Payload: 549dbec1222ea20d088a60c3a2264eae9a9c031183
    ACK
        Frame Type: ACK (0x0000000000000002)
        Largest Acknowledged: 11
        ACK Delay: 6
        ACK Range Count: 0
        First ACK Range: 0
QUIC IETF
    [Expert Info (Note/Protocol): (Random) padding data appended to the datagram]
        [(Random) padding data appended to the datagram]
        [Severity level: Note]
        [Group: Protocol]

Frame 61: Packet, 1246 bytes on wire (9968 bits), 1246 bytes captured (9968 bits) on interface \Device\NPF_{9B9257DC-FAC1-4993-B12F-136D7BA5E874}, id 0
    Section number: 1
    Interface id: 0 (\Device\NPF_{9B9257DC-FAC1-4993-B12F-136D7BA5E874})
        Interface name: \Device\NPF_{9B9257DC-FAC1-4993-B12F-136D7BA5E874}
        Interface description: Wi-Fi
    Encapsulation type: Ethernet (1)
    Arrival Time: Apr  9, 2026 18:28:53.957876000 India Standard Time
    UTC Arrival Time: Apr  9, 2026 12:58:53.957876000 UTC
    Epoch Arrival Time: 1775739533.957876000
    [Time shift for this packet: 0.000000000 seconds]
    [Time delta from previous captured frame: 1.871400 milliseconds]
    [Time delta from previous displayed frame: 1.871400 milliseconds]
    [Time since reference or first frame: 536.017600 milliseconds]
    Frame Number: 61
    Frame Length: 1246 bytes (9968 bits)
    Capture Length: 1246 bytes (9968 bits)
    [Frame is marked: False]
    [Frame is ignored: False]
    [Protocols in frame: eth:ethertype:vlan:ethertype:ip:udp:quic:tls]
    Character encoding: ASCII (0)
Ethernet II, Src: HewlettPacka_3a:cc:1d (28:92:4a:3a:cc:1d), Dst: 96:77:0b:05:d4:0b (96:77:0b:05:d4:0b)
    Destination: 96:77:0b:05:d4:0b (96:77:0b:05:d4:0b)
        .... ..1. .... .... .... .... = LG bit: Locally administered address (this is NOT the factory default)
        .... ...0 .... .... .... .... = IG bit: Individual address (unicast)
    Source: HewlettPacka_3a:cc:1d (28:92:4a:3a:cc:1d)
        .... ..0. .... .... .... .... = LG bit: Globally unique address (factory default)
        .... ...0 .... .... .... .... = IG bit: Individual address (unicast)
    Type: 802.1Q Virtual LAN (0x8100)
    [Stream index: 0]
802.1Q Virtual LAN, PRI: 0, DEI: 0, ID: 0
    000. .... .... .... = Priority: Best Effort (default) (0)
    ...0 .... .... .... = DEI: Ineligible
    .... 0000 0000 0000 = ID: 0
    Type: IPv4 (0x0800)
Internet Protocol Version 4, Src: 104.18.28.7, Dst: 172.16.90.227
    0100 .... = Version: 4
    .... 0101 = Header Length: 20 bytes (5)
    Differentiated Services Field: 0x88 (DSCP: AF41, ECN: Not-ECT)
        1000 10.. = Differentiated Services Codepoint: Assured Forwarding 41 (34)
        .... ..00 = Explicit Congestion Notification: Not ECN-Capable Transport (0)
    Total Length: 1228
    Identification: 0x0000 (0)
    010. .... = Flags: 0x2, Don't fragment
        0... .... = Reserved bit: Not set
        .1.. .... = Don't fragment: Set
        ..0. .... = More fragments: Not set
    ...0 0000 0000 0000 = Fragment Offset: 0
    Time to Live: 57
    Protocol: UDP (17)
    Header Checksum: 0xb18c [validation disabled]
    [Header checksum status: Unverified]
    Source Address: 104.18.28.7
    Destination Address: 172.16.90.227
    [Stream index: 3]
User Datagram Protocol, Src Port: 443, Dst Port: 50491
    Source Port: 443
    Destination Port: 50491
    Length: 1208
    Checksum: 0x794a [unverified]
    [Checksum Status: Unverified]
    [Stream index: 3]
    [Stream Packet Number: 4]
    [Timestamps]
        [Time since first frame: 12.175200 milliseconds]
        [Time since previous frame: 1.871400 milliseconds]
    UDP payload (1200 bytes)
QUIC IETF
    QUIC Connection information
        [Connection Number: 2]
    [Packet Length: 1200]
    1... .... = Header Form: Long Header (1)
    .1.. .... = Fixed Bit: True
    ..00 .... = Packet Type: Initial (0)
    [.... 00.. = Reserved: 0]
    [.... ..00 = Packet Number Length: 1 bytes (0)]
    Version: 1 (0x00000001)
    Destination Connection ID Length: 3
    Destination Connection ID: 37727d
    Source Connection ID Length: 20
    Source Connection ID: 0109fa68d8f7e373860b0468b0f7ceb5e4c7d584
    Token Length: 0
    Length: 1167
    [Packet Number: 1]
    Payload […]: 8c343df9951d17ae726d76d42500202c352ed766a01a0f16c931f0fe515fa88ca0901ef1ce8601581b24c5d4afd76daaf3ff61b5cc39b2d48253a6dec935c410090cb37b7ab9617c588514c2a91dd1ec765b8a780bf52044f32c72e169b71d7a7b07d517cf2c23c277d51fa8b70f007f
    ACK
        Frame Type: ACK (0x0000000000000002)
        Largest Acknowledged: 12
        ACK Delay: 140
        ACK Range Count: 0
        First ACK Range: 1
    CRYPTO
        Frame Type: CRYPTO (0x0000000000000006)
        Offset: 0
        Length: 1140
        Crypto Data
        TLSv1.3 Record Layer: Handshake Protocol: Server Hello (fragment)
            Handshake Protocol: Server Hello (fragment)

Frame 62: Packet, 1294 bytes on wire (10352 bits), 1294 bytes captured (10352 bits) on interface \Device\NPF_{9B9257DC-FAC1-4993-B12F-136D7BA5E874}, id 0
    Section number: 1
    Interface id: 0 (\Device\NPF_{9B9257DC-FAC1-4993-B12F-136D7BA5E874})
        Interface name: \Device\NPF_{9B9257DC-FAC1-4993-B12F-136D7BA5E874}
        Interface description: Wi-Fi
    Encapsulation type: Ethernet (1)
    Arrival Time: Apr  9, 2026 18:28:53.958028200 India Standard Time
    UTC Arrival Time: Apr  9, 2026 12:58:53.958028200 UTC
    Epoch Arrival Time: 1775739533.958028200
    [Time shift for this packet: 0.000000000 seconds]
    [Time delta from previous captured frame: 152.200 microseconds]
    [Time delta from previous displayed frame: 152.200 microseconds]
    [Time since reference or first frame: 536.169800 milliseconds]
    Frame Number: 62
    Frame Length: 1294 bytes (10352 bits)
    Capture Length: 1294 bytes (10352 bits)
    [Frame is marked: False]
    [Frame is ignored: False]
    [Protocols in frame: eth:ethertype:ip:udp:quic]
    Character encoding: ASCII (0)
Ethernet II, Src: 96:77:0b:05:d4:0b (96:77:0b:05:d4:0b), Dst: HewlettPacka_3a:cc:1d (28:92:4a:3a:cc:1d)
    Destination: HewlettPacka_3a:cc:1d (28:92:4a:3a:cc:1d)
        .... ..0. .... .... .... .... = LG bit: Globally unique address (factory default)
        .... ...0 .... .... .... .... = IG bit: Individual address (unicast)
    Source: 96:77:0b:05:d4:0b (96:77:0b:05:d4:0b)
        .... ..1. .... .... .... .... = LG bit: Locally administered address (this is NOT the factory default)
        .... ...0 .... .... .... .... = IG bit: Individual address (unicast)
    Type: IPv4 (0x0800)
    [Stream index: 0]
Internet Protocol Version 4, Src: 172.16.90.227, Dst: 104.18.28.7
    0100 .... = Version: 4
    .... 0101 = Header Length: 20 bytes (5)
    Differentiated Services Field: 0x00 (DSCP: CS0, ECN: Not-ECT)
        0000 00.. = Differentiated Services Codepoint: Default (0)
        .... ..00 = Explicit Congestion Notification: Not ECN-Capable Transport (0)
    Total Length: 1280
    Identification: 0x2ef3 (12019)
    010. .... = Flags: 0x2, Don't fragment
        0... .... = Reserved bit: Not set
        .1.. .... = Don't fragment: Set
        ..0. .... = More fragments: Not set
    ...0 0000 0000 0000 = Fragment Offset: 0
    Time to Live: 128
    Protocol: UDP (17)
    Header Checksum: 0x0000 [validation disabled]
    [Header checksum status: Unverified]
    Source Address: 172.16.90.227
    Destination Address: 104.18.28.7
    [Stream index: 3]
User Datagram Protocol, Src Port: 50491, Dst Port: 443
    Source Port: 50491
    Destination Port: 443
    Length: 1260
    Checksum: 0x900a [unverified]
    [Checksum Status: Unverified]
    [Stream index: 3]
    [Stream Packet Number: 5]
    [Timestamps]
        [Time since first frame: 12.327400 milliseconds]
        [Time since previous frame: 152.200 microseconds]
    UDP payload (1252 bytes)
QUIC IETF
    QUIC Connection information
        [Connection Number: 2]
    [Packet Length: 55]
    1... .... = Header Form: Long Header (1)
    .1.. .... = Fixed Bit: True
    ..00 .... = Packet Type: Initial (0)
    [.... 00.. = Reserved: 0]
    [.... ..00 = Packet Number Length: 1 bytes (0)]
    Version: 1 (0x00000001)
    Destination Connection ID Length: 20
    Destination Connection ID: 0109fa68d8f7e373860b0468b0f7ceb5e4c7d584
    Source Connection ID Length: 3
    Source Connection ID: 37727d
    Token Length: 0
    Length: 22
    [Packet Number: 13]
    Payload: b5f01065455ab4b0a2e6fb8f647ba1882887693001
    ACK
        Frame Type: ACK (0x0000000000000002)
        Largest Acknowledged: 1
        ACK Delay: 6
        ACK Range Count: 0
        First ACK Range: 1
QUIC IETF
    [Expert Info (Note/Protocol): (Random) padding data appended to the datagram]
        [(Random) padding data appended to the datagram]
        [Severity level: Note]
        [Group: Protocol]

Frame 63: Packet, 1246 bytes on wire (9968 bits), 1246 bytes captured (9968 bits) on interface \Device\NPF_{9B9257DC-FAC1-4993-B12F-136D7BA5E874}, id 0
    Section number: 1
    Interface id: 0 (\Device\NPF_{9B9257DC-FAC1-4993-B12F-136D7BA5E874})
        Interface name: \Device\NPF_{9B9257DC-FAC1-4993-B12F-136D7BA5E874}
        Interface description: Wi-Fi
    Encapsulation type: Ethernet (1)
    Arrival Time: Apr  9, 2026 18:28:53.958161600 India Standard Time
    UTC Arrival Time: Apr  9, 2026 12:58:53.958161600 UTC
    Epoch Arrival Time: 1775739533.958161600
    [Time shift for this packet: 0.000000000 seconds]
    [Time delta from previous captured frame: 133.400 microseconds]
    [Time delta from previous displayed frame: 133.400 microseconds]
    [Time since reference or first frame: 536.303200 milliseconds]
    Frame Number: 63
    Frame Length: 1246 bytes (9968 bits)
    Capture Length: 1246 bytes (9968 bits)
    [Frame is marked: False]
    [Frame is ignored: False]
    [Protocols in frame: eth:ethertype:vlan:ethertype:ip:udp:quic:tls]
    Character encoding: ASCII (0)
Ethernet II, Src: HewlettPacka_3a:cc:1d (28:92:4a:3a:cc:1d), Dst: 96:77:0b:05:d4:0b (96:77:0b:05:d4:0b)
    Destination: 96:77:0b:05:d4:0b (96:77:0b:05:d4:0b)
        .... ..1. .... .... .... .... = LG bit: Locally administered address (this is NOT the factory default)
        .... ...0 .... .... .... .... = IG bit: Individual address (unicast)
    Source: HewlettPacka_3a:cc:1d (28:92:4a:3a:cc:1d)
        .... ..0. .... .... .... .... = LG bit: Globally unique address (factory default)
        .... ...0 .... .... .... .... = IG bit: Individual address (unicast)
    Type: 802.1Q Virtual LAN (0x8100)
    [Stream index: 0]
802.1Q Virtual LAN, PRI: 0, DEI: 0, ID: 0
    000. .... .... .... = Priority: Best Effort (default) (0)
    ...0 .... .... .... = DEI: Ineligible
    .... 0000 0000 0000 = ID: 0
    Type: IPv4 (0x0800)
Internet Protocol Version 4, Src: 104.18.28.7, Dst: 172.16.90.227
    0100 .... = Version: 4
    .... 0101 = Header Length: 20 bytes (5)
    Differentiated Services Field: 0x88 (DSCP: AF41, ECN: Not-ECT)
        1000 10.. = Differentiated Services Codepoint: Assured Forwarding 41 (34)
        .... ..00 = Explicit Congestion Notification: Not ECN-Capable Transport (0)
    Total Length: 1228
    Identification: 0x0001 (1)
    010. .... = Flags: 0x2, Don't fragment
        0... .... = Reserved bit: Not set
        .1.. .... = Don't fragment: Set
        ..0. .... = More fragments: Not set
    ...0 0000 0000 0000 = Fragment Offset: 0
    Time to Live: 57
    Protocol: UDP (17)
    Header Checksum: 0xb18b [validation disabled]
    [Header checksum status: Unverified]
    Source Address: 104.18.28.7
    Destination Address: 172.16.90.227
    [Stream index: 3]
User Datagram Protocol, Src Port: 443, Dst Port: 50491
    Source Port: 443
    Destination Port: 50491
    Length: 1208
    Checksum: 0x8586 [unverified]
    [Checksum Status: Unverified]
    [Stream index: 3]
    [Stream Packet Number: 6]
    [Timestamps]
        [Time since first frame: 12.460800 milliseconds]
        [Time since previous frame: 133.400 microseconds]
    UDP payload (1200 bytes)
QUIC IETF
    QUIC Connection information
        [Connection Number: 2]
    [Packet Length: 93]
    1... .... = Header Form: Long Header (1)
    .1.. .... = Fixed Bit: True
    ..00 .... = Packet Type: Initial (0)
    [.... 00.. = Reserved: 0]
    [.... ..00 = Packet Number Length: 1 bytes (0)]
    Version: 1 (0x00000001)
    Destination Connection ID Length: 3
    Destination Connection ID: 37727d
    Source Connection ID Length: 20
    Source Connection ID: 0109fa68d8f7e373860b0468b0f7ceb5e4c7d584
    Token Length: 0
    Length: 60
    [Packet Number: 2]
    Payload: e145ea68e89d4a5627f79393e0b16b5bcae94a5cb534900fa049430d3bfcde020c8cd7395405635762160e2454071f42c84c30970ef06a5ea14000
    CRYPTO
        Frame Type: CRYPTO (0x0000000000000006)
        Offset: 1140
        Length: 38
        Crypto Data
        TLSv1.3 Record Layer: Handshake Protocol: Server Hello
            Handshake Protocol: Server Hello (last fragment)
            [2 Reassembled Handshake Fragments (1178 bytes): #61(1140), #63(38)]
                [Frame: 61, payload: 0-1139 (1140 bytes)]
                [Frame: 63, payload: 1140-1177 (38 bytes)]
                [Handshake Fragment count: 2]
            Handshake Protocol: Server Hello
                Handshake Type: Server Hello (2)
                Length: 1174
                Version: TLS 1.2 (0x0303)
                    [Expert Info (Chat/Deprecated): This legacy_version field MUST be ignored. The supported_versions extension is present and MUST be used instead.]
                        [This legacy_version field MUST be ignored. The supported_versions extension is present and MUST be used instead.]
                        [Severity level: Chat]
                        [Group: Deprecated]
                Random: 2c96dd189a43436050221ce334a76e649e2ab11a08fd1d2c08c9c2b3624d35b9
                Session ID Length: 0
                Cipher Suite: TLS_AES_128_GCM_SHA256 (0x1301)
                Compression Method: null (0)
                Extensions Length: 1134
                Extension: key_share (len=1124) X25519MLKEM768
                    Type: key_share (51)
                    Length: 1124
                    Key Share extension
                        Key Share Entry: Group: X25519MLKEM768, Key Exchange length: 1120
                            Group: X25519MLKEM768 (4588)
                            Key Exchange Length: 1120
                            Key Exchange […]: d470e95c50170716cec253b02118f4996958f294a641dba83132299ea3dcbc02e0da01b8c2173725e496c7a801165fc4ec905c0a2cca3bb2eb13003319fc00c3c2852b1a4fe536212a1c7c0c2df8d2f6041a368b38034c2fb5837823760c9eccc2e81f9545d89594d5843459169
                Extension: supported_versions (len=2) TLS 1.3
                    Type: supported_versions (43)
                    Length: 2
                    Supported Version: TLS 1.3 (0x0304)
                [JA3S Fullstring: 771,4865,51-43]
                [JA3S: eb1d94daa7e0344597e756a1fb6e7054]
QUIC IETF
    [Expert Info (Note/Protocol): (Random) padding data appended to the datagram]
        [(Random) padding data appended to the datagram]
        [Severity level: Note]
        [Group: Protocol]

Frame 64: Packet, 1294 bytes on wire (10352 bits), 1294 bytes captured (10352 bits) on interface \Device\NPF_{9B9257DC-FAC1-4993-B12F-136D7BA5E874}, id 0
    Section number: 1
    Interface id: 0 (\Device\NPF_{9B9257DC-FAC1-4993-B12F-136D7BA5E874})
        Interface name: \Device\NPF_{9B9257DC-FAC1-4993-B12F-136D7BA5E874}
        Interface description: Wi-Fi
    Encapsulation type: Ethernet (1)
    Arrival Time: Apr  9, 2026 18:28:53.958609700 India Standard Time
    UTC Arrival Time: Apr  9, 2026 12:58:53.958609700 UTC
    Epoch Arrival Time: 1775739533.958609700
    [Time shift for this packet: 0.000000000 seconds]
    [Time delta from previous captured frame: 448.100 microseconds]
    [Time delta from previous displayed frame: 448.100 microseconds]
    [Time since reference or first frame: 536.751300 milliseconds]
    Frame Number: 64
    Frame Length: 1294 bytes (10352 bits)
    Capture Length: 1294 bytes (10352 bits)
    [Frame is marked: False]
    [Frame is ignored: False]
    [Protocols in frame: eth:ethertype:ip:udp:quic]
    Character encoding: ASCII (0)
Ethernet II, Src: 96:77:0b:05:d4:0b (96:77:0b:05:d4:0b), Dst: HewlettPacka_3a:cc:1d (28:92:4a:3a:cc:1d)
    Destination: HewlettPacka_3a:cc:1d (28:92:4a:3a:cc:1d)
        .... ..0. .... .... .... .... = LG bit: Globally unique address (factory default)
        .... ...0 .... .... .... .... = IG bit: Individual address (unicast)
    Source: 96:77:0b:05:d4:0b (96:77:0b:05:d4:0b)
        .... ..1. .... .... .... .... = LG bit: Locally administered address (this is NOT the factory default)
        .... ...0 .... .... .... .... = IG bit: Individual address (unicast)
    Type: IPv4 (0x0800)
    [Stream index: 0]
Internet Protocol Version 4, Src: 172.16.90.227, Dst: 104.18.28.7
    0100 .... = Version: 4
    .... 0101 = Header Length: 20 bytes (5)
    Differentiated Services Field: 0x00 (DSCP: CS0, ECN: Not-ECT)
        0000 00.. = Differentiated Services Codepoint: Default (0)
        .... ..00 = Explicit Congestion Notification: Not ECN-Capable Transport (0)
    Total Length: 1280
    Identification: 0x2ef4 (12020)
    010. .... = Flags: 0x2, Don't fragment
        0... .... = Reserved bit: Not set
        .1.. .... = Don't fragment: Set
        ..0. .... = More fragments: Not set
    ...0 0000 0000 0000 = Fragment Offset: 0
    Time to Live: 128
    Protocol: UDP (17)
    Header Checksum: 0x0000 [validation disabled]
    [Header checksum status: Unverified]
    Source Address: 172.16.90.227
    Destination Address: 104.18.28.7
    [Stream index: 3]
User Datagram Protocol, Src Port: 50491, Dst Port: 443
    Source Port: 50491
    Destination Port: 443
    Length: 1260
    Checksum: 0x900a [unverified]
    [Checksum Status: Unverified]
    [Stream index: 3]
    [Stream Packet Number: 7]
    [Timestamps]
        [Time since first frame: 12.908900 milliseconds]
        [Time since previous frame: 448.100 microseconds]
    UDP payload (1252 bytes)
QUIC IETF
    QUIC Connection information
        [Connection Number: 2]
    [Packet Length: 55]
    1... .... = Header Form: Long Header (1)
    .1.. .... = Fixed Bit: True
    ..00 .... = Packet Type: Initial (0)
    [.... 00.. = Reserved: 0]
    [.... ..00 = Packet Number Length: 1 bytes (0)]
    Version: 1 (0x00000001)
    Destination Connection ID Length: 20
    Destination Connection ID: 0109fa68d8f7e373860b0468b0f7ceb5e4c7d584
    Source Connection ID Length: 3
    Source Connection ID: 37727d
    Token Length: 0
    Length: 22
    [Packet Number: 14]
    Payload: 1f814c2e54b43a1800dc50932c0958550fd468abb1
    ACK
        Frame Type: ACK (0x0000000000000002)
        Largest Acknowledged: 2
        ACK Delay: 46
        ACK Range Count: 0
        First ACK Range: 2
QUIC IETF
    [Expert Info (Note/Protocol): (Random) padding data appended to the datagram]
        [(Random) padding data appended to the datagram]
        [Severity level: Note]
        [Group: Protocol]

Frame 65: Packet, 530 bytes on wire (4240 bits), 530 bytes captured (4240 bits) on interface \Device\NPF_{9B9257DC-FAC1-4993-B12F-136D7BA5E874}, id 0
    Section number: 1
    Interface id: 0 (\Device\NPF_{9B9257DC-FAC1-4993-B12F-136D7BA5E874})
        Interface name: \Device\NPF_{9B9257DC-FAC1-4993-B12F-136D7BA5E874}
        Interface description: Wi-Fi
    Encapsulation type: Ethernet (1)
    Arrival Time: Apr  9, 2026 18:28:53.958635100 India Standard Time
    UTC Arrival Time: Apr  9, 2026 12:58:53.958635100 UTC
    Epoch Arrival Time: 1775739533.958635100
    [Time shift for this packet: 0.000000000 seconds]
    [Time delta from previous captured frame: 25.400 microseconds]
    [Time delta from previous displayed frame: 25.400 microseconds]
    [Time since reference or first frame: 536.776700 milliseconds]
    Frame Number: 65
    Frame Length: 530 bytes (4240 bits)
    Capture Length: 530 bytes (4240 bits)
    [Frame is marked: False]
    [Frame is ignored: False]
    [Protocols in frame: eth:ethertype:ip:udp:quic]
    Character encoding: ASCII (0)
Ethernet II, Src: HewlettPacka_3a:cc:1d (28:92:4a:3a:cc:1d), Dst: 96:77:0b:05:d4:0b (96:77:0b:05:d4:0b)
    Destination: 96:77:0b:05:d4:0b (96:77:0b:05:d4:0b)
        .... ..1. .... .... .... .... = LG bit: Locally administered address (this is NOT the factory default)
        .... ...0 .... .... .... .... = IG bit: Individual address (unicast)
    Source: HewlettPacka_3a:cc:1d (28:92:4a:3a:cc:1d)
        .... ..0. .... .... .... .... = LG bit: Globally unique address (factory default)
        .... ...0 .... .... .... .... = IG bit: Individual address (unicast)
    Type: IPv4 (0x0800)
    [Stream index: 0]
Internet Protocol Version 4, Src: 104.16.123.96, Dst: 172.16.90.227
    0100 .... = Version: 4
    .... 0101 = Header Length: 20 bytes (5)
    Differentiated Services Field: 0x88 (DSCP: AF41, ECN: Not-ECT)
        1000 10.. = Differentiated Services Codepoint: Assured Forwarding 41 (34)
        .... ..00 = Explicit Congestion Notification: Not ECN-Capable Transport (0)
    Total Length: 516
    Identification: 0x0000 (0)
    010. .... = Flags: 0x2, Don't fragment
        0... .... = Reserved bit: Not set
        .1.. .... = Don't fragment: Set
        ..0. .... = More fragments: Not set
    ...0 0000 0000 0000 = Fragment Offset: 0
    Time to Live: 57
    Protocol: UDP (17)
    Header Checksum: 0x54fd [validation disabled]
    [Header checksum status: Unverified]
    Source Address: 104.16.123.96
    Destination Address: 172.16.90.227
    [Stream index: 2]
User Datagram Protocol, Src Port: 443, Dst Port: 50490
    Source Port: 443
    Destination Port: 50490
    Length: 496
    Checksum: 0x025c [unverified]
    [Checksum Status: Unverified]
    [Stream index: 2]
    [Stream Packet Number: 15]
    [Timestamps]
        [Time since first frame: 22.721800 milliseconds]
        [Time since previous frame: 8.955700 milliseconds]
    UDP payload (488 bytes)
QUIC IETF
    QUIC Connection information
        [Connection Number: 1]
    [Packet Length: 488]
    QUIC Short Header DCID=95a10c
        0... .... = Header Form: Short Header (0)
        .1.. .... = Fixed Bit: True
        ..0. .... = Spin Bit: False
        Destination Connection ID: 95a10c
    Remaining Payload […]: d296a72a66fbb058d52bbf0a0e3c6de2855cb26ad76c3f4a61349dd8e6adf8d37365d8e737580381a728f4a95ec7316f8413cbbfc309dd3bd12dc2a868bd36800b60dc98819c497e86ba4555e85912c447c9d445cae46f837ef0852f3f84c48bfbc10374238ae7db5c7147

Frame 66: Packet, 85 bytes on wire (680 bits), 85 bytes captured (680 bits) on interface \Device\NPF_{9B9257DC-FAC1-4993-B12F-136D7BA5E874}, id 0
    Section number: 1
    Interface id: 0 (\Device\NPF_{9B9257DC-FAC1-4993-B12F-136D7BA5E874})
        Interface name: \Device\NPF_{9B9257DC-FAC1-4993-B12F-136D7BA5E874}
        Interface description: Wi-Fi
    Encapsulation type: Ethernet (1)
    Arrival Time: Apr  9, 2026 18:28:53.959218600 India Standard Time
    UTC Arrival Time: Apr  9, 2026 12:58:53.959218600 UTC
    Epoch Arrival Time: 1775739533.959218600
    [Time shift for this packet: 0.000000000 seconds]
    [Time delta from previous captured frame: 583.500 microseconds]
    [Time delta from previous displayed frame: 583.500 microseconds]
    [Time since reference or first frame: 537.360200 milliseconds]
    Frame Number: 66
    Frame Length: 85 bytes (680 bits)
    Capture Length: 85 bytes (680 bits)
    [Frame is marked: False]
    [Frame is ignored: False]
    [Protocols in frame: eth:ethertype:ip:udp:quic]
    Character encoding: ASCII (0)
Ethernet II, Src: 96:77:0b:05:d4:0b (96:77:0b:05:d4:0b), Dst: HewlettPacka_3a:cc:1d (28:92:4a:3a:cc:1d)
    Destination: HewlettPacka_3a:cc:1d (28:92:4a:3a:cc:1d)
        .... ..0. .... .... .... .... = LG bit: Globally unique address (factory default)
        .... ...0 .... .... .... .... = IG bit: Individual address (unicast)
    Source: 96:77:0b:05:d4:0b (96:77:0b:05:d4:0b)
        .... ..1. .... .... .... .... = LG bit: Locally administered address (this is NOT the factory default)
        .... ...0 .... .... .... .... = IG bit: Individual address (unicast)
    Type: IPv4 (0x0800)
    [Stream index: 0]
Internet Protocol Version 4, Src: 172.16.90.227, Dst: 104.16.123.96
    0100 .... = Version: 4
    .... 0101 = Header Length: 20 bytes (5)
    Differentiated Services Field: 0x02 (DSCP: CS0, ECN: ECT(0))
        0000 00.. = Differentiated Services Codepoint: Default (0)
        .... ..10 = Explicit Congestion Notification: ECN-Capable Transport codepoint '10' (2)
    Total Length: 71
    Identification: 0xb430 (46128)
    010. .... = Flags: 0x2, Don't fragment
        0... .... = Reserved bit: Not set
        .1.. .... = Don't fragment: Set
        ..0. .... = More fragments: Not set
    ...0 0000 0000 0000 = Fragment Offset: 0
    Time to Live: 128
    Protocol: UDP (17)
    Header Checksum: 0x0000 [validation disabled]
    [Header checksum status: Unverified]
    Source Address: 172.16.90.227
    Destination Address: 104.16.123.96
    [Stream index: 2]
User Datagram Protocol, Src Port: 50490, Dst Port: 443
    Source Port: 50490
    Destination Port: 443
    Length: 51
    Checksum: 0xeaa8 [unverified]
    [Checksum Status: Unverified]
    [Stream index: 2]
    [Stream Packet Number: 16]
    [Timestamps]
        [Time since first frame: 23.305300 milliseconds]
        [Time since previous frame: 583.500 microseconds]
    UDP payload (43 bytes)
QUIC IETF
    QUIC Connection information
        [Connection Number: 1]
    [Packet Length: 43]
    QUIC Short Header DCID=01bcae2b54a62e8966be502b5ea6320b35bc87d8
        0... .... = Header Form: Short Header (0)
        .1.. .... = Fixed Bit: True
        ..1. .... = Spin Bit: True
        Destination Connection ID: 01bcae2b54a62e8966be502b5ea6320b35bc87d8
    Remaining Payload: 7f645be8d5e7a6bffd8dac9304d0fde8d6228639eace

Frame 67: Packet, 1246 bytes on wire (9968 bits), 1246 bytes captured (9968 bits) on interface \Device\NPF_{9B9257DC-FAC1-4993-B12F-136D7BA5E874}, id 0
    Section number: 1
    Interface id: 0 (\Device\NPF_{9B9257DC-FAC1-4993-B12F-136D7BA5E874})
        Interface name: \Device\NPF_{9B9257DC-FAC1-4993-B12F-136D7BA5E874}
        Interface description: Wi-Fi
    Encapsulation type: Ethernet (1)
    Arrival Time: Apr  9, 2026 18:28:53.959345600 India Standard Time
    UTC Arrival Time: Apr  9, 2026 12:58:53.959345600 UTC
    Epoch Arrival Time: 1775739533.959345600
    [Time shift for this packet: 0.000000000 seconds]
    [Time delta from previous captured frame: 127.000 microseconds]
    [Time delta from previous displayed frame: 127.000 microseconds]
    [Time since reference or first frame: 537.487200 milliseconds]
    Frame Number: 67
    Frame Length: 1246 bytes (9968 bits)
    Capture Length: 1246 bytes (9968 bits)
    [Frame is marked: False]
    [Frame is ignored: False]
    [Protocols in frame: eth:ethertype:vlan:ethertype:ip:udp:quic]
    Character encoding: ASCII (0)
Ethernet II, Src: HewlettPacka_3a:cc:1d (28:92:4a:3a:cc:1d), Dst: 96:77:0b:05:d4:0b (96:77:0b:05:d4:0b)
    Destination: 96:77:0b:05:d4:0b (96:77:0b:05:d4:0b)
        .... ..1. .... .... .... .... = LG bit: Locally administered address (this is NOT the factory default)
        .... ...0 .... .... .... .... = IG bit: Individual address (unicast)
    Source: HewlettPacka_3a:cc:1d (28:92:4a:3a:cc:1d)
        .... ..0. .... .... .... .... = LG bit: Globally unique address (factory default)
        .... ...0 .... .... .... .... = IG bit: Individual address (unicast)
    Type: 802.1Q Virtual LAN (0x8100)
    [Stream index: 0]
802.1Q Virtual LAN, PRI: 0, DEI: 0, ID: 0
    000. .... .... .... = Priority: Best Effort (default) (0)
    ...0 .... .... .... = DEI: Ineligible
    .... 0000 0000 0000 = ID: 0
    Type: IPv4 (0x0800)
Internet Protocol Version 4, Src: 104.18.28.7, Dst: 172.16.90.227
    0100 .... = Version: 4
    .... 0101 = Header Length: 20 bytes (5)
    Differentiated Services Field: 0x88 (DSCP: AF41, ECN: Not-ECT)
        1000 10.. = Differentiated Services Codepoint: Assured Forwarding 41 (34)
        .... ..00 = Explicit Congestion Notification: Not ECN-Capable Transport (0)
    Total Length: 1228
    Identification: 0x0000 (0)
    010. .... = Flags: 0x2, Don't fragment
        0... .... = Reserved bit: Not set
        .1.. .... = Don't fragment: Set
        ..0. .... = More fragments: Not set
    ...0 0000 0000 0000 = Fragment Offset: 0
    Time to Live: 57
    Protocol: UDP (17)
    Header Checksum: 0xb18c [validation disabled]
    [Header checksum status: Unverified]
    Source Address: 104.18.28.7
    Destination Address: 172.16.90.227
    [Stream index: 3]
User Datagram Protocol, Src Port: 443, Dst Port: 50491
    Source Port: 443
    Destination Port: 50491
    Length: 1208
    Checksum: 0xfecf [unverified]
    [Checksum Status: Unverified]
    [Stream index: 3]
    [Stream Packet Number: 8]
    [Timestamps]
        [Time since first frame: 13.644800 milliseconds]
        [Time since previous frame: 735.900 microseconds]
    UDP payload (1200 bytes)
QUIC IETF
    QUIC Connection information
        [Connection Number: 2]
    [Packet Length: 1200]
    1... .... = Header Form: Long Header (1)
    .1.. .... = Fixed Bit: True
    ..10 .... = Packet Type: Handshake (2)
    Version: 1 (0x00000001)
    Destination Connection ID Length: 3
    Destination Connection ID: 37727d
    Source Connection ID Length: 20
    Source Connection ID: 0109fa68d8f7e373860b0468b0f7ceb5e4c7d584
    Length: 1168
    [Expert Info (Warning/Decryption): Failed to create decryption context: Secrets are not available]
        [Failed to create decryption context: Secrets are not available]
        [Severity level: Warning]
        [Group: Decryption]
    Remaining Payload […]: fb3b48bb34f2aea25fa3bbaea559ab675332ca5663a81c03703e60f8ad9d9c966abebcbdf75a867bc5c6ba78a6eb1c9f04c2d6d8c300eed96895cc157dee1a0cf33ebfc61f67dac0ffbe1601edc0682c1af9f833960f0f58ad091365d05d76475307ce373bbc3d113dc34a

Frame 68: Packet, 96 bytes on wire (768 bits), 96 bytes captured (768 bits) on interface \Device\NPF_{9B9257DC-FAC1-4993-B12F-136D7BA5E874}, id 0
    Section number: 1
    Interface id: 0 (\Device\NPF_{9B9257DC-FAC1-4993-B12F-136D7BA5E874})
        Interface name: \Device\NPF_{9B9257DC-FAC1-4993-B12F-136D7BA5E874}
        Interface description: Wi-Fi
    Encapsulation type: Ethernet (1)
    Arrival Time: Apr  9, 2026 18:28:53.959464400 India Standard Time
    UTC Arrival Time: Apr  9, 2026 12:58:53.959464400 UTC
    Epoch Arrival Time: 1775739533.959464400
    [Time shift for this packet: 0.000000000 seconds]
    [Time delta from previous captured frame: 118.800 microseconds]
    [Time delta from previous displayed frame: 118.800 microseconds]
    [Time since reference or first frame: 537.606000 milliseconds]
    Frame Number: 68
    Frame Length: 96 bytes (768 bits)
    Capture Length: 96 bytes (768 bits)
    [Frame is marked: False]
    [Frame is ignored: False]
    [Protocols in frame: eth:ethertype:ip:udp:quic]
    Character encoding: ASCII (0)
Ethernet II, Src: 96:77:0b:05:d4:0b (96:77:0b:05:d4:0b), Dst: HewlettPacka_3a:cc:1d (28:92:4a:3a:cc:1d)
    Destination: HewlettPacka_3a:cc:1d (28:92:4a:3a:cc:1d)
        .... ..0. .... .... .... .... = LG bit: Globally unique address (factory default)
        .... ...0 .... .... .... .... = IG bit: Individual address (unicast)
    Source: 96:77:0b:05:d4:0b (96:77:0b:05:d4:0b)
        .... ..1. .... .... .... .... = LG bit: Locally administered address (this is NOT the factory default)
        .... ...0 .... .... .... .... = IG bit: Individual address (unicast)
    Type: IPv4 (0x0800)
    [Stream index: 0]
Internet Protocol Version 4, Src: 172.16.90.227, Dst: 104.18.28.7
    0100 .... = Version: 4
    .... 0101 = Header Length: 20 bytes (5)
    Differentiated Services Field: 0x00 (DSCP: CS0, ECN: Not-ECT)
        0000 00.. = Differentiated Services Codepoint: Default (0)
        .... ..00 = Explicit Congestion Notification: Not ECN-Capable Transport (0)
    Total Length: 82
    Identification: 0x2ef5 (12021)
    010. .... = Flags: 0x2, Don't fragment
        0... .... = Reserved bit: Not set
        .1.. .... = Don't fragment: Set
        ..0. .... = More fragments: Not set
    ...0 0000 0000 0000 = Fragment Offset: 0
    Time to Live: 128
    Protocol: UDP (17)
    Header Checksum: 0x0000 [validation disabled]
    [Header checksum status: Unverified]
    Source Address: 172.16.90.227
    Destination Address: 104.18.28.7
    [Stream index: 3]
User Datagram Protocol, Src Port: 50491, Dst Port: 443
    Source Port: 50491
    Destination Port: 443
    Length: 62
    Checksum: 0x8b5c [unverified]
    [Checksum Status: Unverified]
    [Stream index: 3]
    [Stream Packet Number: 9]
    [Timestamps]
        [Time since first frame: 13.763600 milliseconds]
        [Time since previous frame: 118.800 microseconds]
    UDP payload (54 bytes)
QUIC IETF
    QUIC Connection information
        [Connection Number: 2]
    [Packet Length: 54]
    1... .... = Header Form: Long Header (1)
    .1.. .... = Fixed Bit: True
    ..10 .... = Packet Type: Handshake (2)
    Version: 1 (0x00000001)
    Destination Connection ID Length: 20
    Destination Connection ID: 0109fa68d8f7e373860b0468b0f7ceb5e4c7d584
    Source Connection ID Length: 3
    Source Connection ID: 37727d
    Length: 22
    [Expert Info (Warning/Decryption): Failed to create decryption context: Secrets are not available]
        [Failed to create decryption context: Secrets are not available]
        [Severity level: Warning]
        [Group: Decryption]
    Remaining Payload: f1624b9ecf6eb5fc1f20d5bf791ac1b6f579c8a2cd50

Frame 69: Packet, 1246 bytes on wire (9968 bits), 1246 bytes captured (9968 bits) on interface \Device\NPF_{9B9257DC-FAC1-4993-B12F-136D7BA5E874}, id 0
    Section number: 1
    Interface id: 0 (\Device\NPF_{9B9257DC-FAC1-4993-B12F-136D7BA5E874})
        Interface name: \Device\NPF_{9B9257DC-FAC1-4993-B12F-136D7BA5E874}
        Interface description: Wi-Fi
    Encapsulation type: Ethernet (1)
    Arrival Time: Apr  9, 2026 18:28:53.960379300 India Standard Time
    UTC Arrival Time: Apr  9, 2026 12:58:53.960379300 UTC
    Epoch Arrival Time: 1775739533.960379300
    [Time shift for this packet: 0.000000000 seconds]
    [Time delta from previous captured frame: 914.900 microseconds]
    [Time delta from previous displayed frame: 914.900 microseconds]
    [Time since reference or first frame: 538.520900 milliseconds]
    Frame Number: 69
    Frame Length: 1246 bytes (9968 bits)
    Capture Length: 1246 bytes (9968 bits)
    [Frame is marked: False]
    [Frame is ignored: False]
    [Protocols in frame: eth:ethertype:vlan:ethertype:ip:udp:quic]
    Character encoding: ASCII (0)
Ethernet II, Src: HewlettPacka_3a:cc:1d (28:92:4a:3a:cc:1d), Dst: 96:77:0b:05:d4:0b (96:77:0b:05:d4:0b)
    Destination: 96:77:0b:05:d4:0b (96:77:0b:05:d4:0b)
        .... ..1. .... .... .... .... = LG bit: Locally administered address (this is NOT the factory default)
        .... ...0 .... .... .... .... = IG bit: Individual address (unicast)
    Source: HewlettPacka_3a:cc:1d (28:92:4a:3a:cc:1d)
        .... ..0. .... .... .... .... = LG bit: Globally unique address (factory default)
        .... ...0 .... .... .... .... = IG bit: Individual address (unicast)
    Type: 802.1Q Virtual LAN (0x8100)
    [Stream index: 0]
802.1Q Virtual LAN, PRI: 0, DEI: 0, ID: 0
    000. .... .... .... = Priority: Best Effort (default) (0)
    ...0 .... .... .... = DEI: Ineligible
    .... 0000 0000 0000 = ID: 0
    Type: IPv4 (0x0800)
Internet Protocol Version 4, Src: 104.18.28.7, Dst: 172.16.90.227
    0100 .... = Version: 4
    .... 0101 = Header Length: 20 bytes (5)
    Differentiated Services Field: 0x88 (DSCP: AF41, ECN: Not-ECT)
        1000 10.. = Differentiated Services Codepoint: Assured Forwarding 41 (34)
        .... ..00 = Explicit Congestion Notification: Not ECN-Capable Transport (0)
    Total Length: 1228
    Identification: 0x0001 (1)
    010. .... = Flags: 0x2, Don't fragment
        0... .... = Reserved bit: Not set
        .1.. .... = Don't fragment: Set
        ..0. .... = More fragments: Not set
    ...0 0000 0000 0000 = Fragment Offset: 0
    Time to Live: 57
    Protocol: UDP (17)
    Header Checksum: 0xb18b [validation disabled]
    [Header checksum status: Unverified]
    Source Address: 104.18.28.7
    Destination Address: 172.16.90.227
    [Stream index: 3]
User Datagram Protocol, Src Port: 443, Dst Port: 50491
    Source Port: 443
    Destination Port: 50491
    Length: 1208
    Checksum: 0xe95f [unverified]
    [Checksum Status: Unverified]
    [Stream index: 3]
    [Stream Packet Number: 10]
    [Timestamps]
        [Time since first frame: 14.678500 milliseconds]
        [Time since previous frame: 914.900 microseconds]
    UDP payload (1200 bytes)
QUIC IETF
    QUIC Connection information
        [Connection Number: 2]
    [Packet Length: 1200]
    1... .... = Header Form: Long Header (1)
    .1.. .... = Fixed Bit: True
    ..10 .... = Packet Type: Handshake (2)
    Version: 1 (0x00000001)
    Destination Connection ID Length: 3
    Destination Connection ID: 37727d
    Source Connection ID Length: 20
    Source Connection ID: 0109fa68d8f7e373860b0468b0f7ceb5e4c7d584
    Length: 1168
    [Expert Info (Warning/Decryption): Failed to create decryption context: Secrets are not available]
        [Failed to create decryption context: Secrets are not available]
        [Severity level: Warning]
        [Group: Decryption]
    Remaining Payload […]: a63f06beb206ee72b885f4a0d4809105c7395eb266814fdbf2ab51cf76d673ce8fc5b058d4756ebaced72d5d16149f6d140ebab4521926a0435fa4a574afd2fe7708569c79ff4f75b3871f5c55715e50cd59fc1524a94b081229fd2f3c6aad28063639a0efc57dcfca1083

Frame 70: Packet, 69 bytes on wire (552 bits), 69 bytes captured (552 bits) on interface \Device\NPF_{9B9257DC-FAC1-4993-B12F-136D7BA5E874}, id 0
    Section number: 1
    Interface id: 0 (\Device\NPF_{9B9257DC-FAC1-4993-B12F-136D7BA5E874})
        Interface name: \Device\NPF_{9B9257DC-FAC1-4993-B12F-136D7BA5E874}
        Interface description: Wi-Fi
    Encapsulation type: Ethernet (1)
    Arrival Time: Apr  9, 2026 18:28:53.960428200 India Standard Time
    UTC Arrival Time: Apr  9, 2026 12:58:53.960428200 UTC
    Epoch Arrival Time: 1775739533.960428200
    [Time shift for this packet: 0.000000000 seconds]
    [Time delta from previous captured frame: 48.900 microseconds]
    [Time delta from previous displayed frame: 48.900 microseconds]
    [Time since reference or first frame: 538.569800 milliseconds]
    Frame Number: 70
    Frame Length: 69 bytes (552 bits)
    Capture Length: 69 bytes (552 bits)
    [Frame is marked: False]
    [Frame is ignored: False]
    [Protocols in frame: eth:ethertype:ip:udp:quic]
    Character encoding: ASCII (0)
Ethernet II, Src: HewlettPacka_3a:cc:1d (28:92:4a:3a:cc:1d), Dst: 96:77:0b:05:d4:0b (96:77:0b:05:d4:0b)
    Destination: 96:77:0b:05:d4:0b (96:77:0b:05:d4:0b)
        .... ..1. .... .... .... .... = LG bit: Locally administered address (this is NOT the factory default)
        .... ...0 .... .... .... .... = IG bit: Individual address (unicast)
    Source: HewlettPacka_3a:cc:1d (28:92:4a:3a:cc:1d)
        .... ..0. .... .... .... .... = LG bit: Globally unique address (factory default)
        .... ...0 .... .... .... .... = IG bit: Individual address (unicast)
    Type: IPv4 (0x0800)
    [Stream index: 0]
Internet Protocol Version 4, Src: 104.16.123.96, Dst: 172.16.90.227
    0100 .... = Version: 4
    .... 0101 = Header Length: 20 bytes (5)
    Differentiated Services Field: 0x88 (DSCP: AF41, ECN: Not-ECT)
        1000 10.. = Differentiated Services Codepoint: Assured Forwarding 41 (34)
        .... ..00 = Explicit Congestion Notification: Not ECN-Capable Transport (0)
    Total Length: 55
    Identification: 0x0001 (1)
    010. .... = Flags: 0x2, Don't fragment
        0... .... = Reserved bit: Not set
        .1.. .... = Don't fragment: Set
        ..0. .... = More fragments: Not set
    ...0 0000 0000 0000 = Fragment Offset: 0
    Time to Live: 57
    Protocol: UDP (17)
    Header Checksum: 0x56c9 [validation disabled]
    [Header checksum status: Unverified]
    Source Address: 104.16.123.96
    Destination Address: 172.16.90.227
    [Stream index: 2]
User Datagram Protocol, Src Port: 443, Dst Port: 50490
    Source Port: 443
    Destination Port: 50490
    Length: 35
    Checksum: 0x7d83 [unverified]
    [Checksum Status: Unverified]
    [Stream index: 2]
    [Stream Packet Number: 17]
    [Timestamps]
        [Time since first frame: 24.514900 milliseconds]
        [Time since previous frame: 1.209600 milliseconds]
    UDP payload (27 bytes)
QUIC IETF
    QUIC Connection information
        [Connection Number: 1]
    [Packet Length: 27]
    QUIC Short Header DCID=95a10c
        0... .... = Header Form: Short Header (0)
        .1.. .... = Fixed Bit: True
        ..0. .... = Spin Bit: False
        Destination Connection ID: 95a10c
    Remaining Payload: ce7466cfbc68b87825f94caceba8b1e5ec6cd30a035758

Frame 71: Packet, 69 bytes on wire (552 bits), 69 bytes captured (552 bits) on interface \Device\NPF_{9B9257DC-FAC1-4993-B12F-136D7BA5E874}, id 0
    Section number: 1
    Interface id: 0 (\Device\NPF_{9B9257DC-FAC1-4993-B12F-136D7BA5E874})
        Interface name: \Device\NPF_{9B9257DC-FAC1-4993-B12F-136D7BA5E874}
        Interface description: Wi-Fi
    Encapsulation type: Ethernet (1)
    Arrival Time: Apr  9, 2026 18:28:53.960738500 India Standard Time
    UTC Arrival Time: Apr  9, 2026 12:58:53.960738500 UTC
    Epoch Arrival Time: 1775739533.960738500
    [Time shift for this packet: 0.000000000 seconds]
    [Time delta from previous captured frame: 310.300 microseconds]
    [Time delta from previous displayed frame: 310.300 microseconds]
    [Time since reference or first frame: 538.880100 milliseconds]
    Frame Number: 71
    Frame Length: 69 bytes (552 bits)
    Capture Length: 69 bytes (552 bits)
    [Frame is marked: False]
    [Frame is ignored: False]
    [Protocols in frame: eth:ethertype:ip:udp:quic]
    Character encoding: ASCII (0)
Ethernet II, Src: HewlettPacka_3a:cc:1d (28:92:4a:3a:cc:1d), Dst: 96:77:0b:05:d4:0b (96:77:0b:05:d4:0b)
    Destination: 96:77:0b:05:d4:0b (96:77:0b:05:d4:0b)
        .... ..1. .... .... .... .... = LG bit: Locally administered address (this is NOT the factory default)
        .... ...0 .... .... .... .... = IG bit: Individual address (unicast)
    Source: HewlettPacka_3a:cc:1d (28:92:4a:3a:cc:1d)
        .... ..0. .... .... .... .... = LG bit: Globally unique address (factory default)
        .... ...0 .... .... .... .... = IG bit: Individual address (unicast)
    Type: IPv4 (0x0800)
    [Stream index: 0]
Internet Protocol Version 4, Src: 104.16.123.96, Dst: 172.16.90.227
    0100 .... = Version: 4
    .... 0101 = Header Length: 20 bytes (5)
    Differentiated Services Field: 0x88 (DSCP: AF41, ECN: Not-ECT)
        1000 10.. = Differentiated Services Codepoint: Assured Forwarding 41 (34)
        .... ..00 = Explicit Congestion Notification: Not ECN-Capable Transport (0)
    Total Length: 55
    Identification: 0x0000 (0)
    010. .... = Flags: 0x2, Don't fragment
        0... .... = Reserved bit: Not set
        .1.. .... = Don't fragment: Set
        ..0. .... = More fragments: Not set
    ...0 0000 0000 0000 = Fragment Offset: 0
    Time to Live: 57
    Protocol: UDP (17)
    Header Checksum: 0x56ca [validation disabled]
    [Header checksum status: Unverified]
    Source Address: 104.16.123.96
    Destination Address: 172.16.90.227
    [Stream index: 2]
User Datagram Protocol, Src Port: 443, Dst Port: 50490
    Source Port: 443
    Destination Port: 50490
    Length: 35
    Checksum: 0xf4d9 [unverified]
    [Checksum Status: Unverified]
    [Stream index: 2]
    [Stream Packet Number: 18]
    [Timestamps]
        [Time since first frame: 24.825200 milliseconds]
        [Time since previous frame: 310.300 microseconds]
    UDP payload (27 bytes)
QUIC IETF
    QUIC Connection information
        [Connection Number: 1]
    [Packet Length: 27]
    QUIC Short Header DCID=95a10c
        0... .... = Header Form: Short Header (0)
        .1.. .... = Fixed Bit: True
        ..0. .... = Spin Bit: False
        Destination Connection ID: 95a10c
    Remaining Payload: 38e93aaea5a3eac8f67ccbf3029147ff39326056e243eb

Frame 72: Packet, 117 bytes on wire (936 bits), 117 bytes captured (936 bits) on interface \Device\NPF_{9B9257DC-FAC1-4993-B12F-136D7BA5E874}, id 0
    Section number: 1
    Interface id: 0 (\Device\NPF_{9B9257DC-FAC1-4993-B12F-136D7BA5E874})
        Interface name: \Device\NPF_{9B9257DC-FAC1-4993-B12F-136D7BA5E874}
        Interface description: Wi-Fi
    Encapsulation type: Ethernet (1)
    Arrival Time: Apr  9, 2026 18:28:53.960996700 India Standard Time
    UTC Arrival Time: Apr  9, 2026 12:58:53.960996700 UTC
    Epoch Arrival Time: 1775739533.960996700
    [Time shift for this packet: 0.000000000 seconds]
    [Time delta from previous captured frame: 258.200 microseconds]
    [Time delta from previous displayed frame: 258.200 microseconds]
    [Time since reference or first frame: 539.138300 milliseconds]
    Frame Number: 72
    Frame Length: 117 bytes (936 bits)
    Capture Length: 117 bytes (936 bits)
    [Frame is marked: False]
    [Frame is ignored: False]
    [Protocols in frame: eth:ethertype:vlan:ethertype:ip:udp:quic]
    Character encoding: ASCII (0)
Ethernet II, Src: HewlettPacka_3a:cc:1d (28:92:4a:3a:cc:1d), Dst: 96:77:0b:05:d4:0b (96:77:0b:05:d4:0b)
    Destination: 96:77:0b:05:d4:0b (96:77:0b:05:d4:0b)
        .... ..1. .... .... .... .... = LG bit: Locally administered address (this is NOT the factory default)
        .... ...0 .... .... .... .... = IG bit: Individual address (unicast)
    Source: HewlettPacka_3a:cc:1d (28:92:4a:3a:cc:1d)
        .... ..0. .... .... .... .... = LG bit: Globally unique address (factory default)
        .... ...0 .... .... .... .... = IG bit: Individual address (unicast)
    Type: 802.1Q Virtual LAN (0x8100)
    [Stream index: 0]
802.1Q Virtual LAN, PRI: 0, DEI: 0, ID: 0
    000. .... .... .... = Priority: Best Effort (default) (0)
    ...0 .... .... .... = DEI: Ineligible
    .... 0000 0000 0000 = ID: 0
    Type: IPv4 (0x0800)
Internet Protocol Version 4, Src: 104.18.28.7, Dst: 172.16.90.227
    0100 .... = Version: 4
    .... 0101 = Header Length: 20 bytes (5)
    Differentiated Services Field: 0x88 (DSCP: AF41, ECN: Not-ECT)
        1000 10.. = Differentiated Services Codepoint: Assured Forwarding 41 (34)
        .... ..00 = Explicit Congestion Notification: Not ECN-Capable Transport (0)
    Total Length: 99
    Identification: 0x0002 (2)
    010. .... = Flags: 0x2, Don't fragment
        0... .... = Reserved bit: Not set
        .1.. .... = Don't fragment: Set
        ..0. .... = More fragments: Not set
    ...0 0000 0000 0000 = Fragment Offset: 0
    Time to Live: 57
    Protocol: UDP (17)
    Header Checksum: 0xb5f3 [validation disabled]
    [Header checksum status: Unverified]
    Source Address: 104.18.28.7
    Destination Address: 172.16.90.227
    [Stream index: 3]
User Datagram Protocol, Src Port: 443, Dst Port: 50491
    Source Port: 443
    Destination Port: 50491
    Length: 79
    Checksum: 0x9a7f [unverified]
    [Checksum Status: Unverified]
    [Stream index: 3]
    [Stream Packet Number: 11]
    [Timestamps]
        [Time since first frame: 15.295900 milliseconds]
        [Time since previous frame: 617.400 microseconds]
    UDP payload (71 bytes)
QUIC IETF
    QUIC Connection information
        [Connection Number: 2]
    [Packet Length: 71]
    1... .... = Header Form: Long Header (1)
    .1.. .... = Fixed Bit: True
    ..10 .... = Packet Type: Handshake (2)
    Version: 1 (0x00000001)
    Destination Connection ID Length: 3
    Destination Connection ID: 37727d
    Source Connection ID Length: 20
    Source Connection ID: 0109fa68d8f7e373860b0468b0f7ceb5e4c7d584
    Length: 39
    [Expert Info (Warning/Decryption): Failed to create decryption context: Secrets are not available]
        [Failed to create decryption context: Secrets are not available]
        [Severity level: Warning]
        [Group: Decryption]
    Remaining Payload: 6934cbcbdde46d8f02f6177e5347579fa77f07a310bbba97a1415830eac36b429c7acdb2b7e482

Frame 73: Packet, 97 bytes on wire (776 bits), 97 bytes captured (776 bits) on interface \Device\NPF_{9B9257DC-FAC1-4993-B12F-136D7BA5E874}, id 0
    Section number: 1
    Interface id: 0 (\Device\NPF_{9B9257DC-FAC1-4993-B12F-136D7BA5E874})
        Interface name: \Device\NPF_{9B9257DC-FAC1-4993-B12F-136D7BA5E874}
        Interface description: Wi-Fi
    Encapsulation type: Ethernet (1)
    Arrival Time: Apr  9, 2026 18:28:53.961081700 India Standard Time
    UTC Arrival Time: Apr  9, 2026 12:58:53.961081700 UTC
    Epoch Arrival Time: 1775739533.961081700
    [Time shift for this packet: 0.000000000 seconds]
    [Time delta from previous captured frame: 85.000 microseconds]
    [Time delta from previous displayed frame: 85.000 microseconds]
    [Time since reference or first frame: 539.223300 milliseconds]
    Frame Number: 73
    Frame Length: 97 bytes (776 bits)
    Capture Length: 97 bytes (776 bits)
    [Frame is marked: False]
    [Frame is ignored: False]
    [Protocols in frame: eth:ethertype:ip:udp:quic]
    Character encoding: ASCII (0)
Ethernet II, Src: 96:77:0b:05:d4:0b (96:77:0b:05:d4:0b), Dst: HewlettPacka_3a:cc:1d (28:92:4a:3a:cc:1d)
    Destination: HewlettPacka_3a:cc:1d (28:92:4a:3a:cc:1d)
        .... ..0. .... .... .... .... = LG bit: Globally unique address (factory default)
        .... ...0 .... .... .... .... = IG bit: Individual address (unicast)
    Source: 96:77:0b:05:d4:0b (96:77:0b:05:d4:0b)
        .... ..1. .... .... .... .... = LG bit: Locally administered address (this is NOT the factory default)
        .... ...0 .... .... .... .... = IG bit: Individual address (unicast)
    Type: IPv4 (0x0800)
    [Stream index: 0]
Internet Protocol Version 4, Src: 172.16.90.227, Dst: 104.18.28.7
    0100 .... = Version: 4
    .... 0101 = Header Length: 20 bytes (5)
    Differentiated Services Field: 0x00 (DSCP: CS0, ECN: Not-ECT)
        0000 00.. = Differentiated Services Codepoint: Default (0)
        .... ..00 = Explicit Congestion Notification: Not ECN-Capable Transport (0)
    Total Length: 83
    Identification: 0x2ef6 (12022)
    010. .... = Flags: 0x2, Don't fragment
        0... .... = Reserved bit: Not set
        .1.. .... = Don't fragment: Set
        ..0. .... = More fragments: Not set
    ...0 0000 0000 0000 = Fragment Offset: 0
    Time to Live: 128
    Protocol: UDP (17)
    Header Checksum: 0x0000 [validation disabled]
    [Header checksum status: Unverified]
    Source Address: 172.16.90.227
    Destination Address: 104.18.28.7
    [Stream index: 3]
User Datagram Protocol, Src Port: 50491, Dst Port: 443
    Source Port: 50491
    Destination Port: 443
    Length: 63
    Checksum: 0x8b5d [unverified]
    [Checksum Status: Unverified]
    [Stream index: 3]
    [Stream Packet Number: 12]
    [Timestamps]
        [Time since first frame: 15.380900 milliseconds]
        [Time since previous frame: 85.000 microseconds]
    UDP payload (55 bytes)
QUIC IETF
    QUIC Connection information
        [Connection Number: 2]
    [Packet Length: 55]
    1... .... = Header Form: Long Header (1)
    .1.. .... = Fixed Bit: True
    ..10 .... = Packet Type: Handshake (2)
    Version: 1 (0x00000001)
    Destination Connection ID Length: 20
    Destination Connection ID: 0109fa68d8f7e373860b0468b0f7ceb5e4c7d584
    Source Connection ID Length: 3
    Source Connection ID: 37727d
    Length: 23
    [Expert Info (Warning/Decryption): Failed to create decryption context: Secrets are not available]
        [Failed to create decryption context: Secrets are not available]
        [Severity level: Warning]
        [Group: Decryption]
    Remaining Payload: 7514d44b62992111fde7f730422170114807415d1a93e4

Frame 74: Packet, 94 bytes on wire (752 bits), 94 bytes captured (752 bits) on interface \Device\NPF_{9B9257DC-FAC1-4993-B12F-136D7BA5E874}, id 0
    Section number: 1
    Interface id: 0 (\Device\NPF_{9B9257DC-FAC1-4993-B12F-136D7BA5E874})
        Interface name: \Device\NPF_{9B9257DC-FAC1-4993-B12F-136D7BA5E874}
        Interface description: Wi-Fi
    Encapsulation type: Ethernet (1)
    Arrival Time: Apr  9, 2026 18:28:53.961244700 India Standard Time
    UTC Arrival Time: Apr  9, 2026 12:58:53.961244700 UTC
    Epoch Arrival Time: 1775739533.961244700
    [Time shift for this packet: 0.000000000 seconds]
    [Time delta from previous captured frame: 163.000 microseconds]
    [Time delta from previous displayed frame: 163.000 microseconds]
    [Time since reference or first frame: 539.386300 milliseconds]
    Frame Number: 74
    Frame Length: 94 bytes (752 bits)
    Capture Length: 94 bytes (752 bits)
    [Frame is marked: False]
    [Frame is ignored: False]
    [Protocols in frame: eth:ethertype:ip:udp:quic]
    Character encoding: ASCII (0)
Ethernet II, Src: HewlettPacka_3a:cc:1d (28:92:4a:3a:cc:1d), Dst: 96:77:0b:05:d4:0b (96:77:0b:05:d4:0b)
    Destination: 96:77:0b:05:d4:0b (96:77:0b:05:d4:0b)
        .... ..1. .... .... .... .... = LG bit: Locally administered address (this is NOT the factory default)
        .... ...0 .... .... .... .... = IG bit: Individual address (unicast)
    Source: HewlettPacka_3a:cc:1d (28:92:4a:3a:cc:1d)
        .... ..0. .... .... .... .... = LG bit: Globally unique address (factory default)
        .... ...0 .... .... .... .... = IG bit: Individual address (unicast)
    Type: IPv4 (0x0800)
    [Stream index: 0]
Internet Protocol Version 4, Src: 104.16.123.96, Dst: 172.16.90.227
    0100 .... = Version: 4
    .... 0101 = Header Length: 20 bytes (5)
    Differentiated Services Field: 0x88 (DSCP: AF41, ECN: Not-ECT)
        1000 10.. = Differentiated Services Codepoint: Assured Forwarding 41 (34)
        .... ..00 = Explicit Congestion Notification: Not ECN-Capable Transport (0)
    Total Length: 80
    Identification: 0x0000 (0)
    010. .... = Flags: 0x2, Don't fragment
        0... .... = Reserved bit: Not set
        .1.. .... = Don't fragment: Set
        ..0. .... = More fragments: Not set
    ...0 0000 0000 0000 = Fragment Offset: 0
    Time to Live: 57
    Protocol: UDP (17)
    Header Checksum: 0x56b1 [validation disabled]
    [Header checksum status: Unverified]
    Source Address: 104.16.123.96
    Destination Address: 172.16.90.227
    [Stream index: 2]
User Datagram Protocol, Src Port: 443, Dst Port: 50490
    Source Port: 443
    Destination Port: 50490
    Length: 60
    Checksum: 0xe4e0 [unverified]
    [Checksum Status: Unverified]
    [Stream index: 2]
    [Stream Packet Number: 19]
    [Timestamps]
        [Time since first frame: 25.331400 milliseconds]
        [Time since previous frame: 506.200 microseconds]
    UDP payload (52 bytes)
QUIC IETF
    QUIC Connection information
        [Connection Number: 1]
    [Packet Length: 52]
    QUIC Short Header DCID=95a10c
        0... .... = Header Form: Short Header (0)
        .1.. .... = Fixed Bit: True
        ..0. .... = Spin Bit: False
        Destination Connection ID: 95a10c
    Remaining Payload: 304e3784cf8c9a45c732060a16c87f0f22e02100182b0947dbe9ce5d289a913494d2db5d789dd706dd8010ad409292e2

Frame 75: Packet, 69 bytes on wire (552 bits), 69 bytes captured (552 bits) on interface \Device\NPF_{9B9257DC-FAC1-4993-B12F-136D7BA5E874}, id 0
    Section number: 1
    Interface id: 0 (\Device\NPF_{9B9257DC-FAC1-4993-B12F-136D7BA5E874})
        Interface name: \Device\NPF_{9B9257DC-FAC1-4993-B12F-136D7BA5E874}
        Interface description: Wi-Fi
    Encapsulation type: Ethernet (1)
    Arrival Time: Apr  9, 2026 18:28:53.961244700 India Standard Time
    UTC Arrival Time: Apr  9, 2026 12:58:53.961244700 UTC
    Epoch Arrival Time: 1775739533.961244700
    [Time shift for this packet: 0.000000000 seconds]
    [Time delta from previous captured frame: 0.000000000 seconds]
    [Time delta from previous displayed frame: 0.000000000 seconds]
    [Time since reference or first frame: 539.386300 milliseconds]
    Frame Number: 75
    Frame Length: 69 bytes (552 bits)
    Capture Length: 69 bytes (552 bits)
    [Frame is marked: False]
    [Frame is ignored: False]
    [Protocols in frame: eth:ethertype:ip:udp:quic]
    Character encoding: ASCII (0)
Ethernet II, Src: HewlettPacka_3a:cc:1d (28:92:4a:3a:cc:1d), Dst: 96:77:0b:05:d4:0b (96:77:0b:05:d4:0b)
    Destination: 96:77:0b:05:d4:0b (96:77:0b:05:d4:0b)
        .... ..1. .... .... .... .... = LG bit: Locally administered address (this is NOT the factory default)
        .... ...0 .... .... .... .... = IG bit: Individual address (unicast)
    Source: HewlettPacka_3a:cc:1d (28:92:4a:3a:cc:1d)
        .... ..0. .... .... .... .... = LG bit: Globally unique address (factory default)
        .... ...0 .... .... .... .... = IG bit: Individual address (unicast)
    Type: IPv4 (0x0800)
    [Stream index: 0]
Internet Protocol Version 4, Src: 104.16.123.96, Dst: 172.16.90.227
    0100 .... = Version: 4
    .... 0101 = Header Length: 20 bytes (5)
    Differentiated Services Field: 0x88 (DSCP: AF41, ECN: Not-ECT)
        1000 10.. = Differentiated Services Codepoint: Assured Forwarding 41 (34)
        .... ..00 = Explicit Congestion Notification: Not ECN-Capable Transport (0)
    Total Length: 55
    Identification: 0x0000 (0)
    010. .... = Flags: 0x2, Don't fragment
        0... .... = Reserved bit: Not set
        .1.. .... = Don't fragment: Set
        ..0. .... = More fragments: Not set
    ...0 0000 0000 0000 = Fragment Offset: 0
    Time to Live: 57
    Protocol: UDP (17)
    Header Checksum: 0x56ca [validation disabled]
    [Header checksum status: Unverified]
    Source Address: 104.16.123.96
    Destination Address: 172.16.90.227
    [Stream index: 2]
User Datagram Protocol, Src Port: 443, Dst Port: 50490
    Source Port: 443
    Destination Port: 50490
    Length: 35
    Checksum: 0xd533 [unverified]
    [Checksum Status: Unverified]
    [Stream index: 2]
    [Stream Packet Number: 20]
    [Timestamps]
        [Time since first frame: 25.331400 milliseconds]
        [Time since previous frame: 0.000000000 seconds]
    UDP payload (27 bytes)
QUIC IETF
    QUIC Connection information
        [Connection Number: 1]
    [Packet Length: 27]
    QUIC Short Header DCID=95a10c
        0... .... = Header Form: Short Header (0)
        .1.. .... = Fixed Bit: True
        ..0. .... = Spin Bit: False
        Destination Connection ID: 95a10c
    Remaining Payload: e13d5668633faa66f040a334ec6f7a8b47bb943f62c016

Frame 76: Packet, 88 bytes on wire (704 bits), 88 bytes captured (704 bits) on interface \Device\NPF_{9B9257DC-FAC1-4993-B12F-136D7BA5E874}, id 0
    Section number: 1
    Interface id: 0 (\Device\NPF_{9B9257DC-FAC1-4993-B12F-136D7BA5E874})
        Interface name: \Device\NPF_{9B9257DC-FAC1-4993-B12F-136D7BA5E874}
        Interface description: Wi-Fi
    Encapsulation type: Ethernet (1)
    Arrival Time: Apr  9, 2026 18:28:53.961677100 India Standard Time
    UTC Arrival Time: Apr  9, 2026 12:58:53.961677100 UTC
    Epoch Arrival Time: 1775739533.961677100
    [Time shift for this packet: 0.000000000 seconds]
    [Time delta from previous captured frame: 432.400 microseconds]
    [Time delta from previous displayed frame: 432.400 microseconds]
    [Time since reference or first frame: 539.818700 milliseconds]
    Frame Number: 76
    Frame Length: 88 bytes (704 bits)
    Capture Length: 88 bytes (704 bits)
    [Frame is marked: False]
    [Frame is ignored: False]
    [Protocols in frame: eth:ethertype:ip:udp:quic]
    Character encoding: ASCII (0)
Ethernet II, Src: 96:77:0b:05:d4:0b (96:77:0b:05:d4:0b), Dst: HewlettPacka_3a:cc:1d (28:92:4a:3a:cc:1d)
    Destination: HewlettPacka_3a:cc:1d (28:92:4a:3a:cc:1d)
        .... ..0. .... .... .... .... = LG bit: Globally unique address (factory default)
        .... ...0 .... .... .... .... = IG bit: Individual address (unicast)
    Source: 96:77:0b:05:d4:0b (96:77:0b:05:d4:0b)
        .... ..1. .... .... .... .... = LG bit: Locally administered address (this is NOT the factory default)
        .... ...0 .... .... .... .... = IG bit: Individual address (unicast)
    Type: IPv4 (0x0800)
    [Stream index: 0]
Internet Protocol Version 4, Src: 172.16.90.227, Dst: 104.16.123.96
    0100 .... = Version: 4
    .... 0101 = Header Length: 20 bytes (5)
    Differentiated Services Field: 0x02 (DSCP: CS0, ECN: ECT(0))
        0000 00.. = Differentiated Services Codepoint: Default (0)
        .... ..10 = Explicit Congestion Notification: ECN-Capable Transport codepoint '10' (2)
    Total Length: 74
    Identification: 0xb431 (46129)
    010. .... = Flags: 0x2, Don't fragment
        0... .... = Reserved bit: Not set
        .1.. .... = Don't fragment: Set
        ..0. .... = More fragments: Not set
    ...0 0000 0000 0000 = Fragment Offset: 0
    Time to Live: 128
    Protocol: UDP (17)
    Header Checksum: 0x0000 [validation disabled]
    [Header checksum status: Unverified]
    Source Address: 172.16.90.227
    Destination Address: 104.16.123.96
    [Stream index: 2]
User Datagram Protocol, Src Port: 50490, Dst Port: 443
    Source Port: 50490
    Destination Port: 443
    Length: 54
    Checksum: 0xeaab [unverified]
    [Checksum Status: Unverified]
    [Stream index: 2]
    [Stream Packet Number: 21]
    [Timestamps]
        [Time since first frame: 25.763800 milliseconds]
        [Time since previous frame: 432.400 microseconds]
    UDP payload (46 bytes)
QUIC IETF
    QUIC Connection information
        [Connection Number: 1]
    [Packet Length: 46]
    QUIC Short Header DCID=01bcae2b54a62e8966be502b5ea6320b35bc87d8
        0... .... = Header Form: Short Header (0)
        .1.. .... = Fixed Bit: True
        ..1. .... = Spin Bit: True
        Destination Connection ID: 01bcae2b54a62e8966be502b5ea6320b35bc87d8
    Remaining Payload: af85366e772884fb20ea7827f9e35132c6d53f1622bd9dab73

Frame 77: Packet, 96 bytes on wire (768 bits), 96 bytes captured (768 bits) on interface \Device\NPF_{9B9257DC-FAC1-4993-B12F-136D7BA5E874}, id 0
    Section number: 1
    Interface id: 0 (\Device\NPF_{9B9257DC-FAC1-4993-B12F-136D7BA5E874})
        Interface name: \Device\NPF_{9B9257DC-FAC1-4993-B12F-136D7BA5E874}
        Interface description: Wi-Fi
    Encapsulation type: Ethernet (1)
    Arrival Time: Apr  9, 2026 18:28:53.961809200 India Standard Time
    UTC Arrival Time: Apr  9, 2026 12:58:53.961809200 UTC
    Epoch Arrival Time: 1775739533.961809200
    [Time shift for this packet: 0.000000000 seconds]
    [Time delta from previous captured frame: 132.100 microseconds]
    [Time delta from previous displayed frame: 132.100 microseconds]
    [Time since reference or first frame: 539.950800 milliseconds]
    Frame Number: 77
    Frame Length: 96 bytes (768 bits)
    Capture Length: 96 bytes (768 bits)
    [Frame is marked: False]
    [Frame is ignored: False]
    [Protocols in frame: eth:ethertype:ip:udp:quic]
    Character encoding: ASCII (0)
Ethernet II, Src: 96:77:0b:05:d4:0b (96:77:0b:05:d4:0b), Dst: HewlettPacka_3a:cc:1d (28:92:4a:3a:cc:1d)
    Destination: HewlettPacka_3a:cc:1d (28:92:4a:3a:cc:1d)
        .... ..0. .... .... .... .... = LG bit: Globally unique address (factory default)
        .... ...0 .... .... .... .... = IG bit: Individual address (unicast)
    Source: 96:77:0b:05:d4:0b (96:77:0b:05:d4:0b)
        .... ..1. .... .... .... .... = LG bit: Locally administered address (this is NOT the factory default)
        .... ...0 .... .... .... .... = IG bit: Individual address (unicast)
    Type: IPv4 (0x0800)
    [Stream index: 0]
Internet Protocol Version 4, Src: 172.16.90.227, Dst: 104.18.28.7
    0100 .... = Version: 4
    .... 0101 = Header Length: 20 bytes (5)
    Differentiated Services Field: 0x00 (DSCP: CS0, ECN: Not-ECT)
        0000 00.. = Differentiated Services Codepoint: Default (0)
        .... ..00 = Explicit Congestion Notification: Not ECN-Capable Transport (0)
    Total Length: 82
    Identification: 0x2ef7 (12023)
    010. .... = Flags: 0x2, Don't fragment
        0... .... = Reserved bit: Not set
        .1.. .... = Don't fragment: Set
        ..0. .... = More fragments: Not set
    ...0 0000 0000 0000 = Fragment Offset: 0
    Time to Live: 128
    Protocol: UDP (17)
    Header Checksum: 0x0000 [validation disabled]
    [Header checksum status: Unverified]
    Source Address: 172.16.90.227
    Destination Address: 104.18.28.7
    [Stream index: 3]
User Datagram Protocol, Src Port: 50491, Dst Port: 443
    Source Port: 50491
    Destination Port: 443
    Length: 62
    Checksum: 0x8b5c [unverified]
    [Checksum Status: Unverified]
    [Stream index: 3]
    [Stream Packet Number: 13]
    [Timestamps]
        [Time since first frame: 16.108400 milliseconds]
        [Time since previous frame: 727.500 microseconds]
    UDP payload (54 bytes)
QUIC IETF
    QUIC Connection information
        [Connection Number: 2]
    [Packet Length: 54]
    1... .... = Header Form: Long Header (1)
    .1.. .... = Fixed Bit: True
    ..10 .... = Packet Type: Handshake (2)
    Version: 1 (0x00000001)
    Destination Connection ID Length: 20
    Destination Connection ID: 0109fa68d8f7e373860b0468b0f7ceb5e4c7d584
    Source Connection ID Length: 3
    Source Connection ID: 37727d
    Length: 22
    [Expert Info (Warning/Decryption): Failed to create decryption context: Secrets are not available]
        [Failed to create decryption context: Secrets are not available]
        [Severity level: Warning]
        [Group: Decryption]
    Remaining Payload: 8700b8b762b4a82cbff8bd0fe1858c0e0f04856aed60

Frame 78: Packet, 191 bytes on wire (1528 bits), 191 bytes captured (1528 bits) on interface \Device\NPF_{9B9257DC-FAC1-4993-B12F-136D7BA5E874}, id 0
    Section number: 1
    Interface id: 0 (\Device\NPF_{9B9257DC-FAC1-4993-B12F-136D7BA5E874})
        Interface name: \Device\NPF_{9B9257DC-FAC1-4993-B12F-136D7BA5E874}
        Interface description: Wi-Fi
    Encapsulation type: Ethernet (1)
    Arrival Time: Apr  9, 2026 18:28:53.962763200 India Standard Time
    UTC Arrival Time: Apr  9, 2026 12:58:53.962763200 UTC
    Epoch Arrival Time: 1775739533.962763200
    [Time shift for this packet: 0.000000000 seconds]
    [Time delta from previous captured frame: 954.000 microseconds]
    [Time delta from previous displayed frame: 954.000 microseconds]
    [Time since reference or first frame: 540.904800 milliseconds]
    Frame Number: 78
    Frame Length: 191 bytes (1528 bits)
    Capture Length: 191 bytes (1528 bits)
    [Frame is marked: False]
    [Frame is ignored: False]
    [Protocols in frame: eth:ethertype:ip:udp:quic]
    Character encoding: ASCII (0)
Ethernet II, Src: 96:77:0b:05:d4:0b (96:77:0b:05:d4:0b), Dst: HewlettPacka_3a:cc:1d (28:92:4a:3a:cc:1d)
    Destination: HewlettPacka_3a:cc:1d (28:92:4a:3a:cc:1d)
        .... ..0. .... .... .... .... = LG bit: Globally unique address (factory default)
        .... ...0 .... .... .... .... = IG bit: Individual address (unicast)
    Source: 96:77:0b:05:d4:0b (96:77:0b:05:d4:0b)
        .... ..1. .... .... .... .... = LG bit: Locally administered address (this is NOT the factory default)
        .... ...0 .... .... .... .... = IG bit: Individual address (unicast)
    Type: IPv4 (0x0800)
    [Stream index: 0]
Internet Protocol Version 4, Src: 172.16.90.227, Dst: 104.18.28.7
    0100 .... = Version: 4
    .... 0101 = Header Length: 20 bytes (5)
    Differentiated Services Field: 0x00 (DSCP: CS0, ECN: Not-ECT)
        0000 00.. = Differentiated Services Codepoint: Default (0)
        .... ..00 = Explicit Congestion Notification: Not ECN-Capable Transport (0)
    Total Length: 177
    Identification: 0x2ef8 (12024)
    010. .... = Flags: 0x2, Don't fragment
        0... .... = Reserved bit: Not set
        .1.. .... = Don't fragment: Set
        ..0. .... = More fragments: Not set
    ...0 0000 0000 0000 = Fragment Offset: 0
    Time to Live: 128
    Protocol: UDP (17)
    Header Checksum: 0x0000 [validation disabled]
    [Header checksum status: Unverified]
    Source Address: 172.16.90.227
    Destination Address: 104.18.28.7
    [Stream index: 3]
User Datagram Protocol, Src Port: 50491, Dst Port: 443
    Source Port: 50491
    Destination Port: 443
    Length: 157
    Checksum: 0x8bbb [unverified]
    [Checksum Status: Unverified]
    [Stream index: 3]
    [Stream Packet Number: 14]
    [Timestamps]
        [Time since first frame: 17.062400 milliseconds]
        [Time since previous frame: 954.000 microseconds]
    UDP payload (149 bytes)
QUIC IETF
    QUIC Connection information
        [Connection Number: 2]
    [Packet Length: 88]
    1... .... = Header Form: Long Header (1)
    .1.. .... = Fixed Bit: True
    ..10 .... = Packet Type: Handshake (2)
    Version: 1 (0x00000001)
    Destination Connection ID Length: 20
    Destination Connection ID: 0109fa68d8f7e373860b0468b0f7ceb5e4c7d584
    Source Connection ID Length: 3
    Source Connection ID: 37727d
    Length: 56
    [Expert Info (Warning/Decryption): Failed to create decryption context: Secrets are not available]
        [Failed to create decryption context: Secrets are not available]
        [Severity level: Warning]
        [Group: Decryption]
    Remaining Payload: c4254d56f128c53acd65584b650399dbe415d144a37b3ab7a5cf1211410030aa3d12ff3c0c890aefc878b7aaa53fb90be33753198667435d
QUIC IETF
    [Packet Length: 61]
    QUIC Short Header DCID=0109fa68d8f7e373860b0468b0f7ceb5e4c7d584
        0... .... = Header Form: Short Header (0)
        .1.. .... = Fixed Bit: True
        ..0. .... = Spin Bit: False
        Destination Connection ID: 0109fa68d8f7e373860b0468b0f7ceb5e4c7d584
    [Expert Info (Warning/Decryption): Failed to create decryption context: Secrets are not available]
        [Failed to create decryption context: Secrets are not available]
        [Severity level: Warning]
        [Group: Decryption]
    Remaining Payload: de514dcce01f3f52f1415039d0a058cf97367510c66d07320cd3500a09dafc7da13aff5d14e81b9b

Frame 79: Packet, 128 bytes on wire (1024 bits), 128 bytes captured (1024 bits) on interface \Device\NPF_{9B9257DC-FAC1-4993-B12F-136D7BA5E874}, id 0
    Section number: 1
    Interface id: 0 (\Device\NPF_{9B9257DC-FAC1-4993-B12F-136D7BA5E874})
        Interface name: \Device\NPF_{9B9257DC-FAC1-4993-B12F-136D7BA5E874}
        Interface description: Wi-Fi
    Encapsulation type: Ethernet (1)
    Arrival Time: Apr  9, 2026 18:28:53.962815500 India Standard Time
    UTC Arrival Time: Apr  9, 2026 12:58:53.962815500 UTC
    Epoch Arrival Time: 1775739533.962815500
    [Time shift for this packet: 0.000000000 seconds]
    [Time delta from previous captured frame: 52.300 microseconds]
    [Time delta from previous displayed frame: 52.300 microseconds]
    [Time since reference or first frame: 540.957100 milliseconds]
    Frame Number: 79
    Frame Length: 128 bytes (1024 bits)
    Capture Length: 128 bytes (1024 bits)
    [Frame is marked: False]
    [Frame is ignored: False]
    [Protocols in frame: eth:ethertype:ip:udp:quic]
    Character encoding: ASCII (0)
Ethernet II, Src: 96:77:0b:05:d4:0b (96:77:0b:05:d4:0b), Dst: HewlettPacka_3a:cc:1d (28:92:4a:3a:cc:1d)
    Destination: HewlettPacka_3a:cc:1d (28:92:4a:3a:cc:1d)
        .... ..0. .... .... .... .... = LG bit: Globally unique address (factory default)
        .... ...0 .... .... .... .... = IG bit: Individual address (unicast)
    Source: 96:77:0b:05:d4:0b (96:77:0b:05:d4:0b)
        .... ..1. .... .... .... .... = LG bit: Locally administered address (this is NOT the factory default)
        .... ...0 .... .... .... .... = IG bit: Individual address (unicast)
    Type: IPv4 (0x0800)
    [Stream index: 0]
Internet Protocol Version 4, Src: 172.16.90.227, Dst: 104.18.28.7
    0100 .... = Version: 4
    .... 0101 = Header Length: 20 bytes (5)
    Differentiated Services Field: 0x00 (DSCP: CS0, ECN: Not-ECT)
        0000 00.. = Differentiated Services Codepoint: Default (0)
        .... ..00 = Explicit Congestion Notification: Not ECN-Capable Transport (0)
    Total Length: 114
    Identification: 0x2ef9 (12025)
    010. .... = Flags: 0x2, Don't fragment
        0... .... = Reserved bit: Not set
        .1.. .... = Don't fragment: Set
        ..0. .... = More fragments: Not set
    ...0 0000 0000 0000 = Fragment Offset: 0
    Time to Live: 128
    Protocol: UDP (17)
    Header Checksum: 0x0000 [validation disabled]
    [Header checksum status: Unverified]
    Source Address: 172.16.90.227
    Destination Address: 104.18.28.7
    [Stream index: 3]
User Datagram Protocol, Src Port: 50491, Dst Port: 443
    Source Port: 50491
    Destination Port: 443
    Length: 94
    Checksum: 0x8b7c [unverified]
    [Checksum Status: Unverified]
    [Stream index: 3]
    [Stream Packet Number: 15]
    [Timestamps]
        [Time since first frame: 17.114700 milliseconds]
        [Time since previous frame: 52.300 microseconds]
    UDP payload (86 bytes)
QUIC IETF
    QUIC Connection information
        [Connection Number: 2]
    [Packet Length: 86]
    QUIC Short Header DCID=0109fa68d8f7e373860b0468b0f7ceb5e4c7d584
        0... .... = Header Form: Short Header (0)
        .1.. .... = Fixed Bit: True
        ..0. .... = Spin Bit: False
        Destination Connection ID: 0109fa68d8f7e373860b0468b0f7ceb5e4c7d584
    Remaining Payload: 969ecf4d6d539ffdef8c2deeb09555846cb871fb18bf397bf4ba7201686b7af18eea103d81e77e259a0872d711dcc37b49382be747947a05985911e4506f0fabf4

Frame 80: Packet, 762 bytes on wire (6096 bits), 762 bytes captured (6096 bits) on interface \Device\NPF_{9B9257DC-FAC1-4993-B12F-136D7BA5E874}, id 0
    Section number: 1
    Interface id: 0 (\Device\NPF_{9B9257DC-FAC1-4993-B12F-136D7BA5E874})
        Interface name: \Device\NPF_{9B9257DC-FAC1-4993-B12F-136D7BA5E874}
        Interface description: Wi-Fi
    Encapsulation type: Ethernet (1)
    Arrival Time: Apr  9, 2026 18:28:53.963253300 India Standard Time
    UTC Arrival Time: Apr  9, 2026 12:58:53.963253300 UTC
    Epoch Arrival Time: 1775739533.963253300
    [Time shift for this packet: 0.000000000 seconds]
    [Time delta from previous captured frame: 437.800 microseconds]
    [Time delta from previous displayed frame: 437.800 microseconds]
    [Time since reference or first frame: 541.394900 milliseconds]
    Frame Number: 80
    Frame Length: 762 bytes (6096 bits)
    Capture Length: 762 bytes (6096 bits)
    [Frame is marked: False]
    [Frame is ignored: False]
    [Protocols in frame: eth:ethertype:ip:udp:quic]
    Character encoding: ASCII (0)
Ethernet II, Src: 96:77:0b:05:d4:0b (96:77:0b:05:d4:0b), Dst: HewlettPacka_3a:cc:1d (28:92:4a:3a:cc:1d)
    Destination: HewlettPacka_3a:cc:1d (28:92:4a:3a:cc:1d)
        .... ..0. .... .... .... .... = LG bit: Globally unique address (factory default)
        .... ...0 .... .... .... .... = IG bit: Individual address (unicast)
    Source: 96:77:0b:05:d4:0b (96:77:0b:05:d4:0b)
        .... ..1. .... .... .... .... = LG bit: Locally administered address (this is NOT the factory default)
        .... ...0 .... .... .... .... = IG bit: Individual address (unicast)
    Type: IPv4 (0x0800)
    [Stream index: 0]
Internet Protocol Version 4, Src: 172.16.90.227, Dst: 104.18.28.7
    0100 .... = Version: 4
    .... 0101 = Header Length: 20 bytes (5)
    Differentiated Services Field: 0x00 (DSCP: CS0, ECN: Not-ECT)
        0000 00.. = Differentiated Services Codepoint: Default (0)
        .... ..00 = Explicit Congestion Notification: Not ECN-Capable Transport (0)
    Total Length: 748
    Identification: 0x2efa (12026)
    010. .... = Flags: 0x2, Don't fragment
        0... .... = Reserved bit: Not set
        .1.. .... = Don't fragment: Set
        ..0. .... = More fragments: Not set
    ...0 0000 0000 0000 = Fragment Offset: 0
    Time to Live: 128
    Protocol: UDP (17)
    Header Checksum: 0x0000 [validation disabled]
    [Header checksum status: Unverified]
    Source Address: 172.16.90.227
    Destination Address: 104.18.28.7
    [Stream index: 3]
User Datagram Protocol, Src Port: 50491, Dst Port: 443
    Source Port: 50491
    Destination Port: 443
    Length: 728
    Checksum: 0x8df6 [unverified]
    [Checksum Status: Unverified]
    [Stream index: 3]
    [Stream Packet Number: 16]
    [Timestamps]
        [Time since first frame: 17.552500 milliseconds]
        [Time since previous frame: 437.800 microseconds]
    UDP payload (720 bytes)
QUIC IETF
    QUIC Connection information
        [Connection Number: 2]
    [Packet Length: 720]
    QUIC Short Header DCID=0109fa68d8f7e373860b0468b0f7ceb5e4c7d584
        0... .... = Header Form: Short Header (0)
        .1.. .... = Fixed Bit: True
        ..1. .... = Spin Bit: True
        Destination Connection ID: 0109fa68d8f7e373860b0468b0f7ceb5e4c7d584
    Remaining Payload […]: fa584e6dde64088116403b30eb1c023b7d395b4f8cdbf8d3c5e5eb557ec06d5c234f85352a9ba3e04f54992ab8aca91966034d8d6d4480ff3aacbe572270956b3a7b574fc7c37817b45aef9ccc9cd7f126b719d3ce7d21d3b29c379f0b9eb5e630a2456120f601d195edde

Frame 81: Packet, 68 bytes on wire (544 bits), 68 bytes captured (544 bits) on interface \Device\NPF_{9B9257DC-FAC1-4993-B12F-136D7BA5E874}, id 0
    Section number: 1
    Interface id: 0 (\Device\NPF_{9B9257DC-FAC1-4993-B12F-136D7BA5E874})
        Interface name: \Device\NPF_{9B9257DC-FAC1-4993-B12F-136D7BA5E874}
        Interface description: Wi-Fi
    Encapsulation type: Ethernet (1)
    Arrival Time: Apr  9, 2026 18:28:53.970242500 India Standard Time
    UTC Arrival Time: Apr  9, 2026 12:58:53.970242500 UTC
    Epoch Arrival Time: 1775739533.970242500
    [Time shift for this packet: 0.000000000 seconds]
    [Time delta from previous captured frame: 6.989200 milliseconds]
    [Time delta from previous displayed frame: 6.989200 milliseconds]
    [Time since reference or first frame: 548.384100 milliseconds]
    Frame Number: 81
    Frame Length: 68 bytes (544 bits)
    Capture Length: 68 bytes (544 bits)
    [Frame is marked: False]
    [Frame is ignored: False]
    [Protocols in frame: eth:ethertype:ip:udp:quic]
    Character encoding: ASCII (0)
Ethernet II, Src: HewlettPacka_3a:cc:1d (28:92:4a:3a:cc:1d), Dst: 96:77:0b:05:d4:0b (96:77:0b:05:d4:0b)
    Destination: 96:77:0b:05:d4:0b (96:77:0b:05:d4:0b)
        .... ..1. .... .... .... .... = LG bit: Locally administered address (this is NOT the factory default)
        .... ...0 .... .... .... .... = IG bit: Individual address (unicast)
    Source: HewlettPacka_3a:cc:1d (28:92:4a:3a:cc:1d)
        .... ..0. .... .... .... .... = LG bit: Globally unique address (factory default)
        .... ...0 .... .... .... .... = IG bit: Individual address (unicast)
    Type: IPv4 (0x0800)
    [Stream index: 0]
Internet Protocol Version 4, Src: 104.16.123.96, Dst: 172.16.90.227
    0100 .... = Version: 4
    .... 0101 = Header Length: 20 bytes (5)
    Differentiated Services Field: 0x88 (DSCP: AF41, ECN: Not-ECT)
        1000 10.. = Differentiated Services Codepoint: Assured Forwarding 41 (34)
        .... ..00 = Explicit Congestion Notification: Not ECN-Capable Transport (0)
    Total Length: 54
    Identification: 0x0000 (0)
    010. .... = Flags: 0x2, Don't fragment
        0... .... = Reserved bit: Not set
        .1.. .... = Don't fragment: Set
        ..0. .... = More fragments: Not set
    ...0 0000 0000 0000 = Fragment Offset: 0
    Time to Live: 57
    Protocol: UDP (17)
    Header Checksum: 0x56cb [validation disabled]
    [Header checksum status: Unverified]
    Source Address: 104.16.123.96
    Destination Address: 172.16.90.227
    [Stream index: 2]
User Datagram Protocol, Src Port: 443, Dst Port: 50490
    Source Port: 443
    Destination Port: 50490
    Length: 34
    Checksum: 0xfa69 [unverified]
    [Checksum Status: Unverified]
    [Stream index: 2]
    [Stream Packet Number: 22]
    [Timestamps]
        [Time since first frame: 34.329200 milliseconds]
        [Time since previous frame: 8.565400 milliseconds]
    UDP payload (26 bytes)
QUIC IETF
    QUIC Connection information
        [Connection Number: 1]
    [Packet Length: 26]
    QUIC Short Header DCID=95a10c
        0... .... = Header Form: Short Header (0)
        .1.. .... = Fixed Bit: True
        ..0. .... = Spin Bit: False
        Destination Connection ID: 95a10c
    Remaining Payload: 89681af5a9f465e6dacc886c1bdc4c4e70a73cbf2d41

Frame 82: Packet, 530 bytes on wire (4240 bits), 530 bytes captured (4240 bits) on interface \Device\NPF_{9B9257DC-FAC1-4993-B12F-136D7BA5E874}, id 0
    Section number: 1
    Interface id: 0 (\Device\NPF_{9B9257DC-FAC1-4993-B12F-136D7BA5E874})
        Interface name: \Device\NPF_{9B9257DC-FAC1-4993-B12F-136D7BA5E874}
        Interface description: Wi-Fi
    Encapsulation type: Ethernet (1)
    Arrival Time: Apr  9, 2026 18:28:53.975029000 India Standard Time
    UTC Arrival Time: Apr  9, 2026 12:58:53.975029000 UTC
    Epoch Arrival Time: 1775739533.975029000
    [Time shift for this packet: 0.000000000 seconds]
    [Time delta from previous captured frame: 4.786500 milliseconds]
    [Time delta from previous displayed frame: 4.786500 milliseconds]
    [Time since reference or first frame: 553.170600 milliseconds]
    Frame Number: 82
    Frame Length: 530 bytes (4240 bits)
    Capture Length: 530 bytes (4240 bits)
    [Frame is marked: False]
    [Frame is ignored: False]
    [Protocols in frame: eth:ethertype:ip:udp:quic]
    Character encoding: ASCII (0)
Ethernet II, Src: HewlettPacka_3a:cc:1d (28:92:4a:3a:cc:1d), Dst: 96:77:0b:05:d4:0b (96:77:0b:05:d4:0b)
    Destination: 96:77:0b:05:d4:0b (96:77:0b:05:d4:0b)
        .... ..1. .... .... .... .... = LG bit: Locally administered address (this is NOT the factory default)
        .... ...0 .... .... .... .... = IG bit: Individual address (unicast)
    Source: HewlettPacka_3a:cc:1d (28:92:4a:3a:cc:1d)
        .... ..0. .... .... .... .... = LG bit: Globally unique address (factory default)
        .... ...0 .... .... .... .... = IG bit: Individual address (unicast)
    Type: IPv4 (0x0800)
    [Stream index: 0]
Internet Protocol Version 4, Src: 104.18.28.7, Dst: 172.16.90.227
    0100 .... = Version: 4
    .... 0101 = Header Length: 20 bytes (5)
    Differentiated Services Field: 0x88 (DSCP: AF41, ECN: Not-ECT)
        1000 10.. = Differentiated Services Codepoint: Assured Forwarding 41 (34)
        .... ..00 = Explicit Congestion Notification: Not ECN-Capable Transport (0)
    Total Length: 516
    Identification: 0x0000 (0)
    010. .... = Flags: 0x2, Don't fragment
        0... .... = Reserved bit: Not set
        .1.. .... = Don't fragment: Set
        ..0. .... = More fragments: Not set
    ...0 0000 0000 0000 = Fragment Offset: 0
    Time to Live: 57
    Protocol: UDP (17)
    Header Checksum: 0xb454 [validation disabled]
    [Header checksum status: Unverified]
    Source Address: 104.18.28.7
    Destination Address: 172.16.90.227
    [Stream index: 3]
User Datagram Protocol, Src Port: 443, Dst Port: 50491
    Source Port: 443
    Destination Port: 50491
    Length: 496
    Checksum: 0x83a2 [unverified]
    [Checksum Status: Unverified]
    [Stream index: 3]
    [Stream Packet Number: 17]
    [Timestamps]
        [Time since first frame: 29.328200 milliseconds]
        [Time since previous frame: 11.775700 milliseconds]
    UDP payload (488 bytes)
QUIC IETF
    QUIC Connection information
        [Connection Number: 2]
    [Packet Length: 488]
    QUIC Short Header DCID=37727d
        0... .... = Header Form: Short Header (0)
        .1.. .... = Fixed Bit: True
        ..0. .... = Spin Bit: False
        Destination Connection ID: 37727d
    Remaining Payload […]: 248034d03f17dba644e26b850b876516cfd43f6b9f35e6300c9c200acee1ee24d561b10005311a563cdb9f2c9ec455d9260597b67d1d20bce19d7cfe54207d6a38e6ab10280cca83a94b00c660590bc9bc037da4a7498e9f21c0b7fc7cbc27aaf574386f280d11c136073f

Frame 83: Packet, 69 bytes on wire (552 bits), 69 bytes captured (552 bits) on interface \Device\NPF_{9B9257DC-FAC1-4993-B12F-136D7BA5E874}, id 0
    Section number: 1
    Interface id: 0 (\Device\NPF_{9B9257DC-FAC1-4993-B12F-136D7BA5E874})
        Interface name: \Device\NPF_{9B9257DC-FAC1-4993-B12F-136D7BA5E874}
        Interface description: Wi-Fi
    Encapsulation type: Ethernet (1)
    Arrival Time: Apr  9, 2026 18:28:53.975029000 India Standard Time
    UTC Arrival Time: Apr  9, 2026 12:58:53.975029000 UTC
    Epoch Arrival Time: 1775739533.975029000
    [Time shift for this packet: 0.000000000 seconds]
    [Time delta from previous captured frame: 0.000000000 seconds]
    [Time delta from previous displayed frame: 0.000000000 seconds]
    [Time since reference or first frame: 553.170600 milliseconds]
    Frame Number: 83
    Frame Length: 69 bytes (552 bits)
    Capture Length: 69 bytes (552 bits)
    [Frame is marked: False]
    [Frame is ignored: False]
    [Protocols in frame: eth:ethertype:ip:udp:quic]
    Character encoding: ASCII (0)
Ethernet II, Src: HewlettPacka_3a:cc:1d (28:92:4a:3a:cc:1d), Dst: 96:77:0b:05:d4:0b (96:77:0b:05:d4:0b)
    Destination: 96:77:0b:05:d4:0b (96:77:0b:05:d4:0b)
        .... ..1. .... .... .... .... = LG bit: Locally administered address (this is NOT the factory default)
        .... ...0 .... .... .... .... = IG bit: Individual address (unicast)
    Source: HewlettPacka_3a:cc:1d (28:92:4a:3a:cc:1d)
        .... ..0. .... .... .... .... = LG bit: Globally unique address (factory default)
        .... ...0 .... .... .... .... = IG bit: Individual address (unicast)
    Type: IPv4 (0x0800)
    [Stream index: 0]
Internet Protocol Version 4, Src: 104.18.28.7, Dst: 172.16.90.227
    0100 .... = Version: 4
    .... 0101 = Header Length: 20 bytes (5)
    Differentiated Services Field: 0x88 (DSCP: AF41, ECN: Not-ECT)
        1000 10.. = Differentiated Services Codepoint: Assured Forwarding 41 (34)
        .... ..00 = Explicit Congestion Notification: Not ECN-Capable Transport (0)
    Total Length: 55
    Identification: 0x0001 (1)
    010. .... = Flags: 0x2, Don't fragment
        0... .... = Reserved bit: Not set
        .1.. .... = Don't fragment: Set
        ..0. .... = More fragments: Not set
    ...0 0000 0000 0000 = Fragment Offset: 0
    Time to Live: 57
    Protocol: UDP (17)
    Header Checksum: 0xb620 [validation disabled]
    [Header checksum status: Unverified]
    Source Address: 104.18.28.7
    Destination Address: 172.16.90.227
    [Stream index: 3]
User Datagram Protocol, Src Port: 443, Dst Port: 50491
    Source Port: 443
    Destination Port: 50491
    Length: 35
    Checksum: 0xe604 [unverified]
    [Checksum Status: Unverified]
    [Stream index: 3]
    [Stream Packet Number: 18]
    [Timestamps]
        [Time since first frame: 29.328200 milliseconds]
        [Time since previous frame: 0.000000000 seconds]
    UDP payload (27 bytes)
QUIC IETF
    QUIC Connection information
        [Connection Number: 2]
    [Packet Length: 27]
    QUIC Short Header DCID=37727d
        0... .... = Header Form: Short Header (0)
        .1.. .... = Fixed Bit: True
        ..0. .... = Spin Bit: False
        Destination Connection ID: 37727d
    Remaining Payload: 9f5fc90ad92660e8b31941fba058e287d0f4d3a3d2e277

Frame 84: Packet, 69 bytes on wire (552 bits), 69 bytes captured (552 bits) on interface \Device\NPF_{9B9257DC-FAC1-4993-B12F-136D7BA5E874}, id 0
    Section number: 1
    Interface id: 0 (\Device\NPF_{9B9257DC-FAC1-4993-B12F-136D7BA5E874})
        Interface name: \Device\NPF_{9B9257DC-FAC1-4993-B12F-136D7BA5E874}
        Interface description: Wi-Fi
    Encapsulation type: Ethernet (1)
    Arrival Time: Apr  9, 2026 18:28:53.975029000 India Standard Time
    UTC Arrival Time: Apr  9, 2026 12:58:53.975029000 UTC
    Epoch Arrival Time: 1775739533.975029000
    [Time shift for this packet: 0.000000000 seconds]
    [Time delta from previous captured frame: 0.000000000 seconds]
    [Time delta from previous displayed frame: 0.000000000 seconds]
    [Time since reference or first frame: 553.170600 milliseconds]
    Frame Number: 84
    Frame Length: 69 bytes (552 bits)
    Capture Length: 69 bytes (552 bits)
    [Frame is marked: False]
    [Frame is ignored: False]
    [Protocols in frame: eth:ethertype:ip:udp:quic]
    Character encoding: ASCII (0)
Ethernet II, Src: HewlettPacka_3a:cc:1d (28:92:4a:3a:cc:1d), Dst: 96:77:0b:05:d4:0b (96:77:0b:05:d4:0b)
    Destination: 96:77:0b:05:d4:0b (96:77:0b:05:d4:0b)
        .... ..1. .... .... .... .... = LG bit: Locally administered address (this is NOT the factory default)
        .... ...0 .... .... .... .... = IG bit: Individual address (unicast)
    Source: HewlettPacka_3a:cc:1d (28:92:4a:3a:cc:1d)
        .... ..0. .... .... .... .... = LG bit: Globally unique address (factory default)
        .... ...0 .... .... .... .... = IG bit: Individual address (unicast)
    Type: IPv4 (0x0800)
    [Stream index: 0]
Internet Protocol Version 4, Src: 104.18.28.7, Dst: 172.16.90.227
    0100 .... = Version: 4
    .... 0101 = Header Length: 20 bytes (5)
    Differentiated Services Field: 0x88 (DSCP: AF41, ECN: Not-ECT)
        1000 10.. = Differentiated Services Codepoint: Assured Forwarding 41 (34)
        .... ..00 = Explicit Congestion Notification: Not ECN-Capable Transport (0)
    Total Length: 55
    Identification: 0x0000 (0)
    010. .... = Flags: 0x2, Don't fragment
        0... .... = Reserved bit: Not set
        .1.. .... = Don't fragment: Set
        ..0. .... = More fragments: Not set
    ...0 0000 0000 0000 = Fragment Offset: 0
    Time to Live: 57
    Protocol: UDP (17)
    Header Checksum: 0xb621 [validation disabled]
    [Header checksum status: Unverified]
    Source Address: 104.18.28.7
    Destination Address: 172.16.90.227
    [Stream index: 3]
User Datagram Protocol, Src Port: 443, Dst Port: 50491
    Source Port: 443
    Destination Port: 50491
    Length: 35
    Checksum: 0x6486 [unverified]
    [Checksum Status: Unverified]
    [Stream index: 3]
    [Stream Packet Number: 19]
    [Timestamps]
        [Time since first frame: 29.328200 milliseconds]
        [Time since previous frame: 0.000000000 seconds]
    UDP payload (27 bytes)
QUIC IETF
    QUIC Connection information
        [Connection Number: 2]
    [Packet Length: 27]
    QUIC Short Header DCID=37727d
        0... .... = Header Form: Short Header (0)
        .1.. .... = Fixed Bit: True
        ..0. .... = Spin Bit: False
        Destination Connection ID: 37727d
    Remaining Payload: a2b1774918edc50fe161bb51b4ac0e8ec45434ae4c7ff2

Frame 85: Packet, 94 bytes on wire (752 bits), 94 bytes captured (752 bits) on interface \Device\NPF_{9B9257DC-FAC1-4993-B12F-136D7BA5E874}, id 0
    Section number: 1
    Interface id: 0 (\Device\NPF_{9B9257DC-FAC1-4993-B12F-136D7BA5E874})
        Interface name: \Device\NPF_{9B9257DC-FAC1-4993-B12F-136D7BA5E874}
        Interface description: Wi-Fi
    Encapsulation type: Ethernet (1)
    Arrival Time: Apr  9, 2026 18:28:53.975029000 India Standard Time
    UTC Arrival Time: Apr  9, 2026 12:58:53.975029000 UTC
    Epoch Arrival Time: 1775739533.975029000
    [Time shift for this packet: 0.000000000 seconds]
    [Time delta from previous captured frame: 0.000000000 seconds]
    [Time delta from previous displayed frame: 0.000000000 seconds]
    [Time since reference or first frame: 553.170600 milliseconds]
    Frame Number: 85
    Frame Length: 94 bytes (752 bits)
    Capture Length: 94 bytes (752 bits)
    [Frame is marked: False]
    [Frame is ignored: False]
    [Protocols in frame: eth:ethertype:ip:udp:quic]
    Character encoding: ASCII (0)
Ethernet II, Src: HewlettPacka_3a:cc:1d (28:92:4a:3a:cc:1d), Dst: 96:77:0b:05:d4:0b (96:77:0b:05:d4:0b)
    Destination: 96:77:0b:05:d4:0b (96:77:0b:05:d4:0b)
        .... ..1. .... .... .... .... = LG bit: Locally administered address (this is NOT the factory default)
        .... ...0 .... .... .... .... = IG bit: Individual address (unicast)
    Source: HewlettPacka_3a:cc:1d (28:92:4a:3a:cc:1d)
        .... ..0. .... .... .... .... = LG bit: Globally unique address (factory default)
        .... ...0 .... .... .... .... = IG bit: Individual address (unicast)
    Type: IPv4 (0x0800)
    [Stream index: 0]
Internet Protocol Version 4, Src: 104.18.28.7, Dst: 172.16.90.227
    0100 .... = Version: 4
    .... 0101 = Header Length: 20 bytes (5)
    Differentiated Services Field: 0x88 (DSCP: AF41, ECN: Not-ECT)
        1000 10.. = Differentiated Services Codepoint: Assured Forwarding 41 (34)
        .... ..00 = Explicit Congestion Notification: Not ECN-Capable Transport (0)
    Total Length: 80
    Identification: 0x0000 (0)
    010. .... = Flags: 0x2, Don't fragment
        0... .... = Reserved bit: Not set
        .1.. .... = Don't fragment: Set
        ..0. .... = More fragments: Not set
    ...0 0000 0000 0000 = Fragment Offset: 0
    Time to Live: 57
    Protocol: UDP (17)
    Header Checksum: 0xb608 [validation disabled]
    [Header checksum status: Unverified]
    Source Address: 104.18.28.7
    Destination Address: 172.16.90.227
    [Stream index: 3]
User Datagram Protocol, Src Port: 443, Dst Port: 50491
    Source Port: 443
    Destination Port: 50491
    Length: 60
    Checksum: 0xa84f [unverified]
    [Checksum Status: Unverified]
    [Stream index: 3]
    [Stream Packet Number: 20]
    [Timestamps]
        [Time since first frame: 29.328200 milliseconds]
        [Time since previous frame: 0.000000000 seconds]
    UDP payload (52 bytes)
QUIC IETF
    QUIC Connection information
        [Connection Number: 2]
    [Packet Length: 52]
    QUIC Short Header DCID=37727d
        0... .... = Header Form: Short Header (0)
        .1.. .... = Fixed Bit: True
        ..0. .... = Spin Bit: False
        Destination Connection ID: 37727d
    Remaining Payload: 6dce298d4bd3020dda844b3301bd22edc0e0d113a2ec0d3c17db52f18ea4ca47725b97dcd832ac9851c8bb894799290b

Frame 86: Packet, 68 bytes on wire (544 bits), 68 bytes captured (544 bits) on interface \Device\NPF_{9B9257DC-FAC1-4993-B12F-136D7BA5E874}, id 0
    Section number: 1
    Interface id: 0 (\Device\NPF_{9B9257DC-FAC1-4993-B12F-136D7BA5E874})
        Interface name: \Device\NPF_{9B9257DC-FAC1-4993-B12F-136D7BA5E874}
        Interface description: Wi-Fi
    Encapsulation type: Ethernet (1)
    Arrival Time: Apr  9, 2026 18:28:53.975029000 India Standard Time
    UTC Arrival Time: Apr  9, 2026 12:58:53.975029000 UTC
    Epoch Arrival Time: 1775739533.975029000
    [Time shift for this packet: 0.000000000 seconds]
    [Time delta from previous captured frame: 0.000000000 seconds]
    [Time delta from previous displayed frame: 0.000000000 seconds]
    [Time since reference or first frame: 553.170600 milliseconds]
    Frame Number: 86
    Frame Length: 68 bytes (544 bits)
    Capture Length: 68 bytes (544 bits)
    [Frame is marked: False]
    [Frame is ignored: False]
    [Protocols in frame: eth:ethertype:ip:udp:quic]
    Character encoding: ASCII (0)
Ethernet II, Src: HewlettPacka_3a:cc:1d (28:92:4a:3a:cc:1d), Dst: 96:77:0b:05:d4:0b (96:77:0b:05:d4:0b)
    Destination: 96:77:0b:05:d4:0b (96:77:0b:05:d4:0b)
        .... ..1. .... .... .... .... = LG bit: Locally administered address (this is NOT the factory default)
        .... ...0 .... .... .... .... = IG bit: Individual address (unicast)
    Source: HewlettPacka_3a:cc:1d (28:92:4a:3a:cc:1d)
        .... ..0. .... .... .... .... = LG bit: Globally unique address (factory default)
        .... ...0 .... .... .... .... = IG bit: Individual address (unicast)
    Type: IPv4 (0x0800)
    [Stream index: 0]
Internet Protocol Version 4, Src: 104.18.28.7, Dst: 172.16.90.227
    0100 .... = Version: 4
    .... 0101 = Header Length: 20 bytes (5)
    Differentiated Services Field: 0x88 (DSCP: AF41, ECN: Not-ECT)
        1000 10.. = Differentiated Services Codepoint: Assured Forwarding 41 (34)
        .... ..00 = Explicit Congestion Notification: Not ECN-Capable Transport (0)
    Total Length: 54
    Identification: 0x0000 (0)
    010. .... = Flags: 0x2, Don't fragment
        0... .... = Reserved bit: Not set
        .1.. .... = Don't fragment: Set
        ..0. .... = More fragments: Not set
    ...0 0000 0000 0000 = Fragment Offset: 0
    Time to Live: 57
    Protocol: UDP (17)
    Header Checksum: 0xb622 [validation disabled]
    [Header checksum status: Unverified]
    Source Address: 104.18.28.7
    Destination Address: 172.16.90.227
    [Stream index: 3]
User Datagram Protocol, Src Port: 443, Dst Port: 50491
    Source Port: 443
    Destination Port: 50491
    Length: 34
    Checksum: 0xe24a [unverified]
    [Checksum Status: Unverified]
    [Stream index: 3]
    [Stream Packet Number: 21]
    [Timestamps]
        [Time since first frame: 29.328200 milliseconds]
        [Time since previous frame: 0.000000000 seconds]
    UDP payload (26 bytes)
QUIC IETF
    QUIC Connection information
        [Connection Number: 2]
    [Packet Length: 26]
    QUIC Short Header DCID=37727d
        0... .... = Header Form: Short Header (0)
        .1.. .... = Fixed Bit: True
        ..0. .... = Spin Bit: False
        Destination Connection ID: 37727d
    Remaining Payload: 13f3fc840001fc4884d4243a7e8fd2680c591e53e031

Frame 87: Packet, 88 bytes on wire (704 bits), 88 bytes captured (704 bits) on interface \Device\NPF_{9B9257DC-FAC1-4993-B12F-136D7BA5E874}, id 0
    Section number: 1
    Interface id: 0 (\Device\NPF_{9B9257DC-FAC1-4993-B12F-136D7BA5E874})
        Interface name: \Device\NPF_{9B9257DC-FAC1-4993-B12F-136D7BA5E874}
        Interface description: Wi-Fi
    Encapsulation type: Ethernet (1)
    Arrival Time: Apr  9, 2026 18:28:53.975823500 India Standard Time
    UTC Arrival Time: Apr  9, 2026 12:58:53.975823500 UTC
    Epoch Arrival Time: 1775739533.975823500
    [Time shift for this packet: 0.000000000 seconds]
    [Time delta from previous captured frame: 794.500 microseconds]
    [Time delta from previous displayed frame: 794.500 microseconds]
    [Time since reference or first frame: 553.965100 milliseconds]
    Frame Number: 87
    Frame Length: 88 bytes (704 bits)
    Capture Length: 88 bytes (704 bits)
    [Frame is marked: False]
    [Frame is ignored: False]
    [Protocols in frame: eth:ethertype:ip:udp:quic]
    Character encoding: ASCII (0)
Ethernet II, Src: 96:77:0b:05:d4:0b (96:77:0b:05:d4:0b), Dst: HewlettPacka_3a:cc:1d (28:92:4a:3a:cc:1d)
    Destination: HewlettPacka_3a:cc:1d (28:92:4a:3a:cc:1d)
        .... ..0. .... .... .... .... = LG bit: Globally unique address (factory default)
        .... ...0 .... .... .... .... = IG bit: Individual address (unicast)
    Source: 96:77:0b:05:d4:0b (96:77:0b:05:d4:0b)
        .... ..1. .... .... .... .... = LG bit: Locally administered address (this is NOT the factory default)
        .... ...0 .... .... .... .... = IG bit: Individual address (unicast)
    Type: IPv4 (0x0800)
    [Stream index: 0]
Internet Protocol Version 4, Src: 172.16.90.227, Dst: 104.18.28.7
    0100 .... = Version: 4
    .... 0101 = Header Length: 20 bytes (5)
    Differentiated Services Field: 0x02 (DSCP: CS0, ECN: ECT(0))
        0000 00.. = Differentiated Services Codepoint: Default (0)
        .... ..10 = Explicit Congestion Notification: ECN-Capable Transport codepoint '10' (2)
    Total Length: 74
    Identification: 0x2efb (12027)
    010. .... = Flags: 0x2, Don't fragment
        0... .... = Reserved bit: Not set
        .1.. .... = Don't fragment: Set
        ..0. .... = More fragments: Not set
    ...0 0000 0000 0000 = Fragment Offset: 0
    Time to Live: 128
    Protocol: UDP (17)
    Header Checksum: 0x0000 [validation disabled]
    [Header checksum status: Unverified]
    Source Address: 172.16.90.227
    Destination Address: 104.18.28.7
    [Stream index: 3]
User Datagram Protocol, Src Port: 50491, Dst Port: 443
    Source Port: 50491
    Destination Port: 443
    Length: 54
    Checksum: 0x8b54 [unverified]
    [Checksum Status: Unverified]
    [Stream index: 3]
    [Stream Packet Number: 22]
    [Timestamps]
        [Time since first frame: 30.122700 milliseconds]
        [Time since previous frame: 794.500 microseconds]
    UDP payload (46 bytes)
QUIC IETF
    QUIC Connection information
        [Connection Number: 2]
    [Packet Length: 46]
    QUIC Short Header DCID=0109fa68d8f7e373860b0468b0f7ceb5e4c7d584
        0... .... = Header Form: Short Header (0)
        .1.. .... = Fixed Bit: True
        ..0. .... = Spin Bit: False
        Destination Connection ID: 0109fa68d8f7e373860b0468b0f7ceb5e4c7d584
    Remaining Payload: 0b842759585b05d3b293388d12b5af2e195efa3708a47fab6a

Frame 88: Packet, 69 bytes on wire (552 bits), 69 bytes captured (552 bits) on interface \Device\NPF_{9B9257DC-FAC1-4993-B12F-136D7BA5E874}, id 0
    Section number: 1
    Interface id: 0 (\Device\NPF_{9B9257DC-FAC1-4993-B12F-136D7BA5E874})
        Interface name: \Device\NPF_{9B9257DC-FAC1-4993-B12F-136D7BA5E874}
        Interface description: Wi-Fi
    Encapsulation type: Ethernet (1)
    Arrival Time: Apr  9, 2026 18:28:53.983827300 India Standard Time
    UTC Arrival Time: Apr  9, 2026 12:58:53.983827300 UTC
    Epoch Arrival Time: 1775739533.983827300
    [Time shift for this packet: 0.000000000 seconds]
    [Time delta from previous captured frame: 8.003800 milliseconds]
    [Time delta from previous displayed frame: 8.003800 milliseconds]
    [Time since reference or first frame: 561.968900 milliseconds]
    Frame Number: 88
    Frame Length: 69 bytes (552 bits)
    Capture Length: 69 bytes (552 bits)
    [Frame is marked: False]
    [Frame is ignored: False]
    [Protocols in frame: eth:ethertype:ip:udp:quic]
    Character encoding: ASCII (0)
Ethernet II, Src: HewlettPacka_3a:cc:1d (28:92:4a:3a:cc:1d), Dst: 96:77:0b:05:d4:0b (96:77:0b:05:d4:0b)
    Destination: 96:77:0b:05:d4:0b (96:77:0b:05:d4:0b)
        .... ..1. .... .... .... .... = LG bit: Locally administered address (this is NOT the factory default)
        .... ...0 .... .... .... .... = IG bit: Individual address (unicast)
    Source: HewlettPacka_3a:cc:1d (28:92:4a:3a:cc:1d)
        .... ..0. .... .... .... .... = LG bit: Globally unique address (factory default)
        .... ...0 .... .... .... .... = IG bit: Individual address (unicast)
    Type: IPv4 (0x0800)
    [Stream index: 0]
Internet Protocol Version 4, Src: 104.18.28.7, Dst: 172.16.90.227
    0100 .... = Version: 4
    .... 0101 = Header Length: 20 bytes (5)
    Differentiated Services Field: 0x88 (DSCP: AF41, ECN: Not-ECT)
        1000 10.. = Differentiated Services Codepoint: Assured Forwarding 41 (34)
        .... ..00 = Explicit Congestion Notification: Not ECN-Capable Transport (0)
    Total Length: 55
    Identification: 0x0000 (0)
    010. .... = Flags: 0x2, Don't fragment
        0... .... = Reserved bit: Not set
        .1.. .... = Don't fragment: Set
        ..0. .... = More fragments: Not set
    ...0 0000 0000 0000 = Fragment Offset: 0
    Time to Live: 57
    Protocol: UDP (17)
    Header Checksum: 0xb621 [validation disabled]
    [Header checksum status: Unverified]
    Source Address: 104.18.28.7
    Destination Address: 172.16.90.227
    [Stream index: 3]
User Datagram Protocol, Src Port: 443, Dst Port: 50491
    Source Port: 443
    Destination Port: 50491
    Length: 35
    Checksum: 0xc551 [unverified]
    [Checksum Status: Unverified]
    [Stream index: 3]
    [Stream Packet Number: 23]
    [Timestamps]
        [Time since first frame: 38.126500 milliseconds]
        [Time since previous frame: 8.003800 milliseconds]
    UDP payload (27 bytes)
QUIC IETF
    QUIC Connection information
        [Connection Number: 2]
    [Packet Length: 27]
    QUIC Short Header DCID=37727d
        0... .... = Header Form: Short Header (0)
        .1.. .... = Fixed Bit: True
        ..0. .... = Spin Bit: False
        Destination Connection ID: 37727d
    Remaining Payload: 343a6d6b090fbbdba18247526a895389f1c1966ac4f8c8

Frame 89: Packet, 68 bytes on wire (544 bits), 68 bytes captured (544 bits) on interface \Device\NPF_{9B9257DC-FAC1-4993-B12F-136D7BA5E874}, id 0
    Section number: 1
    Interface id: 0 (\Device\NPF_{9B9257DC-FAC1-4993-B12F-136D7BA5E874})
        Interface name: \Device\NPF_{9B9257DC-FAC1-4993-B12F-136D7BA5E874}
        Interface description: Wi-Fi
    Encapsulation type: Ethernet (1)
    Arrival Time: Apr  9, 2026 18:28:53.985131300 India Standard Time
    UTC Arrival Time: Apr  9, 2026 12:58:53.985131300 UTC
    Epoch Arrival Time: 1775739533.985131300
    [Time shift for this packet: 0.000000000 seconds]
    [Time delta from previous captured frame: 1.304000 milliseconds]
    [Time delta from previous displayed frame: 1.304000 milliseconds]
    [Time since reference or first frame: 563.272900 milliseconds]
    Frame Number: 89
    Frame Length: 68 bytes (544 bits)
    Capture Length: 68 bytes (544 bits)
    [Frame is marked: False]
    [Frame is ignored: False]
    [Protocols in frame: eth:ethertype:ip:udp:quic]
    Character encoding: ASCII (0)
Ethernet II, Src: HewlettPacka_3a:cc:1d (28:92:4a:3a:cc:1d), Dst: 96:77:0b:05:d4:0b (96:77:0b:05:d4:0b)
    Destination: 96:77:0b:05:d4:0b (96:77:0b:05:d4:0b)
        .... ..1. .... .... .... .... = LG bit: Locally administered address (this is NOT the factory default)
        .... ...0 .... .... .... .... = IG bit: Individual address (unicast)
    Source: HewlettPacka_3a:cc:1d (28:92:4a:3a:cc:1d)
        .... ..0. .... .... .... .... = LG bit: Globally unique address (factory default)
        .... ...0 .... .... .... .... = IG bit: Individual address (unicast)
    Type: IPv4 (0x0800)
    [Stream index: 0]
Internet Protocol Version 4, Src: 104.18.28.7, Dst: 172.16.90.227
    0100 .... = Version: 4
    .... 0101 = Header Length: 20 bytes (5)
    Differentiated Services Field: 0x88 (DSCP: AF41, ECN: Not-ECT)
        1000 10.. = Differentiated Services Codepoint: Assured Forwarding 41 (34)
        .... ..00 = Explicit Congestion Notification: Not ECN-Capable Transport (0)
    Total Length: 54
    Identification: 0x0000 (0)
    010. .... = Flags: 0x2, Don't fragment
        0... .... = Reserved bit: Not set
        .1.. .... = Don't fragment: Set
        ..0. .... = More fragments: Not set
    ...0 0000 0000 0000 = Fragment Offset: 0
    Time to Live: 57
    Protocol: UDP (17)
    Header Checksum: 0xb622 [validation disabled]
    [Header checksum status: Unverified]
    Source Address: 104.18.28.7
    Destination Address: 172.16.90.227
    [Stream index: 3]
User Datagram Protocol, Src Port: 443, Dst Port: 50491
    Source Port: 443
    Destination Port: 50491
    Length: 34
    Checksum: 0x8455 [unverified]
    [Checksum Status: Unverified]
    [Stream index: 3]
    [Stream Packet Number: 24]
    [Timestamps]
        [Time since first frame: 39.430500 milliseconds]
        [Time since previous frame: 1.304000 milliseconds]
    UDP payload (26 bytes)
QUIC IETF
    QUIC Connection information
        [Connection Number: 2]
    [Packet Length: 26]
    QUIC Short Header DCID=37727d
        0... .... = Header Form: Short Header (0)
        .1.. .... = Fixed Bit: True
        ..0. .... = Spin Bit: False
        Destination Connection ID: 37727d
    Remaining Payload: 21e7c5e8132bb1e986588e628bf79f37137332cb428f

Frame 90: Packet, 1242 bytes on wire (9936 bits), 1242 bytes captured (9936 bits) on interface \Device\NPF_{9B9257DC-FAC1-4993-B12F-136D7BA5E874}, id 0
    Section number: 1
    Interface id: 0 (\Device\NPF_{9B9257DC-FAC1-4993-B12F-136D7BA5E874})
        Interface name: \Device\NPF_{9B9257DC-FAC1-4993-B12F-136D7BA5E874}
        Interface description: Wi-Fi
    Encapsulation type: Ethernet (1)
    Arrival Time: Apr  9, 2026 18:28:53.998489100 India Standard Time
    UTC Arrival Time: Apr  9, 2026 12:58:53.998489100 UTC
    Epoch Arrival Time: 1775739533.998489100
    [Time shift for this packet: 0.000000000 seconds]
    [Time delta from previous captured frame: 13.357800 milliseconds]
    [Time delta from previous displayed frame: 13.357800 milliseconds]
    [Time since reference or first frame: 576.630700 milliseconds]
    Frame Number: 90
    Frame Length: 1242 bytes (9936 bits)
    Capture Length: 1242 bytes (9936 bits)
    [Frame is marked: False]
    [Frame is ignored: False]
    [Protocols in frame: eth:ethertype:ip:udp:quic]
    Character encoding: ASCII (0)
Ethernet II, Src: HewlettPacka_3a:cc:1d (28:92:4a:3a:cc:1d), Dst: 96:77:0b:05:d4:0b (96:77:0b:05:d4:0b)
    Destination: 96:77:0b:05:d4:0b (96:77:0b:05:d4:0b)
        .... ..1. .... .... .... .... = LG bit: Locally administered address (this is NOT the factory default)
        .... ...0 .... .... .... .... = IG bit: Individual address (unicast)
    Source: HewlettPacka_3a:cc:1d (28:92:4a:3a:cc:1d)
        .... ..0. .... .... .... .... = LG bit: Globally unique address (factory default)
        .... ...0 .... .... .... .... = IG bit: Individual address (unicast)
    Type: IPv4 (0x0800)
    [Stream index: 0]
Internet Protocol Version 4, Src: 104.16.123.96, Dst: 172.16.90.227
    0100 .... = Version: 4
    .... 0101 = Header Length: 20 bytes (5)
    Differentiated Services Field: 0x88 (DSCP: AF41, ECN: Not-ECT)
        1000 10.. = Differentiated Services Codepoint: Assured Forwarding 41 (34)
        .... ..00 = Explicit Congestion Notification: Not ECN-Capable Transport (0)
    Total Length: 1228
    Identification: 0x0000 (0)
    010. .... = Flags: 0x2, Don't fragment
        0... .... = Reserved bit: Not set
        .1.. .... = Don't fragment: Set
        ..0. .... = More fragments: Not set
    ...0 0000 0000 0000 = Fragment Offset: 0
    Time to Live: 57
    Protocol: UDP (17)
    Header Checksum: 0x5235 [validation disabled]
    [Header checksum status: Unverified]
    Source Address: 104.16.123.96
    Destination Address: 172.16.90.227
    [Stream index: 2]
User Datagram Protocol, Src Port: 443, Dst Port: 50490
    Source Port: 443
    Destination Port: 50490
    Length: 1208
    Checksum: 0x6637 [unverified]
    [Checksum Status: Unverified]
    [Stream index: 2]
    [Stream Packet Number: 23]
    [Timestamps]
        [Time since first frame: 62.575800 milliseconds]
        [Time since previous frame: 28.246600 milliseconds]
    UDP payload (1200 bytes)
QUIC IETF
    QUIC Connection information
        [Connection Number: 1]
    [Packet Length: 1200]
    QUIC Short Header DCID=95a10c
        0... .... = Header Form: Short Header (0)
        .1.. .... = Fixed Bit: True
        ..0. .... = Spin Bit: False
        Destination Connection ID: 95a10c
    Remaining Payload […]: 5f49975603073dd3f01243a162e2c48fdb5a6c4b73875abeb12b90b108ca341a4daf3600e292c2ff22221da73df2f83fb7cf4aea207f41ced76a92cdd971cad5b9181b0bc7b2095241bd373dedbea67edc8d5504010260c54cea579c2e1c977c1e5ecc070118580ff1ebe6

Frame 91: Packet, 85 bytes on wire (680 bits), 85 bytes captured (680 bits) on interface \Device\NPF_{9B9257DC-FAC1-4993-B12F-136D7BA5E874}, id 0
    Section number: 1
    Interface id: 0 (\Device\NPF_{9B9257DC-FAC1-4993-B12F-136D7BA5E874})
        Interface name: \Device\NPF_{9B9257DC-FAC1-4993-B12F-136D7BA5E874}
        Interface description: Wi-Fi
    Encapsulation type: Ethernet (1)
    Arrival Time: Apr  9, 2026 18:28:53.998783500 India Standard Time
    UTC Arrival Time: Apr  9, 2026 12:58:53.998783500 UTC
    Epoch Arrival Time: 1775739533.998783500
    [Time shift for this packet: 0.000000000 seconds]
    [Time delta from previous captured frame: 294.400 microseconds]
    [Time delta from previous displayed frame: 294.400 microseconds]
    [Time since reference or first frame: 576.925100 milliseconds]
    Frame Number: 91
    Frame Length: 85 bytes (680 bits)
    Capture Length: 85 bytes (680 bits)
    [Frame is marked: False]
    [Frame is ignored: False]
    [Protocols in frame: eth:ethertype:ip:udp:quic]
    Character encoding: ASCII (0)
Ethernet II, Src: 96:77:0b:05:d4:0b (96:77:0b:05:d4:0b), Dst: HewlettPacka_3a:cc:1d (28:92:4a:3a:cc:1d)
    Destination: HewlettPacka_3a:cc:1d (28:92:4a:3a:cc:1d)
        .... ..0. .... .... .... .... = LG bit: Globally unique address (factory default)
        .... ...0 .... .... .... .... = IG bit: Individual address (unicast)
    Source: 96:77:0b:05:d4:0b (96:77:0b:05:d4:0b)
        .... ..1. .... .... .... .... = LG bit: Locally administered address (this is NOT the factory default)
        .... ...0 .... .... .... .... = IG bit: Individual address (unicast)
    Type: IPv4 (0x0800)
    [Stream index: 0]
Internet Protocol Version 4, Src: 172.16.90.227, Dst: 104.16.123.96
    0100 .... = Version: 4
    .... 0101 = Header Length: 20 bytes (5)
    Differentiated Services Field: 0x02 (DSCP: CS0, ECN: ECT(0))
        0000 00.. = Differentiated Services Codepoint: Default (0)
        .... ..10 = Explicit Congestion Notification: ECN-Capable Transport codepoint '10' (2)
    Total Length: 71
    Identification: 0xb432 (46130)
    010. .... = Flags: 0x2, Don't fragment
        0... .... = Reserved bit: Not set
        .1.. .... = Don't fragment: Set
        ..0. .... = More fragments: Not set
    ...0 0000 0000 0000 = Fragment Offset: 0
    Time to Live: 128
    Protocol: UDP (17)
    Header Checksum: 0x0000 [validation disabled]
    [Header checksum status: Unverified]
    Source Address: 172.16.90.227
    Destination Address: 104.16.123.96
    [Stream index: 2]
User Datagram Protocol, Src Port: 50490, Dst Port: 443
    Source Port: 50490
    Destination Port: 443
    Length: 51
    Checksum: 0xeaa8 [unverified]
    [Checksum Status: Unverified]
    [Stream index: 2]
    [Stream Packet Number: 24]
    [Timestamps]
        [Time since first frame: 62.870200 milliseconds]
        [Time since previous frame: 294.400 microseconds]
    UDP payload (43 bytes)
QUIC IETF
    QUIC Connection information
        [Connection Number: 1]
    [Packet Length: 43]
    QUIC Short Header DCID=01bcae2b54a62e8966be502b5ea6320b35bc87d8
        0... .... = Header Form: Short Header (0)
        .1.. .... = Fixed Bit: True
        ..0. .... = Spin Bit: False
        Destination Connection ID: 01bcae2b54a62e8966be502b5ea6320b35bc87d8
    Remaining Payload: 810140ef90f68de319234177aa52452e77473aabbebc

Frame 92: Packet, 803 bytes on wire (6424 bits), 803 bytes captured (6424 bits) on interface \Device\NPF_{9B9257DC-FAC1-4993-B12F-136D7BA5E874}, id 0
    Section number: 1
    Interface id: 0 (\Device\NPF_{9B9257DC-FAC1-4993-B12F-136D7BA5E874})
        Interface name: \Device\NPF_{9B9257DC-FAC1-4993-B12F-136D7BA5E874}
        Interface description: Wi-Fi
    Encapsulation type: Ethernet (1)
    Arrival Time: Apr  9, 2026 18:28:53.998813000 India Standard Time
    UTC Arrival Time: Apr  9, 2026 12:58:53.998813000 UTC
    Epoch Arrival Time: 1775739533.998813000
    [Time shift for this packet: 0.000000000 seconds]
    [Time delta from previous captured frame: 29.500 microseconds]
    [Time delta from previous displayed frame: 29.500 microseconds]
    [Time since reference or first frame: 576.954600 milliseconds]
    Frame Number: 92
    Frame Length: 803 bytes (6424 bits)
    Capture Length: 803 bytes (6424 bits)
    [Frame is marked: False]
    [Frame is ignored: False]
    [Protocols in frame: eth:ethertype:ip:udp:quic]
    Character encoding: ASCII (0)
Ethernet II, Src: HewlettPacka_3a:cc:1d (28:92:4a:3a:cc:1d), Dst: 96:77:0b:05:d4:0b (96:77:0b:05:d4:0b)
    Destination: 96:77:0b:05:d4:0b (96:77:0b:05:d4:0b)
        .... ..1. .... .... .... .... = LG bit: Locally administered address (this is NOT the factory default)
        .... ...0 .... .... .... .... = IG bit: Individual address (unicast)
    Source: HewlettPacka_3a:cc:1d (28:92:4a:3a:cc:1d)
        .... ..0. .... .... .... .... = LG bit: Globally unique address (factory default)
        .... ...0 .... .... .... .... = IG bit: Individual address (unicast)
    Type: IPv4 (0x0800)
    [Stream index: 0]
Internet Protocol Version 4, Src: 104.16.123.96, Dst: 172.16.90.227
    0100 .... = Version: 4
    .... 0101 = Header Length: 20 bytes (5)
    Differentiated Services Field: 0x88 (DSCP: AF41, ECN: Not-ECT)
        1000 10.. = Differentiated Services Codepoint: Assured Forwarding 41 (34)
        .... ..00 = Explicit Congestion Notification: Not ECN-Capable Transport (0)
    Total Length: 789
    Identification: 0x0001 (1)
    010. .... = Flags: 0x2, Don't fragment
        0... .... = Reserved bit: Not set
        .1.. .... = Don't fragment: Set
        ..0. .... = More fragments: Not set
    ...0 0000 0000 0000 = Fragment Offset: 0
    Time to Live: 57
    Protocol: UDP (17)
    Header Checksum: 0x53eb [validation disabled]
    [Header checksum status: Unverified]
    Source Address: 104.16.123.96
    Destination Address: 172.16.90.227
    [Stream index: 2]
User Datagram Protocol, Src Port: 443, Dst Port: 50490
    Source Port: 443
    Destination Port: 50490
    Length: 769
    Checksum: 0x6701 [unverified]
    [Checksum Status: Unverified]
    [Stream index: 2]
    [Stream Packet Number: 25]
    [Timestamps]
        [Time since first frame: 62.899700 milliseconds]
        [Time since previous frame: 29.500 microseconds]
    UDP payload (761 bytes)
QUIC IETF
    QUIC Connection information
        [Connection Number: 1]
    [Packet Length: 761]
    QUIC Short Header DCID=95a10c
        0... .... = Header Form: Short Header (0)
        .1.. .... = Fixed Bit: True
        ..0. .... = Spin Bit: False
        Destination Connection ID: 95a10c
    Remaining Payload […]: 2b77351a92d98b6a103fc67e90fb2746fc655945656332af22a3bf08c852b7936db8b0c434400ea6238e61fb53033f27d7709d2dad3a19423afb1f4e826d083ebdb5af7c278b68745a5eff55d0369d17d3edffd184e1200ab6ab04bd1a8efc0c032ea9660886708d6dc682

Frame 93: Packet, 86 bytes on wire (688 bits), 86 bytes captured (688 bits) on interface \Device\NPF_{9B9257DC-FAC1-4993-B12F-136D7BA5E874}, id 0
    Section number: 1
    Interface id: 0 (\Device\NPF_{9B9257DC-FAC1-4993-B12F-136D7BA5E874})
        Interface name: \Device\NPF_{9B9257DC-FAC1-4993-B12F-136D7BA5E874}
        Interface description: Wi-Fi
    Encapsulation type: Ethernet (1)
    Arrival Time: Apr  9, 2026 18:28:54.019864300 India Standard Time
    UTC Arrival Time: Apr  9, 2026 12:58:54.019864300 UTC
    Epoch Arrival Time: 1775739534.019864300
    [Time shift for this packet: 0.000000000 seconds]
    [Time delta from previous captured frame: 21.051300 milliseconds]
    [Time delta from previous displayed frame: 21.051300 milliseconds]
    [Time since reference or first frame: 598.005900 milliseconds]
    Frame Number: 93
    Frame Length: 86 bytes (688 bits)
    Capture Length: 86 bytes (688 bits)
    [Frame is marked: False]
    [Frame is ignored: False]
    [Protocols in frame: eth:ethertype:ip:udp:quic]
    Character encoding: ASCII (0)
Ethernet II, Src: 96:77:0b:05:d4:0b (96:77:0b:05:d4:0b), Dst: HewlettPacka_3a:cc:1d (28:92:4a:3a:cc:1d)
    Destination: HewlettPacka_3a:cc:1d (28:92:4a:3a:cc:1d)
        .... ..0. .... .... .... .... = LG bit: Globally unique address (factory default)
        .... ...0 .... .... .... .... = IG bit: Individual address (unicast)
    Source: 96:77:0b:05:d4:0b (96:77:0b:05:d4:0b)
        .... ..1. .... .... .... .... = LG bit: Locally administered address (this is NOT the factory default)
        .... ...0 .... .... .... .... = IG bit: Individual address (unicast)
    Type: IPv4 (0x0800)
    [Stream index: 0]
Internet Protocol Version 4, Src: 172.16.90.227, Dst: 104.16.123.96
    0100 .... = Version: 4
    .... 0101 = Header Length: 20 bytes (5)
    Differentiated Services Field: 0x02 (DSCP: CS0, ECN: ECT(0))
        0000 00.. = Differentiated Services Codepoint: Default (0)
        .... ..10 = Explicit Congestion Notification: ECN-Capable Transport codepoint '10' (2)
    Total Length: 72
    Identification: 0xb433 (46131)
    010. .... = Flags: 0x2, Don't fragment
        0... .... = Reserved bit: Not set
        .1.. .... = Don't fragment: Set
        ..0. .... = More fragments: Not set
    ...0 0000 0000 0000 = Fragment Offset: 0
    Time to Live: 128
    Protocol: UDP (17)
    Header Checksum: 0x0000 [validation disabled]
    [Header checksum status: Unverified]
    Source Address: 172.16.90.227
    Destination Address: 104.16.123.96
    [Stream index: 2]
User Datagram Protocol, Src Port: 50490, Dst Port: 443
    Source Port: 50490
    Destination Port: 443
    Length: 52
    Checksum: 0xeaa9 [unverified]
    [Checksum Status: Unverified]
    [Stream index: 2]
    [Stream Packet Number: 26]
    [Timestamps]
        [Time since first frame: 83.951000 milliseconds]
        [Time since previous frame: 21.051300 milliseconds]
    UDP payload (44 bytes)
QUIC IETF
    QUIC Connection information
        [Connection Number: 1]
    [Packet Length: 44]
    QUIC Short Header DCID=01bcae2b54a62e8966be502b5ea6320b35bc87d8
        0... .... = Header Form: Short Header (0)
        .1.. .... = Fixed Bit: True
        ..1. .... = Spin Bit: True
        Destination Connection ID: 01bcae2b54a62e8966be502b5ea6320b35bc87d8
    Remaining Payload: 4e12c303e94d3b4e2fb478678f8e0d2895d1c96d0874a1

Frame 94: Packet, 1242 bytes on wire (9936 bits), 1242 bytes captured (9936 bits) on interface \Device\NPF_{9B9257DC-FAC1-4993-B12F-136D7BA5E874}, id 0
    Section number: 1
    Interface id: 0 (\Device\NPF_{9B9257DC-FAC1-4993-B12F-136D7BA5E874})
        Interface name: \Device\NPF_{9B9257DC-FAC1-4993-B12F-136D7BA5E874}
        Interface description: Wi-Fi
    Encapsulation type: Ethernet (1)
    Arrival Time: Apr  9, 2026 18:28:54.070189600 India Standard Time
    UTC Arrival Time: Apr  9, 2026 12:58:54.070189600 UTC
    Epoch Arrival Time: 1775739534.070189600
    [Time shift for this packet: 0.000000000 seconds]
    [Time delta from previous captured frame: 50.325300 milliseconds]
    [Time delta from previous displayed frame: 50.325300 milliseconds]
    [Time since reference or first frame: 648.331200 milliseconds]
    Frame Number: 94
    Frame Length: 1242 bytes (9936 bits)
    Capture Length: 1242 bytes (9936 bits)
    [Frame is marked: False]
    [Frame is ignored: False]
    [Protocols in frame: eth:ethertype:ip:udp:quic]
    Character encoding: ASCII (0)
Ethernet II, Src: HewlettPacka_3a:cc:1d (28:92:4a:3a:cc:1d), Dst: 96:77:0b:05:d4:0b (96:77:0b:05:d4:0b)
    Destination: 96:77:0b:05:d4:0b (96:77:0b:05:d4:0b)
        .... ..1. .... .... .... .... = LG bit: Locally administered address (this is NOT the factory default)
        .... ...0 .... .... .... .... = IG bit: Individual address (unicast)
    Source: HewlettPacka_3a:cc:1d (28:92:4a:3a:cc:1d)
        .... ..0. .... .... .... .... = LG bit: Globally unique address (factory default)
        .... ...0 .... .... .... .... = IG bit: Individual address (unicast)
    Type: IPv4 (0x0800)
    [Stream index: 0]
Internet Protocol Version 4, Src: 104.16.123.96, Dst: 172.16.90.227
    0100 .... = Version: 4
    .... 0101 = Header Length: 20 bytes (5)
    Differentiated Services Field: 0x88 (DSCP: AF41, ECN: Not-ECT)
        1000 10.. = Differentiated Services Codepoint: Assured Forwarding 41 (34)
        .... ..00 = Explicit Congestion Notification: Not ECN-Capable Transport (0)
    Total Length: 1228
    Identification: 0x0000 (0)
    010. .... = Flags: 0x2, Don't fragment
        0... .... = Reserved bit: Not set
        .1.. .... = Don't fragment: Set
        ..0. .... = More fragments: Not set
    ...0 0000 0000 0000 = Fragment Offset: 0
    Time to Live: 57
    Protocol: UDP (17)
    Header Checksum: 0x5235 [validation disabled]
    [Header checksum status: Unverified]
    Source Address: 104.16.123.96
    Destination Address: 172.16.90.227
    [Stream index: 2]
User Datagram Protocol, Src Port: 443, Dst Port: 50490
    Source Port: 443
    Destination Port: 50490
    Length: 1208
    Checksum: 0x09ec [unverified]
    [Checksum Status: Unverified]
    [Stream index: 2]
    [Stream Packet Number: 27]
    [Timestamps]
        [Time since first frame: 134.276300 milliseconds]
        [Time since previous frame: 50.325300 milliseconds]
    UDP payload (1200 bytes)
QUIC IETF
    QUIC Connection information
        [Connection Number: 1]
    [Packet Length: 1200]
    QUIC Short Header DCID=95a10c
        0... .... = Header Form: Short Header (0)
        .1.. .... = Fixed Bit: True
        ..0. .... = Spin Bit: False
        Destination Connection ID: 95a10c
    Remaining Payload […]: 29293f1053e7a057d3921673f645d91f3bb3880fe924f0b7598add7d3a207cdfed9f14dfd1599c78ab763393e31c9a3677c496650d828c88c181128603ddde38cf7de616b051857dc18ec29e1daa6e009360673aaf30206ce5cdef636ce6b1b22d23b1796cb049500c11f3

Frame 95: Packet, 777 bytes on wire (6216 bits), 777 bytes captured (6216 bits) on interface \Device\NPF_{9B9257DC-FAC1-4993-B12F-136D7BA5E874}, id 0
    Section number: 1
    Interface id: 0 (\Device\NPF_{9B9257DC-FAC1-4993-B12F-136D7BA5E874})
        Interface name: \Device\NPF_{9B9257DC-FAC1-4993-B12F-136D7BA5E874}
        Interface description: Wi-Fi
    Encapsulation type: Ethernet (1)
    Arrival Time: Apr  9, 2026 18:28:54.070189600 India Standard Time
    UTC Arrival Time: Apr  9, 2026 12:58:54.070189600 UTC
    Epoch Arrival Time: 1775739534.070189600
    [Time shift for this packet: 0.000000000 seconds]
    [Time delta from previous captured frame: 0.000000000 seconds]
    [Time delta from previous displayed frame: 0.000000000 seconds]
    [Time since reference or first frame: 648.331200 milliseconds]
    Frame Number: 95
    Frame Length: 777 bytes (6216 bits)
    Capture Length: 777 bytes (6216 bits)
    [Frame is marked: False]
    [Frame is ignored: False]
    [Protocols in frame: eth:ethertype:ip:udp:quic]
    Character encoding: ASCII (0)
Ethernet II, Src: HewlettPacka_3a:cc:1d (28:92:4a:3a:cc:1d), Dst: 96:77:0b:05:d4:0b (96:77:0b:05:d4:0b)
    Destination: 96:77:0b:05:d4:0b (96:77:0b:05:d4:0b)
        .... ..1. .... .... .... .... = LG bit: Locally administered address (this is NOT the factory default)
        .... ...0 .... .... .... .... = IG bit: Individual address (unicast)
    Source: HewlettPacka_3a:cc:1d (28:92:4a:3a:cc:1d)
        .... ..0. .... .... .... .... = LG bit: Globally unique address (factory default)
        .... ...0 .... .... .... .... = IG bit: Individual address (unicast)
    Type: IPv4 (0x0800)
    [Stream index: 0]
Internet Protocol Version 4, Src: 104.16.123.96, Dst: 172.16.90.227
    0100 .... = Version: 4
    .... 0101 = Header Length: 20 bytes (5)
    Differentiated Services Field: 0x88 (DSCP: AF41, ECN: Not-ECT)
        1000 10.. = Differentiated Services Codepoint: Assured Forwarding 41 (34)
        .... ..00 = Explicit Congestion Notification: Not ECN-Capable Transport (0)
    Total Length: 763
    Identification: 0x0001 (1)
    010. .... = Flags: 0x2, Don't fragment
        0... .... = Reserved bit: Not set
        .1.. .... = Don't fragment: Set
        ..0. .... = More fragments: Not set
    ...0 0000 0000 0000 = Fragment Offset: 0
    Time to Live: 57
    Protocol: UDP (17)
    Header Checksum: 0x5405 [validation disabled]
    [Header checksum status: Unverified]
    Source Address: 104.16.123.96
    Destination Address: 172.16.90.227
    [Stream index: 2]
User Datagram Protocol, Src Port: 443, Dst Port: 50490
    Source Port: 443
    Destination Port: 50490
    Length: 743
    Checksum: 0xbbb2 [unverified]
    [Checksum Status: Unverified]
    [Stream index: 2]
    [Stream Packet Number: 28]
    [Timestamps]
        [Time since first frame: 134.276300 milliseconds]
        [Time since previous frame: 0.000000000 seconds]
    UDP payload (735 bytes)
QUIC IETF
    QUIC Connection information
        [Connection Number: 1]
    [Packet Length: 735]
    QUIC Short Header DCID=95a10c
        0... .... = Header Form: Short Header (0)
        .1.. .... = Fixed Bit: True
        ..0. .... = Spin Bit: False
        Destination Connection ID: 95a10c
    Remaining Payload […]: 0b1331b8664cfffaeb4d7287f068184b0d1a50630de9f64546394494eb21f3af403fac35bd404b7ec8b2b16b79ea652302a1ec09efa57c6b28a1a543e1c6f3d8468e928dab7b51f6becfce0bedd8954a9602ede5f906160f2a35834434d72bc6efc8da63e4a55ef0bc5cfe

Frame 96: Packet, 85 bytes on wire (680 bits), 85 bytes captured (680 bits) on interface \Device\NPF_{9B9257DC-FAC1-4993-B12F-136D7BA5E874}, id 0
    Section number: 1
    Interface id: 0 (\Device\NPF_{9B9257DC-FAC1-4993-B12F-136D7BA5E874})
        Interface name: \Device\NPF_{9B9257DC-FAC1-4993-B12F-136D7BA5E874}
        Interface description: Wi-Fi
    Encapsulation type: Ethernet (1)
    Arrival Time: Apr  9, 2026 18:28:54.070503600 India Standard Time
    UTC Arrival Time: Apr  9, 2026 12:58:54.070503600 UTC
    Epoch Arrival Time: 1775739534.070503600
    [Time shift for this packet: 0.000000000 seconds]
    [Time delta from previous captured frame: 314.000 microseconds]
    [Time delta from previous displayed frame: 314.000 microseconds]
    [Time since reference or first frame: 648.645200 milliseconds]
    Frame Number: 96
    Frame Length: 85 bytes (680 bits)
    Capture Length: 85 bytes (680 bits)
    [Frame is marked: False]
    [Frame is ignored: False]
    [Protocols in frame: eth:ethertype:ip:udp:quic]
    Character encoding: ASCII (0)
Ethernet II, Src: 96:77:0b:05:d4:0b (96:77:0b:05:d4:0b), Dst: HewlettPacka_3a:cc:1d (28:92:4a:3a:cc:1d)
    Destination: HewlettPacka_3a:cc:1d (28:92:4a:3a:cc:1d)
        .... ..0. .... .... .... .... = LG bit: Globally unique address (factory default)
        .... ...0 .... .... .... .... = IG bit: Individual address (unicast)
    Source: 96:77:0b:05:d4:0b (96:77:0b:05:d4:0b)
        .... ..1. .... .... .... .... = LG bit: Locally administered address (this is NOT the factory default)
        .... ...0 .... .... .... .... = IG bit: Individual address (unicast)
    Type: IPv4 (0x0800)
    [Stream index: 0]
Internet Protocol Version 4, Src: 172.16.90.227, Dst: 104.16.123.96
    0100 .... = Version: 4
    .... 0101 = Header Length: 20 bytes (5)
    Differentiated Services Field: 0x02 (DSCP: CS0, ECN: ECT(0))
        0000 00.. = Differentiated Services Codepoint: Default (0)
        .... ..10 = Explicit Congestion Notification: ECN-Capable Transport codepoint '10' (2)
    Total Length: 71
    Identification: 0xb434 (46132)
    010. .... = Flags: 0x2, Don't fragment
        0... .... = Reserved bit: Not set
        .1.. .... = Don't fragment: Set
        ..0. .... = More fragments: Not set
    ...0 0000 0000 0000 = Fragment Offset: 0
    Time to Live: 128
    Protocol: UDP (17)
    Header Checksum: 0x0000 [validation disabled]
    [Header checksum status: Unverified]
    Source Address: 172.16.90.227
    Destination Address: 104.16.123.96
    [Stream index: 2]
User Datagram Protocol, Src Port: 50490, Dst Port: 443
    Source Port: 50490
    Destination Port: 443
    Length: 51
    Checksum: 0xeaa8 [unverified]
    [Checksum Status: Unverified]
    [Stream index: 2]
    [Stream Packet Number: 29]
    [Timestamps]
        [Time since first frame: 134.590300 milliseconds]
        [Time since previous frame: 314.000 microseconds]
    UDP payload (43 bytes)
QUIC IETF
    QUIC Connection information
        [Connection Number: 1]
    [Packet Length: 43]
    QUIC Short Header DCID=01bcae2b54a62e8966be502b5ea6320b35bc87d8
        0... .... = Header Form: Short Header (0)
        .1.. .... = Fixed Bit: True
        ..0. .... = Spin Bit: False
        Destination Connection ID: 01bcae2b54a62e8966be502b5ea6320b35bc87d8
    Remaining Payload: a4d8d362cc1500259e7b5b154bb8babfb7e2d17f75c3

Frame 97: Packet, 1294 bytes on wire (10352 bits), 1294 bytes captured (10352 bits) on interface \Device\NPF_{9B9257DC-FAC1-4993-B12F-136D7BA5E874}, id 0
    Section number: 1
    Interface id: 0 (\Device\NPF_{9B9257DC-FAC1-4993-B12F-136D7BA5E874})
        Interface name: \Device\NPF_{9B9257DC-FAC1-4993-B12F-136D7BA5E874}
        Interface description: Wi-Fi
    Encapsulation type: Ethernet (1)
    Arrival Time: Apr  9, 2026 18:28:54.479548200 India Standard Time
    UTC Arrival Time: Apr  9, 2026 12:58:54.479548200 UTC
    Epoch Arrival Time: 1775739534.479548200
    [Time shift for this packet: 0.000000000 seconds]
    [Time delta from previous captured frame: 409.044600 milliseconds]
    [Time delta from previous displayed frame: 409.044600 milliseconds]
    [Time since reference or first frame: 1.057689800 seconds]
    Frame Number: 97
    Frame Length: 1294 bytes (10352 bits)
    Capture Length: 1294 bytes (10352 bits)
    [Frame is marked: False]
    [Frame is ignored: False]
    [Protocols in frame: eth:ethertype:ip:udp:quic]
    Character encoding: ASCII (0)
Ethernet II, Src: 96:77:0b:05:d4:0b (96:77:0b:05:d4:0b), Dst: HewlettPacka_3a:cc:1d (28:92:4a:3a:cc:1d)
    Destination: HewlettPacka_3a:cc:1d (28:92:4a:3a:cc:1d)
        .... ..0. .... .... .... .... = LG bit: Globally unique address (factory default)
        .... ...0 .... .... .... .... = IG bit: Individual address (unicast)
    Source: 96:77:0b:05:d4:0b (96:77:0b:05:d4:0b)
        .... ..1. .... .... .... .... = LG bit: Locally administered address (this is NOT the factory default)
        .... ...0 .... .... .... .... = IG bit: Individual address (unicast)
    Type: IPv4 (0x0800)
    [Stream index: 0]
Internet Protocol Version 4, Src: 172.16.90.227, Dst: 34.107.243.93
    0100 .... = Version: 4
    .... 0101 = Header Length: 20 bytes (5)
    Differentiated Services Field: 0x00 (DSCP: CS0, ECN: Not-ECT)
        0000 00.. = Differentiated Services Codepoint: Default (0)
        .... ..00 = Explicit Congestion Notification: Not ECN-Capable Transport (0)
    Total Length: 1280
    Identification: 0xc710 (50960)
    010. .... = Flags: 0x2, Don't fragment
        0... .... = Reserved bit: Not set
        .1.. .... = Don't fragment: Set
        ..0. .... = More fragments: Not set
    ...0 0000 0000 0000 = Fragment Offset: 0
    Time to Live: 128
    Protocol: UDP (17)
    Header Checksum: 0x0000 [validation disabled]
    [Header checksum status: Unverified]
    Source Address: 172.16.90.227
    Destination Address: 34.107.243.93
    [Stream index: 4]
User Datagram Protocol, Src Port: 50492, Dst Port: 443
    Source Port: 50492
    Destination Port: 443
    Length: 1260
    Checksum: 0x21ba [unverified]
    [Checksum Status: Unverified]
    [Stream index: 4]
    [Stream Packet Number: 1]
    [Timestamps]
        [Time since first frame: 0.000000000 seconds]
        [Time since previous frame: 0.000000000 seconds]
    UDP payload (1252 bytes)
QUIC IETF
    QUIC Connection information
        [Connection Number: 3]
    [Packet Length: 997]
    1... .... = Header Form: Long Header (1)
    .1.. .... = Fixed Bit: True
    ..00 .... = Packet Type: Initial (0)
    [.... 00.. = Reserved: 0]
    [.... ..00 = Packet Number Length: 1 bytes (0)]
    Version: 1 (0x00000001)
    Destination Connection ID Length: 8
    Destination Connection ID: de66db09d90af891
    Source Connection ID Length: 3
    Source Connection ID: 517623
    Token Length: 0
    Length: 976
    [Packet Number: 11]
    Payload […]: a1bacdb6ae1f9a02ac57b1a8d17df47caeaa8a5d45b3c1c53d4ebf29d8eb29755a773742553c300e19b0b2ec59e91f9562f2ded6c727d162d54b344035b4c66edda7f6147b7dd0ba762e069751ee1414ef788e635ece4d651ed7909e0da9ec28c3e147e70a9784ff8a71115770caab4e
    CRYPTO
        Frame Type: CRYPTO (0x0000000000000006)
        Offset: 1509
        Length: 391
        Crypto Data
    CRYPTO
        Frame Type: CRYPTO (0x0000000000000006)
        Offset: 0
        Length: 559
        Crypto Data
QUIC IETF
    [Expert Info (Note/Protocol): (Random) padding data appended to the datagram]
        [(Random) padding data appended to the datagram]
        [Severity level: Note]
        [Group: Protocol]

Frame 98: Packet, 1294 bytes on wire (10352 bits), 1294 bytes captured (10352 bits) on interface \Device\NPF_{9B9257DC-FAC1-4993-B12F-136D7BA5E874}, id 0
    Section number: 1
    Interface id: 0 (\Device\NPF_{9B9257DC-FAC1-4993-B12F-136D7BA5E874})
        Interface name: \Device\NPF_{9B9257DC-FAC1-4993-B12F-136D7BA5E874}
        Interface description: Wi-Fi
    Encapsulation type: Ethernet (1)
    Arrival Time: Apr  9, 2026 18:28:54.479630000 India Standard Time
    UTC Arrival Time: Apr  9, 2026 12:58:54.479630000 UTC
    Epoch Arrival Time: 1775739534.479630000
    [Time shift for this packet: 0.000000000 seconds]
    [Time delta from previous captured frame: 81.800 microseconds]
    [Time delta from previous displayed frame: 81.800 microseconds]
    [Time since reference or first frame: 1.057771600 seconds]
    Frame Number: 98
    Frame Length: 1294 bytes (10352 bits)
    Capture Length: 1294 bytes (10352 bits)
    [Frame is marked: False]
    [Frame is ignored: False]
    [Protocols in frame: eth:ethertype:ip:udp:quic:tls]
    Character encoding: ASCII (0)
Ethernet II, Src: 96:77:0b:05:d4:0b (96:77:0b:05:d4:0b), Dst: HewlettPacka_3a:cc:1d (28:92:4a:3a:cc:1d)
    Destination: HewlettPacka_3a:cc:1d (28:92:4a:3a:cc:1d)
        .... ..0. .... .... .... .... = LG bit: Globally unique address (factory default)
        .... ...0 .... .... .... .... = IG bit: Individual address (unicast)
    Source: 96:77:0b:05:d4:0b (96:77:0b:05:d4:0b)
        .... ..1. .... .... .... .... = LG bit: Locally administered address (this is NOT the factory default)
        .... ...0 .... .... .... .... = IG bit: Individual address (unicast)
    Type: IPv4 (0x0800)
    [Stream index: 0]
Internet Protocol Version 4, Src: 172.16.90.227, Dst: 34.107.243.93
    0100 .... = Version: 4
    .... 0101 = Header Length: 20 bytes (5)
    Differentiated Services Field: 0x00 (DSCP: CS0, ECN: Not-ECT)
        0000 00.. = Differentiated Services Codepoint: Default (0)
        .... ..00 = Explicit Congestion Notification: Not ECN-Capable Transport (0)
    Total Length: 1280
    Identification: 0xc711 (50961)
    010. .... = Flags: 0x2, Don't fragment
        0... .... = Reserved bit: Not set
        .1.. .... = Don't fragment: Set
        ..0. .... = More fragments: Not set
    ...0 0000 0000 0000 = Fragment Offset: 0
    Time to Live: 128
    Protocol: UDP (17)
    Header Checksum: 0x0000 [validation disabled]
    [Header checksum status: Unverified]
    Source Address: 172.16.90.227
    Destination Address: 34.107.243.93
    [Stream index: 4]
User Datagram Protocol, Src Port: 50492, Dst Port: 443
    Source Port: 50492
    Destination Port: 443
    Length: 1260
    Checksum: 0x21ba [unverified]
    [Checksum Status: Unverified]
    [Stream index: 4]
    [Stream Packet Number: 2]
    [Timestamps]
        [Time since first frame: 81.800 microseconds]
        [Time since previous frame: 81.800 microseconds]
    UDP payload (1252 bytes)
QUIC IETF
    QUIC Connection information
        [Connection Number: 3]
    [Packet Length: 993]
    1... .... = Header Form: Long Header (1)
    .1.. .... = Fixed Bit: True
    ..00 .... = Packet Type: Initial (0)
    [.... 00.. = Reserved: 0]
    [.... ..00 = Packet Number Length: 1 bytes (0)]
    Version: 1 (0x00000001)
    Destination Connection ID Length: 8
    Destination Connection ID: de66db09d90af891
    Source Connection ID Length: 3
    Source Connection ID: 517623
    Token Length: 0
    Length: 972
    [Packet Number: 12]
    Payload […]: 081a41f5c5c8be6f21cf99300a4831b6c6fb773e12ac34dd06276d2270f7f565609c46cfabe62bbe99db1a787ebd146628656a90aae7aa4f6e47512ccfca371ea236f6a581d9fca8bbc7698157fbbd79cbdb2d0612c69626bba5abcd0a47f99bf9cc5139e0a3933748606516fa547479
    CRYPTO
        Frame Type: CRYPTO (0x0000000000000006)
        Offset: 559
        Length: 950
        Crypto Data
        [3 Reassembled QUIC CRYPTO Data Fragments (1900 bytes): #97(559), #98(950), #97(391)]
            [Frame: 97, payload: 0-558 (559 bytes)]
            [Frame: 98, payload: 559-1508 (950 bytes)]
            [Frame: 97, payload: 1509-1899 (391 bytes)]
            [Fragment count: 3]
        TLSv1.3 Record Layer: Handshake Protocol: Client Hello
            Handshake Protocol: Client Hello
                Handshake Type: Client Hello (1)
                Length: 1896
                Version: TLS 1.2 (0x0303)
                    [Expert Info (Chat/Deprecated): This legacy_version field MUST be ignored. The supported_versions extension is present and MUST be used instead.]
                        [This legacy_version field MUST be ignored. The supported_versions extension is present and MUST be used instead.]
                        [Severity level: Chat]
                        [Group: Deprecated]
                Random: cabbab5bcc4d64f1a5eaa6beabb1737d42a9cca0f936e3fca4fb08113a5e0b46
                Session ID Length: 0
                Cipher Suites Length: 6
                Cipher Suites (3 suites)
                    Cipher Suite: TLS_AES_128_GCM_SHA256 (0x1301)
                    Cipher Suite: TLS_CHACHA20_POLY1305_SHA256 (0x1303)
                    Cipher Suite: TLS_AES_256_GCM_SHA384 (0x1302)
                Compression Methods Length: 1
                Compression Methods (1 method)
                    Compression Method: null (0)
                Extensions Length: 1849
                Extension: delegated_credentials (len=10)
                    Type: delegated_credentials (34)
                    Length: 10
                    Signature Hash Algorithms Length: 8
                    Signature Hash Algorithms (4 algorithms)
                        Signature Algorithm: ecdsa_secp256r1_sha256 (0x0403)
                            Signature Hash Algorithm Hash: SHA256 (4)
                            Signature Hash Algorithm Signature: ECDSA (3)
                        Signature Algorithm: ecdsa_secp384r1_sha384 (0x0503)
                            Signature Hash Algorithm Hash: SHA384 (5)
                            Signature Hash Algorithm Signature: ECDSA (3)
                        Signature Algorithm: ecdsa_secp521r1_sha512 (0x0603)
                            Signature Hash Algorithm Hash: SHA512 (6)
                            Signature Hash Algorithm Signature: ECDSA (3)
                        Signature Algorithm: ecdsa_sha1 (0x0203)
                            Signature Hash Algorithm Hash: SHA1 (2)
                            Signature Hash Algorithm Signature: ECDSA (3)
                Extension: record_size_limit (len=2)
                    Type: record_size_limit (28)
                    Length: 2
                    Record Size Limit: 16385
                Extension: extended_master_secret (len=0)
                    Type: extended_master_secret (23)
                    Length: 0
                Extension: supported_groups (len=12)
                    Type: supported_groups (10)
                    Length: 12
                    Supported Groups List Length: 10
                    Supported Groups (5 groups)
                        Supported Group: X25519MLKEM768 (0x11ec)
                        Supported Group: x25519 (0x001d)
                        Supported Group: secp256r1 (0x0017)
                        Supported Group: secp384r1 (0x0018)
                        Supported Group: secp521r1 (0x0019)
                Extension: supported_versions (len=3) TLS 1.3
                    Type: supported_versions (43)
                    Length: 3
                    Supported Versions length: 2
                    Supported Version: TLS 1.3 (0x0304)
                Extension: compress_certificate (len=7)
                    Type: compress_certificate (27)
                    Length: 7
                    Algorithms Length: 6
                    Algorithm: zlib (1)
                    Algorithm: zstd (3)
                    Algorithm: brotli (2)
                Extension: signature_algorithms (len=24)
                    Type: signature_algorithms (13)
                    Length: 24
                    Signature Hash Algorithms Length: 22
                    Signature Hash Algorithms (11 algorithms)
                        Signature Algorithm: ecdsa_secp256r1_sha256 (0x0403)
                            Signature Hash Algorithm Hash: SHA256 (4)
                            Signature Hash Algorithm Signature: ECDSA (3)
                        Signature Algorithm: ecdsa_secp384r1_sha384 (0x0503)
                            Signature Hash Algorithm Hash: SHA384 (5)
                            Signature Hash Algorithm Signature: ECDSA (3)
                        Signature Algorithm: ecdsa_secp521r1_sha512 (0x0603)
                            Signature Hash Algorithm Hash: SHA512 (6)
                            Signature Hash Algorithm Signature: ECDSA (3)
                        Signature Algorithm: ecdsa_sha1 (0x0203)
                            Signature Hash Algorithm Hash: SHA1 (2)
                            Signature Hash Algorithm Signature: ECDSA (3)
                        Signature Algorithm: rsa_pss_rsae_sha256 (0x0804)
                            Signature Hash Algorithm Hash: Unknown (8)
                            Signature Hash Algorithm Signature: Unknown (4)
                        Signature Algorithm: rsa_pss_rsae_sha384 (0x0805)
                            Signature Hash Algorithm Hash: Unknown (8)
                            Signature Hash Algorithm Signature: Unknown (5)
                        Signature Algorithm: rsa_pss_rsae_sha512 (0x0806)
                            Signature Hash Algorithm Hash: Unknown (8)
                            Signature Hash Algorithm Signature: Unknown (6)
                        Signature Algorithm: rsa_pkcs1_sha256 (0x0401)
                            Signature Hash Algorithm Hash: SHA256 (4)
                            Signature Hash Algorithm Signature: RSA (1)
                        Signature Algorithm: rsa_pkcs1_sha384 (0x0501)
                            Signature Hash Algorithm Hash: SHA384 (5)
                            Signature Hash Algorithm Signature: RSA (1)
                        Signature Algorithm: rsa_pkcs1_sha512 (0x0601)
                            Signature Hash Algorithm Hash: SHA512 (6)
                            Signature Hash Algorithm Signature: RSA (1)
                        Signature Algorithm: rsa_pkcs1_sha1 (0x0201)
                            Signature Hash Algorithm Hash: SHA1 (2)
                            Signature Hash Algorithm Signature: RSA (1)
                Extension: renegotiation_info (len=1)
                    Type: renegotiation_info (65281)
                    Length: 1
                    Renegotiation Info extension
                        Renegotiation info extension length: 0
                Extension: psk_key_exchange_modes (len=2)
                    Type: psk_key_exchange_modes (45)
                    Length: 2
                    PSK Key Exchange Modes Length: 1
                    PSK Key Exchange Mode: PSK with (EC)DHE key establishment (psk_dhe_ke) (1)
                Extension: key_share (len=1327) X25519MLKEM768, x25519, secp256r1
                    Type: key_share (51)
                    Length: 1327
                    Key Share extension
                        Client Key Share Length: 1325
                        Key Share Entry: Group: X25519MLKEM768, Key Exchange length: 1216
                            Group: X25519MLKEM768 (4588)
                            Key Exchange Length: 1216
                            Key Exchange […]: c56190d3ab6a80e6a1de3786f867567ba5cd40ccc2fa940de30b7a229724fb50c863263c669acff15314c68b8b571233f411954a559384f884b8b07b62602dacba222d3142b47ba76d233e093173237c03ef5333bff1b0ab5690210c53afbb81e2717231f29ee989ada3f4b2613
                        Key Share Entry: Group: x25519, Key Exchange length: 32
                            Group: x25519 (29)
                            Key Exchange Length: 32
                            Key Exchange: 44e7c493b8df26f0b66f87e6a65aed9d53d92ba27610b05c2c8cb40a5676e238
                        Key Share Entry: Group: secp256r1, Key Exchange length: 65
                            Group: secp256r1 (23)
                            Key Exchange Length: 65
                            Key Exchange: 04eb1c54637e48cb73486ac75e113fb6b0e16c27d706d3b65809d6025805665a6b1c38f3e6dd141dd31320aae3e48dfb49b1e6aa97ede3dc4701d13f4e4b7d04ea
                Extension: application_layer_protocol_negotiation (len=5)
                    Type: application_layer_protocol_negotiation (16)
                    Length: 5
                    ALPN Extension Length: 3
                    ALPN Protocol
                        ALPN string length: 2
                        ALPN Next Protocol: h3
                Extension: server_name (len=30) name=push.services.mozilla.com
                    Type: server_name (0)
                    Length: 30
                    Server Name Indication extension
                        Server Name list length: 28
                        Server Name Type: host_name (0)
                        Server Name length: 25
                        Server Name: push.services.mozilla.com
                Extension: status_request (len=5)
                    Type: status_request (5)
                    Length: 5
                    Certificate Status Type: OCSP (1)
                    Responder ID list Length: 0
                    Request Extensions Length: 0
                Extension: quic_transport_parameters (len=80)
                    Type: quic_transport_parameters (57)
                    Length: 80
                    Parameter: max_idle_timeout (len=4) 30000 ms
                        Type: max_idle_timeout (0x01)
                        Length: 4
                        Value: 80007530
                        max_idle_timeout: 30000
                    Parameter: initial_max_data (len=4) 25165824
                        Type: initial_max_data (0x04)
                        Length: 4
                        Value: 81800000
                        initial_max_data: 25165824
                    Parameter: initial_max_stream_data_bidi_local (len=4) 12582912
                        Type: initial_max_stream_data_bidi_local (0x05)
                        Length: 4
                        Value: 80c00000
                        initial_max_stream_data_bidi_local: 12582912
                    Parameter: initial_max_stream_data_bidi_remote (len=4) 1048576
                        Type: initial_max_stream_data_bidi_remote (0x06)
                        Length: 4
                        Value: 80100000
                        initial_max_stream_data_bidi_remote: 1048576
                    Parameter: initial_max_stream_data_uni (len=4) 1048576
                        Type: initial_max_stream_data_uni (0x07)
                        Length: 4
                        Value: 80100000
                        initial_max_stream_data_uni: 1048576
                    Parameter: initial_max_streams_bidi (len=2) 100
                        Type: initial_max_streams_bidi (0x08)
                        Length: 2
                        Value: 4064
                        initial_max_streams_bidi: 100
                    Parameter: initial_max_streams_uni (len=2) 100
                        Type: initial_max_streams_uni (0x09)
                        Length: 2
                        Value: 4064
                        initial_max_streams_uni: 100
                    Parameter: max_ack_delay (len=1) 20
                        Type: max_ack_delay (0x0b)
                        Length: 1
                        Value: 14
                        max_ack_delay: 20
                    Parameter: active_connection_id_limit (len=1) 8
                        Type: active_connection_id_limit (0x0e)
                        Length: 1
                        Value: 08
                        Active Connection ID Limit: 8
                    Parameter: initial_source_connection_id (len=3)
                        Type: initial_source_connection_id (0x0f)
                        Length: 3
                        Value: 517623
                        Initial Source Connection ID: 517623
                    Parameter: version_information (len=12)
                        Type: version_information (0x11)
                        Length: 12
                        Value: 00000001ea9acafa00000001
                        Chosen Version: 1 (0x00000001)
                        Other Version: Unknown (0xea9acafa) (GREASE)
                        Other Version: 1 (0x00000001)
                    Parameter: GREASE (len=2)
                        Type: GREASE (0xff02de1a)
                        Length: 2
                        Value: 43e8
                    Parameter: max_datagram_frame_size (len=4) 65535
                        Type: max_datagram_frame_size (0x20)
                        Length: 4
                        Value: 8000ffff
                        max_datagram_frame_size: 65535
                Extension: encrypted_client_hello (len=281)
                    Type: encrypted_client_hello (65037)
                    Length: 281
                    Client Hello type: Outer Client Hello (0)
                    Cipher Suite: HKDF-SHA256/ChaCha20Poly1305
                        KDF Id: HKDF-SHA256 (1)
                        AEAD Id: ChaCha20Poly1305 (3)
                    Config Id: 25
                    Enc length: 32
                    Enc: c2f1b4fa291d4699e650f3d5769c6471cc8849320566dba28004bcfec09e8d05
                    Payload length: 239
                    Payload […]: 44bf107a9000a67b73af604d8c42ff9b01ff8995fb69452c89d21fe7b35dad2dc7fafdb25a3ba4310bc4ddbdcd0a2e042373518dea24735c3438561d0412fe5852f8b7444afb5e56403da606dcdc12eabc2718162426d841abde0efddcdb4b2d8efbff16082fbbe686380623f0944b7e
                [JA4: q13d0315h3_55b375c5d22e_dc5437974b47]
                [JA4_r: q13d0315h3_1301,1302,1303_0005,000a,000d,0017,001b,001c,0022,002b,002d,0033,0039,fe0d,ff01_0403,0503,0603,0203,0804,0805,0806,0401,0501,0601,0201]
                [JA3 Fullstring: 771,4865-4867-4866,34-28-23-10-43-27-13-65281-45-51-16-0-5-57-65037,4588-29-23-24-25,]
                [JA3: 46e286296578c113a0907864a745072c]
QUIC IETF
    [Expert Info (Note/Protocol): (Random) padding data appended to the datagram]
        [(Random) padding data appended to the datagram]
        [Severity level: Note]
        [Group: Protocol]

Frame 99: Packet, 89 bytes on wire (712 bits), 89 bytes captured (712 bits) on interface \Device\NPF_{9B9257DC-FAC1-4993-B12F-136D7BA5E874}, id 0
    Section number: 1
    Interface id: 0 (\Device\NPF_{9B9257DC-FAC1-4993-B12F-136D7BA5E874})
        Interface name: \Device\NPF_{9B9257DC-FAC1-4993-B12F-136D7BA5E874}
        Interface description: Wi-Fi
    Encapsulation type: Ethernet (1)
    Arrival Time: Apr  9, 2026 18:28:54.502979300 India Standard Time
    UTC Arrival Time: Apr  9, 2026 12:58:54.502979300 UTC
    Epoch Arrival Time: 1775739534.502979300
    [Time shift for this packet: 0.000000000 seconds]
    [Time delta from previous captured frame: 23.349300 milliseconds]
    [Time delta from previous displayed frame: 23.349300 milliseconds]
    [Time since reference or first frame: 1.081120900 seconds]
    Frame Number: 99
    Frame Length: 89 bytes (712 bits)
    Capture Length: 89 bytes (712 bits)
    [Frame is marked: False]
    [Frame is ignored: False]
    [Protocols in frame: eth:ethertype:vlan:ethertype:ip:udp:quic]
    Character encoding: ASCII (0)
Ethernet II, Src: HewlettPacka_3a:cc:1d (28:92:4a:3a:cc:1d), Dst: 96:77:0b:05:d4:0b (96:77:0b:05:d4:0b)
    Destination: 96:77:0b:05:d4:0b (96:77:0b:05:d4:0b)
        .... ..1. .... .... .... .... = LG bit: Locally administered address (this is NOT the factory default)
        .... ...0 .... .... .... .... = IG bit: Individual address (unicast)
    Source: HewlettPacka_3a:cc:1d (28:92:4a:3a:cc:1d)
        .... ..0. .... .... .... .... = LG bit: Globally unique address (factory default)
        .... ...0 .... .... .... .... = IG bit: Individual address (unicast)
    Type: 802.1Q Virtual LAN (0x8100)
    [Stream index: 0]
802.1Q Virtual LAN, PRI: 0, DEI: 0, ID: 0
    000. .... .... .... = Priority: Best Effort (default) (0)
    ...0 .... .... .... = DEI: Ineligible
    .... 0000 0000 0000 = ID: 0
    Type: IPv4 (0x0800)
Internet Protocol Version 4, Src: 34.107.243.93, Dst: 172.16.90.227
    0100 .... = Version: 4
    .... 0101 = Header Length: 20 bytes (5)
    Differentiated Services Field: 0xb8 (DSCP: EF, ECN: Not-ECT)
        1011 10.. = Differentiated Services Codepoint: Expedited Forwarding (46)
        .... ..00 = Explicit Congestion Notification: Not ECN-Capable Transport (0)
    Total Length: 71
    Identification: 0x0000 (0)
    010. .... = Flags: 0x2, Don't fragment
        0... .... = Reserved bit: Not set
        .1.. .... = Don't fragment: Set
        ..0. .... = More fragments: Not set
    ...0 0000 0000 0000 = Fragment Offset: 0
    Time to Live: 57
    Protocol: UDP (17)
    Header Checksum: 0x2432 [validation disabled]
    [Header checksum status: Unverified]
    Source Address: 34.107.243.93
    Destination Address: 172.16.90.227
    [Stream index: 4]
User Datagram Protocol, Src Port: 443, Dst Port: 50492
    Source Port: 443
    Destination Port: 50492
    Length: 51
    Checksum: 0xd84f [unverified]
    [Checksum Status: Unverified]
    [Stream index: 4]
    [Stream Packet Number: 3]
    [Timestamps]
        [Time since first frame: 23.431100 milliseconds]
        [Time since previous frame: 23.349300 milliseconds]
    UDP payload (43 bytes)
QUIC IETF
    QUIC Connection information
        [Connection Number: 3]
    [Packet Length: 43]
    1... .... = Header Form: Long Header (1)
    .1.. .... = Fixed Bit: True
    ..00 .... = Packet Type: Initial (0)
    [.... 00.. = Reserved: 0]
    [.... ..00 = Packet Number Length: 1 bytes (0)]
    Version: 1 (0x00000001)
    Destination Connection ID Length: 3
    Destination Connection ID: 517623
    Source Connection ID Length: 8
    Source Connection ID: fe66db09d90af891
    Token Length: 0
    Length: 22
    [Packet Number: 1]
    Payload: 27e3d0cb3402ff1e965923f4de504299ebf3c0de8b
    ACK
        Frame Type: ACK (0x0000000000000002)
        Largest Acknowledged: 11
        ACK Delay: 0
        ACK Range Count: 0
        First ACK Range: 0

Frame 100: Packet, 1298 bytes on wire (10384 bits), 1298 bytes captured (10384 bits) on interface \Device\NPF_{9B9257DC-FAC1-4993-B12F-136D7BA5E874}, id 0
    Section number: 1
    Interface id: 0 (\Device\NPF_{9B9257DC-FAC1-4993-B12F-136D7BA5E874})
        Interface name: \Device\NPF_{9B9257DC-FAC1-4993-B12F-136D7BA5E874}
        Interface description: Wi-Fi
    Encapsulation type: Ethernet (1)
    Arrival Time: Apr  9, 2026 18:28:54.502979300 India Standard Time
    UTC Arrival Time: Apr  9, 2026 12:58:54.502979300 UTC
    Epoch Arrival Time: 1775739534.502979300
    [Time shift for this packet: 0.000000000 seconds]
    [Time delta from previous captured frame: 0.000000000 seconds]
    [Time delta from previous displayed frame: 0.000000000 seconds]
    [Time since reference or first frame: 1.081120900 seconds]
    Frame Number: 100
    Frame Length: 1298 bytes (10384 bits)
    Capture Length: 1298 bytes (10384 bits)
    [Frame is marked: False]
    [Frame is ignored: False]
    [Protocols in frame: eth:ethertype:vlan:ethertype:ip:udp:quic]
    Character encoding: ASCII (0)
Ethernet II, Src: HewlettPacka_3a:cc:1d (28:92:4a:3a:cc:1d), Dst: 96:77:0b:05:d4:0b (96:77:0b:05:d4:0b)
    Destination: 96:77:0b:05:d4:0b (96:77:0b:05:d4:0b)
        .... ..1. .... .... .... .... = LG bit: Locally administered address (this is NOT the factory default)
        .... ...0 .... .... .... .... = IG bit: Individual address (unicast)
    Source: HewlettPacka_3a:cc:1d (28:92:4a:3a:cc:1d)
        .... ..0. .... .... .... .... = LG bit: Globally unique address (factory default)
        .... ...0 .... .... .... .... = IG bit: Individual address (unicast)
    Type: 802.1Q Virtual LAN (0x8100)
    [Stream index: 0]
802.1Q Virtual LAN, PRI: 0, DEI: 0, ID: 0
    000. .... .... .... = Priority: Best Effort (default) (0)
    ...0 .... .... .... = DEI: Ineligible
    .... 0000 0000 0000 = ID: 0
    Type: IPv4 (0x0800)
Internet Protocol Version 4, Src: 34.107.243.93, Dst: 172.16.90.227
    0100 .... = Version: 4
    .... 0101 = Header Length: 20 bytes (5)
    Differentiated Services Field: 0xb8 (DSCP: EF, ECN: Not-ECT)
        1011 10.. = Differentiated Services Codepoint: Expedited Forwarding (46)
        .... ..00 = Explicit Congestion Notification: Not ECN-Capable Transport (0)
    Total Length: 1280
    Identification: 0x0000 (0)
    010. .... = Flags: 0x2, Don't fragment
        0... .... = Reserved bit: Not set
        .1.. .... = Don't fragment: Set
        ..0. .... = More fragments: Not set
    ...0 0000 0000 0000 = Fragment Offset: 0
    Time to Live: 57
    Protocol: UDP (17)
    Header Checksum: 0x1f79 [validation disabled]
    [Header checksum status: Unverified]
    Source Address: 34.107.243.93
    Destination Address: 172.16.90.227
    [Stream index: 4]
User Datagram Protocol, Src Port: 443, Dst Port: 50492
    Source Port: 443
    Destination Port: 50492
    Length: 1260
    Checksum: 0x79f1 [unverified]
    [Checksum Status: Unverified]
    [Stream index: 4]
    [Stream Packet Number: 4]
    [Timestamps]
        [Time since first frame: 23.431100 milliseconds]
        [Time since previous frame: 0.000000000 seconds]
    UDP payload (1252 bytes)
QUIC IETF
    QUIC Connection information
        [Connection Number: 3]
    [Packet Length: 1252]
    1... .... = Header Form: Long Header (1)
    .1.. .... = Fixed Bit: True
    ..00 .... = Packet Type: Initial (0)
    [.... 00.. = Reserved: 0]
    [.... ..00 = Packet Number Length: 1 bytes (0)]
    Version: 1 (0x00000001)
    Destination Connection ID Length: 3
    Destination Connection ID: 517623
    Source Connection ID Length: 8
    Source Connection ID: fe66db09d90af891
    Token Length: 0
    Length: 1231
    [Packet Number: 2]
    Payload […]: 3e997fbb5211ea9a7d65f12722c7ea57b137ed295ef63df7d7841d4c53013469cdde3d16325ac1228303fcebc28c34c8d4b248867d4358b22dcaf3b68ae4428249a931d243456bdc09310a6bcb5d11c03d809c0b764df8fac5b0e95b951271b40a6fa9f6987d85e771a97020b4dee0ee
    ACK
        Frame Type: ACK (0x0000000000000002)
        Largest Acknowledged: 12
        ACK Delay: 0
        ACK Range Count: 0
        First ACK Range: 1
    PADDING Length: 1209
        Frame Type: PADDING (0x0000000000000000)
        [Padding Length: 1209]

Frame 101: Packet, 1298 bytes on wire (10384 bits), 1298 bytes captured (10384 bits) on interface \Device\NPF_{9B9257DC-FAC1-4993-B12F-136D7BA5E874}, id 0
    Section number: 1
    Interface id: 0 (\Device\NPF_{9B9257DC-FAC1-4993-B12F-136D7BA5E874})
        Interface name: \Device\NPF_{9B9257DC-FAC1-4993-B12F-136D7BA5E874}
        Interface description: Wi-Fi
    Encapsulation type: Ethernet (1)
    Arrival Time: Apr  9, 2026 18:28:54.505153600 India Standard Time
    UTC Arrival Time: Apr  9, 2026 12:58:54.505153600 UTC
    Epoch Arrival Time: 1775739534.505153600
    [Time shift for this packet: 0.000000000 seconds]
    [Time delta from previous captured frame: 2.174300 milliseconds]
    [Time delta from previous displayed frame: 2.174300 milliseconds]
    [Time since reference or first frame: 1.083295200 seconds]
    Frame Number: 101
    Frame Length: 1298 bytes (10384 bits)
    Capture Length: 1298 bytes (10384 bits)
    [Frame is marked: False]
    [Frame is ignored: False]
    [Protocols in frame: eth:ethertype:vlan:ethertype:ip:udp:quic:tls]
    Character encoding: ASCII (0)
Ethernet II, Src: HewlettPacka_3a:cc:1d (28:92:4a:3a:cc:1d), Dst: 96:77:0b:05:d4:0b (96:77:0b:05:d4:0b)
    Destination: 96:77:0b:05:d4:0b (96:77:0b:05:d4:0b)
        .... ..1. .... .... .... .... = LG bit: Locally administered address (this is NOT the factory default)
        .... ...0 .... .... .... .... = IG bit: Individual address (unicast)
    Source: HewlettPacka_3a:cc:1d (28:92:4a:3a:cc:1d)
        .... ..0. .... .... .... .... = LG bit: Globally unique address (factory default)
        .... ...0 .... .... .... .... = IG bit: Individual address (unicast)
    Type: 802.1Q Virtual LAN (0x8100)
    [Stream index: 0]
802.1Q Virtual LAN, PRI: 0, DEI: 0, ID: 0
    000. .... .... .... = Priority: Best Effort (default) (0)
    ...0 .... .... .... = DEI: Ineligible
    .... 0000 0000 0000 = ID: 0
    Type: IPv4 (0x0800)
Internet Protocol Version 4, Src: 34.107.243.93, Dst: 172.16.90.227
    0100 .... = Version: 4
    .... 0101 = Header Length: 20 bytes (5)
    Differentiated Services Field: 0xb8 (DSCP: EF, ECN: Not-ECT)
        1011 10.. = Differentiated Services Codepoint: Expedited Forwarding (46)
        .... ..00 = Explicit Congestion Notification: Not ECN-Capable Transport (0)
    Total Length: 1280
    Identification: 0x0000 (0)
    010. .... = Flags: 0x2, Don't fragment
        0... .... = Reserved bit: Not set
        .1.. .... = Don't fragment: Set
        ..0. .... = More fragments: Not set
    ...0 0000 0000 0000 = Fragment Offset: 0
    Time to Live: 57
    Protocol: UDP (17)
    Header Checksum: 0x1f79 [validation disabled]
    [Header checksum status: Unverified]
    Source Address: 34.107.243.93
    Destination Address: 172.16.90.227
    [Stream index: 4]
User Datagram Protocol, Src Port: 443, Dst Port: 50492
    Source Port: 443
    Destination Port: 50492
    Length: 1260
    Checksum: 0xb2c0 [unverified]
    [Checksum Status: Unverified]
    [Stream index: 4]
    [Stream Packet Number: 5]
    [Timestamps]
        [Time since first frame: 25.605400 milliseconds]
        [Time since previous frame: 2.174300 milliseconds]
    UDP payload (1252 bytes)
QUIC IETF
    QUIC Connection information
        [Connection Number: 3]
    [Packet Length: 132]
    1... .... = Header Form: Long Header (1)
    .1.. .... = Fixed Bit: True
    ..00 .... = Packet Type: Initial (0)
    [.... 00.. = Reserved: 0]
    [.... ..00 = Packet Number Length: 1 bytes (0)]
    Version: 1 (0x00000001)
    Destination Connection ID Length: 3
    Destination Connection ID: 517623
    Source Connection ID Length: 8
    Source Connection ID: fe66db09d90af891
    Token Length: 0
    Length: 111
    [Packet Number: 3]
    Payload: 14f26050f5288895e733e7f1020e7b55c071fa39525d499423a1e1b924ae0afbf740491e398162fce2cda3b2ea7cdbab748c977f2083f874906c20a4f4dc1e85270d84bca03ee224bdb5d0f478a4dc581e5917d77eacf80307d0b45c518d51c4c1dc4974c3a58babcff02eceda14
    CRYPTO
        Frame Type: CRYPTO (0x0000000000000006)
        Offset: 0
        Length: 90
        Crypto Data
        TLSv1.3 Record Layer: Handshake Protocol: Server Hello
            Handshake Protocol: Server Hello
                Handshake Type: Server Hello (2)
                Length: 86
                Version: TLS 1.2 (0x0303)
                    [Expert Info (Chat/Deprecated): This legacy_version field MUST be ignored. The supported_versions extension is present and MUST be used instead.]
                        [This legacy_version field MUST be ignored. The supported_versions extension is present and MUST be used instead.]
                        [Severity level: Chat]
                        [Group: Deprecated]
                Random: c78c6912cad3044b4700ff7b4ba6b037cf25ddd3547c16c2ec04fe1cee8969b5
                Session ID Length: 0
                Cipher Suite: TLS_AES_128_GCM_SHA256 (0x1301)
                Compression Method: null (0)
                Extensions Length: 46
                Extension: key_share (len=36) x25519
                    Type: key_share (51)
                    Length: 36
                    Key Share extension
                        Key Share Entry: Group: x25519, Key Exchange length: 32
                            Group: x25519 (29)
                            Key Exchange Length: 32
                            Key Exchange: b62cf58f7744962d8dd23746a8d7a8936f3eda564200e4725da764217b7dfc77
                Extension: supported_versions (len=2) TLS 1.3
                    Type: supported_versions (43)
                    Length: 2
                    Supported Version: TLS 1.3 (0x0304)
                [JA3S Fullstring: 771,4865,51-43]
                [JA3S: eb1d94daa7e0344597e756a1fb6e7054]
QUIC IETF
    [Packet Length: 1120]
    1... .... = Header Form: Long Header (1)
    .1.. .... = Fixed Bit: True
    ..10 .... = Packet Type: Handshake (2)
    Version: 1 (0x00000001)
    Destination Connection ID Length: 3
    Destination Connection ID: 517623
    Source Connection ID Length: 8
    Source Connection ID: fe66db09d90af891
    Length: 1100
    [Expert Info (Warning/Decryption): Failed to create decryption context: Secrets are not available]
        [Failed to create decryption context: Secrets are not available]
        [Severity level: Warning]
        [Group: Decryption]
    Remaining Payload […]: d4c8a83cab700a3c04a865be3e1beb7d1ff4ef7319ad367675542da8276990acbe383c0162087030c644f3e2094031a5d682f795b0a0433a24701c1e1160a344e23b7ced50f3eb0251943c3274a9064c8dc37873f45d4f27bf5f04180b839b8f326ff6bdcc5e3f881733b1

Frame 102: Packet, 1294 bytes on wire (10352 bits), 1294 bytes captured (10352 bits) on interface \Device\NPF_{9B9257DC-FAC1-4993-B12F-136D7BA5E874}, id 0
    Section number: 1
    Interface id: 0 (\Device\NPF_{9B9257DC-FAC1-4993-B12F-136D7BA5E874})
        Interface name: \Device\NPF_{9B9257DC-FAC1-4993-B12F-136D7BA5E874}
        Interface description: Wi-Fi
    Encapsulation type: Ethernet (1)
    Arrival Time: Apr  9, 2026 18:28:54.505528500 India Standard Time
    UTC Arrival Time: Apr  9, 2026 12:58:54.505528500 UTC
    Epoch Arrival Time: 1775739534.505528500
    [Time shift for this packet: 0.000000000 seconds]
    [Time delta from previous captured frame: 374.900 microseconds]
    [Time delta from previous displayed frame: 374.900 microseconds]
    [Time since reference or first frame: 1.083670100 seconds]
    Frame Number: 102
    Frame Length: 1294 bytes (10352 bits)
    Capture Length: 1294 bytes (10352 bits)
    [Frame is marked: False]
    [Frame is ignored: False]
    [Protocols in frame: eth:ethertype:ip:udp:quic]
    Character encoding: ASCII (0)
Ethernet II, Src: 96:77:0b:05:d4:0b (96:77:0b:05:d4:0b), Dst: HewlettPacka_3a:cc:1d (28:92:4a:3a:cc:1d)
    Destination: HewlettPacka_3a:cc:1d (28:92:4a:3a:cc:1d)
        .... ..0. .... .... .... .... = LG bit: Globally unique address (factory default)
        .... ...0 .... .... .... .... = IG bit: Individual address (unicast)
    Source: 96:77:0b:05:d4:0b (96:77:0b:05:d4:0b)
        .... ..1. .... .... .... .... = LG bit: Locally administered address (this is NOT the factory default)
        .... ...0 .... .... .... .... = IG bit: Individual address (unicast)
    Type: IPv4 (0x0800)
    [Stream index: 0]
Internet Protocol Version 4, Src: 172.16.90.227, Dst: 34.107.243.93
    0100 .... = Version: 4
    .... 0101 = Header Length: 20 bytes (5)
    Differentiated Services Field: 0x00 (DSCP: CS0, ECN: Not-ECT)
        0000 00.. = Differentiated Services Codepoint: Default (0)
        .... ..00 = Explicit Congestion Notification: Not ECN-Capable Transport (0)
    Total Length: 1280
    Identification: 0xc713 (50963)
    010. .... = Flags: 0x2, Don't fragment
        0... .... = Reserved bit: Not set
        .1.. .... = Don't fragment: Set
        ..0. .... = More fragments: Not set
    ...0 0000 0000 0000 = Fragment Offset: 0
    Time to Live: 128
    Protocol: UDP (17)
    Header Checksum: 0x0000 [validation disabled]
    [Header checksum status: Unverified]
    Source Address: 172.16.90.227
    Destination Address: 34.107.243.93
    [Stream index: 4]
User Datagram Protocol, Src Port: 50492, Dst Port: 443
    Source Port: 50492
    Destination Port: 443
    Length: 1260
    Checksum: 0x21ba [unverified]
    [Checksum Status: Unverified]
    [Stream index: 4]
    [Stream Packet Number: 6]
    [Timestamps]
        [Time since first frame: 25.980300 milliseconds]
        [Time since previous frame: 374.900 microseconds]
    UDP payload (1252 bytes)
QUIC IETF
    QUIC Connection information
        [Connection Number: 3]
    [Packet Length: 43]
    1... .... = Header Form: Long Header (1)
    .1.. .... = Fixed Bit: True
    ..00 .... = Packet Type: Initial (0)
    [.... 00.. = Reserved: 0]
    [.... ..00 = Packet Number Length: 1 bytes (0)]
    Version: 1 (0x00000001)
    Destination Connection ID Length: 8
    Destination Connection ID: fe66db09d90af891
    Source Connection ID Length: 3
    Source Connection ID: 517623
    Token Length: 0
    Length: 22
    [Packet Number: 13]
    Payload: 70532306ca45d4f42a735f01d68a6cec3581fa48df
    ACK
        Frame Type: ACK (0x0000000000000002)
        Largest Acknowledged: 3
        ACK Delay: 24
        ACK Range Count: 0
        First ACK Range: 2
QUIC IETF
    [Packet Length: 42]
    1... .... = Header Form: Long Header (1)
    .1.. .... = Fixed Bit: True
    ..10 .... = Packet Type: Handshake (2)
    Version: 1 (0x00000001)
    Destination Connection ID Length: 8
    Destination Connection ID: fe66db09d90af891
    Source Connection ID Length: 3
    Source Connection ID: 517623
    Length: 22
    [Expert Info (Warning/Decryption): Failed to create decryption context: Secrets are not available]
        [Failed to create decryption context: Secrets are not available]
        [Severity level: Warning]
        [Group: Decryption]
    Remaining Payload: fc291bbe643f0e44903d5f13a853822beb7262140f44
QUIC IETF
    [Expert Info (Note/Protocol): (Random) padding data appended to the datagram]
        [(Random) padding data appended to the datagram]
        [Severity level: Note]
        [Group: Protocol]

Frame 103: Packet, 1298 bytes on wire (10384 bits), 1298 bytes captured (10384 bits) on interface \Device\NPF_{9B9257DC-FAC1-4993-B12F-136D7BA5E874}, id 0
    Section number: 1
    Interface id: 0 (\Device\NPF_{9B9257DC-FAC1-4993-B12F-136D7BA5E874})
        Interface name: \Device\NPF_{9B9257DC-FAC1-4993-B12F-136D7BA5E874}
        Interface description: Wi-Fi
    Encapsulation type: Ethernet (1)
    Arrival Time: Apr  9, 2026 18:28:54.505625100 India Standard Time
    UTC Arrival Time: Apr  9, 2026 12:58:54.505625100 UTC
    Epoch Arrival Time: 1775739534.505625100
    [Time shift for this packet: 0.000000000 seconds]
    [Time delta from previous captured frame: 96.600 microseconds]
    [Time delta from previous displayed frame: 96.600 microseconds]
    [Time since reference or first frame: 1.083766700 seconds]
    Frame Number: 103
    Frame Length: 1298 bytes (10384 bits)
    Capture Length: 1298 bytes (10384 bits)
    [Frame is marked: False]
    [Frame is ignored: False]
    [Protocols in frame: eth:ethertype:vlan:ethertype:ip:udp:quic]
    Character encoding: ASCII (0)
Ethernet II, Src: HewlettPacka_3a:cc:1d (28:92:4a:3a:cc:1d), Dst: 96:77:0b:05:d4:0b (96:77:0b:05:d4:0b)
    Destination: 96:77:0b:05:d4:0b (96:77:0b:05:d4:0b)
        .... ..1. .... .... .... .... = LG bit: Locally administered address (this is NOT the factory default)
        .... ...0 .... .... .... .... = IG bit: Individual address (unicast)
    Source: HewlettPacka_3a:cc:1d (28:92:4a:3a:cc:1d)
        .... ..0. .... .... .... .... = LG bit: Globally unique address (factory default)
        .... ...0 .... .... .... .... = IG bit: Individual address (unicast)
    Type: 802.1Q Virtual LAN (0x8100)
    [Stream index: 0]
802.1Q Virtual LAN, PRI: 0, DEI: 0, ID: 0
    000. .... .... .... = Priority: Best Effort (default) (0)
    ...0 .... .... .... = DEI: Ineligible
    .... 0000 0000 0000 = ID: 0
    Type: IPv4 (0x0800)
Internet Protocol Version 4, Src: 34.107.243.93, Dst: 172.16.90.227
    0100 .... = Version: 4
    .... 0101 = Header Length: 20 bytes (5)
    Differentiated Services Field: 0xb8 (DSCP: EF, ECN: Not-ECT)
        1011 10.. = Differentiated Services Codepoint: Expedited Forwarding (46)
        .... ..00 = Explicit Congestion Notification: Not ECN-Capable Transport (0)
    Total Length: 1280
    Identification: 0x0000 (0)
    010. .... = Flags: 0x2, Don't fragment
        0... .... = Reserved bit: Not set
        .1.. .... = Don't fragment: Set
        ..0. .... = More fragments: Not set
    ...0 0000 0000 0000 = Fragment Offset: 0
    Time to Live: 57
    Protocol: UDP (17)
    Header Checksum: 0x1f79 [validation disabled]
    [Header checksum status: Unverified]
    Source Address: 34.107.243.93
    Destination Address: 172.16.90.227
    [Stream index: 4]
User Datagram Protocol, Src Port: 443, Dst Port: 50492
    Source Port: 443
    Destination Port: 50492
    Length: 1260
    Checksum: 0x9557 [unverified]
    [Checksum Status: Unverified]
    [Stream index: 4]
    [Stream Packet Number: 7]
    [Timestamps]
        [Time since first frame: 26.076900 milliseconds]
        [Time since previous frame: 96.600 microseconds]
    UDP payload (1252 bytes)
QUIC IETF
    QUIC Connection information
        [Connection Number: 3]
    [Packet Length: 1252]
    1... .... = Header Form: Long Header (1)
    .1.. .... = Fixed Bit: True
    ..10 .... = Packet Type: Handshake (2)
    Version: 1 (0x00000001)
    Destination Connection ID Length: 3
    Destination Connection ID: 517623
    Source Connection ID Length: 8
    Source Connection ID: fe66db09d90af891
    Length: 1232
    [Expert Info (Warning/Decryption): Failed to create decryption context: Secrets are not available]
        [Failed to create decryption context: Secrets are not available]
        [Severity level: Warning]
        [Group: Decryption]
    Remaining Payload […]: 7fed28e311e0a990196ebfafbb48f95a1dab736c8c7744be060303b8963ffe4817435121f575ef7b3e7ae005b02e0b8c3138bf7ecbc66e2614ed0ec89dc0312aba09d364a39d944d68128638d84a107da66ce8c01ea2e5c0c478609270dfc6e9b440cf07aa78bf2c786f25

Frame 104: Packet, 534 bytes on wire (4272 bits), 534 bytes captured (4272 bits) on interface \Device\NPF_{9B9257DC-FAC1-4993-B12F-136D7BA5E874}, id 0
    Section number: 1
    Interface id: 0 (\Device\NPF_{9B9257DC-FAC1-4993-B12F-136D7BA5E874})
        Interface name: \Device\NPF_{9B9257DC-FAC1-4993-B12F-136D7BA5E874}
        Interface description: Wi-Fi
    Encapsulation type: Ethernet (1)
    Arrival Time: Apr  9, 2026 18:28:54.505625100 India Standard Time
    UTC Arrival Time: Apr  9, 2026 12:58:54.505625100 UTC
    Epoch Arrival Time: 1775739534.505625100
    [Time shift for this packet: 0.000000000 seconds]
    [Time delta from previous captured frame: 0.000000000 seconds]
    [Time delta from previous displayed frame: 0.000000000 seconds]
    [Time since reference or first frame: 1.083766700 seconds]
    Frame Number: 104
    Frame Length: 534 bytes (4272 bits)
    Capture Length: 534 bytes (4272 bits)
    [Frame is marked: False]
    [Frame is ignored: False]
    [Protocols in frame: eth:ethertype:vlan:ethertype:ip:udp:quic]
    Character encoding: ASCII (0)
Ethernet II, Src: HewlettPacka_3a:cc:1d (28:92:4a:3a:cc:1d), Dst: 96:77:0b:05:d4:0b (96:77:0b:05:d4:0b)
    Destination: 96:77:0b:05:d4:0b (96:77:0b:05:d4:0b)
        .... ..1. .... .... .... .... = LG bit: Locally administered address (this is NOT the factory default)
        .... ...0 .... .... .... .... = IG bit: Individual address (unicast)
    Source: HewlettPacka_3a:cc:1d (28:92:4a:3a:cc:1d)
        .... ..0. .... .... .... .... = LG bit: Globally unique address (factory default)
        .... ...0 .... .... .... .... = IG bit: Individual address (unicast)
    Type: 802.1Q Virtual LAN (0x8100)
    [Stream index: 0]
802.1Q Virtual LAN, PRI: 0, DEI: 0, ID: 0
    000. .... .... .... = Priority: Best Effort (default) (0)
    ...0 .... .... .... = DEI: Ineligible
    .... 0000 0000 0000 = ID: 0
    Type: IPv4 (0x0800)
Internet Protocol Version 4, Src: 34.107.243.93, Dst: 172.16.90.227
    0100 .... = Version: 4
    .... 0101 = Header Length: 20 bytes (5)
    Differentiated Services Field: 0xb8 (DSCP: EF, ECN: Not-ECT)
        1011 10.. = Differentiated Services Codepoint: Expedited Forwarding (46)
        .... ..00 = Explicit Congestion Notification: Not ECN-Capable Transport (0)
    Total Length: 516
    Identification: 0x0000 (0)
    010. .... = Flags: 0x2, Don't fragment
        0... .... = Reserved bit: Not set
        .1.. .... = Don't fragment: Set
        ..0. .... = More fragments: Not set
    ...0 0000 0000 0000 = Fragment Offset: 0
    Time to Live: 57
    Protocol: UDP (17)
    Header Checksum: 0x2275 [validation disabled]
    [Header checksum status: Unverified]
    Source Address: 34.107.243.93
    Destination Address: 172.16.90.227
    [Stream index: 4]
User Datagram Protocol, Src Port: 443, Dst Port: 50492
    Source Port: 443
    Destination Port: 50492
    Length: 496
    Checksum: 0x7b0a [unverified]
    [Checksum Status: Unverified]
    [Stream index: 4]
    [Stream Packet Number: 8]
    [Timestamps]
        [Time since first frame: 26.076900 milliseconds]
        [Time since previous frame: 0.000000000 seconds]
    UDP payload (488 bytes)
QUIC IETF
    QUIC Connection information
        [Connection Number: 3]
    [Packet Length: 423]
    1... .... = Header Form: Long Header (1)
    .1.. .... = Fixed Bit: True
    ..10 .... = Packet Type: Handshake (2)
    Version: 1 (0x00000001)
    Destination Connection ID Length: 3
    Destination Connection ID: 517623
    Source Connection ID Length: 8
    Source Connection ID: fe66db09d90af891
    Length: 403
    [Expert Info (Warning/Decryption): Failed to create decryption context: Secrets are not available]
        [Failed to create decryption context: Secrets are not available]
        [Severity level: Warning]
        [Group: Decryption]
    Remaining Payload […]: 769b0129f7e453e78ca4aa7cf25917d7a208555a474339441a152504dc5daab6946d525e3e1d84e3c3c69e651fe8be0d1aefc64be7b338208bb34a6a1f43506d0939c471c62e4948148ffd562beef4a34a68bd7c64bb8f335430e22d4a0e20b77d42cdfa832a3a579474fe
QUIC IETF
    [Packet Length: 65]
    QUIC Short Header DCID=517623
        0... .... = Header Form: Short Header (0)
        .1.. .... = Fixed Bit: True
        ..0. .... = Spin Bit: False
        Destination Connection ID: 517623
    [Expert Info (Warning/Decryption): Failed to create decryption context: Secrets are not available]
        [Failed to create decryption context: Secrets are not available]
        [Severity level: Warning]
        [Group: Decryption]
    Remaining Payload: 3081b1a8364ebd44f2f77ab130d0ae9c18f37f4df0010782e611792e1b2320353fc9501c7164ba8e5b7110d172f02c2868709013fe98b250cdd26ae820

Frame 105: Packet, 84 bytes on wire (672 bits), 84 bytes captured (672 bits) on interface \Device\NPF_{9B9257DC-FAC1-4993-B12F-136D7BA5E874}, id 0
    Section number: 1
    Interface id: 0 (\Device\NPF_{9B9257DC-FAC1-4993-B12F-136D7BA5E874})
        Interface name: \Device\NPF_{9B9257DC-FAC1-4993-B12F-136D7BA5E874}
        Interface description: Wi-Fi
    Encapsulation type: Ethernet (1)
    Arrival Time: Apr  9, 2026 18:28:54.505991000 India Standard Time
    UTC Arrival Time: Apr  9, 2026 12:58:54.505991000 UTC
    Epoch Arrival Time: 1775739534.505991000
    [Time shift for this packet: 0.000000000 seconds]
    [Time delta from previous captured frame: 365.900 microseconds]
    [Time delta from previous displayed frame: 365.900 microseconds]
    [Time since reference or first frame: 1.084132600 seconds]
    Frame Number: 105
    Frame Length: 84 bytes (672 bits)
    Capture Length: 84 bytes (672 bits)
    [Frame is marked: False]
    [Frame is ignored: False]
    [Protocols in frame: eth:ethertype:ip:udp:quic]
    Character encoding: ASCII (0)
Ethernet II, Src: 96:77:0b:05:d4:0b (96:77:0b:05:d4:0b), Dst: HewlettPacka_3a:cc:1d (28:92:4a:3a:cc:1d)
    Destination: HewlettPacka_3a:cc:1d (28:92:4a:3a:cc:1d)
        .... ..0. .... .... .... .... = LG bit: Globally unique address (factory default)
        .... ...0 .... .... .... .... = IG bit: Individual address (unicast)
    Source: 96:77:0b:05:d4:0b (96:77:0b:05:d4:0b)
        .... ..1. .... .... .... .... = LG bit: Locally administered address (this is NOT the factory default)
        .... ...0 .... .... .... .... = IG bit: Individual address (unicast)
    Type: IPv4 (0x0800)
    [Stream index: 0]
Internet Protocol Version 4, Src: 172.16.90.227, Dst: 34.107.243.93
    0100 .... = Version: 4
    .... 0101 = Header Length: 20 bytes (5)
    Differentiated Services Field: 0x00 (DSCP: CS0, ECN: Not-ECT)
        0000 00.. = Differentiated Services Codepoint: Default (0)
        .... ..00 = Explicit Congestion Notification: Not ECN-Capable Transport (0)
    Total Length: 70
    Identification: 0xc714 (50964)
    010. .... = Flags: 0x2, Don't fragment
        0... .... = Reserved bit: Not set
        .1.. .... = Don't fragment: Set
        ..0. .... = More fragments: Not set
    ...0 0000 0000 0000 = Fragment Offset: 0
    Time to Live: 128
    Protocol: UDP (17)
    Header Checksum: 0x0000 [validation disabled]
    [Header checksum status: Unverified]
    Source Address: 172.16.90.227
    Destination Address: 34.107.243.93
    [Stream index: 4]
User Datagram Protocol, Src Port: 50492, Dst Port: 443
    Source Port: 50492
    Destination Port: 443
    Length: 50
    Checksum: 0x1d00 [unverified]
    [Checksum Status: Unverified]
    [Stream index: 4]
    [Stream Packet Number: 9]
    [Timestamps]
        [Time since first frame: 26.442800 milliseconds]
        [Time since previous frame: 365.900 microseconds]
    UDP payload (42 bytes)
QUIC IETF
    QUIC Connection information
        [Connection Number: 3]
    [Packet Length: 42]
    1... .... = Header Form: Long Header (1)
    .1.. .... = Fixed Bit: True
    ..10 .... = Packet Type: Handshake (2)
    Version: 1 (0x00000001)
    Destination Connection ID Length: 8
    Destination Connection ID: fe66db09d90af891
    Source Connection ID Length: 3
    Source Connection ID: 517623
    Length: 22
    [Expert Info (Warning/Decryption): Failed to create decryption context: Secrets are not available]
        [Failed to create decryption context: Secrets are not available]
        [Severity level: Warning]
        [Group: Decryption]
    Remaining Payload: 1d12b1a89300f4bd5bb4e9cd557f64eb027517589e29

Frame 106: Packet, 173 bytes on wire (1384 bits), 173 bytes captured (1384 bits) on interface \Device\NPF_{9B9257DC-FAC1-4993-B12F-136D7BA5E874}, id 0
    Section number: 1
    Interface id: 0 (\Device\NPF_{9B9257DC-FAC1-4993-B12F-136D7BA5E874})
        Interface name: \Device\NPF_{9B9257DC-FAC1-4993-B12F-136D7BA5E874}
        Interface description: Wi-Fi
    Encapsulation type: Ethernet (1)
    Arrival Time: Apr  9, 2026 18:28:54.506566300 India Standard Time
    UTC Arrival Time: Apr  9, 2026 12:58:54.506566300 UTC
    Epoch Arrival Time: 1775739534.506566300
    [Time shift for this packet: 0.000000000 seconds]
    [Time delta from previous captured frame: 575.300 microseconds]
    [Time delta from previous displayed frame: 575.300 microseconds]
    [Time since reference or first frame: 1.084707900 seconds]
    Frame Number: 106
    Frame Length: 173 bytes (1384 bits)
    Capture Length: 173 bytes (1384 bits)
    [Frame is marked: False]
    [Frame is ignored: False]
    [Protocols in frame: eth:ethertype:ip:udp:quic]
    Character encoding: ASCII (0)
Ethernet II, Src: 96:77:0b:05:d4:0b (96:77:0b:05:d4:0b), Dst: HewlettPacka_3a:cc:1d (28:92:4a:3a:cc:1d)
    Destination: HewlettPacka_3a:cc:1d (28:92:4a:3a:cc:1d)
        .... ..0. .... .... .... .... = LG bit: Globally unique address (factory default)
        .... ...0 .... .... .... .... = IG bit: Individual address (unicast)
    Source: 96:77:0b:05:d4:0b (96:77:0b:05:d4:0b)
        .... ..1. .... .... .... .... = LG bit: Locally administered address (this is NOT the factory default)
        .... ...0 .... .... .... .... = IG bit: Individual address (unicast)
    Type: IPv4 (0x0800)
    [Stream index: 0]
Internet Protocol Version 4, Src: 172.16.90.227, Dst: 34.107.243.93
    0100 .... = Version: 4
    .... 0101 = Header Length: 20 bytes (5)
    Differentiated Services Field: 0x00 (DSCP: CS0, ECN: Not-ECT)
        0000 00.. = Differentiated Services Codepoint: Default (0)
        .... ..00 = Explicit Congestion Notification: Not ECN-Capable Transport (0)
    Total Length: 159
    Identification: 0xc715 (50965)
    010. .... = Flags: 0x2, Don't fragment
        0... .... = Reserved bit: Not set
        .1.. .... = Don't fragment: Set
        ..0. .... = More fragments: Not set
    ...0 0000 0000 0000 = Fragment Offset: 0
    Time to Live: 128
    Protocol: UDP (17)
    Header Checksum: 0x0000 [validation disabled]
    [Header checksum status: Unverified]
    Source Address: 172.16.90.227
    Destination Address: 34.107.243.93
    [Stream index: 4]
User Datagram Protocol, Src Port: 50492, Dst Port: 443
    Source Port: 50492
    Destination Port: 443
    Length: 139
    Checksum: 0x1d59 [unverified]
    [Checksum Status: Unverified]
    [Stream index: 4]
    [Stream Packet Number: 10]
    [Timestamps]
        [Time since first frame: 27.018100 milliseconds]
        [Time since previous frame: 575.300 microseconds]
    UDP payload (131 bytes)
QUIC IETF
    QUIC Connection information
        [Connection Number: 3]
    [Packet Length: 76]
    1... .... = Header Form: Long Header (1)
    .1.. .... = Fixed Bit: True
    ..10 .... = Packet Type: Handshake (2)
    Version: 1 (0x00000001)
    Destination Connection ID Length: 8
    Destination Connection ID: fe66db09d90af891
    Source Connection ID Length: 3
    Source Connection ID: 517623
    Length: 56
    [Expert Info (Warning/Decryption): Failed to create decryption context: Secrets are not available]
        [Failed to create decryption context: Secrets are not available]
        [Severity level: Warning]
        [Group: Decryption]
    Remaining Payload: 2b937ce3573768ab856aa93436e8676d9cc0161d82f79ec79f1a5229bd48584e86c388306f0944363f5092ff8d58f59faee61105ce7c64c1
QUIC IETF
    [Packet Length: 55]
    QUIC Short Header DCID=fe66db09d90af891
        0... .... = Header Form: Short Header (0)
        .1.. .... = Fixed Bit: True
        ..1. .... = Spin Bit: True
        Destination Connection ID: fe66db09d90af891
    Remaining Payload: 466956f157100389eb035e8500fa94ee9ff6b258dc0731f7af318a167ee25ba1b9c993d7a512a924fc5287f74be6

Frame 107: Packet, 116 bytes on wire (928 bits), 116 bytes captured (928 bits) on interface \Device\NPF_{9B9257DC-FAC1-4993-B12F-136D7BA5E874}, id 0
    Section number: 1
    Interface id: 0 (\Device\NPF_{9B9257DC-FAC1-4993-B12F-136D7BA5E874})
        Interface name: \Device\NPF_{9B9257DC-FAC1-4993-B12F-136D7BA5E874}
        Interface description: Wi-Fi
    Encapsulation type: Ethernet (1)
    Arrival Time: Apr  9, 2026 18:28:54.506595100 India Standard Time
    UTC Arrival Time: Apr  9, 2026 12:58:54.506595100 UTC
    Epoch Arrival Time: 1775739534.506595100
    [Time shift for this packet: 0.000000000 seconds]
    [Time delta from previous captured frame: 28.800 microseconds]
    [Time delta from previous displayed frame: 28.800 microseconds]
    [Time since reference or first frame: 1.084736700 seconds]
    Frame Number: 107
    Frame Length: 116 bytes (928 bits)
    Capture Length: 116 bytes (928 bits)
    [Frame is marked: False]
    [Frame is ignored: False]
    [Protocols in frame: eth:ethertype:ip:udp:quic]
    Character encoding: ASCII (0)
Ethernet II, Src: 96:77:0b:05:d4:0b (96:77:0b:05:d4:0b), Dst: HewlettPacka_3a:cc:1d (28:92:4a:3a:cc:1d)
    Destination: HewlettPacka_3a:cc:1d (28:92:4a:3a:cc:1d)
        .... ..0. .... .... .... .... = LG bit: Globally unique address (factory default)
        .... ...0 .... .... .... .... = IG bit: Individual address (unicast)
    Source: 96:77:0b:05:d4:0b (96:77:0b:05:d4:0b)
        .... ..1. .... .... .... .... = LG bit: Locally administered address (this is NOT the factory default)
        .... ...0 .... .... .... .... = IG bit: Individual address (unicast)
    Type: IPv4 (0x0800)
    [Stream index: 0]
Internet Protocol Version 4, Src: 172.16.90.227, Dst: 34.107.243.93
    0100 .... = Version: 4
    .... 0101 = Header Length: 20 bytes (5)
    Differentiated Services Field: 0x00 (DSCP: CS0, ECN: Not-ECT)
        0000 00.. = Differentiated Services Codepoint: Default (0)
        .... ..00 = Explicit Congestion Notification: Not ECN-Capable Transport (0)
    Total Length: 102
    Identification: 0xc716 (50966)
    010. .... = Flags: 0x2, Don't fragment
        0... .... = Reserved bit: Not set
        .1.. .... = Don't fragment: Set
        ..0. .... = More fragments: Not set
    ...0 0000 0000 0000 = Fragment Offset: 0
    Time to Live: 128
    Protocol: UDP (17)
    Header Checksum: 0x0000 [validation disabled]
    [Header checksum status: Unverified]
    Source Address: 172.16.90.227
    Destination Address: 34.107.243.93
    [Stream index: 4]
User Datagram Protocol, Src Port: 50492, Dst Port: 443
    Source Port: 50492
    Destination Port: 443
    Length: 82
    Checksum: 0x1d20 [unverified]
    [Checksum Status: Unverified]
    [Stream index: 4]
    [Stream Packet Number: 11]
    [Timestamps]
        [Time since first frame: 27.046900 milliseconds]
        [Time since previous frame: 28.800 microseconds]
    UDP payload (74 bytes)
QUIC IETF
    QUIC Connection information
        [Connection Number: 3]
    [Packet Length: 74]
    QUIC Short Header DCID=fe66db09d90af891
        0... .... = Header Form: Short Header (0)
        .1.. .... = Fixed Bit: True
        ..1. .... = Spin Bit: True
        Destination Connection ID: fe66db09d90af891
    Remaining Payload: 7e5b7d42c08420f5e1f908a0d895e87ecb42c3ecac33de19e67153cf55173b248bc5772c4dd27ad4dd73f7b31860948d30e772c63071134b8882c9e32c7efc2730

Frame 108: Packet, 617 bytes on wire (4936 bits), 617 bytes captured (4936 bits) on interface \Device\NPF_{9B9257DC-FAC1-4993-B12F-136D7BA5E874}, id 0
    Section number: 1
    Interface id: 0 (\Device\NPF_{9B9257DC-FAC1-4993-B12F-136D7BA5E874})
        Interface name: \Device\NPF_{9B9257DC-FAC1-4993-B12F-136D7BA5E874}
        Interface description: Wi-Fi
    Encapsulation type: Ethernet (1)
    Arrival Time: Apr  9, 2026 18:28:54.529612800 India Standard Time
    UTC Arrival Time: Apr  9, 2026 12:58:54.529612800 UTC
    Epoch Arrival Time: 1775739534.529612800
    [Time shift for this packet: 0.000000000 seconds]
    [Time delta from previous captured frame: 23.017700 milliseconds]
    [Time delta from previous displayed frame: 23.017700 milliseconds]
    [Time since reference or first frame: 1.107754400 seconds]
    Frame Number: 108
    Frame Length: 617 bytes (4936 bits)
    Capture Length: 617 bytes (4936 bits)
    [Frame is marked: False]
    [Frame is ignored: False]
    [Protocols in frame: eth:ethertype:vlan:ethertype:ip:udp:quic]
    Character encoding: ASCII (0)
Ethernet II, Src: HewlettPacka_3a:cc:1d (28:92:4a:3a:cc:1d), Dst: 96:77:0b:05:d4:0b (96:77:0b:05:d4:0b)
    Destination: 96:77:0b:05:d4:0b (96:77:0b:05:d4:0b)
        .... ..1. .... .... .... .... = LG bit: Locally administered address (this is NOT the factory default)
        .... ...0 .... .... .... .... = IG bit: Individual address (unicast)
    Source: HewlettPacka_3a:cc:1d (28:92:4a:3a:cc:1d)
        .... ..0. .... .... .... .... = LG bit: Globally unique address (factory default)
        .... ...0 .... .... .... .... = IG bit: Individual address (unicast)
    Type: 802.1Q Virtual LAN (0x8100)
    [Stream index: 0]
802.1Q Virtual LAN, PRI: 0, DEI: 0, ID: 0
    000. .... .... .... = Priority: Best Effort (default) (0)
    ...0 .... .... .... = DEI: Ineligible
    .... 0000 0000 0000 = ID: 0
    Type: IPv4 (0x0800)
Internet Protocol Version 4, Src: 34.107.243.93, Dst: 172.16.90.227
    0100 .... = Version: 4
    .... 0101 = Header Length: 20 bytes (5)
    Differentiated Services Field: 0xb8 (DSCP: EF, ECN: Not-ECT)
        1011 10.. = Differentiated Services Codepoint: Expedited Forwarding (46)
        .... ..00 = Explicit Congestion Notification: Not ECN-Capable Transport (0)
    Total Length: 599
    Identification: 0x0000 (0)
    010. .... = Flags: 0x2, Don't fragment
        0... .... = Reserved bit: Not set
        .1.. .... = Don't fragment: Set
        ..0. .... = More fragments: Not set
    ...0 0000 0000 0000 = Fragment Offset: 0
    Time to Live: 57
    Protocol: UDP (17)
    Header Checksum: 0x2222 [validation disabled]
    [Header checksum status: Unverified]
    Source Address: 34.107.243.93
    Destination Address: 172.16.90.227
    [Stream index: 4]
User Datagram Protocol, Src Port: 443, Dst Port: 50492
    Source Port: 443
    Destination Port: 50492
    Length: 579
    Checksum: 0xe135 [unverified]
    [Checksum Status: Unverified]
    [Stream index: 4]
    [Stream Packet Number: 12]
    [Timestamps]
        [Time since first frame: 50.064600 milliseconds]
        [Time since previous frame: 23.017700 milliseconds]
    UDP payload (571 bytes)
QUIC IETF
    QUIC Connection information
        [Connection Number: 3]
    [Packet Length: 571]
    QUIC Short Header DCID=517623
        0... .... = Header Form: Short Header (0)
        .1.. .... = Fixed Bit: True
        ..0. .... = Spin Bit: False
        Destination Connection ID: 517623
    Remaining Payload […]: 5e6795621bb4685782e8520b6e3baac5b49031b936f10d705c09090c92d8c591e31759c0c7d4fa161775dea12f51ace702bec820acc0f0c0506bfc14719696b50ae346b57cc10ef0f7bd89e376e7b369465f41306f689271d650d579c2884a7bc8391073cae41eb2f66e18

Frame 109: Packet, 170 bytes on wire (1360 bits), 170 bytes captured (1360 bits) on interface \Device\NPF_{9B9257DC-FAC1-4993-B12F-136D7BA5E874}, id 0
    Section number: 1
    Interface id: 0 (\Device\NPF_{9B9257DC-FAC1-4993-B12F-136D7BA5E874})
        Interface name: \Device\NPF_{9B9257DC-FAC1-4993-B12F-136D7BA5E874}
        Interface description: Wi-Fi
    Encapsulation type: Ethernet (1)
    Arrival Time: Apr  9, 2026 18:28:54.529671700 India Standard Time
    UTC Arrival Time: Apr  9, 2026 12:58:54.529671700 UTC
    Epoch Arrival Time: 1775739534.529671700
    [Time shift for this packet: 0.000000000 seconds]
    [Time delta from previous captured frame: 58.900 microseconds]
    [Time delta from previous displayed frame: 58.900 microseconds]
    [Time since reference or first frame: 1.107813300 seconds]
    Frame Number: 109
    Frame Length: 170 bytes (1360 bits)
    Capture Length: 170 bytes (1360 bits)
    [Frame is marked: False]
    [Frame is ignored: False]
    [Protocols in frame: eth:ethertype:vlan:ethertype:ip:udp:quic]
    Character encoding: ASCII (0)
Ethernet II, Src: HewlettPacka_3a:cc:1d (28:92:4a:3a:cc:1d), Dst: 96:77:0b:05:d4:0b (96:77:0b:05:d4:0b)
    Destination: 96:77:0b:05:d4:0b (96:77:0b:05:d4:0b)
        .... ..1. .... .... .... .... = LG bit: Locally administered address (this is NOT the factory default)
        .... ...0 .... .... .... .... = IG bit: Individual address (unicast)
    Source: HewlettPacka_3a:cc:1d (28:92:4a:3a:cc:1d)
        .... ..0. .... .... .... .... = LG bit: Globally unique address (factory default)
        .... ...0 .... .... .... .... = IG bit: Individual address (unicast)
    Type: 802.1Q Virtual LAN (0x8100)
    [Stream index: 0]
802.1Q Virtual LAN, PRI: 0, DEI: 0, ID: 0
    000. .... .... .... = Priority: Best Effort (default) (0)
    ...0 .... .... .... = DEI: Ineligible
    .... 0000 0000 0000 = ID: 0
    Type: IPv4 (0x0800)
Internet Protocol Version 4, Src: 34.107.243.93, Dst: 172.16.90.227
    0100 .... = Version: 4
    .... 0101 = Header Length: 20 bytes (5)
    Differentiated Services Field: 0xb8 (DSCP: EF, ECN: Not-ECT)
        1011 10.. = Differentiated Services Codepoint: Expedited Forwarding (46)
        .... ..00 = Explicit Congestion Notification: Not ECN-Capable Transport (0)
    Total Length: 152
    Identification: 0x0000 (0)
    010. .... = Flags: 0x2, Don't fragment
        0... .... = Reserved bit: Not set
        .1.. .... = Don't fragment: Set
        ..0. .... = More fragments: Not set
    ...0 0000 0000 0000 = Fragment Offset: 0
    Time to Live: 57
    Protocol: UDP (17)
    Header Checksum: 0x23e1 [validation disabled]
    [Header checksum status: Unverified]
    Source Address: 34.107.243.93
    Destination Address: 172.16.90.227
    [Stream index: 4]
User Datagram Protocol, Src Port: 443, Dst Port: 50492
    Source Port: 443
    Destination Port: 50492
    Length: 132
    Checksum: 0x67db [unverified]
    [Checksum Status: Unverified]
    [Stream index: 4]
    [Stream Packet Number: 13]
    [Timestamps]
        [Time since first frame: 50.123500 milliseconds]
        [Time since previous frame: 58.900 microseconds]
    UDP payload (124 bytes)
QUIC IETF
    QUIC Connection information
        [Connection Number: 3]
    [Packet Length: 124]
    QUIC Short Header DCID=517623
        0... .... = Header Form: Short Header (0)
        .1.. .... = Fixed Bit: True
        ..0. .... = Spin Bit: False
        Destination Connection ID: 517623
    Remaining Payload […]: 8a14f99d31100cd2a1fae5d20114bf6b5368b9fb3b25a8abe80046f0916f87cc18de4bb9955c4cb08abca0d481162d2378b79efef50392c12f9dd80a9da5c9198d88ef4e7c281e63edb52fc7c196f0e29421ee0b83114126836bc13bde4f88d6e444c5166dd441ff18590f

Frame 110: Packet, 72 bytes on wire (576 bits), 72 bytes captured (576 bits) on interface \Device\NPF_{9B9257DC-FAC1-4993-B12F-136D7BA5E874}, id 0
    Section number: 1
    Interface id: 0 (\Device\NPF_{9B9257DC-FAC1-4993-B12F-136D7BA5E874})
        Interface name: \Device\NPF_{9B9257DC-FAC1-4993-B12F-136D7BA5E874}
        Interface description: Wi-Fi
    Encapsulation type: Ethernet (1)
    Arrival Time: Apr  9, 2026 18:28:54.529671700 India Standard Time
    UTC Arrival Time: Apr  9, 2026 12:58:54.529671700 UTC
    Epoch Arrival Time: 1775739534.529671700
    [Time shift for this packet: 0.000000000 seconds]
    [Time delta from previous captured frame: 0.000000000 seconds]
    [Time delta from previous displayed frame: 0.000000000 seconds]
    [Time since reference or first frame: 1.107813300 seconds]
    Frame Number: 110
    Frame Length: 72 bytes (576 bits)
    Capture Length: 72 bytes (576 bits)
    [Frame is marked: False]
    [Frame is ignored: False]
    [Protocols in frame: eth:ethertype:vlan:ethertype:ip:udp:quic]
    Character encoding: ASCII (0)
Ethernet II, Src: HewlettPacka_3a:cc:1d (28:92:4a:3a:cc:1d), Dst: 96:77:0b:05:d4:0b (96:77:0b:05:d4:0b)
    Destination: 96:77:0b:05:d4:0b (96:77:0b:05:d4:0b)
        .... ..1. .... .... .... .... = LG bit: Locally administered address (this is NOT the factory default)
        .... ...0 .... .... .... .... = IG bit: Individual address (unicast)
    Source: HewlettPacka_3a:cc:1d (28:92:4a:3a:cc:1d)
        .... ..0. .... .... .... .... = LG bit: Globally unique address (factory default)
        .... ...0 .... .... .... .... = IG bit: Individual address (unicast)
    Type: 802.1Q Virtual LAN (0x8100)
    [Stream index: 0]
802.1Q Virtual LAN, PRI: 0, DEI: 0, ID: 0
    000. .... .... .... = Priority: Best Effort (default) (0)
    ...0 .... .... .... = DEI: Ineligible
    .... 0000 0000 0000 = ID: 0
    Type: IPv4 (0x0800)
Internet Protocol Version 4, Src: 34.107.243.93, Dst: 172.16.90.227
    0100 .... = Version: 4
    .... 0101 = Header Length: 20 bytes (5)
    Differentiated Services Field: 0xb8 (DSCP: EF, ECN: Not-ECT)
        1011 10.. = Differentiated Services Codepoint: Expedited Forwarding (46)
        .... ..00 = Explicit Congestion Notification: Not ECN-Capable Transport (0)
    Total Length: 54
    Identification: 0x0000 (0)
    010. .... = Flags: 0x2, Don't fragment
        0... .... = Reserved bit: Not set
        .1.. .... = Don't fragment: Set
        ..0. .... = More fragments: Not set
    ...0 0000 0000 0000 = Fragment Offset: 0
    Time to Live: 57
    Protocol: UDP (17)
    Header Checksum: 0x2443 [validation disabled]
    [Header checksum status: Unverified]
    Source Address: 34.107.243.93
    Destination Address: 172.16.90.227
    [Stream index: 4]
User Datagram Protocol, Src Port: 443, Dst Port: 50492
    Source Port: 443
    Destination Port: 50492
    Length: 34
    Checksum: 0xbee1 [unverified]
    [Checksum Status: Unverified]
    [Stream index: 4]
    [Stream Packet Number: 14]
    [Timestamps]
        [Time since first frame: 50.123500 milliseconds]
        [Time since previous frame: 0.000000000 seconds]
    UDP payload (26 bytes)
QUIC IETF
    QUIC Connection information
        [Connection Number: 3]
    [Packet Length: 26]
    QUIC Short Header DCID=517623
        0... .... = Header Form: Short Header (0)
        .1.. .... = Fixed Bit: True
        ..0. .... = Spin Bit: False
        Destination Connection ID: 517623
    Remaining Payload: 6a06c2a20f25e6c5caad38d4356cffa408254e3cdf16

Frame 111: Packet, 73 bytes on wire (584 bits), 73 bytes captured (584 bits) on interface \Device\NPF_{9B9257DC-FAC1-4993-B12F-136D7BA5E874}, id 0
    Section number: 1
    Interface id: 0 (\Device\NPF_{9B9257DC-FAC1-4993-B12F-136D7BA5E874})
        Interface name: \Device\NPF_{9B9257DC-FAC1-4993-B12F-136D7BA5E874}
        Interface description: Wi-Fi
    Encapsulation type: Ethernet (1)
    Arrival Time: Apr  9, 2026 18:28:54.530396800 India Standard Time
    UTC Arrival Time: Apr  9, 2026 12:58:54.530396800 UTC
    Epoch Arrival Time: 1775739534.530396800
    [Time shift for this packet: 0.000000000 seconds]
    [Time delta from previous captured frame: 725.100 microseconds]
    [Time delta from previous displayed frame: 725.100 microseconds]
    [Time since reference or first frame: 1.108538400 seconds]
    Frame Number: 111
    Frame Length: 73 bytes (584 bits)
    Capture Length: 73 bytes (584 bits)
    [Frame is marked: False]
    [Frame is ignored: False]
    [Protocols in frame: eth:ethertype:ip:udp:quic]
    Character encoding: ASCII (0)
Ethernet II, Src: 96:77:0b:05:d4:0b (96:77:0b:05:d4:0b), Dst: HewlettPacka_3a:cc:1d (28:92:4a:3a:cc:1d)
    Destination: HewlettPacka_3a:cc:1d (28:92:4a:3a:cc:1d)
        .... ..0. .... .... .... .... = LG bit: Globally unique address (factory default)
        .... ...0 .... .... .... .... = IG bit: Individual address (unicast)
    Source: 96:77:0b:05:d4:0b (96:77:0b:05:d4:0b)
        .... ..1. .... .... .... .... = LG bit: Locally administered address (this is NOT the factory default)
        .... ...0 .... .... .... .... = IG bit: Individual address (unicast)
    Type: IPv4 (0x0800)
    [Stream index: 0]
Internet Protocol Version 4, Src: 172.16.90.227, Dst: 34.107.243.93
    0100 .... = Version: 4
    .... 0101 = Header Length: 20 bytes (5)
    Differentiated Services Field: 0x02 (DSCP: CS0, ECN: ECT(0))
        0000 00.. = Differentiated Services Codepoint: Default (0)
        .... ..10 = Explicit Congestion Notification: ECN-Capable Transport codepoint '10' (2)
    Total Length: 59
    Identification: 0xc717 (50967)
    010. .... = Flags: 0x2, Don't fragment
        0... .... = Reserved bit: Not set
        .1.. .... = Don't fragment: Set
        ..0. .... = More fragments: Not set
    ...0 0000 0000 0000 = Fragment Offset: 0
    Time to Live: 128
    Protocol: UDP (17)
    Header Checksum: 0x0000 [validation disabled]
    [Header checksum status: Unverified]
    Source Address: 172.16.90.227
    Destination Address: 34.107.243.93
    [Stream index: 4]
User Datagram Protocol, Src Port: 50492, Dst Port: 443
    Source Port: 50492
    Destination Port: 443
    Length: 39
    Checksum: 0x1cf5 [unverified]
    [Checksum Status: Unverified]
    [Stream index: 4]
    [Stream Packet Number: 15]
    [Timestamps]
        [Time since first frame: 50.848600 milliseconds]
        [Time since previous frame: 725.100 microseconds]
    UDP payload (31 bytes)
QUIC IETF
    QUIC Connection information
        [Connection Number: 3]
    [Packet Length: 31]
    QUIC Short Header DCID=fe66db09d90af891
        0... .... = Header Form: Short Header (0)
        .1.. .... = Fixed Bit: True
        ..0. .... = Spin Bit: False
        Destination Connection ID: fe66db09d90af891
    Remaining Payload: 2195dc74737b356b011f4ba81100e2e25a8b73133a95

Frame 112: Packet, 1140 bytes on wire (9120 bits), 1140 bytes captured (9120 bits) on interface \Device\NPF_{9B9257DC-FAC1-4993-B12F-136D7BA5E874}, id 0
    Section number: 1
    Interface id: 0 (\Device\NPF_{9B9257DC-FAC1-4993-B12F-136D7BA5E874})
        Interface name: \Device\NPF_{9B9257DC-FAC1-4993-B12F-136D7BA5E874}
        Interface description: Wi-Fi
    Encapsulation type: Ethernet (1)
    Arrival Time: Apr  9, 2026 18:28:55.044469500 India Standard Time
    UTC Arrival Time: Apr  9, 2026 12:58:55.044469500 UTC
    Epoch Arrival Time: 1775739535.044469500
    [Time shift for this packet: 0.000000000 seconds]
    [Time delta from previous captured frame: 514.072700 milliseconds]
    [Time delta from previous displayed frame: 514.072700 milliseconds]
    [Time since reference or first frame: 1.622611100 seconds]
    Frame Number: 112
    Frame Length: 1140 bytes (9120 bits)
    Capture Length: 1140 bytes (9120 bits)
    [Frame is marked: False]
    [Frame is ignored: False]
    [Protocols in frame: eth:ethertype:ip:udp:quic]
    Character encoding: ASCII (0)
Ethernet II, Src: 96:77:0b:05:d4:0b (96:77:0b:05:d4:0b), Dst: HewlettPacka_3a:cc:1d (28:92:4a:3a:cc:1d)
    Destination: HewlettPacka_3a:cc:1d (28:92:4a:3a:cc:1d)
        .... ..0. .... .... .... .... = LG bit: Globally unique address (factory default)
        .... ...0 .... .... .... .... = IG bit: Individual address (unicast)
    Source: 96:77:0b:05:d4:0b (96:77:0b:05:d4:0b)
        .... ..1. .... .... .... .... = LG bit: Locally administered address (this is NOT the factory default)
        .... ...0 .... .... .... .... = IG bit: Individual address (unicast)
    Type: IPv4 (0x0800)
    [Stream index: 0]
Internet Protocol Version 4, Src: 172.16.90.227, Dst: 104.16.123.96
    0100 .... = Version: 4
    .... 0101 = Header Length: 20 bytes (5)
    Differentiated Services Field: 0x02 (DSCP: CS0, ECN: ECT(0))
        0000 00.. = Differentiated Services Codepoint: Default (0)
        .... ..10 = Explicit Congestion Notification: ECN-Capable Transport codepoint '10' (2)
    Total Length: 1126
    Identification: 0xb435 (46133)
    010. .... = Flags: 0x2, Don't fragment
        0... .... = Reserved bit: Not set
        .1.. .... = Don't fragment: Set
        ..0. .... = More fragments: Not set
    ...0 0000 0000 0000 = Fragment Offset: 0
    Time to Live: 128
    Protocol: UDP (17)
    Header Checksum: 0x0000 [validation disabled]
    [Header checksum status: Unverified]
    Source Address: 172.16.90.227
    Destination Address: 104.16.123.96
    [Stream index: 2]
User Datagram Protocol, Src Port: 50490, Dst Port: 443
    Source Port: 50490
    Destination Port: 443
    Length: 1106
    Checksum: 0xeec7 [unverified]
    [Checksum Status: Unverified]
    [Stream index: 2]
    [Stream Packet Number: 30]
    [Timestamps]
        [Time since first frame: 1.108556200 seconds]
        [Time since previous frame: 973.965900 milliseconds]
    UDP payload (1098 bytes)
QUIC IETF
    QUIC Connection information
        [Connection Number: 1]
    [Packet Length: 1098]
    QUIC Short Header DCID=01bcae2b54a62e8966be502b5ea6320b35bc87d8
        0... .... = Header Form: Short Header (0)
        .1.. .... = Fixed Bit: True
        ..1. .... = Spin Bit: True
        Destination Connection ID: 01bcae2b54a62e8966be502b5ea6320b35bc87d8
    Remaining Payload […]: b49ebcee61572040a400f7be06627e201a509f91ae26c22f752de34bc0943fc140e53876c7c1ebedfb1c0a7cc1e4a0489a4a3771010de1ca4d9a4a0c09e0ba32aecbec99bb075592d5d573c5f60a99422452f91000f38c77bb98d4c785b843f21c505ca61a05f53c0e03c8

Frame 113: Packet, 69 bytes on wire (552 bits), 69 bytes captured (552 bits) on interface \Device\NPF_{9B9257DC-FAC1-4993-B12F-136D7BA5E874}, id 0
    Section number: 1
    Interface id: 0 (\Device\NPF_{9B9257DC-FAC1-4993-B12F-136D7BA5E874})
        Interface name: \Device\NPF_{9B9257DC-FAC1-4993-B12F-136D7BA5E874}
        Interface description: Wi-Fi
    Encapsulation type: Ethernet (1)
    Arrival Time: Apr  9, 2026 18:28:55.051143600 India Standard Time
    UTC Arrival Time: Apr  9, 2026 12:58:55.051143600 UTC
    Epoch Arrival Time: 1775739535.051143600
    [Time shift for this packet: 0.000000000 seconds]
    [Time delta from previous captured frame: 6.674100 milliseconds]
    [Time delta from previous displayed frame: 6.674100 milliseconds]
    [Time since reference or first frame: 1.629285200 seconds]
    Frame Number: 113
    Frame Length: 69 bytes (552 bits)
    Capture Length: 69 bytes (552 bits)
    [Frame is marked: False]
    [Frame is ignored: False]
    [Protocols in frame: eth:ethertype:ip:udp:quic]
    Character encoding: ASCII (0)
Ethernet II, Src: HewlettPacka_3a:cc:1d (28:92:4a:3a:cc:1d), Dst: 96:77:0b:05:d4:0b (96:77:0b:05:d4:0b)
    Destination: 96:77:0b:05:d4:0b (96:77:0b:05:d4:0b)
        .... ..1. .... .... .... .... = LG bit: Locally administered address (this is NOT the factory default)
        .... ...0 .... .... .... .... = IG bit: Individual address (unicast)
    Source: HewlettPacka_3a:cc:1d (28:92:4a:3a:cc:1d)
        .... ..0. .... .... .... .... = LG bit: Globally unique address (factory default)
        .... ...0 .... .... .... .... = IG bit: Individual address (unicast)
    Type: IPv4 (0x0800)
    [Stream index: 0]
Internet Protocol Version 4, Src: 104.16.123.96, Dst: 172.16.90.227
    0100 .... = Version: 4
    .... 0101 = Header Length: 20 bytes (5)
    Differentiated Services Field: 0x88 (DSCP: AF41, ECN: Not-ECT)
        1000 10.. = Differentiated Services Codepoint: Assured Forwarding 41 (34)
        .... ..00 = Explicit Congestion Notification: Not ECN-Capable Transport (0)
    Total Length: 55
    Identification: 0x0000 (0)
    010. .... = Flags: 0x2, Don't fragment
        0... .... = Reserved bit: Not set
        .1.. .... = Don't fragment: Set
        ..0. .... = More fragments: Not set
    ...0 0000 0000 0000 = Fragment Offset: 0
    Time to Live: 57
    Protocol: UDP (17)
    Header Checksum: 0x56ca [validation disabled]
    [Header checksum status: Unverified]
    Source Address: 104.16.123.96
    Destination Address: 172.16.90.227
    [Stream index: 2]
User Datagram Protocol, Src Port: 443, Dst Port: 50490
    Source Port: 443
    Destination Port: 50490
    Length: 35
    Checksum: 0xd1ee [unverified]
    [Checksum Status: Unverified]
    [Stream index: 2]
    [Stream Packet Number: 31]
    [Timestamps]
        [Time since first frame: 1.115230300 seconds]
        [Time since previous frame: 6.674100 milliseconds]
    UDP payload (27 bytes)
QUIC IETF
    QUIC Connection information
        [Connection Number: 1]
    [Packet Length: 27]
    QUIC Short Header DCID=95a10c
        0... .... = Header Form: Short Header (0)
        .1.. .... = Fixed Bit: True
        ..0. .... = Spin Bit: False
        Destination Connection ID: 95a10c
    Remaining Payload: 2e57d11a3d9b6fad76c9cf3f095f269b162960840351f2

Frame 114: Packet, 622 bytes on wire (4976 bits), 622 bytes captured (4976 bits) on interface \Device\NPF_{9B9257DC-FAC1-4993-B12F-136D7BA5E874}, id 0
    Section number: 1
    Interface id: 0 (\Device\NPF_{9B9257DC-FAC1-4993-B12F-136D7BA5E874})
        Interface name: \Device\NPF_{9B9257DC-FAC1-4993-B12F-136D7BA5E874}
        Interface description: Wi-Fi
    Encapsulation type: Ethernet (1)
    Arrival Time: Apr  9, 2026 18:28:55.118065000 India Standard Time
    UTC Arrival Time: Apr  9, 2026 12:58:55.118065000 UTC
    Epoch Arrival Time: 1775739535.118065000
    [Time shift for this packet: 0.000000000 seconds]
    [Time delta from previous captured frame: 66.921400 milliseconds]
    [Time delta from previous displayed frame: 66.921400 milliseconds]
    [Time since reference or first frame: 1.696206600 seconds]
    Frame Number: 114
    Frame Length: 622 bytes (4976 bits)
    Capture Length: 622 bytes (4976 bits)
    [Frame is marked: False]
    [Frame is ignored: False]
    [Protocols in frame: eth:ethertype:ip:udp:quic]
    Character encoding: ASCII (0)
Ethernet II, Src: HewlettPacka_3a:cc:1d (28:92:4a:3a:cc:1d), Dst: 96:77:0b:05:d4:0b (96:77:0b:05:d4:0b)
    Destination: 96:77:0b:05:d4:0b (96:77:0b:05:d4:0b)
        .... ..1. .... .... .... .... = LG bit: Locally administered address (this is NOT the factory default)
        .... ...0 .... .... .... .... = IG bit: Individual address (unicast)
    Source: HewlettPacka_3a:cc:1d (28:92:4a:3a:cc:1d)
        .... ..0. .... .... .... .... = LG bit: Globally unique address (factory default)
        .... ...0 .... .... .... .... = IG bit: Individual address (unicast)
    Type: IPv4 (0x0800)
    [Stream index: 0]
Internet Protocol Version 4, Src: 104.16.123.96, Dst: 172.16.90.227
    0100 .... = Version: 4
    .... 0101 = Header Length: 20 bytes (5)
    Differentiated Services Field: 0x88 (DSCP: AF41, ECN: Not-ECT)
        1000 10.. = Differentiated Services Codepoint: Assured Forwarding 41 (34)
        .... ..00 = Explicit Congestion Notification: Not ECN-Capable Transport (0)
    Total Length: 608
    Identification: 0x0000 (0)
    010. .... = Flags: 0x2, Don't fragment
        0... .... = Reserved bit: Not set
        .1.. .... = Don't fragment: Set
        ..0. .... = More fragments: Not set
    ...0 0000 0000 0000 = Fragment Offset: 0
    Time to Live: 57
    Protocol: UDP (17)
    Header Checksum: 0x54a1 [validation disabled]
    [Header checksum status: Unverified]
    Source Address: 104.16.123.96
    Destination Address: 172.16.90.227
    [Stream index: 2]
User Datagram Protocol, Src Port: 443, Dst Port: 50490
    Source Port: 443
    Destination Port: 50490
    Length: 588
    Checksum: 0x5818 [unverified]
    [Checksum Status: Unverified]
    [Stream index: 2]
    [Stream Packet Number: 32]
    [Timestamps]
        [Time since first frame: 1.182151700 seconds]
        [Time since previous frame: 66.921400 milliseconds]
    UDP payload (580 bytes)
QUIC IETF
    QUIC Connection information
        [Connection Number: 1]
    [Packet Length: 580]
    QUIC Short Header DCID=95a10c
        0... .... = Header Form: Short Header (0)
        .1.. .... = Fixed Bit: True
        ..0. .... = Spin Bit: False
        Destination Connection ID: 95a10c
    Remaining Payload […]: eea572316ddf77d9179c61386988d2612f2d110a32d0b95dc756d4d5a523c201697ec579fabcfd712d4c7a7b3419d2b7f424ab39f4ca32ced43b2ac8a92d5d8eedbd114ed298c37eb41e2e55f336fe4af6931685760ff2109b6385512c78dfa9105ca51d196d0dd16a7b82

Frame 115: Packet, 85 bytes on wire (680 bits), 85 bytes captured (680 bits) on interface \Device\NPF_{9B9257DC-FAC1-4993-B12F-136D7BA5E874}, id 0
    Section number: 1
    Interface id: 0 (\Device\NPF_{9B9257DC-FAC1-4993-B12F-136D7BA5E874})
        Interface name: \Device\NPF_{9B9257DC-FAC1-4993-B12F-136D7BA5E874}
        Interface description: Wi-Fi
    Encapsulation type: Ethernet (1)
    Arrival Time: Apr  9, 2026 18:28:55.118376900 India Standard Time
    UTC Arrival Time: Apr  9, 2026 12:58:55.118376900 UTC
    Epoch Arrival Time: 1775739535.118376900
    [Time shift for this packet: 0.000000000 seconds]
    [Time delta from previous captured frame: 311.900 microseconds]
    [Time delta from previous displayed frame: 311.900 microseconds]
    [Time since reference or first frame: 1.696518500 seconds]
    Frame Number: 115
    Frame Length: 85 bytes (680 bits)
    Capture Length: 85 bytes (680 bits)
    [Frame is marked: False]
    [Frame is ignored: False]
    [Protocols in frame: eth:ethertype:ip:udp:quic]
    Character encoding: ASCII (0)
Ethernet II, Src: 96:77:0b:05:d4:0b (96:77:0b:05:d4:0b), Dst: HewlettPacka_3a:cc:1d (28:92:4a:3a:cc:1d)
    Destination: HewlettPacka_3a:cc:1d (28:92:4a:3a:cc:1d)
        .... ..0. .... .... .... .... = LG bit: Globally unique address (factory default)
        .... ...0 .... .... .... .... = IG bit: Individual address (unicast)
    Source: 96:77:0b:05:d4:0b (96:77:0b:05:d4:0b)
        .... ..1. .... .... .... .... = LG bit: Locally administered address (this is NOT the factory default)
        .... ...0 .... .... .... .... = IG bit: Individual address (unicast)
    Type: IPv4 (0x0800)
    [Stream index: 0]
Internet Protocol Version 4, Src: 172.16.90.227, Dst: 104.16.123.96
    0100 .... = Version: 4
    .... 0101 = Header Length: 20 bytes (5)
    Differentiated Services Field: 0x02 (DSCP: CS0, ECN: ECT(0))
        0000 00.. = Differentiated Services Codepoint: Default (0)
        .... ..10 = Explicit Congestion Notification: ECN-Capable Transport codepoint '10' (2)
    Total Length: 71
    Identification: 0xb436 (46134)
    010. .... = Flags: 0x2, Don't fragment
        0... .... = Reserved bit: Not set
        .1.. .... = Don't fragment: Set
        ..0. .... = More fragments: Not set
    ...0 0000 0000 0000 = Fragment Offset: 0
    Time to Live: 128
    Protocol: UDP (17)
    Header Checksum: 0x0000 [validation disabled]
    [Header checksum status: Unverified]
    Source Address: 172.16.90.227
    Destination Address: 104.16.123.96
    [Stream index: 2]
User Datagram Protocol, Src Port: 50490, Dst Port: 443
    Source Port: 50490
    Destination Port: 443
    Length: 51
    Checksum: 0xeaa8 [unverified]
    [Checksum Status: Unverified]
    [Stream index: 2]
    [Stream Packet Number: 33]
    [Timestamps]
        [Time since first frame: 1.182463600 seconds]
        [Time since previous frame: 311.900 microseconds]
    UDP payload (43 bytes)
QUIC IETF
    QUIC Connection information
        [Connection Number: 1]
    [Packet Length: 43]
    QUIC Short Header DCID=01bcae2b54a62e8966be502b5ea6320b35bc87d8
        0... .... = Header Form: Short Header (0)
        .1.. .... = Fixed Bit: True
        ..1. .... = Spin Bit: True
        Destination Connection ID: 01bcae2b54a62e8966be502b5ea6320b35bc87d8
    Remaining Payload: 9547c6a70da8ffa5d3246cce62ed1e9e7df787a0b910

Frame 116: Packet, 627 bytes on wire (5016 bits), 627 bytes captured (5016 bits) on interface \Device\NPF_{9B9257DC-FAC1-4993-B12F-136D7BA5E874}, id 0
    Section number: 1
    Interface id: 0 (\Device\NPF_{9B9257DC-FAC1-4993-B12F-136D7BA5E874})
        Interface name: \Device\NPF_{9B9257DC-FAC1-4993-B12F-136D7BA5E874}
        Interface description: Wi-Fi
    Encapsulation type: Ethernet (1)
    Arrival Time: Apr  9, 2026 18:28:55.118416000 India Standard Time
    UTC Arrival Time: Apr  9, 2026 12:58:55.118416000 UTC
    Epoch Arrival Time: 1775739535.118416000
    [Time shift for this packet: 0.000000000 seconds]
    [Time delta from previous captured frame: 39.100 microseconds]
    [Time delta from previous displayed frame: 39.100 microseconds]
    [Time since reference or first frame: 1.696557600 seconds]
    Frame Number: 116
    Frame Length: 627 bytes (5016 bits)
    Capture Length: 627 bytes (5016 bits)
    [Frame is marked: False]
    [Frame is ignored: False]
    [Protocols in frame: eth:ethertype:ip:udp:quic]
    Character encoding: ASCII (0)
Ethernet II, Src: HewlettPacka_3a:cc:1d (28:92:4a:3a:cc:1d), Dst: 96:77:0b:05:d4:0b (96:77:0b:05:d4:0b)
    Destination: 96:77:0b:05:d4:0b (96:77:0b:05:d4:0b)
        .... ..1. .... .... .... .... = LG bit: Locally administered address (this is NOT the factory default)
        .... ...0 .... .... .... .... = IG bit: Individual address (unicast)
    Source: HewlettPacka_3a:cc:1d (28:92:4a:3a:cc:1d)
        .... ..0. .... .... .... .... = LG bit: Globally unique address (factory default)
        .... ...0 .... .... .... .... = IG bit: Individual address (unicast)
    Type: IPv4 (0x0800)
    [Stream index: 0]
Internet Protocol Version 4, Src: 104.16.123.96, Dst: 172.16.90.227
    0100 .... = Version: 4
    .... 0101 = Header Length: 20 bytes (5)
    Differentiated Services Field: 0x88 (DSCP: AF41, ECN: Not-ECT)
        1000 10.. = Differentiated Services Codepoint: Assured Forwarding 41 (34)
        .... ..00 = Explicit Congestion Notification: Not ECN-Capable Transport (0)
    Total Length: 613
    Identification: 0x0000 (0)
    010. .... = Flags: 0x2, Don't fragment
        0... .... = Reserved bit: Not set
        .1.. .... = Don't fragment: Set
        ..0. .... = More fragments: Not set
    ...0 0000 0000 0000 = Fragment Offset: 0
    Time to Live: 57
    Protocol: UDP (17)
    Header Checksum: 0x549c [validation disabled]
    [Header checksum status: Unverified]
    Source Address: 104.16.123.96
    Destination Address: 172.16.90.227
    [Stream index: 2]
User Datagram Protocol, Src Port: 443, Dst Port: 50490
    Source Port: 443
    Destination Port: 50490
    Length: 593
    Checksum: 0x3046 [unverified]
    [Checksum Status: Unverified]
    [Stream index: 2]
    [Stream Packet Number: 34]
    [Timestamps]
        [Time since first frame: 1.182502700 seconds]
        [Time since previous frame: 39.100 microseconds]
    UDP payload (585 bytes)
QUIC IETF
    QUIC Connection information
        [Connection Number: 1]
    [Packet Length: 585]
    QUIC Short Header DCID=95a10c
        0... .... = Header Form: Short Header (0)
        .1.. .... = Fixed Bit: True
        ..0. .... = Spin Bit: False
        Destination Connection ID: 95a10c
    Remaining Payload […]: 7e05146473fef872ae07e5deda338ef5b7728bacf4d43a96c52dd47fbe8b8dff04f60f5b2a26526e4708ff0eeb008dafd355e2bffc9bf4ebbc4879fe0f5c6c4375abc6b10072ffaf19bfe4027fdb6db72aa5a68c0ee08a86c6cb9178634c0ff19a650cdd8a7bda0ed362c1

Frame 117: Packet, 86 bytes on wire (688 bits), 86 bytes captured (688 bits) on interface \Device\NPF_{9B9257DC-FAC1-4993-B12F-136D7BA5E874}, id 0
    Section number: 1
    Interface id: 0 (\Device\NPF_{9B9257DC-FAC1-4993-B12F-136D7BA5E874})
        Interface name: \Device\NPF_{9B9257DC-FAC1-4993-B12F-136D7BA5E874}
        Interface description: Wi-Fi
    Encapsulation type: Ethernet (1)
    Arrival Time: Apr  9, 2026 18:28:55.138422600 India Standard Time
    UTC Arrival Time: Apr  9, 2026 12:58:55.138422600 UTC
    Epoch Arrival Time: 1775739535.138422600
    [Time shift for this packet: 0.000000000 seconds]
    [Time delta from previous captured frame: 20.006600 milliseconds]
    [Time delta from previous displayed frame: 20.006600 milliseconds]
    [Time since reference or first frame: 1.716564200 seconds]
    Frame Number: 117
    Frame Length: 86 bytes (688 bits)
    Capture Length: 86 bytes (688 bits)
    [Frame is marked: False]
    [Frame is ignored: False]
    [Protocols in frame: eth:ethertype:ip:udp:quic]
    Character encoding: ASCII (0)
Ethernet II, Src: 96:77:0b:05:d4:0b (96:77:0b:05:d4:0b), Dst: HewlettPacka_3a:cc:1d (28:92:4a:3a:cc:1d)
    Destination: HewlettPacka_3a:cc:1d (28:92:4a:3a:cc:1d)
        .... ..0. .... .... .... .... = LG bit: Globally unique address (factory default)
        .... ...0 .... .... .... .... = IG bit: Individual address (unicast)
    Source: 96:77:0b:05:d4:0b (96:77:0b:05:d4:0b)
        .... ..1. .... .... .... .... = LG bit: Locally administered address (this is NOT the factory default)
        .... ...0 .... .... .... .... = IG bit: Individual address (unicast)
    Type: IPv4 (0x0800)
    [Stream index: 0]
Internet Protocol Version 4, Src: 172.16.90.227, Dst: 104.16.123.96
    0100 .... = Version: 4
    .... 0101 = Header Length: 20 bytes (5)
    Differentiated Services Field: 0x02 (DSCP: CS0, ECN: ECT(0))
        0000 00.. = Differentiated Services Codepoint: Default (0)
        .... ..10 = Explicit Congestion Notification: ECN-Capable Transport codepoint '10' (2)
    Total Length: 72
    Identification: 0xb437 (46135)
    010. .... = Flags: 0x2, Don't fragment
        0... .... = Reserved bit: Not set
        .1.. .... = Don't fragment: Set
        ..0. .... = More fragments: Not set
    ...0 0000 0000 0000 = Fragment Offset: 0
    Time to Live: 128
    Protocol: UDP (17)
    Header Checksum: 0x0000 [validation disabled]
    [Header checksum status: Unverified]
    Source Address: 172.16.90.227
    Destination Address: 104.16.123.96
    [Stream index: 2]
User Datagram Protocol, Src Port: 50490, Dst Port: 443
    Source Port: 50490
    Destination Port: 443
    Length: 52
    Checksum: 0xeaa9 [unverified]
    [Checksum Status: Unverified]
    [Stream index: 2]
    [Stream Packet Number: 35]
    [Timestamps]
        [Time since first frame: 1.202509300 seconds]
        [Time since previous frame: 20.006600 milliseconds]
    UDP payload (44 bytes)
QUIC IETF
    QUIC Connection information
        [Connection Number: 1]
    [Packet Length: 44]
    QUIC Short Header DCID=01bcae2b54a62e8966be502b5ea6320b35bc87d8
        0... .... = Header Form: Short Header (0)
        .1.. .... = Fixed Bit: True
        ..0. .... = Spin Bit: False
        Destination Connection ID: 01bcae2b54a62e8966be502b5ea6320b35bc87d8
    Remaining Payload: 105bd7554a02fa6f41741b44c5c84b5cf2fda0320ac7bf

Frame 118: Packet, 1294 bytes on wire (10352 bits), 1294 bytes captured (10352 bits) on interface \Device\NPF_{9B9257DC-FAC1-4993-B12F-136D7BA5E874}, id 0
    Section number: 1
    Interface id: 0 (\Device\NPF_{9B9257DC-FAC1-4993-B12F-136D7BA5E874})
        Interface name: \Device\NPF_{9B9257DC-FAC1-4993-B12F-136D7BA5E874}
        Interface description: Wi-Fi
    Encapsulation type: Ethernet (1)
    Arrival Time: Apr  9, 2026 18:28:55.289846400 India Standard Time
    UTC Arrival Time: Apr  9, 2026 12:58:55.289846400 UTC
    Epoch Arrival Time: 1775739535.289846400
    [Time shift for this packet: 0.000000000 seconds]
    [Time delta from previous captured frame: 151.423800 milliseconds]
    [Time delta from previous displayed frame: 151.423800 milliseconds]
    [Time since reference or first frame: 1.867988000 seconds]
    Frame Number: 118
    Frame Length: 1294 bytes (10352 bits)
    Capture Length: 1294 bytes (10352 bits)
    [Frame is marked: False]
    [Frame is ignored: False]
    [Protocols in frame: eth:ethertype:ip:udp:quic]
    Character encoding: ASCII (0)
Ethernet II, Src: 96:77:0b:05:d4:0b (96:77:0b:05:d4:0b), Dst: HewlettPacka_3a:cc:1d (28:92:4a:3a:cc:1d)
    Destination: HewlettPacka_3a:cc:1d (28:92:4a:3a:cc:1d)
        .... ..0. .... .... .... .... = LG bit: Globally unique address (factory default)
        .... ...0 .... .... .... .... = IG bit: Individual address (unicast)
    Source: 96:77:0b:05:d4:0b (96:77:0b:05:d4:0b)
        .... ..1. .... .... .... .... = LG bit: Locally administered address (this is NOT the factory default)
        .... ...0 .... .... .... .... = IG bit: Individual address (unicast)
    Type: IPv4 (0x0800)
    [Stream index: 0]
Internet Protocol Version 4, Src: 172.16.90.227, Dst: 142.251.221.219
    0100 .... = Version: 4
    .... 0101 = Header Length: 20 bytes (5)
    Differentiated Services Field: 0x00 (DSCP: CS0, ECN: Not-ECT)
        0000 00.. = Differentiated Services Codepoint: Default (0)
        .... ..00 = Explicit Congestion Notification: Not ECN-Capable Transport (0)
    Total Length: 1280
    Identification: 0x0dd8 (3544)
    010. .... = Flags: 0x2, Don't fragment
        0... .... = Reserved bit: Not set
        .1.. .... = Don't fragment: Set
        ..0. .... = More fragments: Not set
    ...0 0000 0000 0000 = Fragment Offset: 0
    Time to Live: 128
    Protocol: UDP (17)
    Header Checksum: 0x0000 [validation disabled]
    [Header checksum status: Unverified]
    Source Address: 172.16.90.227
    Destination Address: 142.251.221.219
    [Stream index: 5]
User Datagram Protocol, Src Port: 57407, Dst Port: 443
    Source Port: 57407
    Destination Port: 443
    Length: 1260
    Checksum: 0x78c8 [unverified]
    [Checksum Status: Unverified]
    [Stream index: 5]
    [Stream Packet Number: 1]
    [Timestamps]
        [Time since first frame: 0.000000000 seconds]
        [Time since previous frame: 0.000000000 seconds]
    UDP payload (1252 bytes)
QUIC IETF
    QUIC Connection information
        [Connection Number: 4]
    [Packet Length: 1009]
    1... .... = Header Form: Long Header (1)
    .1.. .... = Fixed Bit: True
    ..00 .... = Packet Type: Initial (0)
    [.... 00.. = Reserved: 0]
    [.... ..00 = Packet Number Length: 1 bytes (0)]
    Version: 1 (0x00000001)
    Destination Connection ID Length: 8
    Destination Connection ID: 708e866e67d9f0f4
    Source Connection ID Length: 3
    Source Connection ID: b683ff
    Token Length: 0
    Length: 988
    [Packet Number: 22]
    Payload […]: e34e705ea6f951a0e1e95f8cd6135c7de792ab17b9a3b8499e1ac46630d7dfe7b41c978d9a1355f2b1aa929c0003b67fe19d02e6443a76e2d559ad37887168cb8a846315fa8cfaa8e19312efba16fe84f3fe3210431ef6fd0a87f2b03bba92d5a81a2c2dd425b973dbb0aa3639f85e82
    CRYPTO
        Frame Type: CRYPTO (0x0000000000000006)
        Offset: 1083
        Length: 841
        Crypto Data
    CRYPTO
        Frame Type: CRYPTO (0x0000000000000006)
        Offset: 0
        Length: 121
        Crypto Data
QUIC IETF
    [Expert Info (Note/Protocol): (Random) padding data appended to the datagram]
        [(Random) padding data appended to the datagram]
        [Severity level: Note]
        [Group: Protocol]

Frame 119: Packet, 1294 bytes on wire (10352 bits), 1294 bytes captured (10352 bits) on interface \Device\NPF_{9B9257DC-FAC1-4993-B12F-136D7BA5E874}, id 0
    Section number: 1
    Interface id: 0 (\Device\NPF_{9B9257DC-FAC1-4993-B12F-136D7BA5E874})
        Interface name: \Device\NPF_{9B9257DC-FAC1-4993-B12F-136D7BA5E874}
        Interface description: Wi-Fi
    Encapsulation type: Ethernet (1)
    Arrival Time: Apr  9, 2026 18:28:55.289899600 India Standard Time
    UTC Arrival Time: Apr  9, 2026 12:58:55.289899600 UTC
    Epoch Arrival Time: 1775739535.289899600
    [Time shift for this packet: 0.000000000 seconds]
    [Time delta from previous captured frame: 53.200 microseconds]
    [Time delta from previous displayed frame: 53.200 microseconds]
    [Time since reference or first frame: 1.868041200 seconds]
    Frame Number: 119
    Frame Length: 1294 bytes (10352 bits)
    Capture Length: 1294 bytes (10352 bits)
    [Frame is marked: False]
    [Frame is ignored: False]
    [Protocols in frame: eth:ethertype:ip:udp:quic:tls]
    Character encoding: ASCII (0)
Ethernet II, Src: 96:77:0b:05:d4:0b (96:77:0b:05:d4:0b), Dst: HewlettPacka_3a:cc:1d (28:92:4a:3a:cc:1d)
    Destination: HewlettPacka_3a:cc:1d (28:92:4a:3a:cc:1d)
        .... ..0. .... .... .... .... = LG bit: Globally unique address (factory default)
        .... ...0 .... .... .... .... = IG bit: Individual address (unicast)
    Source: 96:77:0b:05:d4:0b (96:77:0b:05:d4:0b)
        .... ..1. .... .... .... .... = LG bit: Locally administered address (this is NOT the factory default)
        .... ...0 .... .... .... .... = IG bit: Individual address (unicast)
    Type: IPv4 (0x0800)
    [Stream index: 0]
Internet Protocol Version 4, Src: 172.16.90.227, Dst: 142.251.221.219
    0100 .... = Version: 4
    .... 0101 = Header Length: 20 bytes (5)
    Differentiated Services Field: 0x00 (DSCP: CS0, ECN: Not-ECT)
        0000 00.. = Differentiated Services Codepoint: Default (0)
        .... ..00 = Explicit Congestion Notification: Not ECN-Capable Transport (0)
    Total Length: 1280
    Identification: 0x0dd9 (3545)
    010. .... = Flags: 0x2, Don't fragment
        0... .... = Reserved bit: Not set
        .1.. .... = Don't fragment: Set
        ..0. .... = More fragments: Not set
    ...0 0000 0000 0000 = Fragment Offset: 0
    Time to Live: 128
    Protocol: UDP (17)
    Header Checksum: 0x0000 [validation disabled]
    [Header checksum status: Unverified]
    Source Address: 172.16.90.227
    Destination Address: 142.251.221.219
    [Stream index: 5]
User Datagram Protocol, Src Port: 57407, Dst Port: 443
    Source Port: 57407
    Destination Port: 443
    Length: 1260
    Checksum: 0x78c8 [unverified]
    [Checksum Status: Unverified]
    [Stream index: 5]
    [Stream Packet Number: 2]
    [Timestamps]
        [Time since first frame: 53.200 microseconds]
        [Time since previous frame: 53.200 microseconds]
    UDP payload (1252 bytes)
QUIC IETF
    QUIC Connection information
        [Connection Number: 4]
    [Packet Length: 1005]
    1... .... = Header Form: Long Header (1)
    .1.. .... = Fixed Bit: True
    ..00 .... = Packet Type: Initial (0)
    [.... 00.. = Reserved: 0]
    [.... ..00 = Packet Number Length: 1 bytes (0)]
    Version: 1 (0x00000001)
    Destination Connection ID Length: 8
    Destination Connection ID: 708e866e67d9f0f4
    Source Connection ID Length: 3
    Source Connection ID: b683ff
    Token Length: 0
    Length: 984
    [Packet Number: 23]
    Payload […]: c38ad1a2dddab2a5d4b8b46ffe35ba7856aa8ad07444fd523da27f37266b15a7a734bef3f3355d48d5a07f8ebad0231de6eea0bfdd01513a028a5de81679a5eab03dbec5695929e0e519e704afc514068c15cbe6a8c3bb1f67101e5075d5e1adb3117f19c9d57ee642635463104ea956
    CRYPTO
        Frame Type: CRYPTO (0x0000000000000006)
        Offset: 121
        Length: 962
        Crypto Data
        [3 Reassembled QUIC CRYPTO Data Fragments (1924 bytes): #118(121), #119(962), #118(841)]
            [Frame: 118, payload: 0-120 (121 bytes)]
            [Frame: 119, payload: 121-1082 (962 bytes)]
            [Frame: 118, payload: 1083-1923 (841 bytes)]
            [Fragment count: 3]
        TLSv1.3 Record Layer: Handshake Protocol: Client Hello
            Handshake Protocol: Client Hello
                Handshake Type: Client Hello (1)
                Length: 1920
                Version: TLS 1.2 (0x0303)
                    [Expert Info (Chat/Deprecated): This legacy_version field MUST be ignored. The supported_versions extension is present and MUST be used instead.]
                        [This legacy_version field MUST be ignored. The supported_versions extension is present and MUST be used instead.]
                        [Severity level: Chat]
                        [Group: Deprecated]
                Random: a756890132ca6406f464292e4332e0086deacf3b21a3b8fa5f8361f83522f35b
                Session ID Length: 0
                Cipher Suites Length: 6
                Cipher Suites (3 suites)
                    Cipher Suite: TLS_AES_128_GCM_SHA256 (0x1301)
                    Cipher Suite: TLS_CHACHA20_POLY1305_SHA256 (0x1303)
                    Cipher Suite: TLS_AES_256_GCM_SHA384 (0x1302)
                Compression Methods Length: 1
                Compression Methods (1 method)
                    Compression Method: null (0)
                Extensions Length: 1873
                Extension: status_request (len=5)
                    Type: status_request (5)
                    Length: 5
                    Certificate Status Type: OCSP (1)
                    Responder ID list Length: 0
                    Request Extensions Length: 0
                Extension: signature_algorithms (len=24)
                    Type: signature_algorithms (13)
                    Length: 24
                    Signature Hash Algorithms Length: 22
                    Signature Hash Algorithms (11 algorithms)
                        Signature Algorithm: ecdsa_secp256r1_sha256 (0x0403)
                            Signature Hash Algorithm Hash: SHA256 (4)
                            Signature Hash Algorithm Signature: ECDSA (3)
                        Signature Algorithm: ecdsa_secp384r1_sha384 (0x0503)
                            Signature Hash Algorithm Hash: SHA384 (5)
                            Signature Hash Algorithm Signature: ECDSA (3)
                        Signature Algorithm: ecdsa_secp521r1_sha512 (0x0603)
                            Signature Hash Algorithm Hash: SHA512 (6)
                            Signature Hash Algorithm Signature: ECDSA (3)
                        Signature Algorithm: ecdsa_sha1 (0x0203)
                            Signature Hash Algorithm Hash: SHA1 (2)
                            Signature Hash Algorithm Signature: ECDSA (3)
                        Signature Algorithm: rsa_pss_rsae_sha256 (0x0804)
                            Signature Hash Algorithm Hash: Unknown (8)
                            Signature Hash Algorithm Signature: Unknown (4)
                        Signature Algorithm: rsa_pss_rsae_sha384 (0x0805)
                            Signature Hash Algorithm Hash: Unknown (8)
                            Signature Hash Algorithm Signature: Unknown (5)
                        Signature Algorithm: rsa_pss_rsae_sha512 (0x0806)
                            Signature Hash Algorithm Hash: Unknown (8)
                            Signature Hash Algorithm Signature: Unknown (6)
                        Signature Algorithm: rsa_pkcs1_sha256 (0x0401)
                            Signature Hash Algorithm Hash: SHA256 (4)
                            Signature Hash Algorithm Signature: RSA (1)
                        Signature Algorithm: rsa_pkcs1_sha384 (0x0501)
                            Signature Hash Algorithm Hash: SHA384 (5)
                            Signature Hash Algorithm Signature: RSA (1)
                        Signature Algorithm: rsa_pkcs1_sha512 (0x0601)
                            Signature Hash Algorithm Hash: SHA512 (6)
                            Signature Hash Algorithm Signature: RSA (1)
                        Signature Algorithm: rsa_pkcs1_sha1 (0x0201)
                            Signature Hash Algorithm Hash: SHA1 (2)
                            Signature Hash Algorithm Signature: RSA (1)
                Extension: server_name (len=54) name=blog-cloudflare-com-assets.storage.googleapis.com
                    Type: server_name (0)
                    Length: 54
                    Server Name Indication extension
                        Server Name list length: 52
                        Server Name Type: host_name (0)
                        Server Name length: 49
                        Server Name: blog-cloudflare-com-assets.storage.googleapis.com
                Extension: record_size_limit (len=2)
                    Type: record_size_limit (28)
                    Length: 2
                    Record Size Limit: 16385
                Extension: supported_versions (len=3) TLS 1.3
                    Type: supported_versions (43)
                    Length: 3
                    Supported Versions length: 2
                    Supported Version: TLS 1.3 (0x0304)
                Extension: compress_certificate (len=7)
                    Type: compress_certificate (27)
                    Length: 7
                    Algorithms Length: 6
                    Algorithm: zlib (1)
                    Algorithm: zstd (3)
                    Algorithm: brotli (2)
                Extension: extended_master_secret (len=0)
                    Type: extended_master_secret (23)
                    Length: 0
                Extension: application_layer_protocol_negotiation (len=5)
                    Type: application_layer_protocol_negotiation (16)
                    Length: 5
                    ALPN Extension Length: 3
                    ALPN Protocol
                        ALPN string length: 2
                        ALPN Next Protocol: h3
                Extension: key_share (len=1327) X25519MLKEM768, x25519, secp256r1
                    Type: key_share (51)
                    Length: 1327
                    Key Share extension
                        Client Key Share Length: 1325
                        Key Share Entry: Group: X25519MLKEM768, Key Exchange length: 1216
                            Group: X25519MLKEM768 (4588)
                            Key Exchange Length: 1216
                            Key Exchange […]: cfa92eb50712145438eac68cf5561f3c638cd71231b3d6b4a91129cdc9076e889ec5e641fea1c3cdc572df190429813dbbd99a65d3c2f768c73c5a44204831a2f6ac6192507ddc6c88f558fa42cce8aa8088cac8de557ffd565724c1720b10bfe290495568ab01dc2e38d23b5db
                        Key Share Entry: Group: x25519, Key Exchange length: 32
                            Group: x25519 (29)
                            Key Exchange Length: 32
                            Key Exchange: 299b9c2ea81a3aa70d1ec8842b2e2fea6e646636f814b8a4dc84504834a17426
                        Key Share Entry: Group: secp256r1, Key Exchange length: 65
                            Group: secp256r1 (23)
                            Key Exchange Length: 65
                            Key Exchange: 04a2caa82173f16fa6e30ed93eede1e1f83739c0ce99cec5f12e66003d6f42f940711338850c815acdcbc3a229223f15c965312b653e5371724d9777c6c6caace2
                Extension: delegated_credentials (len=10)
                    Type: delegated_credentials (34)
                    Length: 10
                    Signature Hash Algorithms Length: 8
                    Signature Hash Algorithms (4 algorithms)
                        Signature Algorithm: ecdsa_secp256r1_sha256 (0x0403)
                            Signature Hash Algorithm Hash: SHA256 (4)
                            Signature Hash Algorithm Signature: ECDSA (3)
                        Signature Algorithm: ecdsa_secp384r1_sha384 (0x0503)
                            Signature Hash Algorithm Hash: SHA384 (5)
                            Signature Hash Algorithm Signature: ECDSA (3)
                        Signature Algorithm: ecdsa_secp521r1_sha512 (0x0603)
                            Signature Hash Algorithm Hash: SHA512 (6)
                            Signature Hash Algorithm Signature: ECDSA (3)
                        Signature Algorithm: ecdsa_sha1 (0x0203)
                            Signature Hash Algorithm Hash: SHA1 (2)
                            Signature Hash Algorithm Signature: ECDSA (3)
                Extension: psk_key_exchange_modes (len=2)
                    Type: psk_key_exchange_modes (45)
                    Length: 2
                    PSK Key Exchange Modes Length: 1
                    PSK Key Exchange Mode: PSK with (EC)DHE key establishment (psk_dhe_ke) (1)
                Extension: supported_groups (len=12)
                    Type: supported_groups (10)
                    Length: 12
                    Supported Groups List Length: 10
                    Supported Groups (5 groups)
                        Supported Group: X25519MLKEM768 (0x11ec)
                        Supported Group: x25519 (0x001d)
                        Supported Group: secp256r1 (0x0017)
                        Supported Group: secp384r1 (0x0018)
                        Supported Group: secp521r1 (0x0019)
                Extension: renegotiation_info (len=1)
                    Type: renegotiation_info (65281)
                    Length: 1
                    Renegotiation Info extension
                        Renegotiation info extension length: 0
                Extension: quic_transport_parameters (len=80)
                    Type: quic_transport_parameters (57)
                    Length: 80
                    Parameter: max_idle_timeout (len=4) 30000 ms
                        Type: max_idle_timeout (0x01)
                        Length: 4
                        Value: 80007530
                        max_idle_timeout: 30000
                    Parameter: initial_max_data (len=4) 25165824
                        Type: initial_max_data (0x04)
                        Length: 4
                        Value: 81800000
                        initial_max_data: 25165824
                    Parameter: initial_max_stream_data_bidi_local (len=4) 12582912
                        Type: initial_max_stream_data_bidi_local (0x05)
                        Length: 4
                        Value: 80c00000
                        initial_max_stream_data_bidi_local: 12582912
                    Parameter: initial_max_stream_data_bidi_remote (len=4) 1048576
                        Type: initial_max_stream_data_bidi_remote (0x06)
                        Length: 4
                        Value: 80100000
                        initial_max_stream_data_bidi_remote: 1048576
                    Parameter: initial_max_stream_data_uni (len=4) 1048576
                        Type: initial_max_stream_data_uni (0x07)
                        Length: 4
                        Value: 80100000
                        initial_max_stream_data_uni: 1048576
                    Parameter: initial_max_streams_bidi (len=2) 100
                        Type: initial_max_streams_bidi (0x08)
                        Length: 2
                        Value: 4064
                        initial_max_streams_bidi: 100
                    Parameter: initial_max_streams_uni (len=2) 100
                        Type: initial_max_streams_uni (0x09)
                        Length: 2
                        Value: 4064
                        initial_max_streams_uni: 100
                    Parameter: max_ack_delay (len=1) 20
                        Type: max_ack_delay (0x0b)
                        Length: 1
                        Value: 14
                        max_ack_delay: 20
                    Parameter: active_connection_id_limit (len=1) 8
                        Type: active_connection_id_limit (0x0e)
                        Length: 1
                        Value: 08
                        Active Connection ID Limit: 8
                    Parameter: initial_source_connection_id (len=3)
                        Type: initial_source_connection_id (0x0f)
                        Length: 3
                        Value: b683ff
                        Initial Source Connection ID: b683ff
                    Parameter: version_information (len=12)
                        Type: version_information (0x11)
                        Length: 12
                        Value: 000000018a0a8a8a00000001
                        Chosen Version: 1 (0x00000001)
                        Other Version: Unknown (0x8a0a8a8a) (GREASE)
                        Other Version: 1 (0x00000001)
                    Parameter: GREASE (len=2)
                        Type: GREASE (0xff02de1a)
                        Length: 2
                        Value: 43e8
                    Parameter: max_datagram_frame_size (len=4) 65535
                        Type: max_datagram_frame_size (0x20)
                        Length: 4
                        Value: 8000ffff
                        max_datagram_frame_size: 65535
                Extension: encrypted_client_hello (len=281)
                    Type: encrypted_client_hello (65037)
                    Length: 281
                    Client Hello type: Outer Client Hello (0)
                    Cipher Suite: HKDF-SHA256/AES-128-GCM
                        KDF Id: HKDF-SHA256 (1)
                        AEAD Id: AES-128-GCM (1)
                    Config Id: 100
                    Enc length: 32
                    Enc: ed63faaed842f42dcc257a05f2105287d845a5b2963909f762f6dff77e78d316
                    Payload length: 239
                    Payload […]: ed1f60a07f1e1942264c15a41e42cd021b27cd785a1655b7e9d13552b2977ea66cd5cd644089828171100337f8b44ef30bfb5f1c1ff996f8f66bd651b305dbfb3c0e0676ed0069d808278a683d98dd4dcf03966484c1481e1ee23453bc5ecfccd4246b4ac24c9dc81345b342e65b4d90
                [JA4: q13d0315h3_55b375c5d22e_dc5437974b47]
                [JA4_r: q13d0315h3_1301,1302,1303_0005,000a,000d,0017,001b,001c,0022,002b,002d,0033,0039,fe0d,ff01_0403,0503,0603,0203,0804,0805,0806,0401,0501,0601,0201]
                [JA3 Fullstring: 771,4865-4867-4866,5-13-0-28-43-27-23-16-51-34-45-10-65281-57-65037,4588-29-23-24-25,]
                [JA3: 1961c6d3eccbc514f7be203417afb5f8]
QUIC IETF
    [Expert Info (Note/Protocol): (Random) padding data appended to the datagram]
        [(Random) padding data appended to the datagram]
        [Severity level: Note]
        [Group: Protocol]

Frame 120: Packet, 89 bytes on wire (712 bits), 89 bytes captured (712 bits) on interface \Device\NPF_{9B9257DC-FAC1-4993-B12F-136D7BA5E874}, id 0
    Section number: 1
    Interface id: 0 (\Device\NPF_{9B9257DC-FAC1-4993-B12F-136D7BA5E874})
        Interface name: \Device\NPF_{9B9257DC-FAC1-4993-B12F-136D7BA5E874}
        Interface description: Wi-Fi
    Encapsulation type: Ethernet (1)
    Arrival Time: Apr  9, 2026 18:28:55.311630800 India Standard Time
    UTC Arrival Time: Apr  9, 2026 12:58:55.311630800 UTC
    Epoch Arrival Time: 1775739535.311630800
    [Time shift for this packet: 0.000000000 seconds]
    [Time delta from previous captured frame: 21.731200 milliseconds]
    [Time delta from previous displayed frame: 21.731200 milliseconds]
    [Time since reference or first frame: 1.889772400 seconds]
    Frame Number: 120
    Frame Length: 89 bytes (712 bits)
    Capture Length: 89 bytes (712 bits)
    [Frame is marked: False]
    [Frame is ignored: False]
    [Protocols in frame: eth:ethertype:vlan:ethertype:ip:udp:quic]
    Character encoding: ASCII (0)
Ethernet II, Src: HewlettPacka_3a:cc:1d (28:92:4a:3a:cc:1d), Dst: 96:77:0b:05:d4:0b (96:77:0b:05:d4:0b)
    Destination: 96:77:0b:05:d4:0b (96:77:0b:05:d4:0b)
        .... ..1. .... .... .... .... = LG bit: Locally administered address (this is NOT the factory default)
        .... ...0 .... .... .... .... = IG bit: Individual address (unicast)
    Source: HewlettPacka_3a:cc:1d (28:92:4a:3a:cc:1d)
        .... ..0. .... .... .... .... = LG bit: Globally unique address (factory default)
        .... ...0 .... .... .... .... = IG bit: Individual address (unicast)
    Type: 802.1Q Virtual LAN (0x8100)
    [Stream index: 0]
802.1Q Virtual LAN, PRI: 0, DEI: 0, ID: 0
    000. .... .... .... = Priority: Best Effort (default) (0)
    ...0 .... .... .... = DEI: Ineligible
    .... 0000 0000 0000 = ID: 0
    Type: IPv4 (0x0800)
Internet Protocol Version 4, Src: 142.251.221.219, Dst: 172.16.90.227
    0100 .... = Version: 4
    .... 0101 = Header Length: 20 bytes (5)
    Differentiated Services Field: 0xb8 (DSCP: EF, ECN: Not-ECT)
        1011 10.. = Differentiated Services Codepoint: Expedited Forwarding (46)
        .... ..00 = Explicit Congestion Notification: Not ECN-Capable Transport (0)
    Total Length: 71
    Identification: 0x0000 (0)
    010. .... = Flags: 0x2, Don't fragment
        0... .... = Reserved bit: Not set
        .1.. .... = Don't fragment: Set
        ..0. .... = More fragments: Not set
    ...0 0000 0000 0000 = Fragment Offset: 0
    Time to Live: 57
    Protocol: UDP (17)
    Header Checksum: 0xcd23 [validation disabled]
    [Header checksum status: Unverified]
    Source Address: 142.251.221.219
    Destination Address: 172.16.90.227
    [Stream index: 5]
User Datagram Protocol, Src Port: 443, Dst Port: 57407
    Source Port: 443
    Destination Port: 57407
    Length: 51
    Checksum: 0x5fcc [unverified]
    [Checksum Status: Unverified]
    [Stream index: 5]
    [Stream Packet Number: 3]
    [Timestamps]
        [Time since first frame: 21.784400 milliseconds]
        [Time since previous frame: 21.731200 milliseconds]
    UDP payload (43 bytes)
QUIC IETF
    QUIC Connection information
        [Connection Number: 4]
    [Packet Length: 43]
    1... .... = Header Form: Long Header (1)
    .1.. .... = Fixed Bit: True
    ..00 .... = Packet Type: Initial (0)
    [.... 00.. = Reserved: 0]
    [.... ..00 = Packet Number Length: 1 bytes (0)]
    Version: 1 (0x00000001)
    Destination Connection ID Length: 3
    Destination Connection ID: b683ff
    Source Connection ID Length: 8
    Source Connection ID: f08e866e67d9f0f4
    Token Length: 0
    Length: 22
    [Packet Number: 1]
    Payload: 6a5c721b09d9a1a6c03df3dfc879624b5cde1d9e03
    ACK
        Frame Type: ACK (0x0000000000000002)
        Largest Acknowledged: 22
        ACK Delay: 0
        ACK Range Count: 0
        First ACK Range: 0

Frame 121: Packet, 1298 bytes on wire (10384 bits), 1298 bytes captured (10384 bits) on interface \Device\NPF_{9B9257DC-FAC1-4993-B12F-136D7BA5E874}, id 0
    Section number: 1
    Interface id: 0 (\Device\NPF_{9B9257DC-FAC1-4993-B12F-136D7BA5E874})
        Interface name: \Device\NPF_{9B9257DC-FAC1-4993-B12F-136D7BA5E874}
        Interface description: Wi-Fi
    Encapsulation type: Ethernet (1)
    Arrival Time: Apr  9, 2026 18:28:55.311782600 India Standard Time
    UTC Arrival Time: Apr  9, 2026 12:58:55.311782600 UTC
    Epoch Arrival Time: 1775739535.311782600
    [Time shift for this packet: 0.000000000 seconds]
    [Time delta from previous captured frame: 151.800 microseconds]
    [Time delta from previous displayed frame: 151.800 microseconds]
    [Time since reference or first frame: 1.889924200 seconds]
    Frame Number: 121
    Frame Length: 1298 bytes (10384 bits)
    Capture Length: 1298 bytes (10384 bits)
    [Frame is marked: False]
    [Frame is ignored: False]
    [Protocols in frame: eth:ethertype:vlan:ethertype:ip:udp:quic]
    Character encoding: ASCII (0)
Ethernet II, Src: HewlettPacka_3a:cc:1d (28:92:4a:3a:cc:1d), Dst: 96:77:0b:05:d4:0b (96:77:0b:05:d4:0b)
    Destination: 96:77:0b:05:d4:0b (96:77:0b:05:d4:0b)
        .... ..1. .... .... .... .... = LG bit: Locally administered address (this is NOT the factory default)
        .... ...0 .... .... .... .... = IG bit: Individual address (unicast)
    Source: HewlettPacka_3a:cc:1d (28:92:4a:3a:cc:1d)
        .... ..0. .... .... .... .... = LG bit: Globally unique address (factory default)
        .... ...0 .... .... .... .... = IG bit: Individual address (unicast)
    Type: 802.1Q Virtual LAN (0x8100)
    [Stream index: 0]
802.1Q Virtual LAN, PRI: 0, DEI: 0, ID: 0
    000. .... .... .... = Priority: Best Effort (default) (0)
    ...0 .... .... .... = DEI: Ineligible
    .... 0000 0000 0000 = ID: 0
    Type: IPv4 (0x0800)
Internet Protocol Version 4, Src: 142.251.221.219, Dst: 172.16.90.227
    0100 .... = Version: 4
    .... 0101 = Header Length: 20 bytes (5)
    Differentiated Services Field: 0xb8 (DSCP: EF, ECN: Not-ECT)
        1011 10.. = Differentiated Services Codepoint: Expedited Forwarding (46)
        .... ..00 = Explicit Congestion Notification: Not ECN-Capable Transport (0)
    Total Length: 1280
    Identification: 0x0000 (0)
    010. .... = Flags: 0x2, Don't fragment
        0... .... = Reserved bit: Not set
        .1.. .... = Don't fragment: Set
        ..0. .... = More fragments: Not set
    ...0 0000 0000 0000 = Fragment Offset: 0
    Time to Live: 57
    Protocol: UDP (17)
    Header Checksum: 0xc86a [validation disabled]
    [Header checksum status: Unverified]
    Source Address: 142.251.221.219
    Destination Address: 172.16.90.227
    [Stream index: 5]
User Datagram Protocol, Src Port: 443, Dst Port: 57407
    Source Port: 443
    Destination Port: 57407
    Length: 1260
    Checksum: 0xbea6 [unverified]
    [Checksum Status: Unverified]
    [Stream index: 5]
    [Stream Packet Number: 4]
    [Timestamps]
        [Time since first frame: 21.936200 milliseconds]
        [Time since previous frame: 151.800 microseconds]
    UDP payload (1252 bytes)
QUIC IETF
    QUIC Connection information
        [Connection Number: 4]
    [Packet Length: 1252]
    1... .... = Header Form: Long Header (1)
    .1.. .... = Fixed Bit: True
    ..00 .... = Packet Type: Initial (0)
    [.... 00.. = Reserved: 0]
    [.... ..00 = Packet Number Length: 1 bytes (0)]
    Version: 1 (0x00000001)
    Destination Connection ID Length: 3
    Destination Connection ID: b683ff
    Source Connection ID Length: 8
    Source Connection ID: f08e866e67d9f0f4
    Token Length: 0
    Length: 1231
    [Packet Number: 2]
    Payload […]: 090f3c2619179a981e8b7221fc81eb1897764bceb483f708a4b1b7bf652dcc49e623a23adf714216f1e90aecc926d8034d19f2e208d95b0e1a1c2f60b5b46dc9a5e83c54aa383a9be237d6266d71f976e3c2c89a47f1be4613f77ca6232636118b6ea690b6c3be117dde9c32285ff193
    ACK
        Frame Type: ACK (0x0000000000000002)
        Largest Acknowledged: 23
        ACK Delay: 0
        ACK Range Count: 0
        First ACK Range: 1
    PADDING Length: 1209
        Frame Type: PADDING (0x0000000000000000)
        [Padding Length: 1209]

Frame 122: Packet, 1298 bytes on wire (10384 bits), 1298 bytes captured (10384 bits) on interface \Device\NPF_{9B9257DC-FAC1-4993-B12F-136D7BA5E874}, id 0
    Section number: 1
    Interface id: 0 (\Device\NPF_{9B9257DC-FAC1-4993-B12F-136D7BA5E874})
        Interface name: \Device\NPF_{9B9257DC-FAC1-4993-B12F-136D7BA5E874}
        Interface description: Wi-Fi
    Encapsulation type: Ethernet (1)
    Arrival Time: Apr  9, 2026 18:28:55.312494700 India Standard Time
    UTC Arrival Time: Apr  9, 2026 12:58:55.312494700 UTC
    Epoch Arrival Time: 1775739535.312494700
    [Time shift for this packet: 0.000000000 seconds]
    [Time delta from previous captured frame: 712.100 microseconds]
    [Time delta from previous displayed frame: 712.100 microseconds]
    [Time since reference or first frame: 1.890636300 seconds]
    Frame Number: 122
    Frame Length: 1298 bytes (10384 bits)
    Capture Length: 1298 bytes (10384 bits)
    [Frame is marked: False]
    [Frame is ignored: False]
    [Protocols in frame: eth:ethertype:vlan:ethertype:ip:udp:quic:tls]
    Character encoding: ASCII (0)
Ethernet II, Src: HewlettPacka_3a:cc:1d (28:92:4a:3a:cc:1d), Dst: 96:77:0b:05:d4:0b (96:77:0b:05:d4:0b)
    Destination: 96:77:0b:05:d4:0b (96:77:0b:05:d4:0b)
        .... ..1. .... .... .... .... = LG bit: Locally administered address (this is NOT the factory default)
        .... ...0 .... .... .... .... = IG bit: Individual address (unicast)
    Source: HewlettPacka_3a:cc:1d (28:92:4a:3a:cc:1d)
        .... ..0. .... .... .... .... = LG bit: Globally unique address (factory default)
        .... ...0 .... .... .... .... = IG bit: Individual address (unicast)
    Type: 802.1Q Virtual LAN (0x8100)
    [Stream index: 0]
802.1Q Virtual LAN, PRI: 0, DEI: 0, ID: 0
    000. .... .... .... = Priority: Best Effort (default) (0)
    ...0 .... .... .... = DEI: Ineligible
    .... 0000 0000 0000 = ID: 0
    Type: IPv4 (0x0800)
Internet Protocol Version 4, Src: 142.251.221.219, Dst: 172.16.90.227
    0100 .... = Version: 4
    .... 0101 = Header Length: 20 bytes (5)
    Differentiated Services Field: 0xb8 (DSCP: EF, ECN: Not-ECT)
        1011 10.. = Differentiated Services Codepoint: Expedited Forwarding (46)
        .... ..00 = Explicit Congestion Notification: Not ECN-Capable Transport (0)
    Total Length: 1280
    Identification: 0x0000 (0)
    010. .... = Flags: 0x2, Don't fragment
        0... .... = Reserved bit: Not set
        .1.. .... = Don't fragment: Set
        ..0. .... = More fragments: Not set
    ...0 0000 0000 0000 = Fragment Offset: 0
    Time to Live: 57
    Protocol: UDP (17)
    Header Checksum: 0xc86a [validation disabled]
    [Header checksum status: Unverified]
    Source Address: 142.251.221.219
    Destination Address: 172.16.90.227
    [Stream index: 5]
User Datagram Protocol, Src Port: 443, Dst Port: 57407
    Source Port: 443
    Destination Port: 57407
    Length: 1260
    Checksum: 0x64e0 [unverified]
    [Checksum Status: Unverified]
    [Stream index: 5]
    [Stream Packet Number: 5]
    [Timestamps]
        [Time since first frame: 22.648300 milliseconds]
        [Time since previous frame: 712.100 microseconds]
    UDP payload (1252 bytes)
QUIC IETF
    QUIC Connection information
        [Connection Number: 4]
    [Packet Length: 1252]
    1... .... = Header Form: Long Header (1)
    .1.. .... = Fixed Bit: True
    ..00 .... = Packet Type: Initial (0)
    [.... 00.. = Reserved: 0]
    [.... ..00 = Packet Number Length: 1 bytes (0)]
    Version: 1 (0x00000001)
    Destination Connection ID Length: 3
    Destination Connection ID: b683ff
    Source Connection ID Length: 8
    Source Connection ID: f08e866e67d9f0f4
    Token Length: 0
    Length: 1231
    [Packet Number: 3]
    Payload […]: 7906bbd1a1044b1ff33b5d34ad391ec6b5be0b1bc802e6b64be9e8c96b1ffa8cc2e835b5cdbe61490527a2c3d831409ffea88f1f8a39be147435a3995786929610ef171ec32d803e1eade08d0ef5292953d43ffebd7557b1d48ecad8e6ffabc038f614f0651a5e39bc07e8a343ce4614
    CRYPTO
        Frame Type: CRYPTO (0x0000000000000006)
        Offset: 0
        Length: 1167
        Crypto Data
        TLSv1.3 Record Layer: Handshake Protocol: Server Hello (fragment)
            Handshake Protocol: Server Hello (fragment)
    PADDING Length: 43
        Frame Type: PADDING (0x0000000000000000)
        [Padding Length: 43]

Frame 123: Packet, 1294 bytes on wire (10352 bits), 1294 bytes captured (10352 bits) on interface \Device\NPF_{9B9257DC-FAC1-4993-B12F-136D7BA5E874}, id 0
    Section number: 1
    Interface id: 0 (\Device\NPF_{9B9257DC-FAC1-4993-B12F-136D7BA5E874})
        Interface name: \Device\NPF_{9B9257DC-FAC1-4993-B12F-136D7BA5E874}
        Interface description: Wi-Fi
    Encapsulation type: Ethernet (1)
    Arrival Time: Apr  9, 2026 18:28:55.312611700 India Standard Time
    UTC Arrival Time: Apr  9, 2026 12:58:55.312611700 UTC
    Epoch Arrival Time: 1775739535.312611700
    [Time shift for this packet: 0.000000000 seconds]
    [Time delta from previous captured frame: 117.000 microseconds]
    [Time delta from previous displayed frame: 117.000 microseconds]
    [Time since reference or first frame: 1.890753300 seconds]
    Frame Number: 123
    Frame Length: 1294 bytes (10352 bits)
    Capture Length: 1294 bytes (10352 bits)
    [Frame is marked: False]
    [Frame is ignored: False]
    [Protocols in frame: eth:ethertype:ip:udp:quic]
    Character encoding: ASCII (0)
Ethernet II, Src: 96:77:0b:05:d4:0b (96:77:0b:05:d4:0b), Dst: HewlettPacka_3a:cc:1d (28:92:4a:3a:cc:1d)
    Destination: HewlettPacka_3a:cc:1d (28:92:4a:3a:cc:1d)
        .... ..0. .... .... .... .... = LG bit: Globally unique address (factory default)
        .... ...0 .... .... .... .... = IG bit: Individual address (unicast)
    Source: 96:77:0b:05:d4:0b (96:77:0b:05:d4:0b)
        .... ..1. .... .... .... .... = LG bit: Locally administered address (this is NOT the factory default)
        .... ...0 .... .... .... .... = IG bit: Individual address (unicast)
    Type: IPv4 (0x0800)
    [Stream index: 0]
Internet Protocol Version 4, Src: 172.16.90.227, Dst: 142.251.221.219
    0100 .... = Version: 4
    .... 0101 = Header Length: 20 bytes (5)
    Differentiated Services Field: 0x00 (DSCP: CS0, ECN: Not-ECT)
        0000 00.. = Differentiated Services Codepoint: Default (0)
        .... ..00 = Explicit Congestion Notification: Not ECN-Capable Transport (0)
    Total Length: 1280
    Identification: 0x0de5 (3557)
    010. .... = Flags: 0x2, Don't fragment
        0... .... = Reserved bit: Not set
        .1.. .... = Don't fragment: Set
        ..0. .... = More fragments: Not set
    ...0 0000 0000 0000 = Fragment Offset: 0
    Time to Live: 128
    Protocol: UDP (17)
    Header Checksum: 0x0000 [validation disabled]
    [Header checksum status: Unverified]
    Source Address: 172.16.90.227
    Destination Address: 142.251.221.219
    [Stream index: 5]
User Datagram Protocol, Src Port: 57407, Dst Port: 443
    Source Port: 57407
    Destination Port: 443
    Length: 1260
    Checksum: 0x78c8 [unverified]
    [Checksum Status: Unverified]
    [Stream index: 5]
    [Stream Packet Number: 6]
    [Timestamps]
        [Time since first frame: 22.765300 milliseconds]
        [Time since previous frame: 117.000 microseconds]
    UDP payload (1252 bytes)
QUIC IETF
    QUIC Connection information
        [Connection Number: 4]
    [Packet Length: 43]
    1... .... = Header Form: Long Header (1)
    .1.. .... = Fixed Bit: True
    ..00 .... = Packet Type: Initial (0)
    [.... 00.. = Reserved: 0]
    [.... ..00 = Packet Number Length: 1 bytes (0)]
    Version: 1 (0x00000001)
    Destination Connection ID Length: 8
    Destination Connection ID: f08e866e67d9f0f4
    Source Connection ID Length: 3
    Source Connection ID: b683ff
    Token Length: 0
    Length: 22
    [Packet Number: 24]
    Payload: 42abe98c787ccf0870891c1563ac2567624d5a3759
    ACK
        Frame Type: ACK (0x0000000000000002)
        Largest Acknowledged: 3
        ACK Delay: 1
        ACK Range Count: 0
        First ACK Range: 2
QUIC IETF
    [Expert Info (Note/Protocol): (Random) padding data appended to the datagram]
        [(Random) padding data appended to the datagram]
        [Severity level: Note]
        [Group: Protocol]

Frame 124: Packet, 1298 bytes on wire (10384 bits), 1298 bytes captured (10384 bits) on interface \Device\NPF_{9B9257DC-FAC1-4993-B12F-136D7BA5E874}, id 0
    Section number: 1
    Interface id: 0 (\Device\NPF_{9B9257DC-FAC1-4993-B12F-136D7BA5E874})
        Interface name: \Device\NPF_{9B9257DC-FAC1-4993-B12F-136D7BA5E874}
        Interface description: Wi-Fi
    Encapsulation type: Ethernet (1)
    Arrival Time: Apr  9, 2026 18:28:55.313337400 India Standard Time
    UTC Arrival Time: Apr  9, 2026 12:58:55.313337400 UTC
    Epoch Arrival Time: 1775739535.313337400
    [Time shift for this packet: 0.000000000 seconds]
    [Time delta from previous captured frame: 725.700 microseconds]
    [Time delta from previous displayed frame: 725.700 microseconds]
    [Time since reference or first frame: 1.891479000 seconds]
    Frame Number: 124
    Frame Length: 1298 bytes (10384 bits)
    Capture Length: 1298 bytes (10384 bits)
    [Frame is marked: False]
    [Frame is ignored: False]
    [Protocols in frame: eth:ethertype:vlan:ethertype:ip:udp:quic:tls]
    Character encoding: ASCII (0)
Ethernet II, Src: HewlettPacka_3a:cc:1d (28:92:4a:3a:cc:1d), Dst: 96:77:0b:05:d4:0b (96:77:0b:05:d4:0b)
    Destination: 96:77:0b:05:d4:0b (96:77:0b:05:d4:0b)
        .... ..1. .... .... .... .... = LG bit: Locally administered address (this is NOT the factory default)
        .... ...0 .... .... .... .... = IG bit: Individual address (unicast)
    Source: HewlettPacka_3a:cc:1d (28:92:4a:3a:cc:1d)
        .... ..0. .... .... .... .... = LG bit: Globally unique address (factory default)
        .... ...0 .... .... .... .... = IG bit: Individual address (unicast)
    Type: 802.1Q Virtual LAN (0x8100)
    [Stream index: 0]
802.1Q Virtual LAN, PRI: 0, DEI: 0, ID: 0
    000. .... .... .... = Priority: Best Effort (default) (0)
    ...0 .... .... .... = DEI: Ineligible
    .... 0000 0000 0000 = ID: 0
    Type: IPv4 (0x0800)
Internet Protocol Version 4, Src: 142.251.221.219, Dst: 172.16.90.227
    0100 .... = Version: 4
    .... 0101 = Header Length: 20 bytes (5)
    Differentiated Services Field: 0xb8 (DSCP: EF, ECN: Not-ECT)
        1011 10.. = Differentiated Services Codepoint: Expedited Forwarding (46)
        .... ..00 = Explicit Congestion Notification: Not ECN-Capable Transport (0)
    Total Length: 1280
    Identification: 0x0000 (0)
    010. .... = Flags: 0x2, Don't fragment
        0... .... = Reserved bit: Not set
        .1.. .... = Don't fragment: Set
        ..0. .... = More fragments: Not set
    ...0 0000 0000 0000 = Fragment Offset: 0
    Time to Live: 57
    Protocol: UDP (17)
    Header Checksum: 0xc86a [validation disabled]
    [Header checksum status: Unverified]
    Source Address: 142.251.221.219
    Destination Address: 172.16.90.227
    [Stream index: 5]
User Datagram Protocol, Src Port: 443, Dst Port: 57407
    Source Port: 443
    Destination Port: 57407
    Length: 1260
    Checksum: 0x6404 [unverified]
    [Checksum Status: Unverified]
    [Stream index: 5]
    [Stream Packet Number: 7]
    [Timestamps]
        [Time since first frame: 23.491000 milliseconds]
        [Time since previous frame: 725.700 microseconds]
    UDP payload (1252 bytes)
QUIC IETF
    QUIC Connection information
        [Connection Number: 4]
    [Packet Length: 1252]
    1... .... = Header Form: Long Header (1)
    .1.. .... = Fixed Bit: True
    ..00 .... = Packet Type: Initial (0)
    [.... 00.. = Reserved: 0]
    [.... ..01 = Packet Number Length: 2 bytes (1)]
    Version: 1 (0x00000001)
    Destination Connection ID Length: 3
    Destination Connection ID: b683ff
    Source Connection ID Length: 8
    Source Connection ID: f08e866e67d9f0f4
    Token Length: 0
    Length: 1231
    [Packet Number: 4]
    Payload […]: af609914eb963253ee6c3daa97525a415de0cf3394671b82a2c0bdb67d5a3c5cd996c515431d55bf093c9b0e9a1c89cf98d3245ea8a17d22525d554d5121808a3fbc88ac991b26d7484995c8beb9b4db7a7713048c7159c5d72b562d73b5a7c0fa8cb9c8de6c4dee851ef296eb5693be
    CRYPTO
        Frame Type: CRYPTO (0x0000000000000006)
        Offset: 1167
        Length: 11
        Crypto Data
        TLSv1.3 Record Layer: Handshake Protocol: Server Hello
            Handshake Protocol: Server Hello (last fragment)
            [2 Reassembled Handshake Fragments (1178 bytes): #122(1167), #124(11)]
                [Frame: 122, payload: 0-1166 (1167 bytes)]
                [Frame: 124, payload: 1167-1177 (11 bytes)]
                [Handshake Fragment count: 2]
            Handshake Protocol: Server Hello
                Handshake Type: Server Hello (2)
                Length: 1174
                Version: TLS 1.2 (0x0303)
                    [Expert Info (Chat/Deprecated): This legacy_version field MUST be ignored. The supported_versions extension is present and MUST be used instead.]
                        [This legacy_version field MUST be ignored. The supported_versions extension is present and MUST be used instead.]
                        [Severity level: Chat]
                        [Group: Deprecated]
                Random: 1bebd9d26df76221a89365742c66c420de73edbb0ad9379940ab24a9495cb8dd
                Session ID Length: 0
                Cipher Suite: TLS_AES_128_GCM_SHA256 (0x1301)
                Compression Method: null (0)
                Extensions Length: 1134
                Extension: key_share (len=1124) X25519MLKEM768
                    Type: key_share (51)
                    Length: 1124
                    Key Share extension
                        Key Share Entry: Group: X25519MLKEM768, Key Exchange length: 1120
                            Group: X25519MLKEM768 (4588)
                            Key Exchange Length: 1120
                            Key Exchange […]: 476c16d4c508ec416d8c3fd2a63b14343adea30d778d4766088b7abe2f6ad6485365ffe8d6a7a7829c7d1d855a3490566f5a9197dd899101a17c0b3a7098e77937c5d067e9a8de1bf8ec81b3e66790faf0c6c9eee7bd837e43b57c2a802f68f7910c5aff88563880bd59b5e9551
                Extension: supported_versions (len=2) TLS 1.3
                    Type: supported_versions (43)
                    Length: 2
                    Supported Version: TLS 1.3 (0x0304)
                [JA3S Fullstring: 771,4865,51-43]
                [JA3S: eb1d94daa7e0344597e756a1fb6e7054]
    PADDING Length: 1198
        Frame Type: PADDING (0x0000000000000000)
        [Padding Length: 1198]

Frame 125: Packet, 1294 bytes on wire (10352 bits), 1294 bytes captured (10352 bits) on interface \Device\NPF_{9B9257DC-FAC1-4993-B12F-136D7BA5E874}, id 0
    Section number: 1
    Interface id: 0 (\Device\NPF_{9B9257DC-FAC1-4993-B12F-136D7BA5E874})
        Interface name: \Device\NPF_{9B9257DC-FAC1-4993-B12F-136D7BA5E874}
        Interface description: Wi-Fi
    Encapsulation type: Ethernet (1)
    Arrival Time: Apr  9, 2026 18:28:55.313655700 India Standard Time
    UTC Arrival Time: Apr  9, 2026 12:58:55.313655700 UTC
    Epoch Arrival Time: 1775739535.313655700
    [Time shift for this packet: 0.000000000 seconds]
    [Time delta from previous captured frame: 318.300 microseconds]
    [Time delta from previous displayed frame: 318.300 microseconds]
    [Time since reference or first frame: 1.891797300 seconds]
    Frame Number: 125
    Frame Length: 1294 bytes (10352 bits)
    Capture Length: 1294 bytes (10352 bits)
    [Frame is marked: False]
    [Frame is ignored: False]
    [Protocols in frame: eth:ethertype:ip:udp:quic]
    Character encoding: ASCII (0)
Ethernet II, Src: 96:77:0b:05:d4:0b (96:77:0b:05:d4:0b), Dst: HewlettPacka_3a:cc:1d (28:92:4a:3a:cc:1d)
    Destination: HewlettPacka_3a:cc:1d (28:92:4a:3a:cc:1d)
        .... ..0. .... .... .... .... = LG bit: Globally unique address (factory default)
        .... ...0 .... .... .... .... = IG bit: Individual address (unicast)
    Source: 96:77:0b:05:d4:0b (96:77:0b:05:d4:0b)
        .... ..1. .... .... .... .... = LG bit: Locally administered address (this is NOT the factory default)
        .... ...0 .... .... .... .... = IG bit: Individual address (unicast)
    Type: IPv4 (0x0800)
    [Stream index: 0]
Internet Protocol Version 4, Src: 172.16.90.227, Dst: 142.251.221.219
    0100 .... = Version: 4
    .... 0101 = Header Length: 20 bytes (5)
    Differentiated Services Field: 0x00 (DSCP: CS0, ECN: Not-ECT)
        0000 00.. = Differentiated Services Codepoint: Default (0)
        .... ..00 = Explicit Congestion Notification: Not ECN-Capable Transport (0)
    Total Length: 1280
    Identification: 0x0de6 (3558)
    010. .... = Flags: 0x2, Don't fragment
        0... .... = Reserved bit: Not set
        .1.. .... = Don't fragment: Set
        ..0. .... = More fragments: Not set
    ...0 0000 0000 0000 = Fragment Offset: 0
    Time to Live: 128
    Protocol: UDP (17)
    Header Checksum: 0x0000 [validation disabled]
    [Header checksum status: Unverified]
    Source Address: 172.16.90.227
    Destination Address: 142.251.221.219
    [Stream index: 5]
User Datagram Protocol, Src Port: 57407, Dst Port: 443
    Source Port: 57407
    Destination Port: 443
    Length: 1260
    Checksum: 0x78c8 [unverified]
    [Checksum Status: Unverified]
    [Stream index: 5]
    [Stream Packet Number: 8]
    [Timestamps]
        [Time since first frame: 23.809300 milliseconds]
        [Time since previous frame: 318.300 microseconds]
    UDP payload (1252 bytes)
QUIC IETF
    QUIC Connection information
        [Connection Number: 4]
    [Packet Length: 43]
    1... .... = Header Form: Long Header (1)
    .1.. .... = Fixed Bit: True
    ..00 .... = Packet Type: Initial (0)
    [.... 00.. = Reserved: 0]
    [.... ..00 = Packet Number Length: 1 bytes (0)]
    Version: 1 (0x00000001)
    Destination Connection ID Length: 8
    Destination Connection ID: f08e866e67d9f0f4
    Source Connection ID Length: 3
    Source Connection ID: b683ff
    Token Length: 0
    Length: 22
    [Packet Number: 25]
    Payload: 1a10188d7724f654bf0c09e48ce953ba18d30b88b4
    ACK
        Frame Type: ACK (0x0000000000000002)
        Largest Acknowledged: 4
        ACK Delay: 31
        ACK Range Count: 0
        First ACK Range: 3
QUIC IETF
    [Expert Info (Note/Protocol): (Random) padding data appended to the datagram]
        [(Random) padding data appended to the datagram]
        [Severity level: Note]
        [Group: Protocol]

Frame 126: Packet, 1298 bytes on wire (10384 bits), 1298 bytes captured (10384 bits) on interface \Device\NPF_{9B9257DC-FAC1-4993-B12F-136D7BA5E874}, id 0
    Section number: 1
    Interface id: 0 (\Device\NPF_{9B9257DC-FAC1-4993-B12F-136D7BA5E874})
        Interface name: \Device\NPF_{9B9257DC-FAC1-4993-B12F-136D7BA5E874}
        Interface description: Wi-Fi
    Encapsulation type: Ethernet (1)
    Arrival Time: Apr  9, 2026 18:28:55.320891000 India Standard Time
    UTC Arrival Time: Apr  9, 2026 12:58:55.320891000 UTC
    Epoch Arrival Time: 1775739535.320891000
    [Time shift for this packet: 0.000000000 seconds]
    [Time delta from previous captured frame: 7.235300 milliseconds]
    [Time delta from previous displayed frame: 7.235300 milliseconds]
    [Time since reference or first frame: 1.899032600 seconds]
    Frame Number: 126
    Frame Length: 1298 bytes (10384 bits)
    Capture Length: 1298 bytes (10384 bits)
    [Frame is marked: False]
    [Frame is ignored: False]
    [Protocols in frame: eth:ethertype:vlan:ethertype:ip:udp:quic]
    Character encoding: ASCII (0)
Ethernet II, Src: HewlettPacka_3a:cc:1d (28:92:4a:3a:cc:1d), Dst: 96:77:0b:05:d4:0b (96:77:0b:05:d4:0b)
    Destination: 96:77:0b:05:d4:0b (96:77:0b:05:d4:0b)
        .... ..1. .... .... .... .... = LG bit: Locally administered address (this is NOT the factory default)
        .... ...0 .... .... .... .... = IG bit: Individual address (unicast)
    Source: HewlettPacka_3a:cc:1d (28:92:4a:3a:cc:1d)
        .... ..0. .... .... .... .... = LG bit: Globally unique address (factory default)
        .... ...0 .... .... .... .... = IG bit: Individual address (unicast)
    Type: 802.1Q Virtual LAN (0x8100)
    [Stream index: 0]
802.1Q Virtual LAN, PRI: 0, DEI: 0, ID: 0
    000. .... .... .... = Priority: Best Effort (default) (0)
    ...0 .... .... .... = DEI: Ineligible
    .... 0000 0000 0000 = ID: 0
    Type: IPv4 (0x0800)
Internet Protocol Version 4, Src: 142.251.221.219, Dst: 172.16.90.227
    0100 .... = Version: 4
    .... 0101 = Header Length: 20 bytes (5)
    Differentiated Services Field: 0xb8 (DSCP: EF, ECN: Not-ECT)
        1011 10.. = Differentiated Services Codepoint: Expedited Forwarding (46)
        .... ..00 = Explicit Congestion Notification: Not ECN-Capable Transport (0)
    Total Length: 1280
    Identification: 0x0000 (0)
    010. .... = Flags: 0x2, Don't fragment
        0... .... = Reserved bit: Not set
        .1.. .... = Don't fragment: Set
        ..0. .... = More fragments: Not set
    ...0 0000 0000 0000 = Fragment Offset: 0
    Time to Live: 57
    Protocol: UDP (17)
    Header Checksum: 0xc86a [validation disabled]
    [Header checksum status: Unverified]
    Source Address: 142.251.221.219
    Destination Address: 172.16.90.227
    [Stream index: 5]
User Datagram Protocol, Src Port: 443, Dst Port: 57407
    Source Port: 443
    Destination Port: 57407
    Length: 1260
    Checksum: 0xbaf8 [unverified]
    [Checksum Status: Unverified]
    [Stream index: 5]
    [Stream Packet Number: 9]
    [Timestamps]
        [Time since first frame: 31.044600 milliseconds]
        [Time since previous frame: 7.235300 milliseconds]
    UDP payload (1252 bytes)
QUIC IETF
    QUIC Connection information
        [Connection Number: 4]
    [Packet Length: 1252]
    1... .... = Header Form: Long Header (1)
    .1.. .... = Fixed Bit: True
    ..10 .... = Packet Type: Handshake (2)
    Version: 1 (0x00000001)
    Destination Connection ID Length: 3
    Destination Connection ID: b683ff
    Source Connection ID Length: 8
    Source Connection ID: f08e866e67d9f0f4
    Length: 1232
    [Expert Info (Warning/Decryption): Failed to create decryption context: Secrets are not available]
        [Failed to create decryption context: Secrets are not available]
        [Severity level: Warning]
        [Group: Decryption]
    Remaining Payload […]: 567a844d27d9ca52f22d27c987bb653e160a646eb568bac9627854ba3a746cc6880a4681a24cc966074a5fb04375d68b443c7c3d4ca401431b69fe91f16270b4b108e932a6f7ae6a29fd5e49d5d7b9a92451649ac26cc1bfa61a0f8d5fae1efcff037b7bb2242f52a4432e

Frame 127: Packet, 1132 bytes on wire (9056 bits), 1132 bytes captured (9056 bits) on interface \Device\NPF_{9B9257DC-FAC1-4993-B12F-136D7BA5E874}, id 0
    Section number: 1
    Interface id: 0 (\Device\NPF_{9B9257DC-FAC1-4993-B12F-136D7BA5E874})
        Interface name: \Device\NPF_{9B9257DC-FAC1-4993-B12F-136D7BA5E874}
        Interface description: Wi-Fi
    Encapsulation type: Ethernet (1)
    Arrival Time: Apr  9, 2026 18:28:55.320926000 India Standard Time
    UTC Arrival Time: Apr  9, 2026 12:58:55.320926000 UTC
    Epoch Arrival Time: 1775739535.320926000
    [Time shift for this packet: 0.000000000 seconds]
    [Time delta from previous captured frame: 35.000 microseconds]
    [Time delta from previous displayed frame: 35.000 microseconds]
    [Time since reference or first frame: 1.899067600 seconds]
    Frame Number: 127
    Frame Length: 1132 bytes (9056 bits)
    Capture Length: 1132 bytes (9056 bits)
    [Frame is marked: False]
    [Frame is ignored: False]
    [Protocols in frame: eth:ethertype:vlan:ethertype:ip:udp:quic]
    Character encoding: ASCII (0)
Ethernet II, Src: HewlettPacka_3a:cc:1d (28:92:4a:3a:cc:1d), Dst: 96:77:0b:05:d4:0b (96:77:0b:05:d4:0b)
    Destination: 96:77:0b:05:d4:0b (96:77:0b:05:d4:0b)
        .... ..1. .... .... .... .... = LG bit: Locally administered address (this is NOT the factory default)
        .... ...0 .... .... .... .... = IG bit: Individual address (unicast)
    Source: HewlettPacka_3a:cc:1d (28:92:4a:3a:cc:1d)
        .... ..0. .... .... .... .... = LG bit: Globally unique address (factory default)
        .... ...0 .... .... .... .... = IG bit: Individual address (unicast)
    Type: 802.1Q Virtual LAN (0x8100)
    [Stream index: 0]
802.1Q Virtual LAN, PRI: 0, DEI: 0, ID: 0
    000. .... .... .... = Priority: Best Effort (default) (0)
    ...0 .... .... .... = DEI: Ineligible
    .... 0000 0000 0000 = ID: 0
    Type: IPv4 (0x0800)
Internet Protocol Version 4, Src: 142.251.221.219, Dst: 172.16.90.227
    0100 .... = Version: 4
    .... 0101 = Header Length: 20 bytes (5)
    Differentiated Services Field: 0xb8 (DSCP: EF, ECN: Not-ECT)
        1011 10.. = Differentiated Services Codepoint: Expedited Forwarding (46)
        .... ..00 = Explicit Congestion Notification: Not ECN-Capable Transport (0)
    Total Length: 1114
    Identification: 0x0000 (0)
    010. .... = Flags: 0x2, Don't fragment
        0... .... = Reserved bit: Not set
        .1.. .... = Don't fragment: Set
        ..0. .... = More fragments: Not set
    ...0 0000 0000 0000 = Fragment Offset: 0
    Time to Live: 57
    Protocol: UDP (17)
    Header Checksum: 0xc910 [validation disabled]
    [Header checksum status: Unverified]
    Source Address: 142.251.221.219
    Destination Address: 172.16.90.227
    [Stream index: 5]
User Datagram Protocol, Src Port: 443, Dst Port: 57407
    Source Port: 443
    Destination Port: 57407
    Length: 1094
    Checksum: 0x11bc [unverified]
    [Checksum Status: Unverified]
    [Stream index: 5]
    [Stream Packet Number: 10]
    [Timestamps]
        [Time since first frame: 31.079600 milliseconds]
        [Time since previous frame: 35.000 microseconds]
    UDP payload (1086 bytes)
QUIC IETF
    QUIC Connection information
        [Connection Number: 4]
    [Packet Length: 1020]
    1... .... = Header Form: Long Header (1)
    .1.. .... = Fixed Bit: True
    ..10 .... = Packet Type: Handshake (2)
    Version: 1 (0x00000001)
    Destination Connection ID Length: 3
    Destination Connection ID: b683ff
    Source Connection ID Length: 8
    Source Connection ID: f08e866e67d9f0f4
    Length: 1000
    [Expert Info (Warning/Decryption): Failed to create decryption context: Secrets are not available]
        [Failed to create decryption context: Secrets are not available]
        [Severity level: Warning]
        [Group: Decryption]
    Remaining Payload […]: 43cc64b5136e0356acead6fbf7989ab1acc9c6319e3512b69964cdf8dca9770b7b9b175dbaa1223a2b47d41b291adc5d9316d7e5a035384b898e44b636fc618502711289127ffcf07d5e8ce528912c9fbd98ddf159a3bee07c0e614779b5544db99dd3f9a88521bc839828
QUIC IETF
    [Packet Length: 66]
    QUIC Short Header DCID=b683ff
        0... .... = Header Form: Short Header (0)
        .1.. .... = Fixed Bit: True
        ..0. .... = Spin Bit: False
        Destination Connection ID: b683ff
    [Expert Info (Warning/Decryption): Failed to create decryption context: Secrets are not available]
        [Failed to create decryption context: Secrets are not available]
        [Severity level: Warning]
        [Group: Decryption]
    Remaining Payload: 994a0842b1820ab6c750a3983e88b17d1beb74b1baad9fc5c192ea8317fa1dfa53700f9f560be23287523d192963a539557ef9aaca2bfdf6b0009f2a2e3f

Frame 128: Packet, 84 bytes on wire (672 bits), 84 bytes captured (672 bits) on interface \Device\NPF_{9B9257DC-FAC1-4993-B12F-136D7BA5E874}, id 0
    Section number: 1
    Interface id: 0 (\Device\NPF_{9B9257DC-FAC1-4993-B12F-136D7BA5E874})
        Interface name: \Device\NPF_{9B9257DC-FAC1-4993-B12F-136D7BA5E874}
        Interface description: Wi-Fi
    Encapsulation type: Ethernet (1)
    Arrival Time: Apr  9, 2026 18:28:55.321439500 India Standard Time
    UTC Arrival Time: Apr  9, 2026 12:58:55.321439500 UTC
    Epoch Arrival Time: 1775739535.321439500
    [Time shift for this packet: 0.000000000 seconds]
    [Time delta from previous captured frame: 513.500 microseconds]
    [Time delta from previous displayed frame: 513.500 microseconds]
    [Time since reference or first frame: 1.899581100 seconds]
    Frame Number: 128
    Frame Length: 84 bytes (672 bits)
    Capture Length: 84 bytes (672 bits)
    [Frame is marked: False]
    [Frame is ignored: False]
    [Protocols in frame: eth:ethertype:ip:udp:quic]
    Character encoding: ASCII (0)
Ethernet II, Src: 96:77:0b:05:d4:0b (96:77:0b:05:d4:0b), Dst: HewlettPacka_3a:cc:1d (28:92:4a:3a:cc:1d)
    Destination: HewlettPacka_3a:cc:1d (28:92:4a:3a:cc:1d)
        .... ..0. .... .... .... .... = LG bit: Globally unique address (factory default)
        .... ...0 .... .... .... .... = IG bit: Individual address (unicast)
    Source: 96:77:0b:05:d4:0b (96:77:0b:05:d4:0b)
        .... ..1. .... .... .... .... = LG bit: Locally administered address (this is NOT the factory default)
        .... ...0 .... .... .... .... = IG bit: Individual address (unicast)
    Type: IPv4 (0x0800)
    [Stream index: 0]
Internet Protocol Version 4, Src: 172.16.90.227, Dst: 142.251.221.219
    0100 .... = Version: 4
    .... 0101 = Header Length: 20 bytes (5)
    Differentiated Services Field: 0x00 (DSCP: CS0, ECN: Not-ECT)
        0000 00.. = Differentiated Services Codepoint: Default (0)
        .... ..00 = Explicit Congestion Notification: Not ECN-Capable Transport (0)
    Total Length: 70
    Identification: 0x0dea (3562)
    010. .... = Flags: 0x2, Don't fragment
        0... .... = Reserved bit: Not set
        .1.. .... = Don't fragment: Set
        ..0. .... = More fragments: Not set
    ...0 0000 0000 0000 = Fragment Offset: 0
    Time to Live: 128
    Protocol: UDP (17)
    Header Checksum: 0x0000 [validation disabled]
    [Header checksum status: Unverified]
    Source Address: 172.16.90.227
    Destination Address: 142.251.221.219
    [Stream index: 5]
User Datagram Protocol, Src Port: 57407, Dst Port: 443
    Source Port: 57407
    Destination Port: 443
    Length: 50
    Checksum: 0x740e [unverified]
    [Checksum Status: Unverified]
    [Stream index: 5]
    [Stream Packet Number: 11]
    [Timestamps]
        [Time since first frame: 31.593100 milliseconds]
        [Time since previous frame: 513.500 microseconds]
    UDP payload (42 bytes)
QUIC IETF
    QUIC Connection information
        [Connection Number: 4]
    [Packet Length: 42]
    1... .... = Header Form: Long Header (1)
    .1.. .... = Fixed Bit: True
    ..10 .... = Packet Type: Handshake (2)
    Version: 1 (0x00000001)
    Destination Connection ID Length: 8
    Destination Connection ID: f08e866e67d9f0f4
    Source Connection ID Length: 3
    Source Connection ID: b683ff
    Length: 22
    [Expert Info (Warning/Decryption): Failed to create decryption context: Secrets are not available]
        [Failed to create decryption context: Secrets are not available]
        [Severity level: Warning]
        [Group: Decryption]
    Remaining Payload: 23d7861c69e977fc4a6fad8ba23eb161a035cb81094e

Frame 129: Packet, 173 bytes on wire (1384 bits), 173 bytes captured (1384 bits) on interface \Device\NPF_{9B9257DC-FAC1-4993-B12F-136D7BA5E874}, id 0
    Section number: 1
    Interface id: 0 (\Device\NPF_{9B9257DC-FAC1-4993-B12F-136D7BA5E874})
        Interface name: \Device\NPF_{9B9257DC-FAC1-4993-B12F-136D7BA5E874}
        Interface description: Wi-Fi
    Encapsulation type: Ethernet (1)
    Arrival Time: Apr  9, 2026 18:28:55.322098800 India Standard Time
    UTC Arrival Time: Apr  9, 2026 12:58:55.322098800 UTC
    Epoch Arrival Time: 1775739535.322098800
    [Time shift for this packet: 0.000000000 seconds]
    [Time delta from previous captured frame: 659.300 microseconds]
    [Time delta from previous displayed frame: 659.300 microseconds]
    [Time since reference or first frame: 1.900240400 seconds]
    Frame Number: 129
    Frame Length: 173 bytes (1384 bits)
    Capture Length: 173 bytes (1384 bits)
    [Frame is marked: False]
    [Frame is ignored: False]
    [Protocols in frame: eth:ethertype:ip:udp:quic]
    Character encoding: ASCII (0)
Ethernet II, Src: 96:77:0b:05:d4:0b (96:77:0b:05:d4:0b), Dst: HewlettPacka_3a:cc:1d (28:92:4a:3a:cc:1d)
    Destination: HewlettPacka_3a:cc:1d (28:92:4a:3a:cc:1d)
        .... ..0. .... .... .... .... = LG bit: Globally unique address (factory default)
        .... ...0 .... .... .... .... = IG bit: Individual address (unicast)
    Source: 96:77:0b:05:d4:0b (96:77:0b:05:d4:0b)
        .... ..1. .... .... .... .... = LG bit: Locally administered address (this is NOT the factory default)
        .... ...0 .... .... .... .... = IG bit: Individual address (unicast)
    Type: IPv4 (0x0800)
    [Stream index: 0]
Internet Protocol Version 4, Src: 172.16.90.227, Dst: 142.251.221.219
    0100 .... = Version: 4
    .... 0101 = Header Length: 20 bytes (5)
    Differentiated Services Field: 0x00 (DSCP: CS0, ECN: Not-ECT)
        0000 00.. = Differentiated Services Codepoint: Default (0)
        .... ..00 = Explicit Congestion Notification: Not ECN-Capable Transport (0)
    Total Length: 159
    Identification: 0x0deb (3563)
    010. .... = Flags: 0x2, Don't fragment
        0... .... = Reserved bit: Not set
        .1.. .... = Don't fragment: Set
        ..0. .... = More fragments: Not set
    ...0 0000 0000 0000 = Fragment Offset: 0
    Time to Live: 128
    Protocol: UDP (17)
    Header Checksum: 0x0000 [validation disabled]
    [Header checksum status: Unverified]
    Source Address: 172.16.90.227
    Destination Address: 142.251.221.219
    [Stream index: 5]
User Datagram Protocol, Src Port: 57407, Dst Port: 443
    Source Port: 57407
    Destination Port: 443
    Length: 139
    Checksum: 0x7467 [unverified]
    [Checksum Status: Unverified]
    [Stream index: 5]
    [Stream Packet Number: 12]
    [Timestamps]
        [Time since first frame: 32.252400 milliseconds]
        [Time since previous frame: 659.300 microseconds]
    UDP payload (131 bytes)
QUIC IETF
    QUIC Connection information
        [Connection Number: 4]
    [Packet Length: 76]
    1... .... = Header Form: Long Header (1)
    .1.. .... = Fixed Bit: True
    ..10 .... = Packet Type: Handshake (2)
    Version: 1 (0x00000001)
    Destination Connection ID Length: 8
    Destination Connection ID: f08e866e67d9f0f4
    Source Connection ID Length: 3
    Source Connection ID: b683ff
    Length: 56
    [Expert Info (Warning/Decryption): Failed to create decryption context: Secrets are not available]
        [Failed to create decryption context: Secrets are not available]
        [Severity level: Warning]
        [Group: Decryption]
    Remaining Payload: 89d9278a9a8c70fbf7af102710bc0e519349f4e2e4a2039ff65b99cfe9e829aca060b4dd0fad444d907e069d1ffc8b35676f48c5e81c95a9
QUIC IETF
    [Packet Length: 55]
    QUIC Short Header DCID=f08e866e67d9f0f4
        0... .... = Header Form: Short Header (0)
        .1.. .... = Fixed Bit: True
        ..1. .... = Spin Bit: True
        Destination Connection ID: f08e866e67d9f0f4
    Remaining Payload: 24b78e587210da073b4835051775abf3b09c2cc67000b658180d62772b5ea63368fa9ecafde9e7a3857d080a8b7e

Frame 130: Packet, 120 bytes on wire (960 bits), 120 bytes captured (960 bits) on interface \Device\NPF_{9B9257DC-FAC1-4993-B12F-136D7BA5E874}, id 0
    Section number: 1
    Interface id: 0 (\Device\NPF_{9B9257DC-FAC1-4993-B12F-136D7BA5E874})
        Interface name: \Device\NPF_{9B9257DC-FAC1-4993-B12F-136D7BA5E874}
        Interface description: Wi-Fi
    Encapsulation type: Ethernet (1)
    Arrival Time: Apr  9, 2026 18:28:55.322139600 India Standard Time
    UTC Arrival Time: Apr  9, 2026 12:58:55.322139600 UTC
    Epoch Arrival Time: 1775739535.322139600
    [Time shift for this packet: 0.000000000 seconds]
    [Time delta from previous captured frame: 40.800 microseconds]
    [Time delta from previous displayed frame: 40.800 microseconds]
    [Time since reference or first frame: 1.900281200 seconds]
    Frame Number: 130
    Frame Length: 120 bytes (960 bits)
    Capture Length: 120 bytes (960 bits)
    [Frame is marked: False]
    [Frame is ignored: False]
    [Protocols in frame: eth:ethertype:ip:udp:quic]
    Character encoding: ASCII (0)
Ethernet II, Src: 96:77:0b:05:d4:0b (96:77:0b:05:d4:0b), Dst: HewlettPacka_3a:cc:1d (28:92:4a:3a:cc:1d)
    Destination: HewlettPacka_3a:cc:1d (28:92:4a:3a:cc:1d)
        .... ..0. .... .... .... .... = LG bit: Globally unique address (factory default)
        .... ...0 .... .... .... .... = IG bit: Individual address (unicast)
    Source: 96:77:0b:05:d4:0b (96:77:0b:05:d4:0b)
        .... ..1. .... .... .... .... = LG bit: Locally administered address (this is NOT the factory default)
        .... ...0 .... .... .... .... = IG bit: Individual address (unicast)
    Type: IPv4 (0x0800)
    [Stream index: 0]
Internet Protocol Version 4, Src: 172.16.90.227, Dst: 142.251.221.219
    0100 .... = Version: 4
    .... 0101 = Header Length: 20 bytes (5)
    Differentiated Services Field: 0x00 (DSCP: CS0, ECN: Not-ECT)
        0000 00.. = Differentiated Services Codepoint: Default (0)
        .... ..00 = Explicit Congestion Notification: Not ECN-Capable Transport (0)
    Total Length: 106
    Identification: 0x0dec (3564)
    010. .... = Flags: 0x2, Don't fragment
        0... .... = Reserved bit: Not set
        .1.. .... = Don't fragment: Set
        ..0. .... = More fragments: Not set
    ...0 0000 0000 0000 = Fragment Offset: 0
    Time to Live: 128
    Protocol: UDP (17)
    Header Checksum: 0x0000 [validation disabled]
    [Header checksum status: Unverified]
    Source Address: 172.16.90.227
    Destination Address: 142.251.221.219
    [Stream index: 5]
User Datagram Protocol, Src Port: 57407, Dst Port: 443
    Source Port: 57407
    Destination Port: 443
    Length: 86
    Checksum: 0x7432 [unverified]
    [Checksum Status: Unverified]
    [Stream index: 5]
    [Stream Packet Number: 13]
    [Timestamps]
        [Time since first frame: 32.293200 milliseconds]
        [Time since previous frame: 40.800 microseconds]
    UDP payload (78 bytes)
QUIC IETF
    QUIC Connection information
        [Connection Number: 4]
    [Packet Length: 78]
    QUIC Short Header DCID=f08e866e67d9f0f4
        0... .... = Header Form: Short Header (0)
        .1.. .... = Fixed Bit: True
        ..1. .... = Spin Bit: True
        Destination Connection ID: f08e866e67d9f0f4
    Remaining Payload: 3da4edde6608fd3448fc8a72865433709b12d84da61d3ed7e4f12c3447e4fa48a8cdaf7813cf33f44a816f11c1560159028c020f4230550416c43a9816a3dbbe8eb2b3027b

Frame 131: Packet, 664 bytes on wire (5312 bits), 664 bytes captured (5312 bits) on interface \Device\NPF_{9B9257DC-FAC1-4993-B12F-136D7BA5E874}, id 0
    Section number: 1
    Interface id: 0 (\Device\NPF_{9B9257DC-FAC1-4993-B12F-136D7BA5E874})
        Interface name: \Device\NPF_{9B9257DC-FAC1-4993-B12F-136D7BA5E874}
        Interface description: Wi-Fi
    Encapsulation type: Ethernet (1)
    Arrival Time: Apr  9, 2026 18:28:55.327318600 India Standard Time
    UTC Arrival Time: Apr  9, 2026 12:58:55.327318600 UTC
    Epoch Arrival Time: 1775739535.327318600
    [Time shift for this packet: 0.000000000 seconds]
    [Time delta from previous captured frame: 5.179000 milliseconds]
    [Time delta from previous displayed frame: 5.179000 milliseconds]
    [Time since reference or first frame: 1.905460200 seconds]
    Frame Number: 131
    Frame Length: 664 bytes (5312 bits)
    Capture Length: 664 bytes (5312 bits)
    [Frame is marked: False]
    [Frame is ignored: False]
    [Protocols in frame: eth:ethertype:vlan:ethertype:ip:udp:quic]
    Character encoding: ASCII (0)
Ethernet II, Src: HewlettPacka_3a:cc:1d (28:92:4a:3a:cc:1d), Dst: 96:77:0b:05:d4:0b (96:77:0b:05:d4:0b)
    Destination: 96:77:0b:05:d4:0b (96:77:0b:05:d4:0b)
        .... ..1. .... .... .... .... = LG bit: Locally administered address (this is NOT the factory default)
        .... ...0 .... .... .... .... = IG bit: Individual address (unicast)
    Source: HewlettPacka_3a:cc:1d (28:92:4a:3a:cc:1d)
        .... ..0. .... .... .... .... = LG bit: Globally unique address (factory default)
        .... ...0 .... .... .... .... = IG bit: Individual address (unicast)
    Type: 802.1Q Virtual LAN (0x8100)
    [Stream index: 0]
802.1Q Virtual LAN, PRI: 0, DEI: 0, ID: 0
    000. .... .... .... = Priority: Best Effort (default) (0)
    ...0 .... .... .... = DEI: Ineligible
    .... 0000 0000 0000 = ID: 0
    Type: IPv4 (0x0800)
Internet Protocol Version 4, Src: 142.251.221.219, Dst: 172.16.90.227
    0100 .... = Version: 4
    .... 0101 = Header Length: 20 bytes (5)
    Differentiated Services Field: 0xb8 (DSCP: EF, ECN: Not-ECT)
        1011 10.. = Differentiated Services Codepoint: Expedited Forwarding (46)
        .... ..00 = Explicit Congestion Notification: Not ECN-Capable Transport (0)
    Total Length: 646
    Identification: 0x0000 (0)
    010. .... = Flags: 0x2, Don't fragment
        0... .... = Reserved bit: Not set
        .1.. .... = Don't fragment: Set
        ..0. .... = More fragments: Not set
    ...0 0000 0000 0000 = Fragment Offset: 0
    Time to Live: 57
    Protocol: UDP (17)
    Header Checksum: 0xcae4 [validation disabled]
    [Header checksum status: Unverified]
    Source Address: 142.251.221.219
    Destination Address: 172.16.90.227
    [Stream index: 5]
User Datagram Protocol, Src Port: 443, Dst Port: 57407
    Source Port: 443
    Destination Port: 57407
    Length: 626
    Checksum: 0x0289 [unverified]
    [Checksum Status: Unverified]
    [Stream index: 5]
    [Stream Packet Number: 14]
    [Timestamps]
        [Time since first frame: 37.472200 milliseconds]
        [Time since previous frame: 5.179000 milliseconds]
    UDP payload (618 bytes)
QUIC IETF
    QUIC Connection information
        [Connection Number: 4]
    [Packet Length: 618]
    QUIC Short Header DCID=b683ff
        0... .... = Header Form: Short Header (0)
        .1.. .... = Fixed Bit: True
        ..0. .... = Spin Bit: False
        Destination Connection ID: b683ff
    Remaining Payload […]: 230ee719c72222ba1c60445841a8902a83bf1cdf067cc164c776f76afb252053a7f77b5958e46a2fe2dc7e5028a368ecb502a22916510fedbe42debd4c4eec077127f99fb847706c952a72f3b5070423ed572cb1775862dcecdf45e3e86b3370fbd934295e60ada3cbcfd4

Frame 132: Packet, 170 bytes on wire (1360 bits), 170 bytes captured (1360 bits) on interface \Device\NPF_{9B9257DC-FAC1-4993-B12F-136D7BA5E874}, id 0
    Section number: 1
    Interface id: 0 (\Device\NPF_{9B9257DC-FAC1-4993-B12F-136D7BA5E874})
        Interface name: \Device\NPF_{9B9257DC-FAC1-4993-B12F-136D7BA5E874}
        Interface description: Wi-Fi
    Encapsulation type: Ethernet (1)
    Arrival Time: Apr  9, 2026 18:28:55.327318600 India Standard Time
    UTC Arrival Time: Apr  9, 2026 12:58:55.327318600 UTC
    Epoch Arrival Time: 1775739535.327318600
    [Time shift for this packet: 0.000000000 seconds]
    [Time delta from previous captured frame: 0.000000000 seconds]
    [Time delta from previous displayed frame: 0.000000000 seconds]
    [Time since reference or first frame: 1.905460200 seconds]
    Frame Number: 132
    Frame Length: 170 bytes (1360 bits)
    Capture Length: 170 bytes (1360 bits)
    [Frame is marked: False]
    [Frame is ignored: False]
    [Protocols in frame: eth:ethertype:vlan:ethertype:ip:udp:quic]
    Character encoding: ASCII (0)
Ethernet II, Src: HewlettPacka_3a:cc:1d (28:92:4a:3a:cc:1d), Dst: 96:77:0b:05:d4:0b (96:77:0b:05:d4:0b)
    Destination: 96:77:0b:05:d4:0b (96:77:0b:05:d4:0b)
        .... ..1. .... .... .... .... = LG bit: Locally administered address (this is NOT the factory default)
        .... ...0 .... .... .... .... = IG bit: Individual address (unicast)
    Source: HewlettPacka_3a:cc:1d (28:92:4a:3a:cc:1d)
        .... ..0. .... .... .... .... = LG bit: Globally unique address (factory default)
        .... ...0 .... .... .... .... = IG bit: Individual address (unicast)
    Type: 802.1Q Virtual LAN (0x8100)
    [Stream index: 0]
802.1Q Virtual LAN, PRI: 0, DEI: 0, ID: 0
    000. .... .... .... = Priority: Best Effort (default) (0)
    ...0 .... .... .... = DEI: Ineligible
    .... 0000 0000 0000 = ID: 0
    Type: IPv4 (0x0800)
Internet Protocol Version 4, Src: 142.251.221.219, Dst: 172.16.90.227
    0100 .... = Version: 4
    .... 0101 = Header Length: 20 bytes (5)
    Differentiated Services Field: 0xb8 (DSCP: EF, ECN: Not-ECT)
        1011 10.. = Differentiated Services Codepoint: Expedited Forwarding (46)
        .... ..00 = Explicit Congestion Notification: Not ECN-Capable Transport (0)
    Total Length: 152
    Identification: 0x0000 (0)
    010. .... = Flags: 0x2, Don't fragment
        0... .... = Reserved bit: Not set
        .1.. .... = Don't fragment: Set
        ..0. .... = More fragments: Not set
    ...0 0000 0000 0000 = Fragment Offset: 0
    Time to Live: 57
    Protocol: UDP (17)
    Header Checksum: 0xccd2 [validation disabled]
    [Header checksum status: Unverified]
    Source Address: 142.251.221.219
    Destination Address: 172.16.90.227
    [Stream index: 5]
User Datagram Protocol, Src Port: 443, Dst Port: 57407
    Source Port: 443
    Destination Port: 57407
    Length: 132
    Checksum: 0x3c8e [unverified]
    [Checksum Status: Unverified]
    [Stream index: 5]
    [Stream Packet Number: 15]
    [Timestamps]
        [Time since first frame: 37.472200 milliseconds]
        [Time since previous frame: 0.000000000 seconds]
    UDP payload (124 bytes)
QUIC IETF
    QUIC Connection information
        [Connection Number: 4]
    [Packet Length: 124]
    QUIC Short Header DCID=b683ff
        0... .... = Header Form: Short Header (0)
        .1.. .... = Fixed Bit: True
        ..0. .... = Spin Bit: False
        Destination Connection ID: b683ff
    Remaining Payload […]: 2d01fffc91e7ee888389952b512d7cf6d6d578a1ae2af7a644c18fef7d96b654f5fd81a9a8bd7af53ef7472caf24201643d5470f0a20a43690182df0d8539862af24f594fcc042ee6bb4e4e5ee255ab05d66dd8d4f8a1eebc2d1e779d8df26c7b1b903aff4d61b05bb8a74

Frame 133: Packet, 72 bytes on wire (576 bits), 72 bytes captured (576 bits) on interface \Device\NPF_{9B9257DC-FAC1-4993-B12F-136D7BA5E874}, id 0
    Section number: 1
    Interface id: 0 (\Device\NPF_{9B9257DC-FAC1-4993-B12F-136D7BA5E874})
        Interface name: \Device\NPF_{9B9257DC-FAC1-4993-B12F-136D7BA5E874}
        Interface description: Wi-Fi
    Encapsulation type: Ethernet (1)
    Arrival Time: Apr  9, 2026 18:28:55.327318600 India Standard Time
    UTC Arrival Time: Apr  9, 2026 12:58:55.327318600 UTC
    Epoch Arrival Time: 1775739535.327318600
    [Time shift for this packet: 0.000000000 seconds]
    [Time delta from previous captured frame: 0.000000000 seconds]
    [Time delta from previous displayed frame: 0.000000000 seconds]
    [Time since reference or first frame: 1.905460200 seconds]
    Frame Number: 133
    Frame Length: 72 bytes (576 bits)
    Capture Length: 72 bytes (576 bits)
    [Frame is marked: False]
    [Frame is ignored: False]
    [Protocols in frame: eth:ethertype:vlan:ethertype:ip:udp:quic]
    Character encoding: ASCII (0)
Ethernet II, Src: HewlettPacka_3a:cc:1d (28:92:4a:3a:cc:1d), Dst: 96:77:0b:05:d4:0b (96:77:0b:05:d4:0b)
    Destination: 96:77:0b:05:d4:0b (96:77:0b:05:d4:0b)
        .... ..1. .... .... .... .... = LG bit: Locally administered address (this is NOT the factory default)
        .... ...0 .... .... .... .... = IG bit: Individual address (unicast)
    Source: HewlettPacka_3a:cc:1d (28:92:4a:3a:cc:1d)
        .... ..0. .... .... .... .... = LG bit: Globally unique address (factory default)
        .... ...0 .... .... .... .... = IG bit: Individual address (unicast)
    Type: 802.1Q Virtual LAN (0x8100)
    [Stream index: 0]
802.1Q Virtual LAN, PRI: 0, DEI: 0, ID: 0
    000. .... .... .... = Priority: Best Effort (default) (0)
    ...0 .... .... .... = DEI: Ineligible
    .... 0000 0000 0000 = ID: 0
    Type: IPv4 (0x0800)
Internet Protocol Version 4, Src: 142.251.221.219, Dst: 172.16.90.227
    0100 .... = Version: 4
    .... 0101 = Header Length: 20 bytes (5)
    Differentiated Services Field: 0xb8 (DSCP: EF, ECN: Not-ECT)
        1011 10.. = Differentiated Services Codepoint: Expedited Forwarding (46)
        .... ..00 = Explicit Congestion Notification: Not ECN-Capable Transport (0)
    Total Length: 54
    Identification: 0x0000 (0)
    010. .... = Flags: 0x2, Don't fragment
        0... .... = Reserved bit: Not set
        .1.. .... = Don't fragment: Set
        ..0. .... = More fragments: Not set
    ...0 0000 0000 0000 = Fragment Offset: 0
    Time to Live: 57
    Protocol: UDP (17)
    Header Checksum: 0xcd34 [validation disabled]
    [Header checksum status: Unverified]
    Source Address: 142.251.221.219
    Destination Address: 172.16.90.227
    [Stream index: 5]
User Datagram Protocol, Src Port: 443, Dst Port: 57407
    Source Port: 443
    Destination Port: 57407
    Length: 34
    Checksum: 0x7cd5 [unverified]
    [Checksum Status: Unverified]
    [Stream index: 5]
    [Stream Packet Number: 16]
    [Timestamps]
        [Time since first frame: 37.472200 milliseconds]
        [Time since previous frame: 0.000000000 seconds]
    UDP payload (26 bytes)
QUIC IETF
    QUIC Connection information
        [Connection Number: 4]
    [Packet Length: 26]
    QUIC Short Header DCID=b683ff
        0... .... = Header Form: Short Header (0)
        .1.. .... = Fixed Bit: True
        ..0. .... = Spin Bit: False
        Destination Connection ID: b683ff
    Remaining Payload: 3cf17ef69f75f3819b66aa9831933d9e61dce893fed8

Frame 134: Packet, 73 bytes on wire (584 bits), 73 bytes captured (584 bits) on interface \Device\NPF_{9B9257DC-FAC1-4993-B12F-136D7BA5E874}, id 0
    Section number: 1
    Interface id: 0 (\Device\NPF_{9B9257DC-FAC1-4993-B12F-136D7BA5E874})
        Interface name: \Device\NPF_{9B9257DC-FAC1-4993-B12F-136D7BA5E874}
        Interface description: Wi-Fi
    Encapsulation type: Ethernet (1)
    Arrival Time: Apr  9, 2026 18:28:55.327743900 India Standard Time
    UTC Arrival Time: Apr  9, 2026 12:58:55.327743900 UTC
    Epoch Arrival Time: 1775739535.327743900
    [Time shift for this packet: 0.000000000 seconds]
    [Time delta from previous captured frame: 425.300 microseconds]
    [Time delta from previous displayed frame: 425.300 microseconds]
    [Time since reference or first frame: 1.905885500 seconds]
    Frame Number: 134
    Frame Length: 73 bytes (584 bits)
    Capture Length: 73 bytes (584 bits)
    [Frame is marked: False]
    [Frame is ignored: False]
    [Protocols in frame: eth:ethertype:ip:udp:quic]
    Character encoding: ASCII (0)
Ethernet II, Src: 96:77:0b:05:d4:0b (96:77:0b:05:d4:0b), Dst: HewlettPacka_3a:cc:1d (28:92:4a:3a:cc:1d)
    Destination: HewlettPacka_3a:cc:1d (28:92:4a:3a:cc:1d)
        .... ..0. .... .... .... .... = LG bit: Globally unique address (factory default)
        .... ...0 .... .... .... .... = IG bit: Individual address (unicast)
    Source: 96:77:0b:05:d4:0b (96:77:0b:05:d4:0b)
        .... ..1. .... .... .... .... = LG bit: Locally administered address (this is NOT the factory default)
        .... ...0 .... .... .... .... = IG bit: Individual address (unicast)
    Type: IPv4 (0x0800)
    [Stream index: 0]
Internet Protocol Version 4, Src: 172.16.90.227, Dst: 142.251.221.219
    0100 .... = Version: 4
    .... 0101 = Header Length: 20 bytes (5)
    Differentiated Services Field: 0x02 (DSCP: CS0, ECN: ECT(0))
        0000 00.. = Differentiated Services Codepoint: Default (0)
        .... ..10 = Explicit Congestion Notification: ECN-Capable Transport codepoint '10' (2)
    Total Length: 59
    Identification: 0x0ded (3565)
    010. .... = Flags: 0x2, Don't fragment
        0... .... = Reserved bit: Not set
        .1.. .... = Don't fragment: Set
        ..0. .... = More fragments: Not set
    ...0 0000 0000 0000 = Fragment Offset: 0
    Time to Live: 128
    Protocol: UDP (17)
    Header Checksum: 0x0000 [validation disabled]
    [Header checksum status: Unverified]
    Source Address: 172.16.90.227
    Destination Address: 142.251.221.219
    [Stream index: 5]
User Datagram Protocol, Src Port: 57407, Dst Port: 443
    Source Port: 57407
    Destination Port: 443
    Length: 39
    Checksum: 0x7403 [unverified]
    [Checksum Status: Unverified]
    [Stream index: 5]
    [Stream Packet Number: 17]
    [Timestamps]
        [Time since first frame: 37.897500 milliseconds]
        [Time since previous frame: 425.300 microseconds]
    UDP payload (31 bytes)
QUIC IETF
    QUIC Connection information
        [Connection Number: 4]
    [Packet Length: 31]
    QUIC Short Header DCID=f08e866e67d9f0f4
        0... .... = Header Form: Short Header (0)
        .1.. .... = Fixed Bit: True
        ..0. .... = Spin Bit: False
        Destination Connection ID: f08e866e67d9f0f4
    Remaining Payload: df6c2fdf579925233662014f62bc10953dd965e4ec81

Frame 135: Packet, 1242 bytes on wire (9936 bits), 1242 bytes captured (9936 bits) on interface \Device\NPF_{9B9257DC-FAC1-4993-B12F-136D7BA5E874}, id 0
    Section number: 1
    Interface id: 0 (\Device\NPF_{9B9257DC-FAC1-4993-B12F-136D7BA5E874})
        Interface name: \Device\NPF_{9B9257DC-FAC1-4993-B12F-136D7BA5E874}
        Interface description: Wi-Fi
    Encapsulation type: Ethernet (1)
    Arrival Time: Apr  9, 2026 18:28:55.627679000 India Standard Time
    UTC Arrival Time: Apr  9, 2026 12:58:55.627679000 UTC
    Epoch Arrival Time: 1775739535.627679000
    [Time shift for this packet: 0.000000000 seconds]
    [Time delta from previous captured frame: 299.935100 milliseconds]
    [Time delta from previous displayed frame: 299.935100 milliseconds]
    [Time since reference or first frame: 2.205820600 seconds]
    Frame Number: 135
    Frame Length: 1242 bytes (9936 bits)
    Capture Length: 1242 bytes (9936 bits)
    [Frame is marked: False]
    [Frame is ignored: False]
    [Protocols in frame: eth:ethertype:ip:udp:quic]
    Character encoding: ASCII (0)
Ethernet II, Src: HewlettPacka_3a:cc:1d (28:92:4a:3a:cc:1d), Dst: 96:77:0b:05:d4:0b (96:77:0b:05:d4:0b)
    Destination: 96:77:0b:05:d4:0b (96:77:0b:05:d4:0b)
        .... ..1. .... .... .... .... = LG bit: Locally administered address (this is NOT the factory default)
        .... ...0 .... .... .... .... = IG bit: Individual address (unicast)
    Source: HewlettPacka_3a:cc:1d (28:92:4a:3a:cc:1d)
        .... ..0. .... .... .... .... = LG bit: Globally unique address (factory default)
        .... ...0 .... .... .... .... = IG bit: Individual address (unicast)
    Type: IPv4 (0x0800)
    [Stream index: 0]
Internet Protocol Version 4, Src: 104.18.28.7, Dst: 172.16.90.227
    0100 .... = Version: 4
    .... 0101 = Header Length: 20 bytes (5)
    Differentiated Services Field: 0x88 (DSCP: AF41, ECN: Not-ECT)
        1000 10.. = Differentiated Services Codepoint: Assured Forwarding 41 (34)
        .... ..00 = Explicit Congestion Notification: Not ECN-Capable Transport (0)
    Total Length: 1228
    Identification: 0x0000 (0)
    010. .... = Flags: 0x2, Don't fragment
        0... .... = Reserved bit: Not set
        .1.. .... = Don't fragment: Set
        ..0. .... = More fragments: Not set
    ...0 0000 0000 0000 = Fragment Offset: 0
    Time to Live: 57
    Protocol: UDP (17)
    Header Checksum: 0xb18c [validation disabled]
    [Header checksum status: Unverified]
    Source Address: 104.18.28.7
    Destination Address: 172.16.90.227
    [Stream index: 3]
User Datagram Protocol, Src Port: 443, Dst Port: 50491
    Source Port: 443
    Destination Port: 50491
    Length: 1208
    Checksum: 0x1798 [unverified]
    [Checksum Status: Unverified]
    [Stream index: 3]
    [Stream Packet Number: 25]
    [Timestamps]
        [Time since first frame: 1.681978200 seconds]
        [Time since previous frame: 1.642547700 seconds]
    UDP payload (1200 bytes)
QUIC IETF
    QUIC Connection information
        [Connection Number: 2]
    [Packet Length: 1200]
    QUIC Short Header DCID=37727d
        0... .... = Header Form: Short Header (0)
        .1.. .... = Fixed Bit: True
        ..0. .... = Spin Bit: False
        Destination Connection ID: 37727d
    Remaining Payload […]: 11848c126c092de32aa2e92519f846b1dabbe51680d6de8593113697537dc1d92297b06a548005845c962b7fac2c9a11d3c25bc074516f706ad0749c250995daf309df891a148736c6d4be2f3350d84747c1fff27e8c5d7e5173d9f9de56a11777e906f2fa5f5ad953c42d

Frame 136: Packet, 85 bytes on wire (680 bits), 85 bytes captured (680 bits) on interface \Device\NPF_{9B9257DC-FAC1-4993-B12F-136D7BA5E874}, id 0
    Section number: 1
    Interface id: 0 (\Device\NPF_{9B9257DC-FAC1-4993-B12F-136D7BA5E874})
        Interface name: \Device\NPF_{9B9257DC-FAC1-4993-B12F-136D7BA5E874}
        Interface description: Wi-Fi
    Encapsulation type: Ethernet (1)
    Arrival Time: Apr  9, 2026 18:28:55.627974900 India Standard Time
    UTC Arrival Time: Apr  9, 2026 12:58:55.627974900 UTC
    Epoch Arrival Time: 1775739535.627974900
    [Time shift for this packet: 0.000000000 seconds]
    [Time delta from previous captured frame: 295.900 microseconds]
    [Time delta from previous displayed frame: 295.900 microseconds]
    [Time since reference or first frame: 2.206116500 seconds]
    Frame Number: 136
    Frame Length: 85 bytes (680 bits)
    Capture Length: 85 bytes (680 bits)
    [Frame is marked: False]
    [Frame is ignored: False]
    [Protocols in frame: eth:ethertype:ip:udp:quic]
    Character encoding: ASCII (0)
Ethernet II, Src: 96:77:0b:05:d4:0b (96:77:0b:05:d4:0b), Dst: HewlettPacka_3a:cc:1d (28:92:4a:3a:cc:1d)
    Destination: HewlettPacka_3a:cc:1d (28:92:4a:3a:cc:1d)
        .... ..0. .... .... .... .... = LG bit: Globally unique address (factory default)
        .... ...0 .... .... .... .... = IG bit: Individual address (unicast)
    Source: 96:77:0b:05:d4:0b (96:77:0b:05:d4:0b)
        .... ..1. .... .... .... .... = LG bit: Locally administered address (this is NOT the factory default)
        .... ...0 .... .... .... .... = IG bit: Individual address (unicast)
    Type: IPv4 (0x0800)
    [Stream index: 0]
Internet Protocol Version 4, Src: 172.16.90.227, Dst: 104.18.28.7
    0100 .... = Version: 4
    .... 0101 = Header Length: 20 bytes (5)
    Differentiated Services Field: 0x02 (DSCP: CS0, ECN: ECT(0))
        0000 00.. = Differentiated Services Codepoint: Default (0)
        .... ..10 = Explicit Congestion Notification: ECN-Capable Transport codepoint '10' (2)
    Total Length: 71
    Identification: 0x2efc (12028)
    010. .... = Flags: 0x2, Don't fragment
        0... .... = Reserved bit: Not set
        .1.. .... = Don't fragment: Set
        ..0. .... = More fragments: Not set
    ...0 0000 0000 0000 = Fragment Offset: 0
    Time to Live: 128
    Protocol: UDP (17)
    Header Checksum: 0x0000 [validation disabled]
    [Header checksum status: Unverified]
    Source Address: 172.16.90.227
    Destination Address: 104.18.28.7
    [Stream index: 3]
User Datagram Protocol, Src Port: 50491, Dst Port: 443
    Source Port: 50491
    Destination Port: 443
    Length: 51
    Checksum: 0x8b51 [unverified]
    [Checksum Status: Unverified]
    [Stream index: 3]
    [Stream Packet Number: 26]
    [Timestamps]
        [Time since first frame: 1.682274100 seconds]
        [Time since previous frame: 295.900 microseconds]
    UDP payload (43 bytes)
QUIC IETF
    QUIC Connection information
        [Connection Number: 2]
    [Packet Length: 43]
    QUIC Short Header DCID=0109fa68d8f7e373860b0468b0f7ceb5e4c7d584
        0... .... = Header Form: Short Header (0)
        .1.. .... = Fixed Bit: True
        ..0. .... = Spin Bit: False
        Destination Connection ID: 0109fa68d8f7e373860b0468b0f7ceb5e4c7d584
    Remaining Payload: 077dcc4e114aa3bf98197772903872076616d605b95a

Frame 137: Packet, 1242 bytes on wire (9936 bits), 1242 bytes captured (9936 bits) on interface \Device\NPF_{9B9257DC-FAC1-4993-B12F-136D7BA5E874}, id 0
    Section number: 1
    Interface id: 0 (\Device\NPF_{9B9257DC-FAC1-4993-B12F-136D7BA5E874})
        Interface name: \Device\NPF_{9B9257DC-FAC1-4993-B12F-136D7BA5E874}
        Interface description: Wi-Fi
    Encapsulation type: Ethernet (1)
    Arrival Time: Apr  9, 2026 18:28:55.628090900 India Standard Time
    UTC Arrival Time: Apr  9, 2026 12:58:55.628090900 UTC
    Epoch Arrival Time: 1775739535.628090900
    [Time shift for this packet: 0.000000000 seconds]
    [Time delta from previous captured frame: 116.000 microseconds]
    [Time delta from previous displayed frame: 116.000 microseconds]
    [Time since reference or first frame: 2.206232500 seconds]
    Frame Number: 137
    Frame Length: 1242 bytes (9936 bits)
    Capture Length: 1242 bytes (9936 bits)
    [Frame is marked: False]
    [Frame is ignored: False]
    [Protocols in frame: eth:ethertype:ip:udp:quic]
    Character encoding: ASCII (0)
Ethernet II, Src: HewlettPacka_3a:cc:1d (28:92:4a:3a:cc:1d), Dst: 96:77:0b:05:d4:0b (96:77:0b:05:d4:0b)
    Destination: 96:77:0b:05:d4:0b (96:77:0b:05:d4:0b)
        .... ..1. .... .... .... .... = LG bit: Locally administered address (this is NOT the factory default)
        .... ...0 .... .... .... .... = IG bit: Individual address (unicast)
    Source: HewlettPacka_3a:cc:1d (28:92:4a:3a:cc:1d)
        .... ..0. .... .... .... .... = LG bit: Globally unique address (factory default)
        .... ...0 .... .... .... .... = IG bit: Individual address (unicast)
    Type: IPv4 (0x0800)
    [Stream index: 0]
Internet Protocol Version 4, Src: 104.18.28.7, Dst: 172.16.90.227
    0100 .... = Version: 4
    .... 0101 = Header Length: 20 bytes (5)
    Differentiated Services Field: 0x88 (DSCP: AF41, ECN: Not-ECT)
        1000 10.. = Differentiated Services Codepoint: Assured Forwarding 41 (34)
        .... ..00 = Explicit Congestion Notification: Not ECN-Capable Transport (0)
    Total Length: 1228
    Identification: 0x0001 (1)
    010. .... = Flags: 0x2, Don't fragment
        0... .... = Reserved bit: Not set
        .1.. .... = Don't fragment: Set
        ..0. .... = More fragments: Not set
    ...0 0000 0000 0000 = Fragment Offset: 0
    Time to Live: 57
    Protocol: UDP (17)
    Header Checksum: 0xb18b [validation disabled]
    [Header checksum status: Unverified]
    Source Address: 104.18.28.7
    Destination Address: 172.16.90.227
    [Stream index: 3]
User Datagram Protocol, Src Port: 443, Dst Port: 50491
    Source Port: 443
    Destination Port: 50491
    Length: 1208
    Checksum: 0x38ee [unverified]
    [Checksum Status: Unverified]
    [Stream index: 3]
    [Stream Packet Number: 27]
    [Timestamps]
        [Time since first frame: 1.682390100 seconds]
        [Time since previous frame: 116.000 microseconds]
    UDP payload (1200 bytes)
QUIC IETF
    QUIC Connection information
        [Connection Number: 2]
    [Packet Length: 1200]
    QUIC Short Header DCID=37727d
        0... .... = Header Form: Short Header (0)
        .1.. .... = Fixed Bit: True
        ..0. .... = Spin Bit: False
        Destination Connection ID: 37727d
    Remaining Payload […]: ca44ed9e077fce32dc22acb37242d08278236b9de411823806bc9568d12ed7b1f2aec41660255bd9bd33e6ba96b7ecacf5fa38a7dca7c9bfddb3aad29910efd9200cdb45f80ea7db54f3bd2f15774ddbe705a2b5439644b8193173a8c51c239ad29800dc1c5a672ce5e80c

Frame 138: Packet, 1242 bytes on wire (9936 bits), 1242 bytes captured (9936 bits) on interface \Device\NPF_{9B9257DC-FAC1-4993-B12F-136D7BA5E874}, id 0
    Section number: 1
    Interface id: 0 (\Device\NPF_{9B9257DC-FAC1-4993-B12F-136D7BA5E874})
        Interface name: \Device\NPF_{9B9257DC-FAC1-4993-B12F-136D7BA5E874}
        Interface description: Wi-Fi
    Encapsulation type: Ethernet (1)
    Arrival Time: Apr  9, 2026 18:28:55.630129600 India Standard Time
    UTC Arrival Time: Apr  9, 2026 12:58:55.630129600 UTC
    Epoch Arrival Time: 1775739535.630129600
    [Time shift for this packet: 0.000000000 seconds]
    [Time delta from previous captured frame: 2.038700 milliseconds]
    [Time delta from previous displayed frame: 2.038700 milliseconds]
    [Time since reference or first frame: 2.208271200 seconds]
    Frame Number: 138
    Frame Length: 1242 bytes (9936 bits)
    Capture Length: 1242 bytes (9936 bits)
    [Frame is marked: False]
    [Frame is ignored: False]
    [Protocols in frame: eth:ethertype:ip:udp:quic]
    Character encoding: ASCII (0)
Ethernet II, Src: HewlettPacka_3a:cc:1d (28:92:4a:3a:cc:1d), Dst: 96:77:0b:05:d4:0b (96:77:0b:05:d4:0b)
    Destination: 96:77:0b:05:d4:0b (96:77:0b:05:d4:0b)
        .... ..1. .... .... .... .... = LG bit: Locally administered address (this is NOT the factory default)
        .... ...0 .... .... .... .... = IG bit: Individual address (unicast)
    Source: HewlettPacka_3a:cc:1d (28:92:4a:3a:cc:1d)
        .... ..0. .... .... .... .... = LG bit: Globally unique address (factory default)
        .... ...0 .... .... .... .... = IG bit: Individual address (unicast)
    Type: IPv4 (0x0800)
    [Stream index: 0]
Internet Protocol Version 4, Src: 104.18.28.7, Dst: 172.16.90.227
    0100 .... = Version: 4
    .... 0101 = Header Length: 20 bytes (5)
    Differentiated Services Field: 0x88 (DSCP: AF41, ECN: Not-ECT)
        1000 10.. = Differentiated Services Codepoint: Assured Forwarding 41 (34)
        .... ..00 = Explicit Congestion Notification: Not ECN-Capable Transport (0)
    Total Length: 1228
    Identification: 0x0002 (2)
    010. .... = Flags: 0x2, Don't fragment
        0... .... = Reserved bit: Not set
        .1.. .... = Don't fragment: Set
        ..0. .... = More fragments: Not set
    ...0 0000 0000 0000 = Fragment Offset: 0
    Time to Live: 57
    Protocol: UDP (17)
    Header Checksum: 0xb18a [validation disabled]
    [Header checksum status: Unverified]
    Source Address: 104.18.28.7
    Destination Address: 172.16.90.227
    [Stream index: 3]
User Datagram Protocol, Src Port: 443, Dst Port: 50491
    Source Port: 443
    Destination Port: 50491
    Length: 1208
    Checksum: 0x5687 [unverified]
    [Checksum Status: Unverified]
    [Stream index: 3]
    [Stream Packet Number: 28]
    [Timestamps]
        [Time since first frame: 1.684428800 seconds]
        [Time since previous frame: 2.038700 milliseconds]
    UDP payload (1200 bytes)
QUIC IETF
    QUIC Connection information
        [Connection Number: 2]
    [Packet Length: 1200]
    QUIC Short Header DCID=37727d
        0... .... = Header Form: Short Header (0)
        .1.. .... = Fixed Bit: True
        ..0. .... = Spin Bit: False
        Destination Connection ID: 37727d
    Remaining Payload […]: 230babc030406564b38f74e80e4564f36786475019b3cecd149afe922e24dd46e89a47e96c294f52f7596889119896eae461c819b81cc37ad7b925828880472b35efb813f00218b6150d9ab3623e225d807654ae382c5b54dc5a78d31fdece34f461d67d31ca86e90cbcb6

Frame 139: Packet, 1242 bytes on wire (9936 bits), 1242 bytes captured (9936 bits) on interface \Device\NPF_{9B9257DC-FAC1-4993-B12F-136D7BA5E874}, id 0
    Section number: 1
    Interface id: 0 (\Device\NPF_{9B9257DC-FAC1-4993-B12F-136D7BA5E874})
        Interface name: \Device\NPF_{9B9257DC-FAC1-4993-B12F-136D7BA5E874}
        Interface description: Wi-Fi
    Encapsulation type: Ethernet (1)
    Arrival Time: Apr  9, 2026 18:28:55.630129600 India Standard Time
    UTC Arrival Time: Apr  9, 2026 12:58:55.630129600 UTC
    Epoch Arrival Time: 1775739535.630129600
    [Time shift for this packet: 0.000000000 seconds]
    [Time delta from previous captured frame: 0.000000000 seconds]
    [Time delta from previous displayed frame: 0.000000000 seconds]
    [Time since reference or first frame: 2.208271200 seconds]
    Frame Number: 139
    Frame Length: 1242 bytes (9936 bits)
    Capture Length: 1242 bytes (9936 bits)
    [Frame is marked: False]
    [Frame is ignored: False]
    [Protocols in frame: eth:ethertype:ip:udp:quic]
    Character encoding: ASCII (0)
Ethernet II, Src: HewlettPacka_3a:cc:1d (28:92:4a:3a:cc:1d), Dst: 96:77:0b:05:d4:0b (96:77:0b:05:d4:0b)
    Destination: 96:77:0b:05:d4:0b (96:77:0b:05:d4:0b)
        .... ..1. .... .... .... .... = LG bit: Locally administered address (this is NOT the factory default)
        .... ...0 .... .... .... .... = IG bit: Individual address (unicast)
    Source: HewlettPacka_3a:cc:1d (28:92:4a:3a:cc:1d)
        .... ..0. .... .... .... .... = LG bit: Globally unique address (factory default)
        .... ...0 .... .... .... .... = IG bit: Individual address (unicast)
    Type: IPv4 (0x0800)
    [Stream index: 0]
Internet Protocol Version 4, Src: 104.18.28.7, Dst: 172.16.90.227
    0100 .... = Version: 4
    .... 0101 = Header Length: 20 bytes (5)
    Differentiated Services Field: 0x88 (DSCP: AF41, ECN: Not-ECT)
        1000 10.. = Differentiated Services Codepoint: Assured Forwarding 41 (34)
        .... ..00 = Explicit Congestion Notification: Not ECN-Capable Transport (0)
    Total Length: 1228
    Identification: 0x0003 (3)
    010. .... = Flags: 0x2, Don't fragment
        0... .... = Reserved bit: Not set
        .1.. .... = Don't fragment: Set
        ..0. .... = More fragments: Not set
    ...0 0000 0000 0000 = Fragment Offset: 0
    Time to Live: 57
    Protocol: UDP (17)
    Header Checksum: 0xb189 [validation disabled]
    [Header checksum status: Unverified]
    Source Address: 104.18.28.7
    Destination Address: 172.16.90.227
    [Stream index: 3]
User Datagram Protocol, Src Port: 443, Dst Port: 50491
    Source Port: 443
    Destination Port: 50491
    Length: 1208
    Checksum: 0xef7b [unverified]
    [Checksum Status: Unverified]
    [Stream index: 3]
    [Stream Packet Number: 29]
    [Timestamps]
        [Time since first frame: 1.684428800 seconds]
        [Time since previous frame: 0.000000000 seconds]
    UDP payload (1200 bytes)
QUIC IETF
    QUIC Connection information
        [Connection Number: 2]
    [Packet Length: 1200]
    QUIC Short Header DCID=37727d
        0... .... = Header Form: Short Header (0)
        .1.. .... = Fixed Bit: True
        ..0. .... = Spin Bit: False
        Destination Connection ID: 37727d
    Remaining Payload […]: 2d4dc5a4afd7af55a857bb8a85d95d428ff0b369b70fac3762cf17ca8e210d6b9a60fa0f7b2124e152a168c7500274ba29a283247ac1e3bf61632347fece1efe0a4ff220555264f26e9220b7f4421e257b73b348b7e22c2910a04fd1efa60adefe84915ce3391f083a6996

Frame 140: Packet, 1242 bytes on wire (9936 bits), 1242 bytes captured (9936 bits) on interface \Device\NPF_{9B9257DC-FAC1-4993-B12F-136D7BA5E874}, id 0
    Section number: 1
    Interface id: 0 (\Device\NPF_{9B9257DC-FAC1-4993-B12F-136D7BA5E874})
        Interface name: \Device\NPF_{9B9257DC-FAC1-4993-B12F-136D7BA5E874}
        Interface description: Wi-Fi
    Encapsulation type: Ethernet (1)
    Arrival Time: Apr  9, 2026 18:28:55.630129600 India Standard Time
    UTC Arrival Time: Apr  9, 2026 12:58:55.630129600 UTC
    Epoch Arrival Time: 1775739535.630129600
    [Time shift for this packet: 0.000000000 seconds]
    [Time delta from previous captured frame: 0.000000000 seconds]
    [Time delta from previous displayed frame: 0.000000000 seconds]
    [Time since reference or first frame: 2.208271200 seconds]
    Frame Number: 140
    Frame Length: 1242 bytes (9936 bits)
    Capture Length: 1242 bytes (9936 bits)
    [Frame is marked: False]
    [Frame is ignored: False]
    [Protocols in frame: eth:ethertype:ip:udp:quic]
    Character encoding: ASCII (0)
Ethernet II, Src: HewlettPacka_3a:cc:1d (28:92:4a:3a:cc:1d), Dst: 96:77:0b:05:d4:0b (96:77:0b:05:d4:0b)
    Destination: 96:77:0b:05:d4:0b (96:77:0b:05:d4:0b)
        .... ..1. .... .... .... .... = LG bit: Locally administered address (this is NOT the factory default)
        .... ...0 .... .... .... .... = IG bit: Individual address (unicast)
    Source: HewlettPacka_3a:cc:1d (28:92:4a:3a:cc:1d)
        .... ..0. .... .... .... .... = LG bit: Globally unique address (factory default)
        .... ...0 .... .... .... .... = IG bit: Individual address (unicast)
    Type: IPv4 (0x0800)
    [Stream index: 0]
Internet Protocol Version 4, Src: 104.18.28.7, Dst: 172.16.90.227
    0100 .... = Version: 4
    .... 0101 = Header Length: 20 bytes (5)
    Differentiated Services Field: 0x88 (DSCP: AF41, ECN: Not-ECT)
        1000 10.. = Differentiated Services Codepoint: Assured Forwarding 41 (34)
        .... ..00 = Explicit Congestion Notification: Not ECN-Capable Transport (0)
    Total Length: 1228
    Identification: 0x0004 (4)
    010. .... = Flags: 0x2, Don't fragment
        0... .... = Reserved bit: Not set
        .1.. .... = Don't fragment: Set
        ..0. .... = More fragments: Not set
    ...0 0000 0000 0000 = Fragment Offset: 0
    Time to Live: 57
    Protocol: UDP (17)
    Header Checksum: 0xb188 [validation disabled]
    [Header checksum status: Unverified]
    Source Address: 104.18.28.7
    Destination Address: 172.16.90.227
    [Stream index: 3]
User Datagram Protocol, Src Port: 443, Dst Port: 50491
    Source Port: 443
    Destination Port: 50491
    Length: 1208
    Checksum: 0x01cb [unverified]
    [Checksum Status: Unverified]
    [Stream index: 3]
    [Stream Packet Number: 30]
    [Timestamps]
        [Time since first frame: 1.684428800 seconds]
        [Time since previous frame: 0.000000000 seconds]
    UDP payload (1200 bytes)
QUIC IETF
    QUIC Connection information
        [Connection Number: 2]
    [Packet Length: 1200]
    QUIC Short Header DCID=37727d
        0... .... = Header Form: Short Header (0)
        .1.. .... = Fixed Bit: True
        ..0. .... = Spin Bit: False
        Destination Connection ID: 37727d
    Remaining Payload […]: 01f7d63d8d40c358b103fcb9f41dae8e6ac0f8e70ca626a7e0c4abedf2281dd2f7494d0443390036c863c635f4e9f794ace957ecbd8450487a9a4fe72ffe212f0c0b3b75ba30a4def1553602b39f1617a7e7a3c2ee11521af77767a92f58140f04bad5be6b68cb9cab5865

Frame 141: Packet, 85 bytes on wire (680 bits), 85 bytes captured (680 bits) on interface \Device\NPF_{9B9257DC-FAC1-4993-B12F-136D7BA5E874}, id 0
    Section number: 1
    Interface id: 0 (\Device\NPF_{9B9257DC-FAC1-4993-B12F-136D7BA5E874})
        Interface name: \Device\NPF_{9B9257DC-FAC1-4993-B12F-136D7BA5E874}
        Interface description: Wi-Fi
    Encapsulation type: Ethernet (1)
    Arrival Time: Apr  9, 2026 18:28:55.630250000 India Standard Time
    UTC Arrival Time: Apr  9, 2026 12:58:55.630250000 UTC
    Epoch Arrival Time: 1775739535.630250000
    [Time shift for this packet: 0.000000000 seconds]
    [Time delta from previous captured frame: 120.400 microseconds]
    [Time delta from previous displayed frame: 120.400 microseconds]
    [Time since reference or first frame: 2.208391600 seconds]
    Frame Number: 141
    Frame Length: 85 bytes (680 bits)
    Capture Length: 85 bytes (680 bits)
    [Frame is marked: False]
    [Frame is ignored: False]
    [Protocols in frame: eth:ethertype:ip:udp:quic]
    Character encoding: ASCII (0)
Ethernet II, Src: 96:77:0b:05:d4:0b (96:77:0b:05:d4:0b), Dst: HewlettPacka_3a:cc:1d (28:92:4a:3a:cc:1d)
    Destination: HewlettPacka_3a:cc:1d (28:92:4a:3a:cc:1d)
        .... ..0. .... .... .... .... = LG bit: Globally unique address (factory default)
        .... ...0 .... .... .... .... = IG bit: Individual address (unicast)
    Source: 96:77:0b:05:d4:0b (96:77:0b:05:d4:0b)
        .... ..1. .... .... .... .... = LG bit: Locally administered address (this is NOT the factory default)
        .... ...0 .... .... .... .... = IG bit: Individual address (unicast)
    Type: IPv4 (0x0800)
    [Stream index: 0]
Internet Protocol Version 4, Src: 172.16.90.227, Dst: 104.18.28.7
    0100 .... = Version: 4
    .... 0101 = Header Length: 20 bytes (5)
    Differentiated Services Field: 0x02 (DSCP: CS0, ECN: ECT(0))
        0000 00.. = Differentiated Services Codepoint: Default (0)
        .... ..10 = Explicit Congestion Notification: ECN-Capable Transport codepoint '10' (2)
    Total Length: 71
    Identification: 0x2efd (12029)
    010. .... = Flags: 0x2, Don't fragment
        0... .... = Reserved bit: Not set
        .1.. .... = Don't fragment: Set
        ..0. .... = More fragments: Not set
    ...0 0000 0000 0000 = Fragment Offset: 0
    Time to Live: 128
    Protocol: UDP (17)
    Header Checksum: 0x0000 [validation disabled]
    [Header checksum status: Unverified]
    Source Address: 172.16.90.227
    Destination Address: 104.18.28.7
    [Stream index: 3]
User Datagram Protocol, Src Port: 50491, Dst Port: 443
    Source Port: 50491
    Destination Port: 443
    Length: 51
    Checksum: 0x8b51 [unverified]
    [Checksum Status: Unverified]
    [Stream index: 3]
    [Stream Packet Number: 31]
    [Timestamps]
        [Time since first frame: 1.684549200 seconds]
        [Time since previous frame: 120.400 microseconds]
    UDP payload (43 bytes)
QUIC IETF
    QUIC Connection information
        [Connection Number: 2]
    [Packet Length: 43]
    QUIC Short Header DCID=0109fa68d8f7e373860b0468b0f7ceb5e4c7d584
        0... .... = Header Form: Short Header (0)
        .1.. .... = Fixed Bit: True
        ..1. .... = Spin Bit: True
        Destination Connection ID: 0109fa68d8f7e373860b0468b0f7ceb5e4c7d584
    Remaining Payload: 93fa76a07b095f2bf5e71a5a236f1063e9c294a5b00f

Frame 142: Packet, 1242 bytes on wire (9936 bits), 1242 bytes captured (9936 bits) on interface \Device\NPF_{9B9257DC-FAC1-4993-B12F-136D7BA5E874}, id 0
    Section number: 1
    Interface id: 0 (\Device\NPF_{9B9257DC-FAC1-4993-B12F-136D7BA5E874})
        Interface name: \Device\NPF_{9B9257DC-FAC1-4993-B12F-136D7BA5E874}
        Interface description: Wi-Fi
    Encapsulation type: Ethernet (1)
    Arrival Time: Apr  9, 2026 18:28:55.631036000 India Standard Time
    UTC Arrival Time: Apr  9, 2026 12:58:55.631036000 UTC
    Epoch Arrival Time: 1775739535.631036000
    [Time shift for this packet: 0.000000000 seconds]
    [Time delta from previous captured frame: 786.000 microseconds]
    [Time delta from previous displayed frame: 786.000 microseconds]
    [Time since reference or first frame: 2.209177600 seconds]
    Frame Number: 142
    Frame Length: 1242 bytes (9936 bits)
    Capture Length: 1242 bytes (9936 bits)
    [Frame is marked: False]
    [Frame is ignored: False]
    [Protocols in frame: eth:ethertype:ip:udp:quic]
    Character encoding: ASCII (0)
Ethernet II, Src: HewlettPacka_3a:cc:1d (28:92:4a:3a:cc:1d), Dst: 96:77:0b:05:d4:0b (96:77:0b:05:d4:0b)
    Destination: 96:77:0b:05:d4:0b (96:77:0b:05:d4:0b)
        .... ..1. .... .... .... .... = LG bit: Locally administered address (this is NOT the factory default)
        .... ...0 .... .... .... .... = IG bit: Individual address (unicast)
    Source: HewlettPacka_3a:cc:1d (28:92:4a:3a:cc:1d)
        .... ..0. .... .... .... .... = LG bit: Globally unique address (factory default)
        .... ...0 .... .... .... .... = IG bit: Individual address (unicast)
    Type: IPv4 (0x0800)
    [Stream index: 0]
Internet Protocol Version 4, Src: 104.18.28.7, Dst: 172.16.90.227
    0100 .... = Version: 4
    .... 0101 = Header Length: 20 bytes (5)
    Differentiated Services Field: 0x88 (DSCP: AF41, ECN: Not-ECT)
        1000 10.. = Differentiated Services Codepoint: Assured Forwarding 41 (34)
        .... ..00 = Explicit Congestion Notification: Not ECN-Capable Transport (0)
    Total Length: 1228
    Identification: 0x0005 (5)
    010. .... = Flags: 0x2, Don't fragment
        0... .... = Reserved bit: Not set
        .1.. .... = Don't fragment: Set
        ..0. .... = More fragments: Not set
    ...0 0000 0000 0000 = Fragment Offset: 0
    Time to Live: 57
    Protocol: UDP (17)
    Header Checksum: 0xb187 [validation disabled]
    [Header checksum status: Unverified]
    Source Address: 104.18.28.7
    Destination Address: 172.16.90.227
    [Stream index: 3]
User Datagram Protocol, Src Port: 443, Dst Port: 50491
    Source Port: 443
    Destination Port: 50491
    Length: 1208
    Checksum: 0x4243 [unverified]
    [Checksum Status: Unverified]
    [Stream index: 3]
    [Stream Packet Number: 32]
    [Timestamps]
        [Time since first frame: 1.685335200 seconds]
        [Time since previous frame: 786.000 microseconds]
    UDP payload (1200 bytes)
QUIC IETF
    QUIC Connection information
        [Connection Number: 2]
    [Packet Length: 1200]
    QUIC Short Header DCID=37727d
        0... .... = Header Form: Short Header (0)
        .1.. .... = Fixed Bit: True
        ..0. .... = Spin Bit: False
        Destination Connection ID: 37727d
    Remaining Payload […]: 0811a807422e25aa3a4fe52aa07137712e9127977e1511cfab2242c99df18f2767c2f4de90e42000e72974bbb2d595672d60fef03323408ad34a9004a7073068e27d2dd31e14240d5812a5c844d60092c4da256b2f5d628de28655d92426e762aef1e31869df8e9ddec0ad

Frame 143: Packet, 1242 bytes on wire (9936 bits), 1242 bytes captured (9936 bits) on interface \Device\NPF_{9B9257DC-FAC1-4993-B12F-136D7BA5E874}, id 0
    Section number: 1
    Interface id: 0 (\Device\NPF_{9B9257DC-FAC1-4993-B12F-136D7BA5E874})
        Interface name: \Device\NPF_{9B9257DC-FAC1-4993-B12F-136D7BA5E874}
        Interface description: Wi-Fi
    Encapsulation type: Ethernet (1)
    Arrival Time: Apr  9, 2026 18:28:55.632178000 India Standard Time
    UTC Arrival Time: Apr  9, 2026 12:58:55.632178000 UTC
    Epoch Arrival Time: 1775739535.632178000
    [Time shift for this packet: 0.000000000 seconds]
    [Time delta from previous captured frame: 1.142000 milliseconds]
    [Time delta from previous displayed frame: 1.142000 milliseconds]
    [Time since reference or first frame: 2.210319600 seconds]
    Frame Number: 143
    Frame Length: 1242 bytes (9936 bits)
    Capture Length: 1242 bytes (9936 bits)
    [Frame is marked: False]
    [Frame is ignored: False]
    [Protocols in frame: eth:ethertype:ip:udp:quic]
    Character encoding: ASCII (0)
Ethernet II, Src: HewlettPacka_3a:cc:1d (28:92:4a:3a:cc:1d), Dst: 96:77:0b:05:d4:0b (96:77:0b:05:d4:0b)
    Destination: 96:77:0b:05:d4:0b (96:77:0b:05:d4:0b)
        .... ..1. .... .... .... .... = LG bit: Locally administered address (this is NOT the factory default)
        .... ...0 .... .... .... .... = IG bit: Individual address (unicast)
    Source: HewlettPacka_3a:cc:1d (28:92:4a:3a:cc:1d)
        .... ..0. .... .... .... .... = LG bit: Globally unique address (factory default)
        .... ...0 .... .... .... .... = IG bit: Individual address (unicast)
    Type: IPv4 (0x0800)
    [Stream index: 0]
Internet Protocol Version 4, Src: 104.18.28.7, Dst: 172.16.90.227
    0100 .... = Version: 4
    .... 0101 = Header Length: 20 bytes (5)
    Differentiated Services Field: 0x88 (DSCP: AF41, ECN: Not-ECT)
        1000 10.. = Differentiated Services Codepoint: Assured Forwarding 41 (34)
        .... ..00 = Explicit Congestion Notification: Not ECN-Capable Transport (0)
    Total Length: 1228
    Identification: 0x0006 (6)
    010. .... = Flags: 0x2, Don't fragment
        0... .... = Reserved bit: Not set
        .1.. .... = Don't fragment: Set
        ..0. .... = More fragments: Not set
    ...0 0000 0000 0000 = Fragment Offset: 0
    Time to Live: 57
    Protocol: UDP (17)
    Header Checksum: 0xb186 [validation disabled]
    [Header checksum status: Unverified]
    Source Address: 104.18.28.7
    Destination Address: 172.16.90.227
    [Stream index: 3]
User Datagram Protocol, Src Port: 443, Dst Port: 50491
    Source Port: 443
    Destination Port: 50491
    Length: 1208
    Checksum: 0x53d6 [unverified]
    [Checksum Status: Unverified]
    [Stream index: 3]
    [Stream Packet Number: 33]
    [Timestamps]
        [Time since first frame: 1.686477200 seconds]
        [Time since previous frame: 1.142000 milliseconds]
    UDP payload (1200 bytes)
QUIC IETF
    QUIC Connection information
        [Connection Number: 2]
    [Packet Length: 1200]
    QUIC Short Header DCID=37727d
        0... .... = Header Form: Short Header (0)
        .1.. .... = Fixed Bit: True
        ..0. .... = Spin Bit: False
        Destination Connection ID: 37727d
    Remaining Payload […]: 205c109dbc5c99c0d36a753faaaae04ef36ebf4ba47c37819b92e7c585484f5e169e1a36f6cdba3d4e94849753ba6dd45558636e4a403908b51f59a04a4efd6fb90c19e86020667d96dabbcbfc289771314099bafc4d9a5e09cd8afc330a4f8f975cc55f9c2f4912d26541

Frame 144: Packet, 85 bytes on wire (680 bits), 85 bytes captured (680 bits) on interface \Device\NPF_{9B9257DC-FAC1-4993-B12F-136D7BA5E874}, id 0
    Section number: 1
    Interface id: 0 (\Device\NPF_{9B9257DC-FAC1-4993-B12F-136D7BA5E874})
        Interface name: \Device\NPF_{9B9257DC-FAC1-4993-B12F-136D7BA5E874}
        Interface description: Wi-Fi
    Encapsulation type: Ethernet (1)
    Arrival Time: Apr  9, 2026 18:28:55.632251200 India Standard Time
    UTC Arrival Time: Apr  9, 2026 12:58:55.632251200 UTC
    Epoch Arrival Time: 1775739535.632251200
    [Time shift for this packet: 0.000000000 seconds]
    [Time delta from previous captured frame: 73.200 microseconds]
    [Time delta from previous displayed frame: 73.200 microseconds]
    [Time since reference or first frame: 2.210392800 seconds]
    Frame Number: 144
    Frame Length: 85 bytes (680 bits)
    Capture Length: 85 bytes (680 bits)
    [Frame is marked: False]
    [Frame is ignored: False]
    [Protocols in frame: eth:ethertype:ip:udp:quic]
    Character encoding: ASCII (0)
Ethernet II, Src: 96:77:0b:05:d4:0b (96:77:0b:05:d4:0b), Dst: HewlettPacka_3a:cc:1d (28:92:4a:3a:cc:1d)
    Destination: HewlettPacka_3a:cc:1d (28:92:4a:3a:cc:1d)
        .... ..0. .... .... .... .... = LG bit: Globally unique address (factory default)
        .... ...0 .... .... .... .... = IG bit: Individual address (unicast)
    Source: 96:77:0b:05:d4:0b (96:77:0b:05:d4:0b)
        .... ..1. .... .... .... .... = LG bit: Locally administered address (this is NOT the factory default)
        .... ...0 .... .... .... .... = IG bit: Individual address (unicast)
    Type: IPv4 (0x0800)
    [Stream index: 0]
Internet Protocol Version 4, Src: 172.16.90.227, Dst: 104.18.28.7
    0100 .... = Version: 4
    .... 0101 = Header Length: 20 bytes (5)
    Differentiated Services Field: 0x02 (DSCP: CS0, ECN: ECT(0))
        0000 00.. = Differentiated Services Codepoint: Default (0)
        .... ..10 = Explicit Congestion Notification: ECN-Capable Transport codepoint '10' (2)
    Total Length: 71
    Identification: 0x2efe (12030)
    010. .... = Flags: 0x2, Don't fragment
        0... .... = Reserved bit: Not set
        .1.. .... = Don't fragment: Set
        ..0. .... = More fragments: Not set
    ...0 0000 0000 0000 = Fragment Offset: 0
    Time to Live: 128
    Protocol: UDP (17)
    Header Checksum: 0x0000 [validation disabled]
    [Header checksum status: Unverified]
    Source Address: 172.16.90.227
    Destination Address: 104.18.28.7
    [Stream index: 3]
User Datagram Protocol, Src Port: 50491, Dst Port: 443
    Source Port: 50491
    Destination Port: 443
    Length: 51
    Checksum: 0x8b51 [unverified]
    [Checksum Status: Unverified]
    [Stream index: 3]
    [Stream Packet Number: 34]
    [Timestamps]
        [Time since first frame: 1.686550400 seconds]
        [Time since previous frame: 73.200 microseconds]
    UDP payload (43 bytes)
QUIC IETF
    QUIC Connection information
        [Connection Number: 2]
    [Packet Length: 43]
    QUIC Short Header DCID=0109fa68d8f7e373860b0468b0f7ceb5e4c7d584
        0... .... = Header Form: Short Header (0)
        .1.. .... = Fixed Bit: True
        ..0. .... = Spin Bit: False
        Destination Connection ID: 0109fa68d8f7e373860b0468b0f7ceb5e4c7d584
    Remaining Payload: f5772c34442c153e09fc79686b55ccea7dd3187c9112

Frame 145: Packet, 940 bytes on wire (7520 bits), 940 bytes captured (7520 bits) on interface \Device\NPF_{9B9257DC-FAC1-4993-B12F-136D7BA5E874}, id 0
    Section number: 1
    Interface id: 0 (\Device\NPF_{9B9257DC-FAC1-4993-B12F-136D7BA5E874})
        Interface name: \Device\NPF_{9B9257DC-FAC1-4993-B12F-136D7BA5E874}
        Interface description: Wi-Fi
    Encapsulation type: Ethernet (1)
    Arrival Time: Apr  9, 2026 18:28:55.633262000 India Standard Time
    UTC Arrival Time: Apr  9, 2026 12:58:55.633262000 UTC
    Epoch Arrival Time: 1775739535.633262000
    [Time shift for this packet: 0.000000000 seconds]
    [Time delta from previous captured frame: 1.010800 milliseconds]
    [Time delta from previous displayed frame: 1.010800 milliseconds]
    [Time since reference or first frame: 2.211403600 seconds]
    Frame Number: 145
    Frame Length: 940 bytes (7520 bits)
    Capture Length: 940 bytes (7520 bits)
    [Frame is marked: False]
    [Frame is ignored: False]
    [Protocols in frame: eth:ethertype:ip:udp:quic]
    Character encoding: ASCII (0)
Ethernet II, Src: HewlettPacka_3a:cc:1d (28:92:4a:3a:cc:1d), Dst: 96:77:0b:05:d4:0b (96:77:0b:05:d4:0b)
    Destination: 96:77:0b:05:d4:0b (96:77:0b:05:d4:0b)
        .... ..1. .... .... .... .... = LG bit: Locally administered address (this is NOT the factory default)
        .... ...0 .... .... .... .... = IG bit: Individual address (unicast)
    Source: HewlettPacka_3a:cc:1d (28:92:4a:3a:cc:1d)
        .... ..0. .... .... .... .... = LG bit: Globally unique address (factory default)
        .... ...0 .... .... .... .... = IG bit: Individual address (unicast)
    Type: IPv4 (0x0800)
    [Stream index: 0]
Internet Protocol Version 4, Src: 104.18.28.7, Dst: 172.16.90.227
    0100 .... = Version: 4
    .... 0101 = Header Length: 20 bytes (5)
    Differentiated Services Field: 0x88 (DSCP: AF41, ECN: Not-ECT)
        1000 10.. = Differentiated Services Codepoint: Assured Forwarding 41 (34)
        .... ..00 = Explicit Congestion Notification: Not ECN-Capable Transport (0)
    Total Length: 926
    Identification: 0x0007 (7)
    010. .... = Flags: 0x2, Don't fragment
        0... .... = Reserved bit: Not set
        .1.. .... = Don't fragment: Set
        ..0. .... = More fragments: Not set
    ...0 0000 0000 0000 = Fragment Offset: 0
    Time to Live: 57
    Protocol: UDP (17)
    Header Checksum: 0xb2b3 [validation disabled]
    [Header checksum status: Unverified]
    Source Address: 104.18.28.7
    Destination Address: 172.16.90.227
    [Stream index: 3]
User Datagram Protocol, Src Port: 443, Dst Port: 50491
    Source Port: 443
    Destination Port: 50491
    Length: 906
    Checksum: 0xc4cb [unverified]
    [Checksum Status: Unverified]
    [Stream index: 3]
    [Stream Packet Number: 35]
    [Timestamps]
        [Time since first frame: 1.687561200 seconds]
        [Time since previous frame: 1.010800 milliseconds]
    UDP payload (898 bytes)
QUIC IETF
    QUIC Connection information
        [Connection Number: 2]
    [Packet Length: 898]
    QUIC Short Header DCID=37727d
        0... .... = Header Form: Short Header (0)
        .1.. .... = Fixed Bit: True
        ..0. .... = Spin Bit: False
        Destination Connection ID: 37727d
    Remaining Payload […]: 23f2bc45e82446b309aeacd98e859d0b1cbc143b219a72487cbcaf9230c70acd43e32afc98b119b02757cf93aa4d405ea05a7379dfb66804e66871ada1ba407fc3620ae481403766bdee17759c74a41dbcadc203347c100970fd03ba8249d3aa7d60cb56cb6c98d59018fe

Frame 146: Packet, 1242 bytes on wire (9936 bits), 1242 bytes captured (9936 bits) on interface \Device\NPF_{9B9257DC-FAC1-4993-B12F-136D7BA5E874}, id 0
    Section number: 1
    Interface id: 0 (\Device\NPF_{9B9257DC-FAC1-4993-B12F-136D7BA5E874})
        Interface name: \Device\NPF_{9B9257DC-FAC1-4993-B12F-136D7BA5E874}
        Interface description: Wi-Fi
    Encapsulation type: Ethernet (1)
    Arrival Time: Apr  9, 2026 18:28:55.633619800 India Standard Time
    UTC Arrival Time: Apr  9, 2026 12:58:55.633619800 UTC
    Epoch Arrival Time: 1775739535.633619800
    [Time shift for this packet: 0.000000000 seconds]
    [Time delta from previous captured frame: 357.800 microseconds]
    [Time delta from previous displayed frame: 357.800 microseconds]
    [Time since reference or first frame: 2.211761400 seconds]
    Frame Number: 146
    Frame Length: 1242 bytes (9936 bits)
    Capture Length: 1242 bytes (9936 bits)
    [Frame is marked: False]
    [Frame is ignored: False]
    [Protocols in frame: eth:ethertype:ip:udp:quic]
    Character encoding: ASCII (0)
Ethernet II, Src: HewlettPacka_3a:cc:1d (28:92:4a:3a:cc:1d), Dst: 96:77:0b:05:d4:0b (96:77:0b:05:d4:0b)
    Destination: 96:77:0b:05:d4:0b (96:77:0b:05:d4:0b)
        .... ..1. .... .... .... .... = LG bit: Locally administered address (this is NOT the factory default)
        .... ...0 .... .... .... .... = IG bit: Individual address (unicast)
    Source: HewlettPacka_3a:cc:1d (28:92:4a:3a:cc:1d)
        .... ..0. .... .... .... .... = LG bit: Globally unique address (factory default)
        .... ...0 .... .... .... .... = IG bit: Individual address (unicast)
    Type: IPv4 (0x0800)
    [Stream index: 0]
Internet Protocol Version 4, Src: 104.18.28.7, Dst: 172.16.90.227
    0100 .... = Version: 4
    .... 0101 = Header Length: 20 bytes (5)
    Differentiated Services Field: 0x88 (DSCP: AF41, ECN: Not-ECT)
        1000 10.. = Differentiated Services Codepoint: Assured Forwarding 41 (34)
        .... ..00 = Explicit Congestion Notification: Not ECN-Capable Transport (0)
    Total Length: 1228
    Identification: 0x0000 (0)
    010. .... = Flags: 0x2, Don't fragment
        0... .... = Reserved bit: Not set
        .1.. .... = Don't fragment: Set
        ..0. .... = More fragments: Not set
    ...0 0000 0000 0000 = Fragment Offset: 0
    Time to Live: 57
    Protocol: UDP (17)
    Header Checksum: 0xb18c [validation disabled]
    [Header checksum status: Unverified]
    Source Address: 104.18.28.7
    Destination Address: 172.16.90.227
    [Stream index: 3]
User Datagram Protocol, Src Port: 443, Dst Port: 50491
    Source Port: 443
    Destination Port: 50491
    Length: 1208
    Checksum: 0x6af3 [unverified]
    [Checksum Status: Unverified]
    [Stream index: 3]
    [Stream Packet Number: 36]
    [Timestamps]
        [Time since first frame: 1.687919000 seconds]
        [Time since previous frame: 357.800 microseconds]
    UDP payload (1200 bytes)
QUIC IETF
    QUIC Connection information
        [Connection Number: 2]
    [Packet Length: 1200]
    QUIC Short Header DCID=37727d
        0... .... = Header Form: Short Header (0)
        .1.. .... = Fixed Bit: True
        ..0. .... = Spin Bit: False
        Destination Connection ID: 37727d
    Remaining Payload […]: 732b566b6e9985354d2cdf254109e88bd351fa89ed984ca3148404c6300b5232b152767c6281f023e1782ef77a2576c80c1d50a514e01f3afb16d8cba94b7136ec4ab7f08ec87f1f653c3365ecde659794237fd73b3c4a6ea2e0c4200572300499bdc6ee243b103501ff81

Frame 147: Packet, 85 bytes on wire (680 bits), 85 bytes captured (680 bits) on interface \Device\NPF_{9B9257DC-FAC1-4993-B12F-136D7BA5E874}, id 0
    Section number: 1
    Interface id: 0 (\Device\NPF_{9B9257DC-FAC1-4993-B12F-136D7BA5E874})
        Interface name: \Device\NPF_{9B9257DC-FAC1-4993-B12F-136D7BA5E874}
        Interface description: Wi-Fi
    Encapsulation type: Ethernet (1)
    Arrival Time: Apr  9, 2026 18:28:55.633761200 India Standard Time
    UTC Arrival Time: Apr  9, 2026 12:58:55.633761200 UTC
    Epoch Arrival Time: 1775739535.633761200
    [Time shift for this packet: 0.000000000 seconds]
    [Time delta from previous captured frame: 141.400 microseconds]
    [Time delta from previous displayed frame: 141.400 microseconds]
    [Time since reference or first frame: 2.211902800 seconds]
    Frame Number: 147
    Frame Length: 85 bytes (680 bits)
    Capture Length: 85 bytes (680 bits)
    [Frame is marked: False]
    [Frame is ignored: False]
    [Protocols in frame: eth:ethertype:ip:udp:quic]
    Character encoding: ASCII (0)
Ethernet II, Src: 96:77:0b:05:d4:0b (96:77:0b:05:d4:0b), Dst: HewlettPacka_3a:cc:1d (28:92:4a:3a:cc:1d)
    Destination: HewlettPacka_3a:cc:1d (28:92:4a:3a:cc:1d)
        .... ..0. .... .... .... .... = LG bit: Globally unique address (factory default)
        .... ...0 .... .... .... .... = IG bit: Individual address (unicast)
    Source: 96:77:0b:05:d4:0b (96:77:0b:05:d4:0b)
        .... ..1. .... .... .... .... = LG bit: Locally administered address (this is NOT the factory default)
        .... ...0 .... .... .... .... = IG bit: Individual address (unicast)
    Type: IPv4 (0x0800)
    [Stream index: 0]
Internet Protocol Version 4, Src: 172.16.90.227, Dst: 104.18.28.7
    0100 .... = Version: 4
    .... 0101 = Header Length: 20 bytes (5)
    Differentiated Services Field: 0x02 (DSCP: CS0, ECN: ECT(0))
        0000 00.. = Differentiated Services Codepoint: Default (0)
        .... ..10 = Explicit Congestion Notification: ECN-Capable Transport codepoint '10' (2)
    Total Length: 71
    Identification: 0x2eff (12031)
    010. .... = Flags: 0x2, Don't fragment
        0... .... = Reserved bit: Not set
        .1.. .... = Don't fragment: Set
        ..0. .... = More fragments: Not set
    ...0 0000 0000 0000 = Fragment Offset: 0
    Time to Live: 128
    Protocol: UDP (17)
    Header Checksum: 0x0000 [validation disabled]
    [Header checksum status: Unverified]
    Source Address: 172.16.90.227
    Destination Address: 104.18.28.7
    [Stream index: 3]
User Datagram Protocol, Src Port: 50491, Dst Port: 443
    Source Port: 50491
    Destination Port: 443
    Length: 51
    Checksum: 0x8b51 [unverified]
    [Checksum Status: Unverified]
    [Stream index: 3]
    [Stream Packet Number: 37]
    [Timestamps]
        [Time since first frame: 1.688060400 seconds]
        [Time since previous frame: 141.400 microseconds]
    UDP payload (43 bytes)
QUIC IETF
    QUIC Connection information
        [Connection Number: 2]
    [Packet Length: 43]
    QUIC Short Header DCID=0109fa68d8f7e373860b0468b0f7ceb5e4c7d584
        0... .... = Header Form: Short Header (0)
        .1.. .... = Fixed Bit: True
        ..1. .... = Spin Bit: True
        Destination Connection ID: 0109fa68d8f7e373860b0468b0f7ceb5e4c7d584
    Remaining Payload: ca4832ed186aceea17c430d9fe57e93a5fd36dfcffff

Frame 148: Packet, 1242 bytes on wire (9936 bits), 1242 bytes captured (9936 bits) on interface \Device\NPF_{9B9257DC-FAC1-4993-B12F-136D7BA5E874}, id 0
    Section number: 1
    Interface id: 0 (\Device\NPF_{9B9257DC-FAC1-4993-B12F-136D7BA5E874})
        Interface name: \Device\NPF_{9B9257DC-FAC1-4993-B12F-136D7BA5E874}
        Interface description: Wi-Fi
    Encapsulation type: Ethernet (1)
    Arrival Time: Apr  9, 2026 18:28:55.635982700 India Standard Time
    UTC Arrival Time: Apr  9, 2026 12:58:55.635982700 UTC
    Epoch Arrival Time: 1775739535.635982700
    [Time shift for this packet: 0.000000000 seconds]
    [Time delta from previous captured frame: 2.221500 milliseconds]
    [Time delta from previous displayed frame: 2.221500 milliseconds]
    [Time since reference or first frame: 2.214124300 seconds]
    Frame Number: 148
    Frame Length: 1242 bytes (9936 bits)
    Capture Length: 1242 bytes (9936 bits)
    [Frame is marked: False]
    [Frame is ignored: False]
    [Protocols in frame: eth:ethertype:ip:udp:quic]
    Character encoding: ASCII (0)
Ethernet II, Src: HewlettPacka_3a:cc:1d (28:92:4a:3a:cc:1d), Dst: 96:77:0b:05:d4:0b (96:77:0b:05:d4:0b)
    Destination: 96:77:0b:05:d4:0b (96:77:0b:05:d4:0b)
        .... ..1. .... .... .... .... = LG bit: Locally administered address (this is NOT the factory default)
        .... ...0 .... .... .... .... = IG bit: Individual address (unicast)
    Source: HewlettPacka_3a:cc:1d (28:92:4a:3a:cc:1d)
        .... ..0. .... .... .... .... = LG bit: Globally unique address (factory default)
        .... ...0 .... .... .... .... = IG bit: Individual address (unicast)
    Type: IPv4 (0x0800)
    [Stream index: 0]
Internet Protocol Version 4, Src: 104.18.28.7, Dst: 172.16.90.227
    0100 .... = Version: 4
    .... 0101 = Header Length: 20 bytes (5)
    Differentiated Services Field: 0x88 (DSCP: AF41, ECN: Not-ECT)
        1000 10.. = Differentiated Services Codepoint: Assured Forwarding 41 (34)
        .... ..00 = Explicit Congestion Notification: Not ECN-Capable Transport (0)
    Total Length: 1228
    Identification: 0x0001 (1)
    010. .... = Flags: 0x2, Don't fragment
        0... .... = Reserved bit: Not set
        .1.. .... = Don't fragment: Set
        ..0. .... = More fragments: Not set
    ...0 0000 0000 0000 = Fragment Offset: 0
    Time to Live: 57
    Protocol: UDP (17)
    Header Checksum: 0xb18b [validation disabled]
    [Header checksum status: Unverified]
    Source Address: 104.18.28.7
    Destination Address: 172.16.90.227
    [Stream index: 3]
User Datagram Protocol, Src Port: 443, Dst Port: 50491
    Source Port: 443
    Destination Port: 50491
    Length: 1208
    Checksum: 0x3103 [unverified]
    [Checksum Status: Unverified]
    [Stream index: 3]
    [Stream Packet Number: 38]
    [Timestamps]
        [Time since first frame: 1.690281900 seconds]
        [Time since previous frame: 2.221500 milliseconds]
    UDP payload (1200 bytes)
QUIC IETF
    QUIC Connection information
        [Connection Number: 2]
    [Packet Length: 1200]
    QUIC Short Header DCID=37727d
        0... .... = Header Form: Short Header (0)
        .1.. .... = Fixed Bit: True
        ..0. .... = Spin Bit: False
        Destination Connection ID: 37727d
    Remaining Payload […]: ed096793add74f0b5197679fd27e1281f12e3f826272162a875f1e80dd0964f1e2db8e52d8f294b4db0fb8137e54a7e8faf7c14495f25e819a559fdcc350441bb15a20d33b0c3c9406a8212d57342b901801b51efa694049235973fd746150634887cd88d300a812c6ab7f

Frame 149: Packet, 344 bytes on wire (2752 bits), 344 bytes captured (2752 bits) on interface \Device\NPF_{9B9257DC-FAC1-4993-B12F-136D7BA5E874}, id 0
    Section number: 1
    Interface id: 0 (\Device\NPF_{9B9257DC-FAC1-4993-B12F-136D7BA5E874})
        Interface name: \Device\NPF_{9B9257DC-FAC1-4993-B12F-136D7BA5E874}
        Interface description: Wi-Fi
    Encapsulation type: Ethernet (1)
    Arrival Time: Apr  9, 2026 18:28:55.635982700 India Standard Time
    UTC Arrival Time: Apr  9, 2026 12:58:55.635982700 UTC
    Epoch Arrival Time: 1775739535.635982700
    [Time shift for this packet: 0.000000000 seconds]
    [Time delta from previous captured frame: 0.000000000 seconds]
    [Time delta from previous displayed frame: 0.000000000 seconds]
    [Time since reference or first frame: 2.214124300 seconds]
    Frame Number: 149
    Frame Length: 344 bytes (2752 bits)
    Capture Length: 344 bytes (2752 bits)
    [Frame is marked: False]
    [Frame is ignored: False]
    [Protocols in frame: eth:ethertype:ip:udp:quic]
    Character encoding: ASCII (0)
Ethernet II, Src: HewlettPacka_3a:cc:1d (28:92:4a:3a:cc:1d), Dst: 96:77:0b:05:d4:0b (96:77:0b:05:d4:0b)
    Destination: 96:77:0b:05:d4:0b (96:77:0b:05:d4:0b)
        .... ..1. .... .... .... .... = LG bit: Locally administered address (this is NOT the factory default)
        .... ...0 .... .... .... .... = IG bit: Individual address (unicast)
    Source: HewlettPacka_3a:cc:1d (28:92:4a:3a:cc:1d)
        .... ..0. .... .... .... .... = LG bit: Globally unique address (factory default)
        .... ...0 .... .... .... .... = IG bit: Individual address (unicast)
    Type: IPv4 (0x0800)
    [Stream index: 0]
Internet Protocol Version 4, Src: 104.18.28.7, Dst: 172.16.90.227
    0100 .... = Version: 4
    .... 0101 = Header Length: 20 bytes (5)
    Differentiated Services Field: 0x88 (DSCP: AF41, ECN: Not-ECT)
        1000 10.. = Differentiated Services Codepoint: Assured Forwarding 41 (34)
        .... ..00 = Explicit Congestion Notification: Not ECN-Capable Transport (0)
    Total Length: 330
    Identification: 0x0002 (2)
    010. .... = Flags: 0x2, Don't fragment
        0... .... = Reserved bit: Not set
        .1.. .... = Don't fragment: Set
        ..0. .... = More fragments: Not set
    ...0 0000 0000 0000 = Fragment Offset: 0
    Time to Live: 57
    Protocol: UDP (17)
    Header Checksum: 0xb50c [validation disabled]
    [Header checksum status: Unverified]
    Source Address: 104.18.28.7
    Destination Address: 172.16.90.227
    [Stream index: 3]
User Datagram Protocol, Src Port: 443, Dst Port: 50491
    Source Port: 443
    Destination Port: 50491
    Length: 310
    Checksum: 0x0531 [unverified]
    [Checksum Status: Unverified]
    [Stream index: 3]
    [Stream Packet Number: 39]
    [Timestamps]
        [Time since first frame: 1.690281900 seconds]
        [Time since previous frame: 0.000000000 seconds]
    UDP payload (302 bytes)
QUIC IETF
    QUIC Connection information
        [Connection Number: 2]
    [Packet Length: 302]
    QUIC Short Header DCID=37727d
        0... .... = Header Form: Short Header (0)
        .1.. .... = Fixed Bit: True
        ..0. .... = Spin Bit: False
        Destination Connection ID: 37727d
    Remaining Payload […]: bfb2d02335818e998901efe3a90d96871ac133a5c330f0d6356b2dffd99902d3eb2b9976f2996a3860d4f97b6ab70e3f21bcad0855113ae10dc7f235a2f21232ab9dbdf6f8e6f762f9f7f16fc4e3dbd73ae733fac7127ddf1c5cae8c9a44f64f61039fd0abdc282d30afcc

Frame 150: Packet, 1242 bytes on wire (9936 bits), 1242 bytes captured (9936 bits) on interface \Device\NPF_{9B9257DC-FAC1-4993-B12F-136D7BA5E874}, id 0
    Section number: 1
    Interface id: 0 (\Device\NPF_{9B9257DC-FAC1-4993-B12F-136D7BA5E874})
        Interface name: \Device\NPF_{9B9257DC-FAC1-4993-B12F-136D7BA5E874}
        Interface description: Wi-Fi
    Encapsulation type: Ethernet (1)
    Arrival Time: Apr  9, 2026 18:28:55.635982700 India Standard Time
    UTC Arrival Time: Apr  9, 2026 12:58:55.635982700 UTC
    Epoch Arrival Time: 1775739535.635982700
    [Time shift for this packet: 0.000000000 seconds]
    [Time delta from previous captured frame: 0.000000000 seconds]
    [Time delta from previous displayed frame: 0.000000000 seconds]
    [Time since reference or first frame: 2.214124300 seconds]
    Frame Number: 150
    Frame Length: 1242 bytes (9936 bits)
    Capture Length: 1242 bytes (9936 bits)
    [Frame is marked: False]
    [Frame is ignored: False]
    [Protocols in frame: eth:ethertype:ip:udp:quic]
    Character encoding: ASCII (0)
Ethernet II, Src: HewlettPacka_3a:cc:1d (28:92:4a:3a:cc:1d), Dst: 96:77:0b:05:d4:0b (96:77:0b:05:d4:0b)
    Destination: 96:77:0b:05:d4:0b (96:77:0b:05:d4:0b)
        .... ..1. .... .... .... .... = LG bit: Locally administered address (this is NOT the factory default)
        .... ...0 .... .... .... .... = IG bit: Individual address (unicast)
    Source: HewlettPacka_3a:cc:1d (28:92:4a:3a:cc:1d)
        .... ..0. .... .... .... .... = LG bit: Globally unique address (factory default)
        .... ...0 .... .... .... .... = IG bit: Individual address (unicast)
    Type: IPv4 (0x0800)
    [Stream index: 0]
Internet Protocol Version 4, Src: 104.18.28.7, Dst: 172.16.90.227
    0100 .... = Version: 4
    .... 0101 = Header Length: 20 bytes (5)
    Differentiated Services Field: 0x88 (DSCP: AF41, ECN: Not-ECT)
        1000 10.. = Differentiated Services Codepoint: Assured Forwarding 41 (34)
        .... ..00 = Explicit Congestion Notification: Not ECN-Capable Transport (0)
    Total Length: 1228
    Identification: 0x0000 (0)
    010. .... = Flags: 0x2, Don't fragment
        0... .... = Reserved bit: Not set
        .1.. .... = Don't fragment: Set
        ..0. .... = More fragments: Not set
    ...0 0000 0000 0000 = Fragment Offset: 0
    Time to Live: 57
    Protocol: UDP (17)
    Header Checksum: 0xb18c [validation disabled]
    [Header checksum status: Unverified]
    Source Address: 104.18.28.7
    Destination Address: 172.16.90.227
    [Stream index: 3]
User Datagram Protocol, Src Port: 443, Dst Port: 50491
    Source Port: 443
    Destination Port: 50491
    Length: 1208
    Checksum: 0x8960 [unverified]
    [Checksum Status: Unverified]
    [Stream index: 3]
    [Stream Packet Number: 40]
    [Timestamps]
        [Time since first frame: 1.690281900 seconds]
        [Time since previous frame: 0.000000000 seconds]
    UDP payload (1200 bytes)
QUIC IETF
    QUIC Connection information
        [Connection Number: 2]
    [Packet Length: 1200]
    QUIC Short Header DCID=37727d
        0... .... = Header Form: Short Header (0)
        .1.. .... = Fixed Bit: True
        ..0. .... = Spin Bit: False
        Destination Connection ID: 37727d
    Remaining Payload […]: 11ee981cab1a65244a00d6a64be9bac3916811f3241146e43333d220cf67a5cb494cb478660984e027325363df418f1add08b909fea410b7435771e90eea91d3cabfb77fde2943a5a51a5ce025a007c8f33d4dae525dd8534c8928405bf20a7c177ee5d7626b41dae92e80

Frame 151: Packet, 85 bytes on wire (680 bits), 85 bytes captured (680 bits) on interface \Device\NPF_{9B9257DC-FAC1-4993-B12F-136D7BA5E874}, id 0
    Section number: 1
    Interface id: 0 (\Device\NPF_{9B9257DC-FAC1-4993-B12F-136D7BA5E874})
        Interface name: \Device\NPF_{9B9257DC-FAC1-4993-B12F-136D7BA5E874}
        Interface description: Wi-Fi
    Encapsulation type: Ethernet (1)
    Arrival Time: Apr  9, 2026 18:28:55.636136500 India Standard Time
    UTC Arrival Time: Apr  9, 2026 12:58:55.636136500 UTC
    Epoch Arrival Time: 1775739535.636136500
    [Time shift for this packet: 0.000000000 seconds]
    [Time delta from previous captured frame: 153.800 microseconds]
    [Time delta from previous displayed frame: 153.800 microseconds]
    [Time since reference or first frame: 2.214278100 seconds]
    Frame Number: 151
    Frame Length: 85 bytes (680 bits)
    Capture Length: 85 bytes (680 bits)
    [Frame is marked: False]
    [Frame is ignored: False]
    [Protocols in frame: eth:ethertype:ip:udp:quic]
    Character encoding: ASCII (0)
Ethernet II, Src: 96:77:0b:05:d4:0b (96:77:0b:05:d4:0b), Dst: HewlettPacka_3a:cc:1d (28:92:4a:3a:cc:1d)
    Destination: HewlettPacka_3a:cc:1d (28:92:4a:3a:cc:1d)
        .... ..0. .... .... .... .... = LG bit: Globally unique address (factory default)
        .... ...0 .... .... .... .... = IG bit: Individual address (unicast)
    Source: 96:77:0b:05:d4:0b (96:77:0b:05:d4:0b)
        .... ..1. .... .... .... .... = LG bit: Locally administered address (this is NOT the factory default)
        .... ...0 .... .... .... .... = IG bit: Individual address (unicast)
    Type: IPv4 (0x0800)
    [Stream index: 0]
Internet Protocol Version 4, Src: 172.16.90.227, Dst: 104.18.28.7
    0100 .... = Version: 4
    .... 0101 = Header Length: 20 bytes (5)
    Differentiated Services Field: 0x02 (DSCP: CS0, ECN: ECT(0))
        0000 00.. = Differentiated Services Codepoint: Default (0)
        .... ..10 = Explicit Congestion Notification: ECN-Capable Transport codepoint '10' (2)
    Total Length: 71
    Identification: 0x2f00 (12032)
    010. .... = Flags: 0x2, Don't fragment
        0... .... = Reserved bit: Not set
        .1.. .... = Don't fragment: Set
        ..0. .... = More fragments: Not set
    ...0 0000 0000 0000 = Fragment Offset: 0
    Time to Live: 128
    Protocol: UDP (17)
    Header Checksum: 0x0000 [validation disabled]
    [Header checksum status: Unverified]
    Source Address: 172.16.90.227
    Destination Address: 104.18.28.7
    [Stream index: 3]
User Datagram Protocol, Src Port: 50491, Dst Port: 443
    Source Port: 50491
    Destination Port: 443
    Length: 51
    Checksum: 0x8b51 [unverified]
    [Checksum Status: Unverified]
    [Stream index: 3]
    [Stream Packet Number: 41]
    [Timestamps]
        [Time since first frame: 1.690435700 seconds]
        [Time since previous frame: 153.800 microseconds]
    UDP payload (43 bytes)
QUIC IETF
    QUIC Connection information
        [Connection Number: 2]
    [Packet Length: 43]
    QUIC Short Header DCID=0109fa68d8f7e373860b0468b0f7ceb5e4c7d584
        0... .... = Header Form: Short Header (0)
        .1.. .... = Fixed Bit: True
        ..1. .... = Spin Bit: True
        Destination Connection ID: 0109fa68d8f7e373860b0468b0f7ceb5e4c7d584
    Remaining Payload: 57b7b098ca0c22297a2789a8ab987c3483e1ea9bff4f

Frame 152: Packet, 812 bytes on wire (6496 bits), 812 bytes captured (6496 bits) on interface \Device\NPF_{9B9257DC-FAC1-4993-B12F-136D7BA5E874}, id 0
    Section number: 1
    Interface id: 0 (\Device\NPF_{9B9257DC-FAC1-4993-B12F-136D7BA5E874})
        Interface name: \Device\NPF_{9B9257DC-FAC1-4993-B12F-136D7BA5E874}
        Interface description: Wi-Fi
    Encapsulation type: Ethernet (1)
    Arrival Time: Apr  9, 2026 18:28:55.637315600 India Standard Time
    UTC Arrival Time: Apr  9, 2026 12:58:55.637315600 UTC
    Epoch Arrival Time: 1775739535.637315600
    [Time shift for this packet: 0.000000000 seconds]
    [Time delta from previous captured frame: 1.179100 milliseconds]
    [Time delta from previous displayed frame: 1.179100 milliseconds]
    [Time since reference or first frame: 2.215457200 seconds]
    Frame Number: 152
    Frame Length: 812 bytes (6496 bits)
    Capture Length: 812 bytes (6496 bits)
    [Frame is marked: False]
    [Frame is ignored: False]
    [Protocols in frame: eth:ethertype:ip:udp:quic]
    Character encoding: ASCII (0)
Ethernet II, Src: HewlettPacka_3a:cc:1d (28:92:4a:3a:cc:1d), Dst: 96:77:0b:05:d4:0b (96:77:0b:05:d4:0b)
    Destination: 96:77:0b:05:d4:0b (96:77:0b:05:d4:0b)
        .... ..1. .... .... .... .... = LG bit: Locally administered address (this is NOT the factory default)
        .... ...0 .... .... .... .... = IG bit: Individual address (unicast)
    Source: HewlettPacka_3a:cc:1d (28:92:4a:3a:cc:1d)
        .... ..0. .... .... .... .... = LG bit: Globally unique address (factory default)
        .... ...0 .... .... .... .... = IG bit: Individual address (unicast)
    Type: IPv4 (0x0800)
    [Stream index: 0]
Internet Protocol Version 4, Src: 104.18.28.7, Dst: 172.16.90.227
    0100 .... = Version: 4
    .... 0101 = Header Length: 20 bytes (5)
    Differentiated Services Field: 0x88 (DSCP: AF41, ECN: Not-ECT)
        1000 10.. = Differentiated Services Codepoint: Assured Forwarding 41 (34)
        .... ..00 = Explicit Congestion Notification: Not ECN-Capable Transport (0)
    Total Length: 798
    Identification: 0x0001 (1)
    010. .... = Flags: 0x2, Don't fragment
        0... .... = Reserved bit: Not set
        .1.. .... = Don't fragment: Set
        ..0. .... = More fragments: Not set
    ...0 0000 0000 0000 = Fragment Offset: 0
    Time to Live: 57
    Protocol: UDP (17)
    Header Checksum: 0xb339 [validation disabled]
    [Header checksum status: Unverified]
    Source Address: 104.18.28.7
    Destination Address: 172.16.90.227
    [Stream index: 3]
User Datagram Protocol, Src Port: 443, Dst Port: 50491
    Source Port: 443
    Destination Port: 50491
    Length: 778
    Checksum: 0x32f0 [unverified]
    [Checksum Status: Unverified]
    [Stream index: 3]
    [Stream Packet Number: 42]
    [Timestamps]
        [Time since first frame: 1.691614800 seconds]
        [Time since previous frame: 1.179100 milliseconds]
    UDP payload (770 bytes)
QUIC IETF
    QUIC Connection information
        [Connection Number: 2]
    [Packet Length: 770]
    QUIC Short Header DCID=37727d
        0... .... = Header Form: Short Header (0)
        .1.. .... = Fixed Bit: True
        ..0. .... = Spin Bit: False
        Destination Connection ID: 37727d
    Remaining Payload […]: c916360c6a99baaf7d4e03f417d9ba686c9338151ea8e05684d42a47f51587e669804e02437cbd572f373e19d4df4e7ff67eda244b30348b81ed568fa5077754320f54d077fc3f8203bff5122b8b7db41b2e519e4f410c64e93cd28103b6b47e516e4c0b785ebab8612038

Frame 153: Packet, 86 bytes on wire (688 bits), 86 bytes captured (688 bits) on interface \Device\NPF_{9B9257DC-FAC1-4993-B12F-136D7BA5E874}, id 0
    Section number: 1
    Interface id: 0 (\Device\NPF_{9B9257DC-FAC1-4993-B12F-136D7BA5E874})
        Interface name: \Device\NPF_{9B9257DC-FAC1-4993-B12F-136D7BA5E874}
        Interface description: Wi-Fi
    Encapsulation type: Ethernet (1)
    Arrival Time: Apr  9, 2026 18:28:55.657072000 India Standard Time
    UTC Arrival Time: Apr  9, 2026 12:58:55.657072000 UTC
    Epoch Arrival Time: 1775739535.657072000
    [Time shift for this packet: 0.000000000 seconds]
    [Time delta from previous captured frame: 19.756400 milliseconds]
    [Time delta from previous displayed frame: 19.756400 milliseconds]
    [Time since reference or first frame: 2.235213600 seconds]
    Frame Number: 153
    Frame Length: 86 bytes (688 bits)
    Capture Length: 86 bytes (688 bits)
    [Frame is marked: False]
    [Frame is ignored: False]
    [Protocols in frame: eth:ethertype:ip:udp:quic]
    Character encoding: ASCII (0)
Ethernet II, Src: 96:77:0b:05:d4:0b (96:77:0b:05:d4:0b), Dst: HewlettPacka_3a:cc:1d (28:92:4a:3a:cc:1d)
    Destination: HewlettPacka_3a:cc:1d (28:92:4a:3a:cc:1d)
        .... ..0. .... .... .... .... = LG bit: Globally unique address (factory default)
        .... ...0 .... .... .... .... = IG bit: Individual address (unicast)
    Source: 96:77:0b:05:d4:0b (96:77:0b:05:d4:0b)
        .... ..1. .... .... .... .... = LG bit: Locally administered address (this is NOT the factory default)
        .... ...0 .... .... .... .... = IG bit: Individual address (unicast)
    Type: IPv4 (0x0800)
    [Stream index: 0]
Internet Protocol Version 4, Src: 172.16.90.227, Dst: 104.18.28.7
    0100 .... = Version: 4
    .... 0101 = Header Length: 20 bytes (5)
    Differentiated Services Field: 0x02 (DSCP: CS0, ECN: ECT(0))
        0000 00.. = Differentiated Services Codepoint: Default (0)
        .... ..10 = Explicit Congestion Notification: ECN-Capable Transport codepoint '10' (2)
    Total Length: 72
    Identification: 0x2f01 (12033)
    010. .... = Flags: 0x2, Don't fragment
        0... .... = Reserved bit: Not set
        .1.. .... = Don't fragment: Set
        ..0. .... = More fragments: Not set
    ...0 0000 0000 0000 = Fragment Offset: 0
    Time to Live: 128
    Protocol: UDP (17)
    Header Checksum: 0x0000 [validation disabled]
    [Header checksum status: Unverified]
    Source Address: 172.16.90.227
    Destination Address: 104.18.28.7
    [Stream index: 3]
User Datagram Protocol, Src Port: 50491, Dst Port: 443
    Source Port: 50491
    Destination Port: 443
    Length: 52
    Checksum: 0x8b52 [unverified]
    [Checksum Status: Unverified]
    [Stream index: 3]
    [Stream Packet Number: 43]
    [Timestamps]
        [Time since first frame: 1.711371200 seconds]
        [Time since previous frame: 19.756400 milliseconds]
    UDP payload (44 bytes)
QUIC IETF
    QUIC Connection information
        [Connection Number: 2]
    [Packet Length: 44]
    QUIC Short Header DCID=0109fa68d8f7e373860b0468b0f7ceb5e4c7d584
        0... .... = Header Form: Short Header (0)
        .1.. .... = Fixed Bit: True
        ..1. .... = Spin Bit: True
        Destination Connection ID: 0109fa68d8f7e373860b0468b0f7ceb5e4c7d584
    Remaining Payload: 2ed87166451be457fe1ae5ee4972ee3de7b99f76da51fb

Frame 154: Packet, 920 bytes on wire (7360 bits), 920 bytes captured (7360 bits) on interface \Device\NPF_{9B9257DC-FAC1-4993-B12F-136D7BA5E874}, id 0
    Section number: 1
    Interface id: 0 (\Device\NPF_{9B9257DC-FAC1-4993-B12F-136D7BA5E874})
        Interface name: \Device\NPF_{9B9257DC-FAC1-4993-B12F-136D7BA5E874}
        Interface description: Wi-Fi
    Encapsulation type: Ethernet (1)
    Arrival Time: Apr  9, 2026 18:28:55.696765200 India Standard Time
    UTC Arrival Time: Apr  9, 2026 12:58:55.696765200 UTC
    Epoch Arrival Time: 1775739535.696765200
    [Time shift for this packet: 0.000000000 seconds]
    [Time delta from previous captured frame: 39.693200 milliseconds]
    [Time delta from previous displayed frame: 39.693200 milliseconds]
    [Time since reference or first frame: 2.274906800 seconds]
    Frame Number: 154
    Frame Length: 920 bytes (7360 bits)
    Capture Length: 920 bytes (7360 bits)
    [Frame is marked: False]
    [Frame is ignored: False]
    [Protocols in frame: eth:ethertype:ip:udp:quic]
    Character encoding: ASCII (0)
Ethernet II, Src: HewlettPacka_3a:cc:1d (28:92:4a:3a:cc:1d), Dst: 96:77:0b:05:d4:0b (96:77:0b:05:d4:0b)
    Destination: 96:77:0b:05:d4:0b (96:77:0b:05:d4:0b)
        .... ..1. .... .... .... .... = LG bit: Locally administered address (this is NOT the factory default)
        .... ...0 .... .... .... .... = IG bit: Individual address (unicast)
    Source: HewlettPacka_3a:cc:1d (28:92:4a:3a:cc:1d)
        .... ..0. .... .... .... .... = LG bit: Globally unique address (factory default)
        .... ...0 .... .... .... .... = IG bit: Individual address (unicast)
    Type: IPv4 (0x0800)
    [Stream index: 0]
Internet Protocol Version 4, Src: 104.18.28.7, Dst: 172.16.90.227
    0100 .... = Version: 4
    .... 0101 = Header Length: 20 bytes (5)
    Differentiated Services Field: 0x88 (DSCP: AF41, ECN: Not-ECT)
        1000 10.. = Differentiated Services Codepoint: Assured Forwarding 41 (34)
        .... ..00 = Explicit Congestion Notification: Not ECN-Capable Transport (0)
    Total Length: 906
    Identification: 0x0000 (0)
    010. .... = Flags: 0x2, Don't fragment
        0... .... = Reserved bit: Not set
        .1.. .... = Don't fragment: Set
        ..0. .... = More fragments: Not set
    ...0 0000 0000 0000 = Fragment Offset: 0
    Time to Live: 57
    Protocol: UDP (17)
    Header Checksum: 0xb2ce [validation disabled]
    [Header checksum status: Unverified]
    Source Address: 104.18.28.7
    Destination Address: 172.16.90.227
    [Stream index: 3]
User Datagram Protocol, Src Port: 443, Dst Port: 50491
    Source Port: 443
    Destination Port: 50491
    Length: 886
    Checksum: 0x8534 [unverified]
    [Checksum Status: Unverified]
    [Stream index: 3]
    [Stream Packet Number: 44]
    [Timestamps]
        [Time since first frame: 1.751064400 seconds]
        [Time since previous frame: 39.693200 milliseconds]
    UDP payload (878 bytes)
QUIC IETF
    QUIC Connection information
        [Connection Number: 2]
    [Packet Length: 878]
    QUIC Short Header DCID=37727d
        0... .... = Header Form: Short Header (0)
        .1.. .... = Fixed Bit: True
        ..0. .... = Spin Bit: False
        Destination Connection ID: 37727d
    Remaining Payload […]: a62ad54d6be26086ac1c60f82f4f27ee5ac8b7b1dac25ea8e844e6375f0d6f00f99355c90515a1f2d17a4afcbc733e92726c8547b9587f7875534ff8f11203cba9f7bc6ddab6af5bc96398f9a04707fe972f553e662b9e7755a174420a308ba23f01c67da1de106eb7ee86

Frame 155: Packet, 85 bytes on wire (680 bits), 85 bytes captured (680 bits) on interface \Device\NPF_{9B9257DC-FAC1-4993-B12F-136D7BA5E874}, id 0
    Section number: 1
    Interface id: 0 (\Device\NPF_{9B9257DC-FAC1-4993-B12F-136D7BA5E874})
        Interface name: \Device\NPF_{9B9257DC-FAC1-4993-B12F-136D7BA5E874}
        Interface description: Wi-Fi
    Encapsulation type: Ethernet (1)
    Arrival Time: Apr  9, 2026 18:28:55.697004600 India Standard Time
    UTC Arrival Time: Apr  9, 2026 12:58:55.697004600 UTC
    Epoch Arrival Time: 1775739535.697004600
    [Time shift for this packet: 0.000000000 seconds]
    [Time delta from previous captured frame: 239.400 microseconds]
    [Time delta from previous displayed frame: 239.400 microseconds]
    [Time since reference or first frame: 2.275146200 seconds]
    Frame Number: 155
    Frame Length: 85 bytes (680 bits)
    Capture Length: 85 bytes (680 bits)
    [Frame is marked: False]
    [Frame is ignored: False]
    [Protocols in frame: eth:ethertype:ip:udp:quic]
    Character encoding: ASCII (0)
Ethernet II, Src: 96:77:0b:05:d4:0b (96:77:0b:05:d4:0b), Dst: HewlettPacka_3a:cc:1d (28:92:4a:3a:cc:1d)
    Destination: HewlettPacka_3a:cc:1d (28:92:4a:3a:cc:1d)
        .... ..0. .... .... .... .... = LG bit: Globally unique address (factory default)
        .... ...0 .... .... .... .... = IG bit: Individual address (unicast)
    Source: 96:77:0b:05:d4:0b (96:77:0b:05:d4:0b)
        .... ..1. .... .... .... .... = LG bit: Locally administered address (this is NOT the factory default)
        .... ...0 .... .... .... .... = IG bit: Individual address (unicast)
    Type: IPv4 (0x0800)
    [Stream index: 0]
Internet Protocol Version 4, Src: 172.16.90.227, Dst: 104.18.28.7
    0100 .... = Version: 4
    .... 0101 = Header Length: 20 bytes (5)
    Differentiated Services Field: 0x02 (DSCP: CS0, ECN: ECT(0))
        0000 00.. = Differentiated Services Codepoint: Default (0)
        .... ..10 = Explicit Congestion Notification: ECN-Capable Transport codepoint '10' (2)
    Total Length: 71
    Identification: 0x2f02 (12034)
    010. .... = Flags: 0x2, Don't fragment
        0... .... = Reserved bit: Not set
        .1.. .... = Don't fragment: Set
        ..0. .... = More fragments: Not set
    ...0 0000 0000 0000 = Fragment Offset: 0
    Time to Live: 128
    Protocol: UDP (17)
    Header Checksum: 0x0000 [validation disabled]
    [Header checksum status: Unverified]
    Source Address: 172.16.90.227
    Destination Address: 104.18.28.7
    [Stream index: 3]
User Datagram Protocol, Src Port: 50491, Dst Port: 443
    Source Port: 50491
    Destination Port: 443
    Length: 51
    Checksum: 0x8b51 [unverified]
    [Checksum Status: Unverified]
    [Stream index: 3]
    [Stream Packet Number: 45]
    [Timestamps]
        [Time since first frame: 1.751303800 seconds]
        [Time since previous frame: 239.400 microseconds]
    UDP payload (43 bytes)
QUIC IETF
    QUIC Connection information
        [Connection Number: 2]
    [Packet Length: 43]
    QUIC Short Header DCID=0109fa68d8f7e373860b0468b0f7ceb5e4c7d584
        0... .... = Header Form: Short Header (0)
        .1.. .... = Fixed Bit: True
        ..0. .... = Spin Bit: False
        Destination Connection ID: 0109fa68d8f7e373860b0468b0f7ceb5e4c7d584
    Remaining Payload: 493b5e9fd8ff3319b1aee579bf12afd5ccb87b8d4163

Frame 156: Packet, 1242 bytes on wire (9936 bits), 1242 bytes captured (9936 bits) on interface \Device\NPF_{9B9257DC-FAC1-4993-B12F-136D7BA5E874}, id 0
    Section number: 1
    Interface id: 0 (\Device\NPF_{9B9257DC-FAC1-4993-B12F-136D7BA5E874})
        Interface name: \Device\NPF_{9B9257DC-FAC1-4993-B12F-136D7BA5E874}
        Interface description: Wi-Fi
    Encapsulation type: Ethernet (1)
    Arrival Time: Apr  9, 2026 18:28:55.698756000 India Standard Time
    UTC Arrival Time: Apr  9, 2026 12:58:55.698756000 UTC
    Epoch Arrival Time: 1775739535.698756000
    [Time shift for this packet: 0.000000000 seconds]
    [Time delta from previous captured frame: 1.751400 milliseconds]
    [Time delta from previous displayed frame: 1.751400 milliseconds]
    [Time since reference or first frame: 2.276897600 seconds]
    Frame Number: 156
    Frame Length: 1242 bytes (9936 bits)
    Capture Length: 1242 bytes (9936 bits)
    [Frame is marked: False]
    [Frame is ignored: False]
    [Protocols in frame: eth:ethertype:ip:udp:quic]
    Character encoding: ASCII (0)
Ethernet II, Src: HewlettPacka_3a:cc:1d (28:92:4a:3a:cc:1d), Dst: 96:77:0b:05:d4:0b (96:77:0b:05:d4:0b)
    Destination: 96:77:0b:05:d4:0b (96:77:0b:05:d4:0b)
        .... ..1. .... .... .... .... = LG bit: Locally administered address (this is NOT the factory default)
        .... ...0 .... .... .... .... = IG bit: Individual address (unicast)
    Source: HewlettPacka_3a:cc:1d (28:92:4a:3a:cc:1d)
        .... ..0. .... .... .... .... = LG bit: Globally unique address (factory default)
        .... ...0 .... .... .... .... = IG bit: Individual address (unicast)
    Type: IPv4 (0x0800)
    [Stream index: 0]
Internet Protocol Version 4, Src: 104.18.28.7, Dst: 172.16.90.227
    0100 .... = Version: 4
    .... 0101 = Header Length: 20 bytes (5)
    Differentiated Services Field: 0x88 (DSCP: AF41, ECN: Not-ECT)
        1000 10.. = Differentiated Services Codepoint: Assured Forwarding 41 (34)
        .... ..00 = Explicit Congestion Notification: Not ECN-Capable Transport (0)
    Total Length: 1228
    Identification: 0x0000 (0)
    010. .... = Flags: 0x2, Don't fragment
        0... .... = Reserved bit: Not set
        .1.. .... = Don't fragment: Set
        ..0. .... = More fragments: Not set
    ...0 0000 0000 0000 = Fragment Offset: 0
    Time to Live: 57
    Protocol: UDP (17)
    Header Checksum: 0xb18c [validation disabled]
    [Header checksum status: Unverified]
    Source Address: 104.18.28.7
    Destination Address: 172.16.90.227
    [Stream index: 3]
User Datagram Protocol, Src Port: 443, Dst Port: 50491
    Source Port: 443
    Destination Port: 50491
    Length: 1208
    Checksum: 0xd778 [unverified]
    [Checksum Status: Unverified]
    [Stream index: 3]
    [Stream Packet Number: 46]
    [Timestamps]
        [Time since first frame: 1.753055200 seconds]
        [Time since previous frame: 1.751400 milliseconds]
    UDP payload (1200 bytes)
QUIC IETF
    QUIC Connection information
        [Connection Number: 2]
    [Packet Length: 1200]
    QUIC Short Header DCID=37727d
        0... .... = Header Form: Short Header (0)
        .1.. .... = Fixed Bit: True
        ..0. .... = Spin Bit: False
        Destination Connection ID: 37727d
    Remaining Payload […]: a11db8acb4c08a52847a456f66d4d12f6ea85f5e0921f136d1ea0d08f6d34b7cf6be130938729bd3e2cdc03cc69abe7e19739db29819e9ed681f93712447454e1a12415d43afacb2e97435a5938c7563b15312d93be1d5330b2fc55b0b8f898860366216c554e280813f27

Frame 157: Packet, 1242 bytes on wire (9936 bits), 1242 bytes captured (9936 bits) on interface \Device\NPF_{9B9257DC-FAC1-4993-B12F-136D7BA5E874}, id 0
    Section number: 1
    Interface id: 0 (\Device\NPF_{9B9257DC-FAC1-4993-B12F-136D7BA5E874})
        Interface name: \Device\NPF_{9B9257DC-FAC1-4993-B12F-136D7BA5E874}
        Interface description: Wi-Fi
    Encapsulation type: Ethernet (1)
    Arrival Time: Apr  9, 2026 18:28:55.698756000 India Standard Time
    UTC Arrival Time: Apr  9, 2026 12:58:55.698756000 UTC
    Epoch Arrival Time: 1775739535.698756000
    [Time shift for this packet: 0.000000000 seconds]
    [Time delta from previous captured frame: 0.000000000 seconds]
    [Time delta from previous displayed frame: 0.000000000 seconds]
    [Time since reference or first frame: 2.276897600 seconds]
    Frame Number: 157
    Frame Length: 1242 bytes (9936 bits)
    Capture Length: 1242 bytes (9936 bits)
    [Frame is marked: False]
    [Frame is ignored: False]
    [Protocols in frame: eth:ethertype:ip:udp:quic]
    Character encoding: ASCII (0)
Ethernet II, Src: HewlettPacka_3a:cc:1d (28:92:4a:3a:cc:1d), Dst: 96:77:0b:05:d4:0b (96:77:0b:05:d4:0b)
    Destination: 96:77:0b:05:d4:0b (96:77:0b:05:d4:0b)
        .... ..1. .... .... .... .... = LG bit: Locally administered address (this is NOT the factory default)
        .... ...0 .... .... .... .... = IG bit: Individual address (unicast)
    Source: HewlettPacka_3a:cc:1d (28:92:4a:3a:cc:1d)
        .... ..0. .... .... .... .... = LG bit: Globally unique address (factory default)
        .... ...0 .... .... .... .... = IG bit: Individual address (unicast)
    Type: IPv4 (0x0800)
    [Stream index: 0]
Internet Protocol Version 4, Src: 104.18.28.7, Dst: 172.16.90.227
    0100 .... = Version: 4
    .... 0101 = Header Length: 20 bytes (5)
    Differentiated Services Field: 0x88 (DSCP: AF41, ECN: Not-ECT)
        1000 10.. = Differentiated Services Codepoint: Assured Forwarding 41 (34)
        .... ..00 = Explicit Congestion Notification: Not ECN-Capable Transport (0)
    Total Length: 1228
    Identification: 0x0001 (1)
    010. .... = Flags: 0x2, Don't fragment
        0... .... = Reserved bit: Not set
        .1.. .... = Don't fragment: Set
        ..0. .... = More fragments: Not set
    ...0 0000 0000 0000 = Fragment Offset: 0
    Time to Live: 57
    Protocol: UDP (17)
    Header Checksum: 0xb18b [validation disabled]
    [Header checksum status: Unverified]
    Source Address: 104.18.28.7
    Destination Address: 172.16.90.227
    [Stream index: 3]
User Datagram Protocol, Src Port: 443, Dst Port: 50491
    Source Port: 443
    Destination Port: 50491
    Length: 1208
    Checksum: 0x2e04 [unverified]
    [Checksum Status: Unverified]
    [Stream index: 3]
    [Stream Packet Number: 47]
    [Timestamps]
        [Time since first frame: 1.753055200 seconds]
        [Time since previous frame: 0.000000000 seconds]
    UDP payload (1200 bytes)
QUIC IETF
    QUIC Connection information
        [Connection Number: 2]
    [Packet Length: 1200]
    QUIC Short Header DCID=37727d
        0... .... = Header Form: Short Header (0)
        .1.. .... = Fixed Bit: True
        ..0. .... = Spin Bit: False
        Destination Connection ID: 37727d
    Remaining Payload […]: 36b70b890d6c0478c7c2dc6c1a68a290662f2d8bc1f79763ac1273c91946164c423971e1a420a334075a740e07b9cb0f2756246dc474797b0903341844074132ad731e25d26da114f34126161f60779224a63823babbe12b128ad26e90bb1e15481046917e394cf20de40e

Frame 158: Packet, 85 bytes on wire (680 bits), 85 bytes captured (680 bits) on interface \Device\NPF_{9B9257DC-FAC1-4993-B12F-136D7BA5E874}, id 0
    Section number: 1
    Interface id: 0 (\Device\NPF_{9B9257DC-FAC1-4993-B12F-136D7BA5E874})
        Interface name: \Device\NPF_{9B9257DC-FAC1-4993-B12F-136D7BA5E874}
        Interface description: Wi-Fi
    Encapsulation type: Ethernet (1)
    Arrival Time: Apr  9, 2026 18:28:55.698882900 India Standard Time
    UTC Arrival Time: Apr  9, 2026 12:58:55.698882900 UTC
    Epoch Arrival Time: 1775739535.698882900
    [Time shift for this packet: 0.000000000 seconds]
    [Time delta from previous captured frame: 126.900 microseconds]
    [Time delta from previous displayed frame: 126.900 microseconds]
    [Time since reference or first frame: 2.277024500 seconds]
    Frame Number: 158
    Frame Length: 85 bytes (680 bits)
    Capture Length: 85 bytes (680 bits)
    [Frame is marked: False]
    [Frame is ignored: False]
    [Protocols in frame: eth:ethertype:ip:udp:quic]
    Character encoding: ASCII (0)
Ethernet II, Src: 96:77:0b:05:d4:0b (96:77:0b:05:d4:0b), Dst: HewlettPacka_3a:cc:1d (28:92:4a:3a:cc:1d)
    Destination: HewlettPacka_3a:cc:1d (28:92:4a:3a:cc:1d)
        .... ..0. .... .... .... .... = LG bit: Globally unique address (factory default)
        .... ...0 .... .... .... .... = IG bit: Individual address (unicast)
    Source: 96:77:0b:05:d4:0b (96:77:0b:05:d4:0b)
        .... ..1. .... .... .... .... = LG bit: Locally administered address (this is NOT the factory default)
        .... ...0 .... .... .... .... = IG bit: Individual address (unicast)
    Type: IPv4 (0x0800)
    [Stream index: 0]
Internet Protocol Version 4, Src: 172.16.90.227, Dst: 104.18.28.7
    0100 .... = Version: 4
    .... 0101 = Header Length: 20 bytes (5)
    Differentiated Services Field: 0x02 (DSCP: CS0, ECN: ECT(0))
        0000 00.. = Differentiated Services Codepoint: Default (0)
        .... ..10 = Explicit Congestion Notification: ECN-Capable Transport codepoint '10' (2)
    Total Length: 71
    Identification: 0x2f03 (12035)
    010. .... = Flags: 0x2, Don't fragment
        0... .... = Reserved bit: Not set
        .1.. .... = Don't fragment: Set
        ..0. .... = More fragments: Not set
    ...0 0000 0000 0000 = Fragment Offset: 0
    Time to Live: 128
    Protocol: UDP (17)
    Header Checksum: 0x0000 [validation disabled]
    [Header checksum status: Unverified]
    Source Address: 172.16.90.227
    Destination Address: 104.18.28.7
    [Stream index: 3]
User Datagram Protocol, Src Port: 50491, Dst Port: 443
    Source Port: 50491
    Destination Port: 443
    Length: 51
    Checksum: 0x8b51 [unverified]
    [Checksum Status: Unverified]
    [Stream index: 3]
    [Stream Packet Number: 48]
    [Timestamps]
        [Time since first frame: 1.753182100 seconds]
        [Time since previous frame: 126.900 microseconds]
    UDP payload (43 bytes)
QUIC IETF
    QUIC Connection information
        [Connection Number: 2]
    [Packet Length: 43]
    QUIC Short Header DCID=0109fa68d8f7e373860b0468b0f7ceb5e4c7d584
        0... .... = Header Form: Short Header (0)
        .1.. .... = Fixed Bit: True
        ..1. .... = Spin Bit: True
        Destination Connection ID: 0109fa68d8f7e373860b0468b0f7ceb5e4c7d584
    Remaining Payload: 444538fb9c34c4c0ea727e62bf88825144ca6a902d50

Frame 159: Packet, 1242 bytes on wire (9936 bits), 1242 bytes captured (9936 bits) on interface \Device\NPF_{9B9257DC-FAC1-4993-B12F-136D7BA5E874}, id 0
    Section number: 1
    Interface id: 0 (\Device\NPF_{9B9257DC-FAC1-4993-B12F-136D7BA5E874})
        Interface name: \Device\NPF_{9B9257DC-FAC1-4993-B12F-136D7BA5E874}
        Interface description: Wi-Fi
    Encapsulation type: Ethernet (1)
    Arrival Time: Apr  9, 2026 18:28:55.699405000 India Standard Time
    UTC Arrival Time: Apr  9, 2026 12:58:55.699405000 UTC
    Epoch Arrival Time: 1775739535.699405000
    [Time shift for this packet: 0.000000000 seconds]
    [Time delta from previous captured frame: 522.100 microseconds]
    [Time delta from previous displayed frame: 522.100 microseconds]
    [Time since reference or first frame: 2.277546600 seconds]
    Frame Number: 159
    Frame Length: 1242 bytes (9936 bits)
    Capture Length: 1242 bytes (9936 bits)
    [Frame is marked: False]
    [Frame is ignored: False]
    [Protocols in frame: eth:ethertype:ip:udp:quic]
    Character encoding: ASCII (0)
Ethernet II, Src: HewlettPacka_3a:cc:1d (28:92:4a:3a:cc:1d), Dst: 96:77:0b:05:d4:0b (96:77:0b:05:d4:0b)
    Destination: 96:77:0b:05:d4:0b (96:77:0b:05:d4:0b)
        .... ..1. .... .... .... .... = LG bit: Locally administered address (this is NOT the factory default)
        .... ...0 .... .... .... .... = IG bit: Individual address (unicast)
    Source: HewlettPacka_3a:cc:1d (28:92:4a:3a:cc:1d)
        .... ..0. .... .... .... .... = LG bit: Globally unique address (factory default)
        .... ...0 .... .... .... .... = IG bit: Individual address (unicast)
    Type: IPv4 (0x0800)
    [Stream index: 0]
Internet Protocol Version 4, Src: 104.18.28.7, Dst: 172.16.90.227
    0100 .... = Version: 4
    .... 0101 = Header Length: 20 bytes (5)
    Differentiated Services Field: 0x88 (DSCP: AF41, ECN: Not-ECT)
        1000 10.. = Differentiated Services Codepoint: Assured Forwarding 41 (34)
        .... ..00 = Explicit Congestion Notification: Not ECN-Capable Transport (0)
    Total Length: 1228
    Identification: 0x0002 (2)
    010. .... = Flags: 0x2, Don't fragment
        0... .... = Reserved bit: Not set
        .1.. .... = Don't fragment: Set
        ..0. .... = More fragments: Not set
    ...0 0000 0000 0000 = Fragment Offset: 0
    Time to Live: 57
    Protocol: UDP (17)
    Header Checksum: 0xb18a [validation disabled]
    [Header checksum status: Unverified]
    Source Address: 104.18.28.7
    Destination Address: 172.16.90.227
    [Stream index: 3]
User Datagram Protocol, Src Port: 443, Dst Port: 50491
    Source Port: 443
    Destination Port: 50491
    Length: 1208
    Checksum: 0xefd7 [unverified]
    [Checksum Status: Unverified]
    [Stream index: 3]
    [Stream Packet Number: 49]
    [Timestamps]
        [Time since first frame: 1.753704200 seconds]
        [Time since previous frame: 522.100 microseconds]
    UDP payload (1200 bytes)
QUIC IETF
    QUIC Connection information
        [Connection Number: 2]
    [Packet Length: 1200]
    QUIC Short Header DCID=37727d
        0... .... = Header Form: Short Header (0)
        .1.. .... = Fixed Bit: True
        ..0. .... = Spin Bit: False
        Destination Connection ID: 37727d
    Remaining Payload […]: c33131b1f39bb92f86381258a87b03d16f5a93d4a23121c4c4432969689fafb9642bbf2aed447cc4226d5e251a1e2cbaa31855b317c16dd16ce8d4b7f5557568dc4ae568e83e5491f20fb287379aee843b3d105d8459236dceda98b10df63fcabc8fce7da3de63f722ec44

Frame 160: Packet, 1242 bytes on wire (9936 bits), 1242 bytes captured (9936 bits) on interface \Device\NPF_{9B9257DC-FAC1-4993-B12F-136D7BA5E874}, id 0
    Section number: 1
    Interface id: 0 (\Device\NPF_{9B9257DC-FAC1-4993-B12F-136D7BA5E874})
        Interface name: \Device\NPF_{9B9257DC-FAC1-4993-B12F-136D7BA5E874}
        Interface description: Wi-Fi
    Encapsulation type: Ethernet (1)
    Arrival Time: Apr  9, 2026 18:28:55.700140400 India Standard Time
    UTC Arrival Time: Apr  9, 2026 12:58:55.700140400 UTC
    Epoch Arrival Time: 1775739535.700140400
    [Time shift for this packet: 0.000000000 seconds]
    [Time delta from previous captured frame: 735.400 microseconds]
    [Time delta from previous displayed frame: 735.400 microseconds]
    [Time since reference or first frame: 2.278282000 seconds]
    Frame Number: 160
    Frame Length: 1242 bytes (9936 bits)
    Capture Length: 1242 bytes (9936 bits)
    [Frame is marked: False]
    [Frame is ignored: False]
    [Protocols in frame: eth:ethertype:ip:udp:quic]
    Character encoding: ASCII (0)
Ethernet II, Src: HewlettPacka_3a:cc:1d (28:92:4a:3a:cc:1d), Dst: 96:77:0b:05:d4:0b (96:77:0b:05:d4:0b)
    Destination: 96:77:0b:05:d4:0b (96:77:0b:05:d4:0b)
        .... ..1. .... .... .... .... = LG bit: Locally administered address (this is NOT the factory default)
        .... ...0 .... .... .... .... = IG bit: Individual address (unicast)
    Source: HewlettPacka_3a:cc:1d (28:92:4a:3a:cc:1d)
        .... ..0. .... .... .... .... = LG bit: Globally unique address (factory default)
        .... ...0 .... .... .... .... = IG bit: Individual address (unicast)
    Type: IPv4 (0x0800)
    [Stream index: 0]
Internet Protocol Version 4, Src: 104.18.28.7, Dst: 172.16.90.227
    0100 .... = Version: 4
    .... 0101 = Header Length: 20 bytes (5)
    Differentiated Services Field: 0x88 (DSCP: AF41, ECN: Not-ECT)
        1000 10.. = Differentiated Services Codepoint: Assured Forwarding 41 (34)
        .... ..00 = Explicit Congestion Notification: Not ECN-Capable Transport (0)
    Total Length: 1228
    Identification: 0x0003 (3)
    010. .... = Flags: 0x2, Don't fragment
        0... .... = Reserved bit: Not set
        .1.. .... = Don't fragment: Set
        ..0. .... = More fragments: Not set
    ...0 0000 0000 0000 = Fragment Offset: 0
    Time to Live: 57
    Protocol: UDP (17)
    Header Checksum: 0xb189 [validation disabled]
    [Header checksum status: Unverified]
    Source Address: 104.18.28.7
    Destination Address: 172.16.90.227
    [Stream index: 3]
User Datagram Protocol, Src Port: 443, Dst Port: 50491
    Source Port: 443
    Destination Port: 50491
    Length: 1208
    Checksum: 0x5b79 [unverified]
    [Checksum Status: Unverified]
    [Stream index: 3]
    [Stream Packet Number: 50]
    [Timestamps]
        [Time since first frame: 1.754439600 seconds]
        [Time since previous frame: 735.400 microseconds]
    UDP payload (1200 bytes)
QUIC IETF
    QUIC Connection information
        [Connection Number: 2]
    [Packet Length: 1200]
    QUIC Short Header DCID=37727d
        0... .... = Header Form: Short Header (0)
        .1.. .... = Fixed Bit: True
        ..0. .... = Spin Bit: False
        Destination Connection ID: 37727d
    Remaining Payload […]: 60298cb1b1d6e1a46821659ec3b5af179fd9ab1c8246a0af077653832ae368b00586bba93097e94581903ff6cb3d3584071d2878fa42fdc07300474500e9d40f733eccb836da20f41cf62af5a90d33dae0f84ced259d0a96285b321aa3c80462b92c3edd4651422a3c55ac

Frame 161: Packet, 85 bytes on wire (680 bits), 85 bytes captured (680 bits) on interface \Device\NPF_{9B9257DC-FAC1-4993-B12F-136D7BA5E874}, id 0
    Section number: 1
    Interface id: 0 (\Device\NPF_{9B9257DC-FAC1-4993-B12F-136D7BA5E874})
        Interface name: \Device\NPF_{9B9257DC-FAC1-4993-B12F-136D7BA5E874}
        Interface description: Wi-Fi
    Encapsulation type: Ethernet (1)
    Arrival Time: Apr  9, 2026 18:28:55.700236200 India Standard Time
    UTC Arrival Time: Apr  9, 2026 12:58:55.700236200 UTC
    Epoch Arrival Time: 1775739535.700236200
    [Time shift for this packet: 0.000000000 seconds]
    [Time delta from previous captured frame: 95.800 microseconds]
    [Time delta from previous displayed frame: 95.800 microseconds]
    [Time since reference or first frame: 2.278377800 seconds]
    Frame Number: 161
    Frame Length: 85 bytes (680 bits)
    Capture Length: 85 bytes (680 bits)
    [Frame is marked: False]
    [Frame is ignored: False]
    [Protocols in frame: eth:ethertype:ip:udp:quic]
    Character encoding: ASCII (0)
Ethernet II, Src: 96:77:0b:05:d4:0b (96:77:0b:05:d4:0b), Dst: HewlettPacka_3a:cc:1d (28:92:4a:3a:cc:1d)
    Destination: HewlettPacka_3a:cc:1d (28:92:4a:3a:cc:1d)
        .... ..0. .... .... .... .... = LG bit: Globally unique address (factory default)
        .... ...0 .... .... .... .... = IG bit: Individual address (unicast)
    Source: 96:77:0b:05:d4:0b (96:77:0b:05:d4:0b)
        .... ..1. .... .... .... .... = LG bit: Locally administered address (this is NOT the factory default)
        .... ...0 .... .... .... .... = IG bit: Individual address (unicast)
    Type: IPv4 (0x0800)
    [Stream index: 0]
Internet Protocol Version 4, Src: 172.16.90.227, Dst: 104.18.28.7
    0100 .... = Version: 4
    .... 0101 = Header Length: 20 bytes (5)
    Differentiated Services Field: 0x02 (DSCP: CS0, ECN: ECT(0))
        0000 00.. = Differentiated Services Codepoint: Default (0)
        .... ..10 = Explicit Congestion Notification: ECN-Capable Transport codepoint '10' (2)
    Total Length: 71
    Identification: 0x2f04 (12036)
    010. .... = Flags: 0x2, Don't fragment
        0... .... = Reserved bit: Not set
        .1.. .... = Don't fragment: Set
        ..0. .... = More fragments: Not set
    ...0 0000 0000 0000 = Fragment Offset: 0
    Time to Live: 128
    Protocol: UDP (17)
    Header Checksum: 0x0000 [validation disabled]
    [Header checksum status: Unverified]
    Source Address: 172.16.90.227
    Destination Address: 104.18.28.7
    [Stream index: 3]
User Datagram Protocol, Src Port: 50491, Dst Port: 443
    Source Port: 50491
    Destination Port: 443
    Length: 51
    Checksum: 0x8b51 [unverified]
    [Checksum Status: Unverified]
    [Stream index: 3]
    [Stream Packet Number: 51]
    [Timestamps]
        [Time since first frame: 1.754535400 seconds]
        [Time since previous frame: 95.800 microseconds]
    UDP payload (43 bytes)
QUIC IETF
    QUIC Connection information
        [Connection Number: 2]
    [Packet Length: 43]
    QUIC Short Header DCID=0109fa68d8f7e373860b0468b0f7ceb5e4c7d584
        0... .... = Header Form: Short Header (0)
        .1.. .... = Fixed Bit: True
        ..1. .... = Spin Bit: True
        Destination Connection ID: 0109fa68d8f7e373860b0468b0f7ceb5e4c7d584
    Remaining Payload: 625e1ea28d60e85a39f6b74b6e40250e172764086083

Frame 162: Packet, 1242 bytes on wire (9936 bits), 1242 bytes captured (9936 bits) on interface \Device\NPF_{9B9257DC-FAC1-4993-B12F-136D7BA5E874}, id 0
    Section number: 1
    Interface id: 0 (\Device\NPF_{9B9257DC-FAC1-4993-B12F-136D7BA5E874})
        Interface name: \Device\NPF_{9B9257DC-FAC1-4993-B12F-136D7BA5E874}
        Interface description: Wi-Fi
    Encapsulation type: Ethernet (1)
    Arrival Time: Apr  9, 2026 18:28:55.701120100 India Standard Time
    UTC Arrival Time: Apr  9, 2026 12:58:55.701120100 UTC
    Epoch Arrival Time: 1775739535.701120100
    [Time shift for this packet: 0.000000000 seconds]
    [Time delta from previous captured frame: 883.900 microseconds]
    [Time delta from previous displayed frame: 883.900 microseconds]
    [Time since reference or first frame: 2.279261700 seconds]
    Frame Number: 162
    Frame Length: 1242 bytes (9936 bits)
    Capture Length: 1242 bytes (9936 bits)
    [Frame is marked: False]
    [Frame is ignored: False]
    [Protocols in frame: eth:ethertype:ip:udp:quic]
    Character encoding: ASCII (0)
Ethernet II, Src: HewlettPacka_3a:cc:1d (28:92:4a:3a:cc:1d), Dst: 96:77:0b:05:d4:0b (96:77:0b:05:d4:0b)
    Destination: 96:77:0b:05:d4:0b (96:77:0b:05:d4:0b)
        .... ..1. .... .... .... .... = LG bit: Locally administered address (this is NOT the factory default)
        .... ...0 .... .... .... .... = IG bit: Individual address (unicast)
    Source: HewlettPacka_3a:cc:1d (28:92:4a:3a:cc:1d)
        .... ..0. .... .... .... .... = LG bit: Globally unique address (factory default)
        .... ...0 .... .... .... .... = IG bit: Individual address (unicast)
    Type: IPv4 (0x0800)
    [Stream index: 0]
Internet Protocol Version 4, Src: 104.18.28.7, Dst: 172.16.90.227
    0100 .... = Version: 4
    .... 0101 = Header Length: 20 bytes (5)
    Differentiated Services Field: 0x88 (DSCP: AF41, ECN: Not-ECT)
        1000 10.. = Differentiated Services Codepoint: Assured Forwarding 41 (34)
        .... ..00 = Explicit Congestion Notification: Not ECN-Capable Transport (0)
    Total Length: 1228
    Identification: 0x0004 (4)
    010. .... = Flags: 0x2, Don't fragment
        0... .... = Reserved bit: Not set
        .1.. .... = Don't fragment: Set
        ..0. .... = More fragments: Not set
    ...0 0000 0000 0000 = Fragment Offset: 0
    Time to Live: 57
    Protocol: UDP (17)
    Header Checksum: 0xb188 [validation disabled]
    [Header checksum status: Unverified]
    Source Address: 104.18.28.7
    Destination Address: 172.16.90.227
    [Stream index: 3]
User Datagram Protocol, Src Port: 443, Dst Port: 50491
    Source Port: 443
    Destination Port: 50491
    Length: 1208
    Checksum: 0x3cb5 [unverified]
    [Checksum Status: Unverified]
    [Stream index: 3]
    [Stream Packet Number: 52]
    [Timestamps]
        [Time since first frame: 1.755419300 seconds]
        [Time since previous frame: 883.900 microseconds]
    UDP payload (1200 bytes)
QUIC IETF
    QUIC Connection information
        [Connection Number: 2]
    [Packet Length: 1200]
    QUIC Short Header DCID=37727d
        0... .... = Header Form: Short Header (0)
        .1.. .... = Fixed Bit: True
        ..0. .... = Spin Bit: False
        Destination Connection ID: 37727d
    Remaining Payload […]: 9115dd83c415ef873407f87ca607618ddb3ef57aead242efca4b30498b7cd2a7078a2f51c624092ee45cd4f77924a664497a1165ce8baed15f86a51b1e52f0b57a802b7a84de84207d5daf36e10967f66716a363ca30c5513d02dc4e02db8f23b3865cf195f4ed684cb7e1

Frame 163: Packet, 1242 bytes on wire (9936 bits), 1242 bytes captured (9936 bits) on interface \Device\NPF_{9B9257DC-FAC1-4993-B12F-136D7BA5E874}, id 0
    Section number: 1
    Interface id: 0 (\Device\NPF_{9B9257DC-FAC1-4993-B12F-136D7BA5E874})
        Interface name: \Device\NPF_{9B9257DC-FAC1-4993-B12F-136D7BA5E874}
        Interface description: Wi-Fi
    Encapsulation type: Ethernet (1)
    Arrival Time: Apr  9, 2026 18:28:55.701987700 India Standard Time
    UTC Arrival Time: Apr  9, 2026 12:58:55.701987700 UTC
    Epoch Arrival Time: 1775739535.701987700
    [Time shift for this packet: 0.000000000 seconds]
    [Time delta from previous captured frame: 867.600 microseconds]
    [Time delta from previous displayed frame: 867.600 microseconds]
    [Time since reference or first frame: 2.280129300 seconds]
    Frame Number: 163
    Frame Length: 1242 bytes (9936 bits)
    Capture Length: 1242 bytes (9936 bits)
    [Frame is marked: False]
    [Frame is ignored: False]
    [Protocols in frame: eth:ethertype:ip:udp:quic]
    Character encoding: ASCII (0)
Ethernet II, Src: HewlettPacka_3a:cc:1d (28:92:4a:3a:cc:1d), Dst: 96:77:0b:05:d4:0b (96:77:0b:05:d4:0b)
    Destination: 96:77:0b:05:d4:0b (96:77:0b:05:d4:0b)
        .... ..1. .... .... .... .... = LG bit: Locally administered address (this is NOT the factory default)
        .... ...0 .... .... .... .... = IG bit: Individual address (unicast)
    Source: HewlettPacka_3a:cc:1d (28:92:4a:3a:cc:1d)
        .... ..0. .... .... .... .... = LG bit: Globally unique address (factory default)
        .... ...0 .... .... .... .... = IG bit: Individual address (unicast)
    Type: IPv4 (0x0800)
    [Stream index: 0]
Internet Protocol Version 4, Src: 104.18.28.7, Dst: 172.16.90.227
    0100 .... = Version: 4
    .... 0101 = Header Length: 20 bytes (5)
    Differentiated Services Field: 0x88 (DSCP: AF41, ECN: Not-ECT)
        1000 10.. = Differentiated Services Codepoint: Assured Forwarding 41 (34)
        .... ..00 = Explicit Congestion Notification: Not ECN-Capable Transport (0)
    Total Length: 1228
    Identification: 0x0005 (5)
    010. .... = Flags: 0x2, Don't fragment
        0... .... = Reserved bit: Not set
        .1.. .... = Don't fragment: Set
        ..0. .... = More fragments: Not set
    ...0 0000 0000 0000 = Fragment Offset: 0
    Time to Live: 57
    Protocol: UDP (17)
    Header Checksum: 0xb187 [validation disabled]
    [Header checksum status: Unverified]
    Source Address: 104.18.28.7
    Destination Address: 172.16.90.227
    [Stream index: 3]
User Datagram Protocol, Src Port: 443, Dst Port: 50491
    Source Port: 443
    Destination Port: 50491
    Length: 1208
    Checksum: 0x66cd [unverified]
    [Checksum Status: Unverified]
    [Stream index: 3]
    [Stream Packet Number: 53]
    [Timestamps]
        [Time since first frame: 1.756286900 seconds]
        [Time since previous frame: 867.600 microseconds]
    UDP payload (1200 bytes)
QUIC IETF
    QUIC Connection information
        [Connection Number: 2]
    [Packet Length: 1200]
    QUIC Short Header DCID=37727d
        0... .... = Header Form: Short Header (0)
        .1.. .... = Fixed Bit: True
        ..0. .... = Spin Bit: False
        Destination Connection ID: 37727d
    Remaining Payload […]: dde8c52fca6f5a72ca390fcd0f7036e3fef6f1ed80a6fad54cdb5818902d874fb0472bf0dfa1703ab59a8a9c3072dda393936c727ee91c6b5ce5a8b1379ac0aa4237cd1a914357f457782765ff2858afc0577a79be243b241e7b5f053f7e6f16f53888016c82461d009801

Frame 164: Packet, 85 bytes on wire (680 bits), 85 bytes captured (680 bits) on interface \Device\NPF_{9B9257DC-FAC1-4993-B12F-136D7BA5E874}, id 0
    Section number: 1
    Interface id: 0 (\Device\NPF_{9B9257DC-FAC1-4993-B12F-136D7BA5E874})
        Interface name: \Device\NPF_{9B9257DC-FAC1-4993-B12F-136D7BA5E874}
        Interface description: Wi-Fi
    Encapsulation type: Ethernet (1)
    Arrival Time: Apr  9, 2026 18:28:55.702078600 India Standard Time
    UTC Arrival Time: Apr  9, 2026 12:58:55.702078600 UTC
    Epoch Arrival Time: 1775739535.702078600
    [Time shift for this packet: 0.000000000 seconds]
    [Time delta from previous captured frame: 90.900 microseconds]
    [Time delta from previous displayed frame: 90.900 microseconds]
    [Time since reference or first frame: 2.280220200 seconds]
    Frame Number: 164
    Frame Length: 85 bytes (680 bits)
    Capture Length: 85 bytes (680 bits)
    [Frame is marked: False]
    [Frame is ignored: False]
    [Protocols in frame: eth:ethertype:ip:udp:quic]
    Character encoding: ASCII (0)
Ethernet II, Src: 96:77:0b:05:d4:0b (96:77:0b:05:d4:0b), Dst: HewlettPacka_3a:cc:1d (28:92:4a:3a:cc:1d)
    Destination: HewlettPacka_3a:cc:1d (28:92:4a:3a:cc:1d)
        .... ..0. .... .... .... .... = LG bit: Globally unique address (factory default)
        .... ...0 .... .... .... .... = IG bit: Individual address (unicast)
    Source: 96:77:0b:05:d4:0b (96:77:0b:05:d4:0b)
        .... ..1. .... .... .... .... = LG bit: Locally administered address (this is NOT the factory default)
        .... ...0 .... .... .... .... = IG bit: Individual address (unicast)
    Type: IPv4 (0x0800)
    [Stream index: 0]
Internet Protocol Version 4, Src: 172.16.90.227, Dst: 104.18.28.7
    0100 .... = Version: 4
    .... 0101 = Header Length: 20 bytes (5)
    Differentiated Services Field: 0x00 (DSCP: CS0, ECN: Not-ECT)
        0000 00.. = Differentiated Services Codepoint: Default (0)
        .... ..00 = Explicit Congestion Notification: Not ECN-Capable Transport (0)
    Total Length: 71
    Identification: 0x2f05 (12037)
    010. .... = Flags: 0x2, Don't fragment
        0... .... = Reserved bit: Not set
        .1.. .... = Don't fragment: Set
        ..0. .... = More fragments: Not set
    ...0 0000 0000 0000 = Fragment Offset: 0
    Time to Live: 128
    Protocol: UDP (17)
    Header Checksum: 0x0000 [validation disabled]
    [Header checksum status: Unverified]
    Source Address: 172.16.90.227
    Destination Address: 104.18.28.7
    [Stream index: 3]
User Datagram Protocol, Src Port: 50491, Dst Port: 443
    Source Port: 50491
    Destination Port: 443
    Length: 51
    Checksum: 0x8b51 [unverified]
    [Checksum Status: Unverified]
    [Stream index: 3]
    [Stream Packet Number: 54]
    [Timestamps]
        [Time since first frame: 1.756377800 seconds]
        [Time since previous frame: 90.900 microseconds]
    UDP payload (43 bytes)
QUIC IETF
    QUIC Connection information
        [Connection Number: 2]
    [Packet Length: 43]
    QUIC Short Header DCID=0109fa68d8f7e373860b0468b0f7ceb5e4c7d584
        0... .... = Header Form: Short Header (0)
        .1.. .... = Fixed Bit: True
        ..1. .... = Spin Bit: True
        Destination Connection ID: 0109fa68d8f7e373860b0468b0f7ceb5e4c7d584
    Remaining Payload: f722b8a0db497c92bdcf37393998116fefa97219c181

Frame 165: Packet, 1242 bytes on wire (9936 bits), 1242 bytes captured (9936 bits) on interface \Device\NPF_{9B9257DC-FAC1-4993-B12F-136D7BA5E874}, id 0
    Section number: 1
    Interface id: 0 (\Device\NPF_{9B9257DC-FAC1-4993-B12F-136D7BA5E874})
        Interface name: \Device\NPF_{9B9257DC-FAC1-4993-B12F-136D7BA5E874}
        Interface description: Wi-Fi
    Encapsulation type: Ethernet (1)
    Arrival Time: Apr  9, 2026 18:28:55.703224400 India Standard Time
    UTC Arrival Time: Apr  9, 2026 12:58:55.703224400 UTC
    Epoch Arrival Time: 1775739535.703224400
    [Time shift for this packet: 0.000000000 seconds]
    [Time delta from previous captured frame: 1.145800 milliseconds]
    [Time delta from previous displayed frame: 1.145800 milliseconds]
    [Time since reference or first frame: 2.281366000 seconds]
    Frame Number: 165
    Frame Length: 1242 bytes (9936 bits)
    Capture Length: 1242 bytes (9936 bits)
    [Frame is marked: False]
    [Frame is ignored: False]
    [Protocols in frame: eth:ethertype:ip:udp:quic]
    Character encoding: ASCII (0)
Ethernet II, Src: HewlettPacka_3a:cc:1d (28:92:4a:3a:cc:1d), Dst: 96:77:0b:05:d4:0b (96:77:0b:05:d4:0b)
    Destination: 96:77:0b:05:d4:0b (96:77:0b:05:d4:0b)
        .... ..1. .... .... .... .... = LG bit: Locally administered address (this is NOT the factory default)
        .... ...0 .... .... .... .... = IG bit: Individual address (unicast)
    Source: HewlettPacka_3a:cc:1d (28:92:4a:3a:cc:1d)
        .... ..0. .... .... .... .... = LG bit: Globally unique address (factory default)
        .... ...0 .... .... .... .... = IG bit: Individual address (unicast)
    Type: IPv4 (0x0800)
    [Stream index: 0]
Internet Protocol Version 4, Src: 104.18.28.7, Dst: 172.16.90.227
    0100 .... = Version: 4
    .... 0101 = Header Length: 20 bytes (5)
    Differentiated Services Field: 0x88 (DSCP: AF41, ECN: Not-ECT)
        1000 10.. = Differentiated Services Codepoint: Assured Forwarding 41 (34)
        .... ..00 = Explicit Congestion Notification: Not ECN-Capable Transport (0)
    Total Length: 1228
    Identification: 0x0006 (6)
    010. .... = Flags: 0x2, Don't fragment
        0... .... = Reserved bit: Not set
        .1.. .... = Don't fragment: Set
        ..0. .... = More fragments: Not set
    ...0 0000 0000 0000 = Fragment Offset: 0
    Time to Live: 57
    Protocol: UDP (17)
    Header Checksum: 0xb186 [validation disabled]
    [Header checksum status: Unverified]
    Source Address: 104.18.28.7
    Destination Address: 172.16.90.227
    [Stream index: 3]
User Datagram Protocol, Src Port: 443, Dst Port: 50491
    Source Port: 443
    Destination Port: 50491
    Length: 1208
    Checksum: 0x2ee0 [unverified]
    [Checksum Status: Unverified]
    [Stream index: 3]
    [Stream Packet Number: 55]
    [Timestamps]
        [Time since first frame: 1.757523600 seconds]
        [Time since previous frame: 1.145800 milliseconds]
    UDP payload (1200 bytes)
QUIC IETF
    QUIC Connection information
        [Connection Number: 2]
    [Packet Length: 1200]
    QUIC Short Header DCID=37727d
        0... .... = Header Form: Short Header (0)
        .1.. .... = Fixed Bit: True
        ..0. .... = Spin Bit: False
        Destination Connection ID: 37727d
    Remaining Payload […]: fbad25b219c15cdef0ff0dd94361baa1eb87f1c8159c1939ca328dde402b2a5816bf8ebf60453a06dd35c1f9915151f77ff0b521055b2e5f2307953dd68aeec937259e382c660dfc5eb1fa58a337a72b7ddc9f3281f1679dba07cb268a30584df0a9da1708ba866791ea0f

Frame 166: Packet, 1242 bytes on wire (9936 bits), 1242 bytes captured (9936 bits) on interface \Device\NPF_{9B9257DC-FAC1-4993-B12F-136D7BA5E874}, id 0
    Section number: 1
    Interface id: 0 (\Device\NPF_{9B9257DC-FAC1-4993-B12F-136D7BA5E874})
        Interface name: \Device\NPF_{9B9257DC-FAC1-4993-B12F-136D7BA5E874}
        Interface description: Wi-Fi
    Encapsulation type: Ethernet (1)
    Arrival Time: Apr  9, 2026 18:28:55.703995100 India Standard Time
    UTC Arrival Time: Apr  9, 2026 12:58:55.703995100 UTC
    Epoch Arrival Time: 1775739535.703995100
    [Time shift for this packet: 0.000000000 seconds]
    [Time delta from previous captured frame: 770.700 microseconds]
    [Time delta from previous displayed frame: 770.700 microseconds]
    [Time since reference or first frame: 2.282136700 seconds]
    Frame Number: 166
    Frame Length: 1242 bytes (9936 bits)
    Capture Length: 1242 bytes (9936 bits)
    [Frame is marked: False]
    [Frame is ignored: False]
    [Protocols in frame: eth:ethertype:ip:udp:quic]
    Character encoding: ASCII (0)
Ethernet II, Src: HewlettPacka_3a:cc:1d (28:92:4a:3a:cc:1d), Dst: 96:77:0b:05:d4:0b (96:77:0b:05:d4:0b)
    Destination: 96:77:0b:05:d4:0b (96:77:0b:05:d4:0b)
        .... ..1. .... .... .... .... = LG bit: Locally administered address (this is NOT the factory default)
        .... ...0 .... .... .... .... = IG bit: Individual address (unicast)
    Source: HewlettPacka_3a:cc:1d (28:92:4a:3a:cc:1d)
        .... ..0. .... .... .... .... = LG bit: Globally unique address (factory default)
        .... ...0 .... .... .... .... = IG bit: Individual address (unicast)
    Type: IPv4 (0x0800)
    [Stream index: 0]
Internet Protocol Version 4, Src: 104.18.28.7, Dst: 172.16.90.227
    0100 .... = Version: 4
    .... 0101 = Header Length: 20 bytes (5)
    Differentiated Services Field: 0x88 (DSCP: AF41, ECN: Not-ECT)
        1000 10.. = Differentiated Services Codepoint: Assured Forwarding 41 (34)
        .... ..00 = Explicit Congestion Notification: Not ECN-Capable Transport (0)
    Total Length: 1228
    Identification: 0x0007 (7)
    010. .... = Flags: 0x2, Don't fragment
        0... .... = Reserved bit: Not set
        .1.. .... = Don't fragment: Set
        ..0. .... = More fragments: Not set
    ...0 0000 0000 0000 = Fragment Offset: 0
    Time to Live: 57
    Protocol: UDP (17)
    Header Checksum: 0xb185 [validation disabled]
    [Header checksum status: Unverified]
    Source Address: 104.18.28.7
    Destination Address: 172.16.90.227
    [Stream index: 3]
User Datagram Protocol, Src Port: 443, Dst Port: 50491
    Source Port: 443
    Destination Port: 50491
    Length: 1208
    Checksum: 0xd6e5 [unverified]
    [Checksum Status: Unverified]
    [Stream index: 3]
    [Stream Packet Number: 56]
    [Timestamps]
        [Time since first frame: 1.758294300 seconds]
        [Time since previous frame: 770.700 microseconds]
    UDP payload (1200 bytes)
QUIC IETF
    QUIC Connection information
        [Connection Number: 2]
    [Packet Length: 1200]
    QUIC Short Header DCID=37727d
        0... .... = Header Form: Short Header (0)
        .1.. .... = Fixed Bit: True
        ..0. .... = Spin Bit: False
        Destination Connection ID: 37727d
    Remaining Payload […]: c4021a942808c39434eec1f1a2e11727c36d69293710e39251f8925a79b354f2eab1a3b5318df6941539577e04ade81fbe73575a5052230acaaad38c70324041f103bedb984d7e9a386342988bf52514527fcb8c85a2863958f41cab679c925d2655d1b57c61517f900eb3

Frame 167: Packet, 85 bytes on wire (680 bits), 85 bytes captured (680 bits) on interface \Device\NPF_{9B9257DC-FAC1-4993-B12F-136D7BA5E874}, id 0
    Section number: 1
    Interface id: 0 (\Device\NPF_{9B9257DC-FAC1-4993-B12F-136D7BA5E874})
        Interface name: \Device\NPF_{9B9257DC-FAC1-4993-B12F-136D7BA5E874}
        Interface description: Wi-Fi
    Encapsulation type: Ethernet (1)
    Arrival Time: Apr  9, 2026 18:28:55.704094800 India Standard Time
    UTC Arrival Time: Apr  9, 2026 12:58:55.704094800 UTC
    Epoch Arrival Time: 1775739535.704094800
    [Time shift for this packet: 0.000000000 seconds]
    [Time delta from previous captured frame: 99.700 microseconds]
    [Time delta from previous displayed frame: 99.700 microseconds]
    [Time since reference or first frame: 2.282236400 seconds]
    Frame Number: 167
    Frame Length: 85 bytes (680 bits)
    Capture Length: 85 bytes (680 bits)
    [Frame is marked: False]
    [Frame is ignored: False]
    [Protocols in frame: eth:ethertype:ip:udp:quic]
    Character encoding: ASCII (0)
Ethernet II, Src: 96:77:0b:05:d4:0b (96:77:0b:05:d4:0b), Dst: HewlettPacka_3a:cc:1d (28:92:4a:3a:cc:1d)
    Destination: HewlettPacka_3a:cc:1d (28:92:4a:3a:cc:1d)
        .... ..0. .... .... .... .... = LG bit: Globally unique address (factory default)
        .... ...0 .... .... .... .... = IG bit: Individual address (unicast)
    Source: 96:77:0b:05:d4:0b (96:77:0b:05:d4:0b)
        .... ..1. .... .... .... .... = LG bit: Locally administered address (this is NOT the factory default)
        .... ...0 .... .... .... .... = IG bit: Individual address (unicast)
    Type: IPv4 (0x0800)
    [Stream index: 0]
Internet Protocol Version 4, Src: 172.16.90.227, Dst: 104.18.28.7
    0100 .... = Version: 4
    .... 0101 = Header Length: 20 bytes (5)
    Differentiated Services Field: 0x00 (DSCP: CS0, ECN: Not-ECT)
        0000 00.. = Differentiated Services Codepoint: Default (0)
        .... ..00 = Explicit Congestion Notification: Not ECN-Capable Transport (0)
    Total Length: 71
    Identification: 0x2f06 (12038)
    010. .... = Flags: 0x2, Don't fragment
        0... .... = Reserved bit: Not set
        .1.. .... = Don't fragment: Set
        ..0. .... = More fragments: Not set
    ...0 0000 0000 0000 = Fragment Offset: 0
    Time to Live: 128
    Protocol: UDP (17)
    Header Checksum: 0x0000 [validation disabled]
    [Header checksum status: Unverified]
    Source Address: 172.16.90.227
    Destination Address: 104.18.28.7
    [Stream index: 3]
User Datagram Protocol, Src Port: 50491, Dst Port: 443
    Source Port: 50491
    Destination Port: 443
    Length: 51
    Checksum: 0x8b51 [unverified]
    [Checksum Status: Unverified]
    [Stream index: 3]
    [Stream Packet Number: 57]
    [Timestamps]
        [Time since first frame: 1.758394000 seconds]
        [Time since previous frame: 99.700 microseconds]
    UDP payload (43 bytes)
QUIC IETF
    QUIC Connection information
        [Connection Number: 2]
    [Packet Length: 43]
    QUIC Short Header DCID=0109fa68d8f7e373860b0468b0f7ceb5e4c7d584
        0... .... = Header Form: Short Header (0)
        .1.. .... = Fixed Bit: True
        ..1. .... = Spin Bit: True
        Destination Connection ID: 0109fa68d8f7e373860b0468b0f7ceb5e4c7d584
    Remaining Payload: 1ba6c4c839d0db65027354e4a7d21c87ed8a70cc74e3

Frame 168: Packet, 1242 bytes on wire (9936 bits), 1242 bytes captured (9936 bits) on interface \Device\NPF_{9B9257DC-FAC1-4993-B12F-136D7BA5E874}, id 0
    Section number: 1
    Interface id: 0 (\Device\NPF_{9B9257DC-FAC1-4993-B12F-136D7BA5E874})
        Interface name: \Device\NPF_{9B9257DC-FAC1-4993-B12F-136D7BA5E874}
        Interface description: Wi-Fi
    Encapsulation type: Ethernet (1)
    Arrival Time: Apr  9, 2026 18:28:55.705147300 India Standard Time
    UTC Arrival Time: Apr  9, 2026 12:58:55.705147300 UTC
    Epoch Arrival Time: 1775739535.705147300
    [Time shift for this packet: 0.000000000 seconds]
    [Time delta from previous captured frame: 1.052500 milliseconds]
    [Time delta from previous displayed frame: 1.052500 milliseconds]
    [Time since reference or first frame: 2.283288900 seconds]
    Frame Number: 168
    Frame Length: 1242 bytes (9936 bits)
    Capture Length: 1242 bytes (9936 bits)
    [Frame is marked: False]
    [Frame is ignored: False]
    [Protocols in frame: eth:ethertype:ip:udp:quic]
    Character encoding: ASCII (0)
Ethernet II, Src: HewlettPacka_3a:cc:1d (28:92:4a:3a:cc:1d), Dst: 96:77:0b:05:d4:0b (96:77:0b:05:d4:0b)
    Destination: 96:77:0b:05:d4:0b (96:77:0b:05:d4:0b)
        .... ..1. .... .... .... .... = LG bit: Locally administered address (this is NOT the factory default)
        .... ...0 .... .... .... .... = IG bit: Individual address (unicast)
    Source: HewlettPacka_3a:cc:1d (28:92:4a:3a:cc:1d)
        .... ..0. .... .... .... .... = LG bit: Globally unique address (factory default)
        .... ...0 .... .... .... .... = IG bit: Individual address (unicast)
    Type: IPv4 (0x0800)
    [Stream index: 0]
Internet Protocol Version 4, Src: 104.18.28.7, Dst: 172.16.90.227
    0100 .... = Version: 4
    .... 0101 = Header Length: 20 bytes (5)
    Differentiated Services Field: 0x88 (DSCP: AF41, ECN: Not-ECT)
        1000 10.. = Differentiated Services Codepoint: Assured Forwarding 41 (34)
        .... ..00 = Explicit Congestion Notification: Not ECN-Capable Transport (0)
    Total Length: 1228
    Identification: 0x0008 (8)
    010. .... = Flags: 0x2, Don't fragment
        0... .... = Reserved bit: Not set
        .1.. .... = Don't fragment: Set
        ..0. .... = More fragments: Not set
    ...0 0000 0000 0000 = Fragment Offset: 0
    Time to Live: 57
    Protocol: UDP (17)
    Header Checksum: 0xb184 [validation disabled]
    [Header checksum status: Unverified]
    Source Address: 104.18.28.7
    Destination Address: 172.16.90.227
    [Stream index: 3]
User Datagram Protocol, Src Port: 443, Dst Port: 50491
    Source Port: 443
    Destination Port: 50491
    Length: 1208
    Checksum: 0x80e6 [unverified]
    [Checksum Status: Unverified]
    [Stream index: 3]
    [Stream Packet Number: 58]
    [Timestamps]
        [Time since first frame: 1.759446500 seconds]
        [Time since previous frame: 1.052500 milliseconds]
    UDP payload (1200 bytes)
QUIC IETF
    QUIC Connection information
        [Connection Number: 2]
    [Packet Length: 1200]
    QUIC Short Header DCID=37727d
        0... .... = Header Form: Short Header (0)
        .1.. .... = Fixed Bit: True
        ..0. .... = Spin Bit: False
        Destination Connection ID: 37727d
    Remaining Payload […]: 6a8c263a2029d9966c8ce1403217333f1bc0a2dc6138f92befa08bf9beafc8bf670c410c2d1a93e99df21d08b03c66b5146d64f848916e56aea2680b4b826d4573433a5c7cbc9cdd8714047da5a685c2bbf330244e4ee0308077fc25258d31bc13693df56f8a0560009644

Frame 169: Packet, 1242 bytes on wire (9936 bits), 1242 bytes captured (9936 bits) on interface \Device\NPF_{9B9257DC-FAC1-4993-B12F-136D7BA5E874}, id 0
    Section number: 1
    Interface id: 0 (\Device\NPF_{9B9257DC-FAC1-4993-B12F-136D7BA5E874})
        Interface name: \Device\NPF_{9B9257DC-FAC1-4993-B12F-136D7BA5E874}
        Interface description: Wi-Fi
    Encapsulation type: Ethernet (1)
    Arrival Time: Apr  9, 2026 18:28:55.705719500 India Standard Time
    UTC Arrival Time: Apr  9, 2026 12:58:55.705719500 UTC
    Epoch Arrival Time: 1775739535.705719500
    [Time shift for this packet: 0.000000000 seconds]
    [Time delta from previous captured frame: 572.200 microseconds]
    [Time delta from previous displayed frame: 572.200 microseconds]
    [Time since reference or first frame: 2.283861100 seconds]
    Frame Number: 169
    Frame Length: 1242 bytes (9936 bits)
    Capture Length: 1242 bytes (9936 bits)
    [Frame is marked: False]
    [Frame is ignored: False]
    [Protocols in frame: eth:ethertype:ip:udp:quic]
    Character encoding: ASCII (0)
Ethernet II, Src: HewlettPacka_3a:cc:1d (28:92:4a:3a:cc:1d), Dst: 96:77:0b:05:d4:0b (96:77:0b:05:d4:0b)
    Destination: 96:77:0b:05:d4:0b (96:77:0b:05:d4:0b)
        .... ..1. .... .... .... .... = LG bit: Locally administered address (this is NOT the factory default)
        .... ...0 .... .... .... .... = IG bit: Individual address (unicast)
    Source: HewlettPacka_3a:cc:1d (28:92:4a:3a:cc:1d)
        .... ..0. .... .... .... .... = LG bit: Globally unique address (factory default)
        .... ...0 .... .... .... .... = IG bit: Individual address (unicast)
    Type: IPv4 (0x0800)
    [Stream index: 0]
Internet Protocol Version 4, Src: 104.18.28.7, Dst: 172.16.90.227
    0100 .... = Version: 4
    .... 0101 = Header Length: 20 bytes (5)
    Differentiated Services Field: 0x88 (DSCP: AF41, ECN: Not-ECT)
        1000 10.. = Differentiated Services Codepoint: Assured Forwarding 41 (34)
        .... ..00 = Explicit Congestion Notification: Not ECN-Capable Transport (0)
    Total Length: 1228
    Identification: 0x0009 (9)
    010. .... = Flags: 0x2, Don't fragment
        0... .... = Reserved bit: Not set
        .1.. .... = Don't fragment: Set
        ..0. .... = More fragments: Not set
    ...0 0000 0000 0000 = Fragment Offset: 0
    Time to Live: 57
    Protocol: UDP (17)
    Header Checksum: 0xb183 [validation disabled]
    [Header checksum status: Unverified]
    Source Address: 104.18.28.7
    Destination Address: 172.16.90.227
    [Stream index: 3]
User Datagram Protocol, Src Port: 443, Dst Port: 50491
    Source Port: 443
    Destination Port: 50491
    Length: 1208
    Checksum: 0xc43d [unverified]
    [Checksum Status: Unverified]
    [Stream index: 3]
    [Stream Packet Number: 59]
    [Timestamps]
        [Time since first frame: 1.760018700 seconds]
        [Time since previous frame: 572.200 microseconds]
    UDP payload (1200 bytes)
QUIC IETF
    QUIC Connection information
        [Connection Number: 2]
    [Packet Length: 1200]
    QUIC Short Header DCID=37727d
        0... .... = Header Form: Short Header (0)
        .1.. .... = Fixed Bit: True
        ..0. .... = Spin Bit: False
        Destination Connection ID: 37727d
    Remaining Payload […]: dd1a891b81273e1fd7844e5304ae401c77bce9ca05aa505ff69ffb5a5144e44a141ff7588e7a0ff59da0c32aabb77a5282af0ef3598021363491e277002e6ef31b438352f0c8f460af0882eb1fc8faa635d96b599d825c72154d0aa555e7b7e46b8ed643f569d0a827683f

Frame 170: Packet, 85 bytes on wire (680 bits), 85 bytes captured (680 bits) on interface \Device\NPF_{9B9257DC-FAC1-4993-B12F-136D7BA5E874}, id 0
    Section number: 1
    Interface id: 0 (\Device\NPF_{9B9257DC-FAC1-4993-B12F-136D7BA5E874})
        Interface name: \Device\NPF_{9B9257DC-FAC1-4993-B12F-136D7BA5E874}
        Interface description: Wi-Fi
    Encapsulation type: Ethernet (1)
    Arrival Time: Apr  9, 2026 18:28:55.705790000 India Standard Time
    UTC Arrival Time: Apr  9, 2026 12:58:55.705790000 UTC
    Epoch Arrival Time: 1775739535.705790000
    [Time shift for this packet: 0.000000000 seconds]
    [Time delta from previous captured frame: 70.500 microseconds]
    [Time delta from previous displayed frame: 70.500 microseconds]
    [Time since reference or first frame: 2.283931600 seconds]
    Frame Number: 170
    Frame Length: 85 bytes (680 bits)
    Capture Length: 85 bytes (680 bits)
    [Frame is marked: False]
    [Frame is ignored: False]
    [Protocols in frame: eth:ethertype:ip:udp:quic]
    Character encoding: ASCII (0)
Ethernet II, Src: 96:77:0b:05:d4:0b (96:77:0b:05:d4:0b), Dst: HewlettPacka_3a:cc:1d (28:92:4a:3a:cc:1d)
    Destination: HewlettPacka_3a:cc:1d (28:92:4a:3a:cc:1d)
        .... ..0. .... .... .... .... = LG bit: Globally unique address (factory default)
        .... ...0 .... .... .... .... = IG bit: Individual address (unicast)
    Source: 96:77:0b:05:d4:0b (96:77:0b:05:d4:0b)
        .... ..1. .... .... .... .... = LG bit: Locally administered address (this is NOT the factory default)
        .... ...0 .... .... .... .... = IG bit: Individual address (unicast)
    Type: IPv4 (0x0800)
    [Stream index: 0]
Internet Protocol Version 4, Src: 172.16.90.227, Dst: 104.18.28.7
    0100 .... = Version: 4
    .... 0101 = Header Length: 20 bytes (5)
    Differentiated Services Field: 0x00 (DSCP: CS0, ECN: Not-ECT)
        0000 00.. = Differentiated Services Codepoint: Default (0)
        .... ..00 = Explicit Congestion Notification: Not ECN-Capable Transport (0)
    Total Length: 71
    Identification: 0x2f07 (12039)
    010. .... = Flags: 0x2, Don't fragment
        0... .... = Reserved bit: Not set
        .1.. .... = Don't fragment: Set
        ..0. .... = More fragments: Not set
    ...0 0000 0000 0000 = Fragment Offset: 0
    Time to Live: 128
    Protocol: UDP (17)
    Header Checksum: 0x0000 [validation disabled]
    [Header checksum status: Unverified]
    Source Address: 172.16.90.227
    Destination Address: 104.18.28.7
    [Stream index: 3]
User Datagram Protocol, Src Port: 50491, Dst Port: 443
    Source Port: 50491
    Destination Port: 443
    Length: 51
    Checksum: 0x8b51 [unverified]
    [Checksum Status: Unverified]
    [Stream index: 3]
    [Stream Packet Number: 60]
    [Timestamps]
        [Time since first frame: 1.760089200 seconds]
        [Time since previous frame: 70.500 microseconds]
    UDP payload (43 bytes)
QUIC IETF
    QUIC Connection information
        [Connection Number: 2]
    [Packet Length: 43]
    QUIC Short Header DCID=0109fa68d8f7e373860b0468b0f7ceb5e4c7d584
        0... .... = Header Form: Short Header (0)
        .1.. .... = Fixed Bit: True
        ..0. .... = Spin Bit: False
        Destination Connection ID: 0109fa68d8f7e373860b0468b0f7ceb5e4c7d584
    Remaining Payload: f9e6ca3d76f6e26621aa6147483315500854c1db5ad5

Frame 171: Packet, 364 bytes on wire (2912 bits), 364 bytes captured (2912 bits) on interface \Device\NPF_{9B9257DC-FAC1-4993-B12F-136D7BA5E874}, id 0
    Section number: 1
    Interface id: 0 (\Device\NPF_{9B9257DC-FAC1-4993-B12F-136D7BA5E874})
        Interface name: \Device\NPF_{9B9257DC-FAC1-4993-B12F-136D7BA5E874}
        Interface description: Wi-Fi
    Encapsulation type: Ethernet (1)
    Arrival Time: Apr  9, 2026 18:28:55.706864800 India Standard Time
    UTC Arrival Time: Apr  9, 2026 12:58:55.706864800 UTC
    Epoch Arrival Time: 1775739535.706864800
    [Time shift for this packet: 0.000000000 seconds]
    [Time delta from previous captured frame: 1.074800 milliseconds]
    [Time delta from previous displayed frame: 1.074800 milliseconds]
    [Time since reference or first frame: 2.285006400 seconds]
    Frame Number: 171
    Frame Length: 364 bytes (2912 bits)
    Capture Length: 364 bytes (2912 bits)
    [Frame is marked: False]
    [Frame is ignored: False]
    [Protocols in frame: eth:ethertype:ip:udp:quic]
    Character encoding: ASCII (0)
Ethernet II, Src: HewlettPacka_3a:cc:1d (28:92:4a:3a:cc:1d), Dst: 96:77:0b:05:d4:0b (96:77:0b:05:d4:0b)
    Destination: 96:77:0b:05:d4:0b (96:77:0b:05:d4:0b)
        .... ..1. .... .... .... .... = LG bit: Locally administered address (this is NOT the factory default)
        .... ...0 .... .... .... .... = IG bit: Individual address (unicast)
    Source: HewlettPacka_3a:cc:1d (28:92:4a:3a:cc:1d)
        .... ..0. .... .... .... .... = LG bit: Globally unique address (factory default)
        .... ...0 .... .... .... .... = IG bit: Individual address (unicast)
    Type: IPv4 (0x0800)
    [Stream index: 0]
Internet Protocol Version 4, Src: 104.18.28.7, Dst: 172.16.90.227
    0100 .... = Version: 4
    .... 0101 = Header Length: 20 bytes (5)
    Differentiated Services Field: 0x88 (DSCP: AF41, ECN: Not-ECT)
        1000 10.. = Differentiated Services Codepoint: Assured Forwarding 41 (34)
        .... ..00 = Explicit Congestion Notification: Not ECN-Capable Transport (0)
    Total Length: 350
    Identification: 0x0000 (0)
    010. .... = Flags: 0x2, Don't fragment
        0... .... = Reserved bit: Not set
        .1.. .... = Don't fragment: Set
        ..0. .... = More fragments: Not set
    ...0 0000 0000 0000 = Fragment Offset: 0
    Time to Live: 57
    Protocol: UDP (17)
    Header Checksum: 0xb4fa [validation disabled]
    [Header checksum status: Unverified]
    Source Address: 104.18.28.7
    Destination Address: 172.16.90.227
    [Stream index: 3]
User Datagram Protocol, Src Port: 443, Dst Port: 50491
    Source Port: 443
    Destination Port: 50491
    Length: 330
    Checksum: 0xd5c5 [unverified]
    [Checksum Status: Unverified]
    [Stream index: 3]
    [Stream Packet Number: 61]
    [Timestamps]
        [Time since first frame: 1.761164000 seconds]
        [Time since previous frame: 1.074800 milliseconds]
    UDP payload (322 bytes)
QUIC IETF
    QUIC Connection information
        [Connection Number: 2]
    [Packet Length: 322]
    QUIC Short Header DCID=37727d
        0... .... = Header Form: Short Header (0)
        .1.. .... = Fixed Bit: True
        ..0. .... = Spin Bit: False
        Destination Connection ID: 37727d
    Remaining Payload […]: bfa478185b689535b729eb254314847fbd8a262a76d145d0b25803641d1971153247f8fd6d627bb59e6651f058cd97f9464ef36114f74306c7e2bb6d95dee16aa584f8eeb8cc89a93c8d0bb167edf115e882b73d64302d80a881788f7baccd37ff48d902a0764166eec960

Frame 172: Packet, 920 bytes on wire (7360 bits), 920 bytes captured (7360 bits) on interface \Device\NPF_{9B9257DC-FAC1-4993-B12F-136D7BA5E874}, id 0
    Section number: 1
    Interface id: 0 (\Device\NPF_{9B9257DC-FAC1-4993-B12F-136D7BA5E874})
        Interface name: \Device\NPF_{9B9257DC-FAC1-4993-B12F-136D7BA5E874}
        Interface description: Wi-Fi
    Encapsulation type: Ethernet (1)
    Arrival Time: Apr  9, 2026 18:28:55.707072300 India Standard Time
    UTC Arrival Time: Apr  9, 2026 12:58:55.707072300 UTC
    Epoch Arrival Time: 1775739535.707072300
    [Time shift for this packet: 0.000000000 seconds]
    [Time delta from previous captured frame: 207.500 microseconds]
    [Time delta from previous displayed frame: 207.500 microseconds]
    [Time since reference or first frame: 2.285213900 seconds]
    Frame Number: 172
    Frame Length: 920 bytes (7360 bits)
    Capture Length: 920 bytes (7360 bits)
    [Frame is marked: False]
    [Frame is ignored: False]
    [Protocols in frame: eth:ethertype:ip:udp:quic]
    Character encoding: ASCII (0)
Ethernet II, Src: HewlettPacka_3a:cc:1d (28:92:4a:3a:cc:1d), Dst: 96:77:0b:05:d4:0b (96:77:0b:05:d4:0b)
    Destination: 96:77:0b:05:d4:0b (96:77:0b:05:d4:0b)
        .... ..1. .... .... .... .... = LG bit: Locally administered address (this is NOT the factory default)
        .... ...0 .... .... .... .... = IG bit: Individual address (unicast)
    Source: HewlettPacka_3a:cc:1d (28:92:4a:3a:cc:1d)
        .... ..0. .... .... .... .... = LG bit: Globally unique address (factory default)
        .... ...0 .... .... .... .... = IG bit: Individual address (unicast)
    Type: IPv4 (0x0800)
    [Stream index: 0]
Internet Protocol Version 4, Src: 104.18.28.7, Dst: 172.16.90.227
    0100 .... = Version: 4
    .... 0101 = Header Length: 20 bytes (5)
    Differentiated Services Field: 0x88 (DSCP: AF41, ECN: Not-ECT)
        1000 10.. = Differentiated Services Codepoint: Assured Forwarding 41 (34)
        .... ..00 = Explicit Congestion Notification: Not ECN-Capable Transport (0)
    Total Length: 906
    Identification: 0x0000 (0)
    010. .... = Flags: 0x2, Don't fragment
        0... .... = Reserved bit: Not set
        .1.. .... = Don't fragment: Set
        ..0. .... = More fragments: Not set
    ...0 0000 0000 0000 = Fragment Offset: 0
    Time to Live: 57
    Protocol: UDP (17)
    Header Checksum: 0xb2ce [validation disabled]
    [Header checksum status: Unverified]
    Source Address: 104.18.28.7
    Destination Address: 172.16.90.227
    [Stream index: 3]
User Datagram Protocol, Src Port: 443, Dst Port: 50491
    Source Port: 443
    Destination Port: 50491
    Length: 886
    Checksum: 0x499e [unverified]
    [Checksum Status: Unverified]
    [Stream index: 3]
    [Stream Packet Number: 62]
    [Timestamps]
        [Time since first frame: 1.761371500 seconds]
        [Time since previous frame: 207.500 microseconds]
    UDP payload (878 bytes)
QUIC IETF
    QUIC Connection information
        [Connection Number: 2]
    [Packet Length: 878]
    QUIC Short Header DCID=37727d
        0... .... = Header Form: Short Header (0)
        .1.. .... = Fixed Bit: True
        ..0. .... = Spin Bit: False
        Destination Connection ID: 37727d
    Remaining Payload […]: 6b3a0aff23b7345fc589895d90f7a529afcf3d212303c102d8a389181d1963db60233a8c63378d57810590c61e718f3393742c93eb63ae50182e62c78e4899da90d4a0a7805cce8d59b4827abc35978b36895bd8ae3da73f21d9bdf07a7ae0f768aa26c7d212fa42f1e8f5

Frame 173: Packet, 85 bytes on wire (680 bits), 85 bytes captured (680 bits) on interface \Device\NPF_{9B9257DC-FAC1-4993-B12F-136D7BA5E874}, id 0
    Section number: 1
    Interface id: 0 (\Device\NPF_{9B9257DC-FAC1-4993-B12F-136D7BA5E874})
        Interface name: \Device\NPF_{9B9257DC-FAC1-4993-B12F-136D7BA5E874}
        Interface description: Wi-Fi
    Encapsulation type: Ethernet (1)
    Arrival Time: Apr  9, 2026 18:28:55.707140300 India Standard Time
    UTC Arrival Time: Apr  9, 2026 12:58:55.707140300 UTC
    Epoch Arrival Time: 1775739535.707140300
    [Time shift for this packet: 0.000000000 seconds]
    [Time delta from previous captured frame: 68.000 microseconds]
    [Time delta from previous displayed frame: 68.000 microseconds]
    [Time since reference or first frame: 2.285281900 seconds]
    Frame Number: 173
    Frame Length: 85 bytes (680 bits)
    Capture Length: 85 bytes (680 bits)
    [Frame is marked: False]
    [Frame is ignored: False]
    [Protocols in frame: eth:ethertype:ip:udp:quic]
    Character encoding: ASCII (0)
Ethernet II, Src: 96:77:0b:05:d4:0b (96:77:0b:05:d4:0b), Dst: HewlettPacka_3a:cc:1d (28:92:4a:3a:cc:1d)
    Destination: HewlettPacka_3a:cc:1d (28:92:4a:3a:cc:1d)
        .... ..0. .... .... .... .... = LG bit: Globally unique address (factory default)
        .... ...0 .... .... .... .... = IG bit: Individual address (unicast)
    Source: 96:77:0b:05:d4:0b (96:77:0b:05:d4:0b)
        .... ..1. .... .... .... .... = LG bit: Locally administered address (this is NOT the factory default)
        .... ...0 .... .... .... .... = IG bit: Individual address (unicast)
    Type: IPv4 (0x0800)
    [Stream index: 0]
Internet Protocol Version 4, Src: 172.16.90.227, Dst: 104.18.28.7
    0100 .... = Version: 4
    .... 0101 = Header Length: 20 bytes (5)
    Differentiated Services Field: 0x00 (DSCP: CS0, ECN: Not-ECT)
        0000 00.. = Differentiated Services Codepoint: Default (0)
        .... ..00 = Explicit Congestion Notification: Not ECN-Capable Transport (0)
    Total Length: 71
    Identification: 0x2f08 (12040)
    010. .... = Flags: 0x2, Don't fragment
        0... .... = Reserved bit: Not set
        .1.. .... = Don't fragment: Set
        ..0. .... = More fragments: Not set
    ...0 0000 0000 0000 = Fragment Offset: 0
    Time to Live: 128
    Protocol: UDP (17)
    Header Checksum: 0x0000 [validation disabled]
    [Header checksum status: Unverified]
    Source Address: 172.16.90.227
    Destination Address: 104.18.28.7
    [Stream index: 3]
User Datagram Protocol, Src Port: 50491, Dst Port: 443
    Source Port: 50491
    Destination Port: 443
    Length: 51
    Checksum: 0x8b51 [unverified]
    [Checksum Status: Unverified]
    [Stream index: 3]
    [Stream Packet Number: 63]
    [Timestamps]
        [Time since first frame: 1.761439500 seconds]
        [Time since previous frame: 68.000 microseconds]
    UDP payload (43 bytes)
QUIC IETF
    QUIC Connection information
        [Connection Number: 2]
    [Packet Length: 43]
    QUIC Short Header DCID=0109fa68d8f7e373860b0468b0f7ceb5e4c7d584
        0... .... = Header Form: Short Header (0)
        .1.. .... = Fixed Bit: True
        ..1. .... = Spin Bit: True
        Destination Connection ID: 0109fa68d8f7e373860b0468b0f7ceb5e4c7d584
    Remaining Payload: a789b5623e801fb6f9275675a8421a0c7d1021cf41b0

Frame 174: Packet, 1242 bytes on wire (9936 bits), 1242 bytes captured (9936 bits) on interface \Device\NPF_{9B9257DC-FAC1-4993-B12F-136D7BA5E874}, id 0
    Section number: 1
    Interface id: 0 (\Device\NPF_{9B9257DC-FAC1-4993-B12F-136D7BA5E874})
        Interface name: \Device\NPF_{9B9257DC-FAC1-4993-B12F-136D7BA5E874}
        Interface description: Wi-Fi
    Encapsulation type: Ethernet (1)
    Arrival Time: Apr  9, 2026 18:28:55.707563800 India Standard Time
    UTC Arrival Time: Apr  9, 2026 12:58:55.707563800 UTC
    Epoch Arrival Time: 1775739535.707563800
    [Time shift for this packet: 0.000000000 seconds]
    [Time delta from previous captured frame: 423.500 microseconds]
    [Time delta from previous displayed frame: 423.500 microseconds]
    [Time since reference or first frame: 2.285705400 seconds]
    Frame Number: 174
    Frame Length: 1242 bytes (9936 bits)
    Capture Length: 1242 bytes (9936 bits)
    [Frame is marked: False]
    [Frame is ignored: False]
    [Protocols in frame: eth:ethertype:ip:udp:quic]
    Character encoding: ASCII (0)
Ethernet II, Src: HewlettPacka_3a:cc:1d (28:92:4a:3a:cc:1d), Dst: 96:77:0b:05:d4:0b (96:77:0b:05:d4:0b)
    Destination: 96:77:0b:05:d4:0b (96:77:0b:05:d4:0b)
        .... ..1. .... .... .... .... = LG bit: Locally administered address (this is NOT the factory default)
        .... ...0 .... .... .... .... = IG bit: Individual address (unicast)
    Source: HewlettPacka_3a:cc:1d (28:92:4a:3a:cc:1d)
        .... ..0. .... .... .... .... = LG bit: Globally unique address (factory default)
        .... ...0 .... .... .... .... = IG bit: Individual address (unicast)
    Type: IPv4 (0x0800)
    [Stream index: 0]
Internet Protocol Version 4, Src: 104.18.28.7, Dst: 172.16.90.227
    0100 .... = Version: 4
    .... 0101 = Header Length: 20 bytes (5)
    Differentiated Services Field: 0x88 (DSCP: AF41, ECN: Not-ECT)
        1000 10.. = Differentiated Services Codepoint: Assured Forwarding 41 (34)
        .... ..00 = Explicit Congestion Notification: Not ECN-Capable Transport (0)
    Total Length: 1228
    Identification: 0x0000 (0)
    010. .... = Flags: 0x2, Don't fragment
        0... .... = Reserved bit: Not set
        .1.. .... = Don't fragment: Set
        ..0. .... = More fragments: Not set
    ...0 0000 0000 0000 = Fragment Offset: 0
    Time to Live: 57
    Protocol: UDP (17)
    Header Checksum: 0xb18c [validation disabled]
    [Header checksum status: Unverified]
    Source Address: 104.18.28.7
    Destination Address: 172.16.90.227
    [Stream index: 3]
User Datagram Protocol, Src Port: 443, Dst Port: 50491
    Source Port: 443
    Destination Port: 50491
    Length: 1208
    Checksum: 0xf7dc [unverified]
    [Checksum Status: Unverified]
    [Stream index: 3]
    [Stream Packet Number: 64]
    [Timestamps]
        [Time since first frame: 1.761863000 seconds]
        [Time since previous frame: 423.500 microseconds]
    UDP payload (1200 bytes)
QUIC IETF
    QUIC Connection information
        [Connection Number: 2]
    [Packet Length: 1200]
    QUIC Short Header DCID=37727d
        0... .... = Header Form: Short Header (0)
        .1.. .... = Fixed Bit: True
        ..0. .... = Spin Bit: False
        Destination Connection ID: 37727d
    Remaining Payload […]: 247c0f06496afd4000e779f929b9dd8c25a95cfd23e52336ff6e52c2bafd595d90cf7d66c438ee65081db71ce9749465c792230b2aaa71da4b13a8659ddc79326b108ab7c931f129f323cc571200d0789fb63130722325a0fadc20e941e17e7526b5b39bd362f6fd4ef83f

Frame 175: Packet, 1242 bytes on wire (9936 bits), 1242 bytes captured (9936 bits) on interface \Device\NPF_{9B9257DC-FAC1-4993-B12F-136D7BA5E874}, id 0
    Section number: 1
    Interface id: 0 (\Device\NPF_{9B9257DC-FAC1-4993-B12F-136D7BA5E874})
        Interface name: \Device\NPF_{9B9257DC-FAC1-4993-B12F-136D7BA5E874}
        Interface description: Wi-Fi
    Encapsulation type: Ethernet (1)
    Arrival Time: Apr  9, 2026 18:28:55.708614100 India Standard Time
    UTC Arrival Time: Apr  9, 2026 12:58:55.708614100 UTC
    Epoch Arrival Time: 1775739535.708614100
    [Time shift for this packet: 0.000000000 seconds]
    [Time delta from previous captured frame: 1.050300 milliseconds]
    [Time delta from previous displayed frame: 1.050300 milliseconds]
    [Time since reference or first frame: 2.286755700 seconds]
    Frame Number: 175
    Frame Length: 1242 bytes (9936 bits)
    Capture Length: 1242 bytes (9936 bits)
    [Frame is marked: False]
    [Frame is ignored: False]
    [Protocols in frame: eth:ethertype:ip:udp:quic]
    Character encoding: ASCII (0)
Ethernet II, Src: HewlettPacka_3a:cc:1d (28:92:4a:3a:cc:1d), Dst: 96:77:0b:05:d4:0b (96:77:0b:05:d4:0b)
    Destination: 96:77:0b:05:d4:0b (96:77:0b:05:d4:0b)
        .... ..1. .... .... .... .... = LG bit: Locally administered address (this is NOT the factory default)
        .... ...0 .... .... .... .... = IG bit: Individual address (unicast)
    Source: HewlettPacka_3a:cc:1d (28:92:4a:3a:cc:1d)
        .... ..0. .... .... .... .... = LG bit: Globally unique address (factory default)
        .... ...0 .... .... .... .... = IG bit: Individual address (unicast)
    Type: IPv4 (0x0800)
    [Stream index: 0]
Internet Protocol Version 4, Src: 104.18.28.7, Dst: 172.16.90.227
    0100 .... = Version: 4
    .... 0101 = Header Length: 20 bytes (5)
    Differentiated Services Field: 0x88 (DSCP: AF41, ECN: Not-ECT)
        1000 10.. = Differentiated Services Codepoint: Assured Forwarding 41 (34)
        .... ..00 = Explicit Congestion Notification: Not ECN-Capable Transport (0)
    Total Length: 1228
    Identification: 0x0001 (1)
    010. .... = Flags: 0x2, Don't fragment
        0... .... = Reserved bit: Not set
        .1.. .... = Don't fragment: Set
        ..0. .... = More fragments: Not set
    ...0 0000 0000 0000 = Fragment Offset: 0
    Time to Live: 57
    Protocol: UDP (17)
    Header Checksum: 0xb18b [validation disabled]
    [Header checksum status: Unverified]
    Source Address: 104.18.28.7
    Destination Address: 172.16.90.227
    [Stream index: 3]
User Datagram Protocol, Src Port: 443, Dst Port: 50491
    Source Port: 443
    Destination Port: 50491
    Length: 1208
    Checksum: 0x2fa8 [unverified]
    [Checksum Status: Unverified]
    [Stream index: 3]
    [Stream Packet Number: 65]
    [Timestamps]
        [Time since first frame: 1.762913300 seconds]
        [Time since previous frame: 1.050300 milliseconds]
    UDP payload (1200 bytes)
QUIC IETF
    QUIC Connection information
        [Connection Number: 2]
    [Packet Length: 1200]
    QUIC Short Header DCID=37727d
        0... .... = Header Form: Short Header (0)
        .1.. .... = Fixed Bit: True
        ..0. .... = Spin Bit: False
        Destination Connection ID: 37727d
    Remaining Payload […]: 894a2e286510f0c08e4108add3ad61b756e96f406adeede4464c375f02055b9e2461107c86daea9deb9507dd6dfe4870f7303b2ebf37e74fb64d4cc7b7289a3c4fc2dc51c326690a19904cce29b903fcc875a521ba67604c01d015de900c95c0950b0677055e6cdac95e7d

Frame 176: Packet, 87 bytes on wire (696 bits), 87 bytes captured (696 bits) on interface \Device\NPF_{9B9257DC-FAC1-4993-B12F-136D7BA5E874}, id 0
    Section number: 1
    Interface id: 0 (\Device\NPF_{9B9257DC-FAC1-4993-B12F-136D7BA5E874})
        Interface name: \Device\NPF_{9B9257DC-FAC1-4993-B12F-136D7BA5E874}
        Interface description: Wi-Fi
    Encapsulation type: Ethernet (1)
    Arrival Time: Apr  9, 2026 18:28:55.708675500 India Standard Time
    UTC Arrival Time: Apr  9, 2026 12:58:55.708675500 UTC
    Epoch Arrival Time: 1775739535.708675500
    [Time shift for this packet: 0.000000000 seconds]
    [Time delta from previous captured frame: 61.400 microseconds]
    [Time delta from previous displayed frame: 61.400 microseconds]
    [Time since reference or first frame: 2.286817100 seconds]
    Frame Number: 176
    Frame Length: 87 bytes (696 bits)
    Capture Length: 87 bytes (696 bits)
    [Frame is marked: False]
    [Frame is ignored: False]
    [Protocols in frame: eth:ethertype:ip:udp:quic]
    Character encoding: ASCII (0)
Ethernet II, Src: 96:77:0b:05:d4:0b (96:77:0b:05:d4:0b), Dst: HewlettPacka_3a:cc:1d (28:92:4a:3a:cc:1d)
    Destination: HewlettPacka_3a:cc:1d (28:92:4a:3a:cc:1d)
        .... ..0. .... .... .... .... = LG bit: Globally unique address (factory default)
        .... ...0 .... .... .... .... = IG bit: Individual address (unicast)
    Source: 96:77:0b:05:d4:0b (96:77:0b:05:d4:0b)
        .... ..1. .... .... .... .... = LG bit: Locally administered address (this is NOT the factory default)
        .... ...0 .... .... .... .... = IG bit: Individual address (unicast)
    Type: IPv4 (0x0800)
    [Stream index: 0]
Internet Protocol Version 4, Src: 172.16.90.227, Dst: 104.18.28.7
    0100 .... = Version: 4
    .... 0101 = Header Length: 20 bytes (5)
    Differentiated Services Field: 0x00 (DSCP: CS0, ECN: Not-ECT)
        0000 00.. = Differentiated Services Codepoint: Default (0)
        .... ..00 = Explicit Congestion Notification: Not ECN-Capable Transport (0)
    Total Length: 73
    Identification: 0x2f09 (12041)
    010. .... = Flags: 0x2, Don't fragment
        0... .... = Reserved bit: Not set
        .1.. .... = Don't fragment: Set
        ..0. .... = More fragments: Not set
    ...0 0000 0000 0000 = Fragment Offset: 0
    Time to Live: 128
    Protocol: UDP (17)
    Header Checksum: 0x0000 [validation disabled]
    [Header checksum status: Unverified]
    Source Address: 172.16.90.227
    Destination Address: 104.18.28.7
    [Stream index: 3]
User Datagram Protocol, Src Port: 50491, Dst Port: 443
    Source Port: 50491
    Destination Port: 443
    Length: 53
    Checksum: 0x8b53 [unverified]
    [Checksum Status: Unverified]
    [Stream index: 3]
    [Stream Packet Number: 66]
    [Timestamps]
        [Time since first frame: 1.762974700 seconds]
        [Time since previous frame: 61.400 microseconds]
    UDP payload (45 bytes)
QUIC IETF
    QUIC Connection information
        [Connection Number: 2]
    [Packet Length: 45]
    QUIC Short Header DCID=0109fa68d8f7e373860b0468b0f7ceb5e4c7d584
        0... .... = Header Form: Short Header (0)
        .1.. .... = Fixed Bit: True
        ..0. .... = Spin Bit: False
        Destination Connection ID: 0109fa68d8f7e373860b0468b0f7ceb5e4c7d584
    Remaining Payload: 75e9bee5a6def06cf3e4023861878c9d005988f53445d59c

Frame 177: Packet, 1242 bytes on wire (9936 bits), 1242 bytes captured (9936 bits) on interface \Device\NPF_{9B9257DC-FAC1-4993-B12F-136D7BA5E874}, id 0
    Section number: 1
    Interface id: 0 (\Device\NPF_{9B9257DC-FAC1-4993-B12F-136D7BA5E874})
        Interface name: \Device\NPF_{9B9257DC-FAC1-4993-B12F-136D7BA5E874}
        Interface description: Wi-Fi
    Encapsulation type: Ethernet (1)
    Arrival Time: Apr  9, 2026 18:28:55.709444700 India Standard Time
    UTC Arrival Time: Apr  9, 2026 12:58:55.709444700 UTC
    Epoch Arrival Time: 1775739535.709444700
    [Time shift for this packet: 0.000000000 seconds]
    [Time delta from previous captured frame: 769.200 microseconds]
    [Time delta from previous displayed frame: 769.200 microseconds]
    [Time since reference or first frame: 2.287586300 seconds]
    Frame Number: 177
    Frame Length: 1242 bytes (9936 bits)
    Capture Length: 1242 bytes (9936 bits)
    [Frame is marked: False]
    [Frame is ignored: False]
    [Protocols in frame: eth:ethertype:ip:udp:quic]
    Character encoding: ASCII (0)
Ethernet II, Src: HewlettPacka_3a:cc:1d (28:92:4a:3a:cc:1d), Dst: 96:77:0b:05:d4:0b (96:77:0b:05:d4:0b)
    Destination: 96:77:0b:05:d4:0b (96:77:0b:05:d4:0b)
        .... ..1. .... .... .... .... = LG bit: Locally administered address (this is NOT the factory default)
        .... ...0 .... .... .... .... = IG bit: Individual address (unicast)
    Source: HewlettPacka_3a:cc:1d (28:92:4a:3a:cc:1d)
        .... ..0. .... .... .... .... = LG bit: Globally unique address (factory default)
        .... ...0 .... .... .... .... = IG bit: Individual address (unicast)
    Type: IPv4 (0x0800)
    [Stream index: 0]
Internet Protocol Version 4, Src: 104.18.28.7, Dst: 172.16.90.227
    0100 .... = Version: 4
    .... 0101 = Header Length: 20 bytes (5)
    Differentiated Services Field: 0x88 (DSCP: AF41, ECN: Not-ECT)
        1000 10.. = Differentiated Services Codepoint: Assured Forwarding 41 (34)
        .... ..00 = Explicit Congestion Notification: Not ECN-Capable Transport (0)
    Total Length: 1228
    Identification: 0x0002 (2)
    010. .... = Flags: 0x2, Don't fragment
        0... .... = Reserved bit: Not set
        .1.. .... = Don't fragment: Set
        ..0. .... = More fragments: Not set
    ...0 0000 0000 0000 = Fragment Offset: 0
    Time to Live: 57
    Protocol: UDP (17)
    Header Checksum: 0xb18a [validation disabled]
    [Header checksum status: Unverified]
    Source Address: 104.18.28.7
    Destination Address: 172.16.90.227
    [Stream index: 3]
User Datagram Protocol, Src Port: 443, Dst Port: 50491
    Source Port: 443
    Destination Port: 50491
    Length: 1208
    Checksum: 0x29af [unverified]
    [Checksum Status: Unverified]
    [Stream index: 3]
    [Stream Packet Number: 67]
    [Timestamps]
        [Time since first frame: 1.763743900 seconds]
        [Time since previous frame: 769.200 microseconds]
    UDP payload (1200 bytes)
QUIC IETF
    QUIC Connection information
        [Connection Number: 2]
    [Packet Length: 1200]
    QUIC Short Header DCID=37727d
        0... .... = Header Form: Short Header (0)
        .1.. .... = Fixed Bit: True
        ..0. .... = Spin Bit: False
        Destination Connection ID: 37727d
    Remaining Payload […]: d85403b3da4678a0334cb6801d137da3dd44eac62c971c0f343355e927c99495921ec9f8ce0387d98fd00887e4ab8495a76e21967faaa5e5bfb29b7c5d7587f9736e418d24ccebb44fe27981e12c26a966927857408a49769b3f211ff529f8960047a97b323abee11931c0

Frame 178: Packet, 1242 bytes on wire (9936 bits), 1242 bytes captured (9936 bits) on interface \Device\NPF_{9B9257DC-FAC1-4993-B12F-136D7BA5E874}, id 0
    Section number: 1
    Interface id: 0 (\Device\NPF_{9B9257DC-FAC1-4993-B12F-136D7BA5E874})
        Interface name: \Device\NPF_{9B9257DC-FAC1-4993-B12F-136D7BA5E874}
        Interface description: Wi-Fi
    Encapsulation type: Ethernet (1)
    Arrival Time: Apr  9, 2026 18:28:55.710314300 India Standard Time
    UTC Arrival Time: Apr  9, 2026 12:58:55.710314300 UTC
    Epoch Arrival Time: 1775739535.710314300
    [Time shift for this packet: 0.000000000 seconds]
    [Time delta from previous captured frame: 869.600 microseconds]
    [Time delta from previous displayed frame: 869.600 microseconds]
    [Time since reference or first frame: 2.288455900 seconds]
    Frame Number: 178
    Frame Length: 1242 bytes (9936 bits)
    Capture Length: 1242 bytes (9936 bits)
    [Frame is marked: False]
    [Frame is ignored: False]
    [Protocols in frame: eth:ethertype:ip:udp:quic]
    Character encoding: ASCII (0)
Ethernet II, Src: HewlettPacka_3a:cc:1d (28:92:4a:3a:cc:1d), Dst: 96:77:0b:05:d4:0b (96:77:0b:05:d4:0b)
    Destination: 96:77:0b:05:d4:0b (96:77:0b:05:d4:0b)
        .... ..1. .... .... .... .... = LG bit: Locally administered address (this is NOT the factory default)
        .... ...0 .... .... .... .... = IG bit: Individual address (unicast)
    Source: HewlettPacka_3a:cc:1d (28:92:4a:3a:cc:1d)
        .... ..0. .... .... .... .... = LG bit: Globally unique address (factory default)
        .... ...0 .... .... .... .... = IG bit: Individual address (unicast)
    Type: IPv4 (0x0800)
    [Stream index: 0]
Internet Protocol Version 4, Src: 104.18.28.7, Dst: 172.16.90.227
    0100 .... = Version: 4
    .... 0101 = Header Length: 20 bytes (5)
    Differentiated Services Field: 0x88 (DSCP: AF41, ECN: Not-ECT)
        1000 10.. = Differentiated Services Codepoint: Assured Forwarding 41 (34)
        .... ..00 = Explicit Congestion Notification: Not ECN-Capable Transport (0)
    Total Length: 1228
    Identification: 0x0003 (3)
    010. .... = Flags: 0x2, Don't fragment
        0... .... = Reserved bit: Not set
        .1.. .... = Don't fragment: Set
        ..0. .... = More fragments: Not set
    ...0 0000 0000 0000 = Fragment Offset: 0
    Time to Live: 57
    Protocol: UDP (17)
    Header Checksum: 0xb189 [validation disabled]
    [Header checksum status: Unverified]
    Source Address: 104.18.28.7
    Destination Address: 172.16.90.227
    [Stream index: 3]
User Datagram Protocol, Src Port: 443, Dst Port: 50491
    Source Port: 443
    Destination Port: 50491
    Length: 1208
    Checksum: 0x4476 [unverified]
    [Checksum Status: Unverified]
    [Stream index: 3]
    [Stream Packet Number: 68]
    [Timestamps]
        [Time since first frame: 1.764613500 seconds]
        [Time since previous frame: 869.600 microseconds]
    UDP payload (1200 bytes)
QUIC IETF
    QUIC Connection information
        [Connection Number: 2]
    [Packet Length: 1200]
    QUIC Short Header DCID=37727d
        0... .... = Header Form: Short Header (0)
        .1.. .... = Fixed Bit: True
        ..0. .... = Spin Bit: False
        Destination Connection ID: 37727d
    Remaining Payload […]: a07db44825c425dccc3645f9d4664c33e9f756c59b0a728d6e36a7696cf26964c5618ce29fa6263cbef7997f6fbe159168fe3986fd12202fe73228b0b273a02a1d9fca75e7c8791d5259b893efca58d9028c14523073714c797b5a403677bc7259b7516b78639f50218c36

Frame 179: Packet, 87 bytes on wire (696 bits), 87 bytes captured (696 bits) on interface \Device\NPF_{9B9257DC-FAC1-4993-B12F-136D7BA5E874}, id 0
    Section number: 1
    Interface id: 0 (\Device\NPF_{9B9257DC-FAC1-4993-B12F-136D7BA5E874})
        Interface name: \Device\NPF_{9B9257DC-FAC1-4993-B12F-136D7BA5E874}
        Interface description: Wi-Fi
    Encapsulation type: Ethernet (1)
    Arrival Time: Apr  9, 2026 18:28:55.710381600 India Standard Time
    UTC Arrival Time: Apr  9, 2026 12:58:55.710381600 UTC
    Epoch Arrival Time: 1775739535.710381600
    [Time shift for this packet: 0.000000000 seconds]
    [Time delta from previous captured frame: 67.300 microseconds]
    [Time delta from previous displayed frame: 67.300 microseconds]
    [Time since reference or first frame: 2.288523200 seconds]
    Frame Number: 179
    Frame Length: 87 bytes (696 bits)
    Capture Length: 87 bytes (696 bits)
    [Frame is marked: False]
    [Frame is ignored: False]
    [Protocols in frame: eth:ethertype:ip:udp:quic]
    Character encoding: ASCII (0)
Ethernet II, Src: 96:77:0b:05:d4:0b (96:77:0b:05:d4:0b), Dst: HewlettPacka_3a:cc:1d (28:92:4a:3a:cc:1d)
    Destination: HewlettPacka_3a:cc:1d (28:92:4a:3a:cc:1d)
        .... ..0. .... .... .... .... = LG bit: Globally unique address (factory default)
        .... ...0 .... .... .... .... = IG bit: Individual address (unicast)
    Source: 96:77:0b:05:d4:0b (96:77:0b:05:d4:0b)
        .... ..1. .... .... .... .... = LG bit: Locally administered address (this is NOT the factory default)
        .... ...0 .... .... .... .... = IG bit: Individual address (unicast)
    Type: IPv4 (0x0800)
    [Stream index: 0]
Internet Protocol Version 4, Src: 172.16.90.227, Dst: 104.18.28.7
    0100 .... = Version: 4
    .... 0101 = Header Length: 20 bytes (5)
    Differentiated Services Field: 0x00 (DSCP: CS0, ECN: Not-ECT)
        0000 00.. = Differentiated Services Codepoint: Default (0)
        .... ..00 = Explicit Congestion Notification: Not ECN-Capable Transport (0)
    Total Length: 73
    Identification: 0x2f0a (12042)
    010. .... = Flags: 0x2, Don't fragment
        0... .... = Reserved bit: Not set
        .1.. .... = Don't fragment: Set
        ..0. .... = More fragments: Not set
    ...0 0000 0000 0000 = Fragment Offset: 0
    Time to Live: 128
    Protocol: UDP (17)
    Header Checksum: 0x0000 [validation disabled]
    [Header checksum status: Unverified]
    Source Address: 172.16.90.227
    Destination Address: 104.18.28.7
    [Stream index: 3]
User Datagram Protocol, Src Port: 50491, Dst Port: 443
    Source Port: 50491
    Destination Port: 443
    Length: 53
    Checksum: 0x8b53 [unverified]
    [Checksum Status: Unverified]
    [Stream index: 3]
    [Stream Packet Number: 69]
    [Timestamps]
        [Time since first frame: 1.764680800 seconds]
        [Time since previous frame: 67.300 microseconds]
    UDP payload (45 bytes)
QUIC IETF
    QUIC Connection information
        [Connection Number: 2]
    [Packet Length: 45]
    QUIC Short Header DCID=0109fa68d8f7e373860b0468b0f7ceb5e4c7d584
        0... .... = Header Form: Short Header (0)
        .1.. .... = Fixed Bit: True
        ..0. .... = Spin Bit: False
        Destination Connection ID: 0109fa68d8f7e373860b0468b0f7ceb5e4c7d584
    Remaining Payload: 6d3adc2b34645ab704717d36c7be7b45f95984ab89c0d502

Frame 180: Packet, 1242 bytes on wire (9936 bits), 1242 bytes captured (9936 bits) on interface \Device\NPF_{9B9257DC-FAC1-4993-B12F-136D7BA5E874}, id 0
    Section number: 1
    Interface id: 0 (\Device\NPF_{9B9257DC-FAC1-4993-B12F-136D7BA5E874})
        Interface name: \Device\NPF_{9B9257DC-FAC1-4993-B12F-136D7BA5E874}
        Interface description: Wi-Fi
    Encapsulation type: Ethernet (1)
    Arrival Time: Apr  9, 2026 18:28:55.712180300 India Standard Time
    UTC Arrival Time: Apr  9, 2026 12:58:55.712180300 UTC
    Epoch Arrival Time: 1775739535.712180300
    [Time shift for this packet: 0.000000000 seconds]
    [Time delta from previous captured frame: 1.798700 milliseconds]
    [Time delta from previous displayed frame: 1.798700 milliseconds]
    [Time since reference or first frame: 2.290321900 seconds]
    Frame Number: 180
    Frame Length: 1242 bytes (9936 bits)
    Capture Length: 1242 bytes (9936 bits)
    [Frame is marked: False]
    [Frame is ignored: False]
    [Protocols in frame: eth:ethertype:ip:udp:quic]
    Character encoding: ASCII (0)
Ethernet II, Src: HewlettPacka_3a:cc:1d (28:92:4a:3a:cc:1d), Dst: 96:77:0b:05:d4:0b (96:77:0b:05:d4:0b)
    Destination: 96:77:0b:05:d4:0b (96:77:0b:05:d4:0b)
        .... ..1. .... .... .... .... = LG bit: Locally administered address (this is NOT the factory default)
        .... ...0 .... .... .... .... = IG bit: Individual address (unicast)
    Source: HewlettPacka_3a:cc:1d (28:92:4a:3a:cc:1d)
        .... ..0. .... .... .... .... = LG bit: Globally unique address (factory default)
        .... ...0 .... .... .... .... = IG bit: Individual address (unicast)
    Type: IPv4 (0x0800)
    [Stream index: 0]
Internet Protocol Version 4, Src: 104.18.28.7, Dst: 172.16.90.227
    0100 .... = Version: 4
    .... 0101 = Header Length: 20 bytes (5)
    Differentiated Services Field: 0x88 (DSCP: AF41, ECN: Not-ECT)
        1000 10.. = Differentiated Services Codepoint: Assured Forwarding 41 (34)
        .... ..00 = Explicit Congestion Notification: Not ECN-Capable Transport (0)
    Total Length: 1228
    Identification: 0x0000 (0)
    010. .... = Flags: 0x2, Don't fragment
        0... .... = Reserved bit: Not set
        .1.. .... = Don't fragment: Set
        ..0. .... = More fragments: Not set
    ...0 0000 0000 0000 = Fragment Offset: 0
    Time to Live: 57
    Protocol: UDP (17)
    Header Checksum: 0xb18c [validation disabled]
    [Header checksum status: Unverified]
    Source Address: 104.18.28.7
    Destination Address: 172.16.90.227
    [Stream index: 3]
User Datagram Protocol, Src Port: 443, Dst Port: 50491
    Source Port: 443
    Destination Port: 50491
    Length: 1208
    Checksum: 0x1d04 [unverified]
    [Checksum Status: Unverified]
    [Stream index: 3]
    [Stream Packet Number: 70]
    [Timestamps]
        [Time since first frame: 1.766479500 seconds]
        [Time since previous frame: 1.798700 milliseconds]
    UDP payload (1200 bytes)
QUIC IETF
    QUIC Connection information
        [Connection Number: 2]
    [Packet Length: 1200]
    QUIC Short Header DCID=37727d
        0... .... = Header Form: Short Header (0)
        .1.. .... = Fixed Bit: True
        ..0. .... = Spin Bit: False
        Destination Connection ID: 37727d
    Remaining Payload […]: ed1a16f2bcc20587243c37148b094f093020726084e549f1cd00bbe448cd0e049f34a0446059262a1a2f2139648eb967138559379d8d778c919de24b707cb716f4898ca3133a86b13970cc86efbc60a32a663728611e7003d8edb189b0ad0c2e33f2be55d75e44e9496c5b

Frame 181: Packet, 1242 bytes on wire (9936 bits), 1242 bytes captured (9936 bits) on interface \Device\NPF_{9B9257DC-FAC1-4993-B12F-136D7BA5E874}, id 0
    Section number: 1
    Interface id: 0 (\Device\NPF_{9B9257DC-FAC1-4993-B12F-136D7BA5E874})
        Interface name: \Device\NPF_{9B9257DC-FAC1-4993-B12F-136D7BA5E874}
        Interface description: Wi-Fi
    Encapsulation type: Ethernet (1)
    Arrival Time: Apr  9, 2026 18:28:55.712180300 India Standard Time
    UTC Arrival Time: Apr  9, 2026 12:58:55.712180300 UTC
    Epoch Arrival Time: 1775739535.712180300
    [Time shift for this packet: 0.000000000 seconds]
    [Time delta from previous captured frame: 0.000000000 seconds]
    [Time delta from previous displayed frame: 0.000000000 seconds]
    [Time since reference or first frame: 2.290321900 seconds]
    Frame Number: 181
    Frame Length: 1242 bytes (9936 bits)
    Capture Length: 1242 bytes (9936 bits)
    [Frame is marked: False]
    [Frame is ignored: False]
    [Protocols in frame: eth:ethertype:ip:udp:quic]
    Character encoding: ASCII (0)
Ethernet II, Src: HewlettPacka_3a:cc:1d (28:92:4a:3a:cc:1d), Dst: 96:77:0b:05:d4:0b (96:77:0b:05:d4:0b)
    Destination: 96:77:0b:05:d4:0b (96:77:0b:05:d4:0b)
        .... ..1. .... .... .... .... = LG bit: Locally administered address (this is NOT the factory default)
        .... ...0 .... .... .... .... = IG bit: Individual address (unicast)
    Source: HewlettPacka_3a:cc:1d (28:92:4a:3a:cc:1d)
        .... ..0. .... .... .... .... = LG bit: Globally unique address (factory default)
        .... ...0 .... .... .... .... = IG bit: Individual address (unicast)
    Type: IPv4 (0x0800)
    [Stream index: 0]
Internet Protocol Version 4, Src: 104.18.28.7, Dst: 172.16.90.227
    0100 .... = Version: 4
    .... 0101 = Header Length: 20 bytes (5)
    Differentiated Services Field: 0x88 (DSCP: AF41, ECN: Not-ECT)
        1000 10.. = Differentiated Services Codepoint: Assured Forwarding 41 (34)
        .... ..00 = Explicit Congestion Notification: Not ECN-Capable Transport (0)
    Total Length: 1228
    Identification: 0x0001 (1)
    010. .... = Flags: 0x2, Don't fragment
        0... .... = Reserved bit: Not set
        .1.. .... = Don't fragment: Set
        ..0. .... = More fragments: Not set
    ...0 0000 0000 0000 = Fragment Offset: 0
    Time to Live: 57
    Protocol: UDP (17)
    Header Checksum: 0xb18b [validation disabled]
    [Header checksum status: Unverified]
    Source Address: 104.18.28.7
    Destination Address: 172.16.90.227
    [Stream index: 3]
User Datagram Protocol, Src Port: 443, Dst Port: 50491
    Source Port: 443
    Destination Port: 50491
    Length: 1208
    Checksum: 0x862a [unverified]
    [Checksum Status: Unverified]
    [Stream index: 3]
    [Stream Packet Number: 71]
    [Timestamps]
        [Time since first frame: 1.766479500 seconds]
        [Time since previous frame: 0.000000000 seconds]
    UDP payload (1200 bytes)
QUIC IETF
    QUIC Connection information
        [Connection Number: 2]
    [Packet Length: 1200]
    QUIC Short Header DCID=37727d
        0... .... = Header Form: Short Header (0)
        .1.. .... = Fixed Bit: True
        ..0. .... = Spin Bit: False
        Destination Connection ID: 37727d
    Remaining Payload […]: 2f05fd2b5e93a1573600de17466c694a42d299b508a4d6c30f934bb0127a38c613f5b3c92a2421ffbca9d6d18b70392b25491a4e621b8ef9d102316f24d14c186ba1e401f90b9d4e0c9a5c77025bc1806b3daef30f3dd96cc42f91f44fa025f7962290b797d54693f309af

Frame 182: Packet, 87 bytes on wire (696 bits), 87 bytes captured (696 bits) on interface \Device\NPF_{9B9257DC-FAC1-4993-B12F-136D7BA5E874}, id 0
    Section number: 1
    Interface id: 0 (\Device\NPF_{9B9257DC-FAC1-4993-B12F-136D7BA5E874})
        Interface name: \Device\NPF_{9B9257DC-FAC1-4993-B12F-136D7BA5E874}
        Interface description: Wi-Fi
    Encapsulation type: Ethernet (1)
    Arrival Time: Apr  9, 2026 18:28:55.712311400 India Standard Time
    UTC Arrival Time: Apr  9, 2026 12:58:55.712311400 UTC
    Epoch Arrival Time: 1775739535.712311400
    [Time shift for this packet: 0.000000000 seconds]
    [Time delta from previous captured frame: 131.100 microseconds]
    [Time delta from previous displayed frame: 131.100 microseconds]
    [Time since reference or first frame: 2.290453000 seconds]
    Frame Number: 182
    Frame Length: 87 bytes (696 bits)
    Capture Length: 87 bytes (696 bits)
    [Frame is marked: False]
    [Frame is ignored: False]
    [Protocols in frame: eth:ethertype:ip:udp:quic]
    Character encoding: ASCII (0)
Ethernet II, Src: 96:77:0b:05:d4:0b (96:77:0b:05:d4:0b), Dst: HewlettPacka_3a:cc:1d (28:92:4a:3a:cc:1d)
    Destination: HewlettPacka_3a:cc:1d (28:92:4a:3a:cc:1d)
        .... ..0. .... .... .... .... = LG bit: Globally unique address (factory default)
        .... ...0 .... .... .... .... = IG bit: Individual address (unicast)
    Source: 96:77:0b:05:d4:0b (96:77:0b:05:d4:0b)
        .... ..1. .... .... .... .... = LG bit: Locally administered address (this is NOT the factory default)
        .... ...0 .... .... .... .... = IG bit: Individual address (unicast)
    Type: IPv4 (0x0800)
    [Stream index: 0]
Internet Protocol Version 4, Src: 172.16.90.227, Dst: 104.18.28.7
    0100 .... = Version: 4
    .... 0101 = Header Length: 20 bytes (5)
    Differentiated Services Field: 0x00 (DSCP: CS0, ECN: Not-ECT)
        0000 00.. = Differentiated Services Codepoint: Default (0)
        .... ..00 = Explicit Congestion Notification: Not ECN-Capable Transport (0)
    Total Length: 73
    Identification: 0x2f0b (12043)
    010. .... = Flags: 0x2, Don't fragment
        0... .... = Reserved bit: Not set
        .1.. .... = Don't fragment: Set
        ..0. .... = More fragments: Not set
    ...0 0000 0000 0000 = Fragment Offset: 0
    Time to Live: 128
    Protocol: UDP (17)
    Header Checksum: 0x0000 [validation disabled]
    [Header checksum status: Unverified]
    Source Address: 172.16.90.227
    Destination Address: 104.18.28.7
    [Stream index: 3]
User Datagram Protocol, Src Port: 50491, Dst Port: 443
    Source Port: 50491
    Destination Port: 443
    Length: 53
    Checksum: 0x8b53 [unverified]
    [Checksum Status: Unverified]
    [Stream index: 3]
    [Stream Packet Number: 72]
    [Timestamps]
        [Time since first frame: 1.766610600 seconds]
        [Time since previous frame: 131.100 microseconds]
    UDP payload (45 bytes)
QUIC IETF
    QUIC Connection information
        [Connection Number: 2]
    [Packet Length: 45]
    QUIC Short Header DCID=0109fa68d8f7e373860b0468b0f7ceb5e4c7d584
        0... .... = Header Form: Short Header (0)
        .1.. .... = Fixed Bit: True
        ..1. .... = Spin Bit: True
        Destination Connection ID: 0109fa68d8f7e373860b0468b0f7ceb5e4c7d584
    Remaining Payload: 642c425167e75c2a03cc780d12a532b91967013f12fe8a34

Frame 183: Packet, 1242 bytes on wire (9936 bits), 1242 bytes captured (9936 bits) on interface \Device\NPF_{9B9257DC-FAC1-4993-B12F-136D7BA5E874}, id 0
    Section number: 1
    Interface id: 0 (\Device\NPF_{9B9257DC-FAC1-4993-B12F-136D7BA5E874})
        Interface name: \Device\NPF_{9B9257DC-FAC1-4993-B12F-136D7BA5E874}
        Interface description: Wi-Fi
    Encapsulation type: Ethernet (1)
    Arrival Time: Apr  9, 2026 18:28:55.713149500 India Standard Time
    UTC Arrival Time: Apr  9, 2026 12:58:55.713149500 UTC
    Epoch Arrival Time: 1775739535.713149500
    [Time shift for this packet: 0.000000000 seconds]
    [Time delta from previous captured frame: 838.100 microseconds]
    [Time delta from previous displayed frame: 838.100 microseconds]
    [Time since reference or first frame: 2.291291100 seconds]
    Frame Number: 183
    Frame Length: 1242 bytes (9936 bits)
    Capture Length: 1242 bytes (9936 bits)
    [Frame is marked: False]
    [Frame is ignored: False]
    [Protocols in frame: eth:ethertype:ip:udp:quic]
    Character encoding: ASCII (0)
Ethernet II, Src: HewlettPacka_3a:cc:1d (28:92:4a:3a:cc:1d), Dst: 96:77:0b:05:d4:0b (96:77:0b:05:d4:0b)
    Destination: 96:77:0b:05:d4:0b (96:77:0b:05:d4:0b)
        .... ..1. .... .... .... .... = LG bit: Locally administered address (this is NOT the factory default)
        .... ...0 .... .... .... .... = IG bit: Individual address (unicast)
    Source: HewlettPacka_3a:cc:1d (28:92:4a:3a:cc:1d)
        .... ..0. .... .... .... .... = LG bit: Globally unique address (factory default)
        .... ...0 .... .... .... .... = IG bit: Individual address (unicast)
    Type: IPv4 (0x0800)
    [Stream index: 0]
Internet Protocol Version 4, Src: 104.18.28.7, Dst: 172.16.90.227
    0100 .... = Version: 4
    .... 0101 = Header Length: 20 bytes (5)
    Differentiated Services Field: 0x88 (DSCP: AF41, ECN: Not-ECT)
        1000 10.. = Differentiated Services Codepoint: Assured Forwarding 41 (34)
        .... ..00 = Explicit Congestion Notification: Not ECN-Capable Transport (0)
    Total Length: 1228
    Identification: 0x0002 (2)
    010. .... = Flags: 0x2, Don't fragment
        0... .... = Reserved bit: Not set
        .1.. .... = Don't fragment: Set
        ..0. .... = More fragments: Not set
    ...0 0000 0000 0000 = Fragment Offset: 0
    Time to Live: 57
    Protocol: UDP (17)
    Header Checksum: 0xb18a [validation disabled]
    [Header checksum status: Unverified]
    Source Address: 104.18.28.7
    Destination Address: 172.16.90.227
    [Stream index: 3]
User Datagram Protocol, Src Port: 443, Dst Port: 50491
    Source Port: 443
    Destination Port: 50491
    Length: 1208
    Checksum: 0xfd64 [unverified]
    [Checksum Status: Unverified]
    [Stream index: 3]
    [Stream Packet Number: 73]
    [Timestamps]
        [Time since first frame: 1.767448700 seconds]
        [Time since previous frame: 838.100 microseconds]
    UDP payload (1200 bytes)
QUIC IETF
    QUIC Connection information
        [Connection Number: 2]
    [Packet Length: 1200]
    QUIC Short Header DCID=37727d
        0... .... = Header Form: Short Header (0)
        .1.. .... = Fixed Bit: True
        ..0. .... = Spin Bit: False
        Destination Connection ID: 37727d
    Remaining Payload […]: 99560fcaf370072276c6112e649edf09bad677b0a313b84c0a69ae6620db4b5dea7484e63b805791bc428fb94e98f19d9b73766c97773b068bf4a7276d55d38f186e945caf902bc266f23ca7384e11ffbad02c398671f97a10c0f25f5c4a41f0efa676c2b8ae7a265f0b52

Frame 184: Packet, 1242 bytes on wire (9936 bits), 1242 bytes captured (9936 bits) on interface \Device\NPF_{9B9257DC-FAC1-4993-B12F-136D7BA5E874}, id 0
    Section number: 1
    Interface id: 0 (\Device\NPF_{9B9257DC-FAC1-4993-B12F-136D7BA5E874})
        Interface name: \Device\NPF_{9B9257DC-FAC1-4993-B12F-136D7BA5E874}
        Interface description: Wi-Fi
    Encapsulation type: Ethernet (1)
    Arrival Time: Apr  9, 2026 18:28:55.714131600 India Standard Time
    UTC Arrival Time: Apr  9, 2026 12:58:55.714131600 UTC
    Epoch Arrival Time: 1775739535.714131600
    [Time shift for this packet: 0.000000000 seconds]
    [Time delta from previous captured frame: 982.100 microseconds]
    [Time delta from previous displayed frame: 982.100 microseconds]
    [Time since reference or first frame: 2.292273200 seconds]
    Frame Number: 184
    Frame Length: 1242 bytes (9936 bits)
    Capture Length: 1242 bytes (9936 bits)
    [Frame is marked: False]
    [Frame is ignored: False]
    [Protocols in frame: eth:ethertype:ip:udp:quic]
    Character encoding: ASCII (0)
Ethernet II, Src: HewlettPacka_3a:cc:1d (28:92:4a:3a:cc:1d), Dst: 96:77:0b:05:d4:0b (96:77:0b:05:d4:0b)
    Destination: 96:77:0b:05:d4:0b (96:77:0b:05:d4:0b)
        .... ..1. .... .... .... .... = LG bit: Locally administered address (this is NOT the factory default)
        .... ...0 .... .... .... .... = IG bit: Individual address (unicast)
    Source: HewlettPacka_3a:cc:1d (28:92:4a:3a:cc:1d)
        .... ..0. .... .... .... .... = LG bit: Globally unique address (factory default)
        .... ...0 .... .... .... .... = IG bit: Individual address (unicast)
    Type: IPv4 (0x0800)
    [Stream index: 0]
Internet Protocol Version 4, Src: 104.18.28.7, Dst: 172.16.90.227
    0100 .... = Version: 4
    .... 0101 = Header Length: 20 bytes (5)
    Differentiated Services Field: 0x88 (DSCP: AF41, ECN: Not-ECT)
        1000 10.. = Differentiated Services Codepoint: Assured Forwarding 41 (34)
        .... ..00 = Explicit Congestion Notification: Not ECN-Capable Transport (0)
    Total Length: 1228
    Identification: 0x0003 (3)
    010. .... = Flags: 0x2, Don't fragment
        0... .... = Reserved bit: Not set
        .1.. .... = Don't fragment: Set
        ..0. .... = More fragments: Not set
    ...0 0000 0000 0000 = Fragment Offset: 0
    Time to Live: 57
    Protocol: UDP (17)
    Header Checksum: 0xb189 [validation disabled]
    [Header checksum status: Unverified]
    Source Address: 104.18.28.7
    Destination Address: 172.16.90.227
    [Stream index: 3]
User Datagram Protocol, Src Port: 443, Dst Port: 50491
    Source Port: 443
    Destination Port: 50491
    Length: 1208
    Checksum: 0x3153 [unverified]
    [Checksum Status: Unverified]
    [Stream index: 3]
    [Stream Packet Number: 74]
    [Timestamps]
        [Time since first frame: 1.768430800 seconds]
        [Time since previous frame: 982.100 microseconds]
    UDP payload (1200 bytes)
QUIC IETF
    QUIC Connection information
        [Connection Number: 2]
    [Packet Length: 1200]
    QUIC Short Header DCID=37727d
        0... .... = Header Form: Short Header (0)
        .1.. .... = Fixed Bit: True
        ..0. .... = Spin Bit: False
        Destination Connection ID: 37727d
    Remaining Payload […]: 35834fb41a2e594b3565b3b64868d0f99fd96b83c29d52773efcf3489e67d8422837f26e9634c4d447fc4e0d6fd202ba8e5feb8bab77145c4e0c851749bca4918d8c2d2874ffb2c78dd0be1ee7181a7ab0aec69e544aa015c27a0190ef943b60668b948982e5ad14a45e96

Frame 185: Packet, 88 bytes on wire (704 bits), 88 bytes captured (704 bits) on interface \Device\NPF_{9B9257DC-FAC1-4993-B12F-136D7BA5E874}, id 0
    Section number: 1
    Interface id: 0 (\Device\NPF_{9B9257DC-FAC1-4993-B12F-136D7BA5E874})
        Interface name: \Device\NPF_{9B9257DC-FAC1-4993-B12F-136D7BA5E874}
        Interface description: Wi-Fi
    Encapsulation type: Ethernet (1)
    Arrival Time: Apr  9, 2026 18:28:55.714209100 India Standard Time
    UTC Arrival Time: Apr  9, 2026 12:58:55.714209100 UTC
    Epoch Arrival Time: 1775739535.714209100
    [Time shift for this packet: 0.000000000 seconds]
    [Time delta from previous captured frame: 77.500 microseconds]
    [Time delta from previous displayed frame: 77.500 microseconds]
    [Time since reference or first frame: 2.292350700 seconds]
    Frame Number: 185
    Frame Length: 88 bytes (704 bits)
    Capture Length: 88 bytes (704 bits)
    [Frame is marked: False]
    [Frame is ignored: False]
    [Protocols in frame: eth:ethertype:ip:udp:quic]
    Character encoding: ASCII (0)
Ethernet II, Src: 96:77:0b:05:d4:0b (96:77:0b:05:d4:0b), Dst: HewlettPacka_3a:cc:1d (28:92:4a:3a:cc:1d)
    Destination: HewlettPacka_3a:cc:1d (28:92:4a:3a:cc:1d)
        .... ..0. .... .... .... .... = LG bit: Globally unique address (factory default)
        .... ...0 .... .... .... .... = IG bit: Individual address (unicast)
    Source: 96:77:0b:05:d4:0b (96:77:0b:05:d4:0b)
        .... ..1. .... .... .... .... = LG bit: Locally administered address (this is NOT the factory default)
        .... ...0 .... .... .... .... = IG bit: Individual address (unicast)
    Type: IPv4 (0x0800)
    [Stream index: 0]
Internet Protocol Version 4, Src: 172.16.90.227, Dst: 104.18.28.7
    0100 .... = Version: 4
    .... 0101 = Header Length: 20 bytes (5)
    Differentiated Services Field: 0x00 (DSCP: CS0, ECN: Not-ECT)
        0000 00.. = Differentiated Services Codepoint: Default (0)
        .... ..00 = Explicit Congestion Notification: Not ECN-Capable Transport (0)
    Total Length: 74
    Identification: 0x2f0c (12044)
    010. .... = Flags: 0x2, Don't fragment
        0... .... = Reserved bit: Not set
        .1.. .... = Don't fragment: Set
        ..0. .... = More fragments: Not set
    ...0 0000 0000 0000 = Fragment Offset: 0
    Time to Live: 128
    Protocol: UDP (17)
    Header Checksum: 0x0000 [validation disabled]
    [Header checksum status: Unverified]
    Source Address: 172.16.90.227
    Destination Address: 104.18.28.7
    [Stream index: 3]
User Datagram Protocol, Src Port: 50491, Dst Port: 443
    Source Port: 50491
    Destination Port: 443
    Length: 54
    Checksum: 0x8b54 [unverified]
    [Checksum Status: Unverified]
    [Stream index: 3]
    [Stream Packet Number: 75]
    [Timestamps]
        [Time since first frame: 1.768508300 seconds]
        [Time since previous frame: 77.500 microseconds]
    UDP payload (46 bytes)
QUIC IETF
    QUIC Connection information
        [Connection Number: 2]
    [Packet Length: 46]
    QUIC Short Header DCID=0109fa68d8f7e373860b0468b0f7ceb5e4c7d584
        0... .... = Header Form: Short Header (0)
        .1.. .... = Fixed Bit: True
        ..1. .... = Spin Bit: True
        Destination Connection ID: 0109fa68d8f7e373860b0468b0f7ceb5e4c7d584
    Remaining Payload: d3221d32e669c4b0aae22b6f581229ab70753ad97cdec529c0

Frame 186: Packet, 1242 bytes on wire (9936 bits), 1242 bytes captured (9936 bits) on interface \Device\NPF_{9B9257DC-FAC1-4993-B12F-136D7BA5E874}, id 0
    Section number: 1
    Interface id: 0 (\Device\NPF_{9B9257DC-FAC1-4993-B12F-136D7BA5E874})
        Interface name: \Device\NPF_{9B9257DC-FAC1-4993-B12F-136D7BA5E874}
        Interface description: Wi-Fi
    Encapsulation type: Ethernet (1)
    Arrival Time: Apr  9, 2026 18:28:55.716777900 India Standard Time
    UTC Arrival Time: Apr  9, 2026 12:58:55.716777900 UTC
    Epoch Arrival Time: 1775739535.716777900
    [Time shift for this packet: 0.000000000 seconds]
    [Time delta from previous captured frame: 2.568800 milliseconds]
    [Time delta from previous displayed frame: 2.568800 milliseconds]
    [Time since reference or first frame: 2.294919500 seconds]
    Frame Number: 186
    Frame Length: 1242 bytes (9936 bits)
    Capture Length: 1242 bytes (9936 bits)
    [Frame is marked: False]
    [Frame is ignored: False]
    [Protocols in frame: eth:ethertype:ip:udp:quic]
    Character encoding: ASCII (0)
Ethernet II, Src: HewlettPacka_3a:cc:1d (28:92:4a:3a:cc:1d), Dst: 96:77:0b:05:d4:0b (96:77:0b:05:d4:0b)
    Destination: 96:77:0b:05:d4:0b (96:77:0b:05:d4:0b)
        .... ..1. .... .... .... .... = LG bit: Locally administered address (this is NOT the factory default)
        .... ...0 .... .... .... .... = IG bit: Individual address (unicast)
    Source: HewlettPacka_3a:cc:1d (28:92:4a:3a:cc:1d)
        .... ..0. .... .... .... .... = LG bit: Globally unique address (factory default)
        .... ...0 .... .... .... .... = IG bit: Individual address (unicast)
    Type: IPv4 (0x0800)
    [Stream index: 0]
Internet Protocol Version 4, Src: 104.18.28.7, Dst: 172.16.90.227
    0100 .... = Version: 4
    .... 0101 = Header Length: 20 bytes (5)
    Differentiated Services Field: 0x88 (DSCP: AF41, ECN: Not-ECT)
        1000 10.. = Differentiated Services Codepoint: Assured Forwarding 41 (34)
        .... ..00 = Explicit Congestion Notification: Not ECN-Capable Transport (0)
    Total Length: 1228
    Identification: 0x0000 (0)
    010. .... = Flags: 0x2, Don't fragment
        0... .... = Reserved bit: Not set
        .1.. .... = Don't fragment: Set
        ..0. .... = More fragments: Not set
    ...0 0000 0000 0000 = Fragment Offset: 0
    Time to Live: 57
    Protocol: UDP (17)
    Header Checksum: 0xb18c [validation disabled]
    [Header checksum status: Unverified]
    Source Address: 104.18.28.7
    Destination Address: 172.16.90.227
    [Stream index: 3]
User Datagram Protocol, Src Port: 443, Dst Port: 50491
    Source Port: 443
    Destination Port: 50491
    Length: 1208
    Checksum: 0x3c7a [unverified]
    [Checksum Status: Unverified]
    [Stream index: 3]
    [Stream Packet Number: 76]
    [Timestamps]
        [Time since first frame: 1.771077100 seconds]
        [Time since previous frame: 2.568800 milliseconds]
    UDP payload (1200 bytes)
QUIC IETF
    QUIC Connection information
        [Connection Number: 2]
    [Packet Length: 1200]
    QUIC Short Header DCID=37727d
        0... .... = Header Form: Short Header (0)
        .1.. .... = Fixed Bit: True
        ..0. .... = Spin Bit: False
        Destination Connection ID: 37727d
    Remaining Payload […]: 42bddfbcf39ea768fe50a5d4bfd17091d917250af44973400c7ee5fbb80855c9d8f683aad39d5f9bb96dbea0d012082491c85133bfc18439816bdcfeebea18625ec0cbdc58bb9923f14f0a635e93f2af5c6a9e1bd88eac50a823220043668d419aeb477fb3b138cd394f11

Frame 187: Packet, 1242 bytes on wire (9936 bits), 1242 bytes captured (9936 bits) on interface \Device\NPF_{9B9257DC-FAC1-4993-B12F-136D7BA5E874}, id 0
    Section number: 1
    Interface id: 0 (\Device\NPF_{9B9257DC-FAC1-4993-B12F-136D7BA5E874})
        Interface name: \Device\NPF_{9B9257DC-FAC1-4993-B12F-136D7BA5E874}
        Interface description: Wi-Fi
    Encapsulation type: Ethernet (1)
    Arrival Time: Apr  9, 2026 18:28:55.716777900 India Standard Time
    UTC Arrival Time: Apr  9, 2026 12:58:55.716777900 UTC
    Epoch Arrival Time: 1775739535.716777900
    [Time shift for this packet: 0.000000000 seconds]
    [Time delta from previous captured frame: 0.000000000 seconds]
    [Time delta from previous displayed frame: 0.000000000 seconds]
    [Time since reference or first frame: 2.294919500 seconds]
    Frame Number: 187
    Frame Length: 1242 bytes (9936 bits)
    Capture Length: 1242 bytes (9936 bits)
    [Frame is marked: False]
    [Frame is ignored: False]
    [Protocols in frame: eth:ethertype:ip:udp:quic]
    Character encoding: ASCII (0)
Ethernet II, Src: HewlettPacka_3a:cc:1d (28:92:4a:3a:cc:1d), Dst: 96:77:0b:05:d4:0b (96:77:0b:05:d4:0b)
    Destination: 96:77:0b:05:d4:0b (96:77:0b:05:d4:0b)
        .... ..1. .... .... .... .... = LG bit: Locally administered address (this is NOT the factory default)
        .... ...0 .... .... .... .... = IG bit: Individual address (unicast)
    Source: HewlettPacka_3a:cc:1d (28:92:4a:3a:cc:1d)
        .... ..0. .... .... .... .... = LG bit: Globally unique address (factory default)
        .... ...0 .... .... .... .... = IG bit: Individual address (unicast)
    Type: IPv4 (0x0800)
    [Stream index: 0]
Internet Protocol Version 4, Src: 104.18.28.7, Dst: 172.16.90.227
    0100 .... = Version: 4
    .... 0101 = Header Length: 20 bytes (5)
    Differentiated Services Field: 0x88 (DSCP: AF41, ECN: Not-ECT)
        1000 10.. = Differentiated Services Codepoint: Assured Forwarding 41 (34)
        .... ..00 = Explicit Congestion Notification: Not ECN-Capable Transport (0)
    Total Length: 1228
    Identification: 0x0001 (1)
    010. .... = Flags: 0x2, Don't fragment
        0... .... = Reserved bit: Not set
        .1.. .... = Don't fragment: Set
        ..0. .... = More fragments: Not set
    ...0 0000 0000 0000 = Fragment Offset: 0
    Time to Live: 57
    Protocol: UDP (17)
    Header Checksum: 0xb18b [validation disabled]
    [Header checksum status: Unverified]
    Source Address: 104.18.28.7
    Destination Address: 172.16.90.227
    [Stream index: 3]
User Datagram Protocol, Src Port: 443, Dst Port: 50491
    Source Port: 443
    Destination Port: 50491
    Length: 1208
    Checksum: 0x4ae2 [unverified]
    [Checksum Status: Unverified]
    [Stream index: 3]
    [Stream Packet Number: 77]
    [Timestamps]
        [Time since first frame: 1.771077100 seconds]
        [Time since previous frame: 0.000000000 seconds]
    UDP payload (1200 bytes)
QUIC IETF
    QUIC Connection information
        [Connection Number: 2]
    [Packet Length: 1200]
    QUIC Short Header DCID=37727d
        0... .... = Header Form: Short Header (0)
        .1.. .... = Fixed Bit: True
        ..0. .... = Spin Bit: False
        Destination Connection ID: 37727d
    Remaining Payload […]: ebcfac2848ca95df94ec1e601f860be9276c95857ba21db84ea30c02421d73c54cbb12c3f02365fde0d0ba37d4eb5e7cfcb231ef9cb24bebf7a0cd72d561cdcccb1075e88743600f94eec5933c0e217fc0f42d5935beec9f4b013694763a6e504f36243c3060f73b9fc9ff

Frame 188: Packet, 87 bytes on wire (696 bits), 87 bytes captured (696 bits) on interface \Device\NPF_{9B9257DC-FAC1-4993-B12F-136D7BA5E874}, id 0
    Section number: 1
    Interface id: 0 (\Device\NPF_{9B9257DC-FAC1-4993-B12F-136D7BA5E874})
        Interface name: \Device\NPF_{9B9257DC-FAC1-4993-B12F-136D7BA5E874}
        Interface description: Wi-Fi
    Encapsulation type: Ethernet (1)
    Arrival Time: Apr  9, 2026 18:28:55.717065900 India Standard Time
    UTC Arrival Time: Apr  9, 2026 12:58:55.717065900 UTC
    Epoch Arrival Time: 1775739535.717065900
    [Time shift for this packet: 0.000000000 seconds]
    [Time delta from previous captured frame: 288.000 microseconds]
    [Time delta from previous displayed frame: 288.000 microseconds]
    [Time since reference or first frame: 2.295207500 seconds]
    Frame Number: 188
    Frame Length: 87 bytes (696 bits)
    Capture Length: 87 bytes (696 bits)
    [Frame is marked: False]
    [Frame is ignored: False]
    [Protocols in frame: eth:ethertype:ip:udp:quic]
    Character encoding: ASCII (0)
Ethernet II, Src: 96:77:0b:05:d4:0b (96:77:0b:05:d4:0b), Dst: HewlettPacka_3a:cc:1d (28:92:4a:3a:cc:1d)
    Destination: HewlettPacka_3a:cc:1d (28:92:4a:3a:cc:1d)
        .... ..0. .... .... .... .... = LG bit: Globally unique address (factory default)
        .... ...0 .... .... .... .... = IG bit: Individual address (unicast)
    Source: 96:77:0b:05:d4:0b (96:77:0b:05:d4:0b)
        .... ..1. .... .... .... .... = LG bit: Locally administered address (this is NOT the factory default)
        .... ...0 .... .... .... .... = IG bit: Individual address (unicast)
    Type: IPv4 (0x0800)
    [Stream index: 0]
Internet Protocol Version 4, Src: 172.16.90.227, Dst: 104.18.28.7
    0100 .... = Version: 4
    .... 0101 = Header Length: 20 bytes (5)
    Differentiated Services Field: 0x00 (DSCP: CS0, ECN: Not-ECT)
        0000 00.. = Differentiated Services Codepoint: Default (0)
        .... ..00 = Explicit Congestion Notification: Not ECN-Capable Transport (0)
    Total Length: 73
    Identification: 0x2f0d (12045)
    010. .... = Flags: 0x2, Don't fragment
        0... .... = Reserved bit: Not set
        .1.. .... = Don't fragment: Set
        ..0. .... = More fragments: Not set
    ...0 0000 0000 0000 = Fragment Offset: 0
    Time to Live: 128
    Protocol: UDP (17)
    Header Checksum: 0x0000 [validation disabled]
    [Header checksum status: Unverified]
    Source Address: 172.16.90.227
    Destination Address: 104.18.28.7
    [Stream index: 3]
User Datagram Protocol, Src Port: 50491, Dst Port: 443
    Source Port: 50491
    Destination Port: 443
    Length: 53
    Checksum: 0x8b53 [unverified]
    [Checksum Status: Unverified]
    [Stream index: 3]
    [Stream Packet Number: 78]
    [Timestamps]
        [Time since first frame: 1.771365100 seconds]
        [Time since previous frame: 288.000 microseconds]
    UDP payload (45 bytes)
QUIC IETF
    QUIC Connection information
        [Connection Number: 2]
    [Packet Length: 45]
    QUIC Short Header DCID=0109fa68d8f7e373860b0468b0f7ceb5e4c7d584
        0... .... = Header Form: Short Header (0)
        .1.. .... = Fixed Bit: True
        ..0. .... = Spin Bit: False
        Destination Connection ID: 0109fa68d8f7e373860b0468b0f7ceb5e4c7d584
    Remaining Payload: 8d198108ba740bdabc65686f422fee7d8ca9043fe475c268

Frame 189: Packet, 1242 bytes on wire (9936 bits), 1242 bytes captured (9936 bits) on interface \Device\NPF_{9B9257DC-FAC1-4993-B12F-136D7BA5E874}, id 0
    Section number: 1
    Interface id: 0 (\Device\NPF_{9B9257DC-FAC1-4993-B12F-136D7BA5E874})
        Interface name: \Device\NPF_{9B9257DC-FAC1-4993-B12F-136D7BA5E874}
        Interface description: Wi-Fi
    Encapsulation type: Ethernet (1)
    Arrival Time: Apr  9, 2026 18:28:55.717064100 India Standard Time
    UTC Arrival Time: Apr  9, 2026 12:58:55.717064100 UTC
    Epoch Arrival Time: 1775739535.717064100
    [Time shift for this packet: 0.000000000 seconds]
    [Time delta from previous captured frame: -1.800 microseconds]
    [Time delta from previous displayed frame: -1.800 microseconds]
    [Time since reference or first frame: 2.295205700 seconds]
    Frame Number: 189
    Frame Length: 1242 bytes (9936 bits)
    Capture Length: 1242 bytes (9936 bits)
    [Frame is marked: False]
    [Frame is ignored: False]
    [Protocols in frame: eth:ethertype:ip:udp:quic]
    Character encoding: ASCII (0)
Ethernet II, Src: HewlettPacka_3a:cc:1d (28:92:4a:3a:cc:1d), Dst: 96:77:0b:05:d4:0b (96:77:0b:05:d4:0b)
    Destination: 96:77:0b:05:d4:0b (96:77:0b:05:d4:0b)
        .... ..1. .... .... .... .... = LG bit: Locally administered address (this is NOT the factory default)
        .... ...0 .... .... .... .... = IG bit: Individual address (unicast)
    Source: HewlettPacka_3a:cc:1d (28:92:4a:3a:cc:1d)
        .... ..0. .... .... .... .... = LG bit: Globally unique address (factory default)
        .... ...0 .... .... .... .... = IG bit: Individual address (unicast)
    Type: IPv4 (0x0800)
    [Stream index: 0]
Internet Protocol Version 4, Src: 104.18.28.7, Dst: 172.16.90.227
    0100 .... = Version: 4
    .... 0101 = Header Length: 20 bytes (5)
    Differentiated Services Field: 0x88 (DSCP: AF41, ECN: Not-ECT)
        1000 10.. = Differentiated Services Codepoint: Assured Forwarding 41 (34)
        .... ..00 = Explicit Congestion Notification: Not ECN-Capable Transport (0)
    Total Length: 1228
    Identification: 0x0002 (2)
    010. .... = Flags: 0x2, Don't fragment
        0... .... = Reserved bit: Not set
        .1.. .... = Don't fragment: Set
        ..0. .... = More fragments: Not set
    ...0 0000 0000 0000 = Fragment Offset: 0
    Time to Live: 57
    Protocol: UDP (17)
    Header Checksum: 0xb18a [validation disabled]
    [Header checksum status: Unverified]
    Source Address: 104.18.28.7
    Destination Address: 172.16.90.227
    [Stream index: 3]
User Datagram Protocol, Src Port: 443, Dst Port: 50491
    Source Port: 443
    Destination Port: 50491
    Length: 1208
    Checksum: 0xb77a [unverified]
    [Checksum Status: Unverified]
    [Stream index: 3]
    [Stream Packet Number: 79]
    [Timestamps]
        [Time since first frame: 1.771363300 seconds]
        [Time since previous frame: -1.800 microseconds]
    UDP payload (1200 bytes)
QUIC IETF
    QUIC Connection information
        [Connection Number: 2]
    [Packet Length: 1200]
    QUIC Short Header DCID=37727d
        0... .... = Header Form: Short Header (0)
        .1.. .... = Fixed Bit: True
        ..0. .... = Spin Bit: False
        Destination Connection ID: 37727d
    Remaining Payload […]: 6515defbff2f326999c5da662710d6205712912728883101449b7791bb14ed96c59729b4bc5eeac00ca1f6098bb8ddf1df8a2abbb0dbdf3d48540987bff63346233059ca322a308f05ec8935ca1fbb19f84380ebec94aa5cf0b7ea2111558f7cf15f68acb6cd5739db1f5c

Frame 190: Packet, 1242 bytes on wire (9936 bits), 1242 bytes captured (9936 bits) on interface \Device\NPF_{9B9257DC-FAC1-4993-B12F-136D7BA5E874}, id 0
    Section number: 1
    Interface id: 0 (\Device\NPF_{9B9257DC-FAC1-4993-B12F-136D7BA5E874})
        Interface name: \Device\NPF_{9B9257DC-FAC1-4993-B12F-136D7BA5E874}
        Interface description: Wi-Fi
    Encapsulation type: Ethernet (1)
    Arrival Time: Apr  9, 2026 18:28:55.717982800 India Standard Time
    UTC Arrival Time: Apr  9, 2026 12:58:55.717982800 UTC
    Epoch Arrival Time: 1775739535.717982800
    [Time shift for this packet: 0.000000000 seconds]
    [Time delta from previous captured frame: 918.700 microseconds]
    [Time delta from previous displayed frame: 918.700 microseconds]
    [Time since reference or first frame: 2.296124400 seconds]
    Frame Number: 190
    Frame Length: 1242 bytes (9936 bits)
    Capture Length: 1242 bytes (9936 bits)
    [Frame is marked: False]
    [Frame is ignored: False]
    [Protocols in frame: eth:ethertype:ip:udp:quic]
    Character encoding: ASCII (0)
Ethernet II, Src: HewlettPacka_3a:cc:1d (28:92:4a:3a:cc:1d), Dst: 96:77:0b:05:d4:0b (96:77:0b:05:d4:0b)
    Destination: 96:77:0b:05:d4:0b (96:77:0b:05:d4:0b)
        .... ..1. .... .... .... .... = LG bit: Locally administered address (this is NOT the factory default)
        .... ...0 .... .... .... .... = IG bit: Individual address (unicast)
    Source: HewlettPacka_3a:cc:1d (28:92:4a:3a:cc:1d)
        .... ..0. .... .... .... .... = LG bit: Globally unique address (factory default)
        .... ...0 .... .... .... .... = IG bit: Individual address (unicast)
    Type: IPv4 (0x0800)
    [Stream index: 0]
Internet Protocol Version 4, Src: 104.18.28.7, Dst: 172.16.90.227
    0100 .... = Version: 4
    .... 0101 = Header Length: 20 bytes (5)
    Differentiated Services Field: 0x88 (DSCP: AF41, ECN: Not-ECT)
        1000 10.. = Differentiated Services Codepoint: Assured Forwarding 41 (34)
        .... ..00 = Explicit Congestion Notification: Not ECN-Capable Transport (0)
    Total Length: 1228
    Identification: 0x0003 (3)
    010. .... = Flags: 0x2, Don't fragment
        0... .... = Reserved bit: Not set
        .1.. .... = Don't fragment: Set
        ..0. .... = More fragments: Not set
    ...0 0000 0000 0000 = Fragment Offset: 0
    Time to Live: 57
    Protocol: UDP (17)
    Header Checksum: 0xb189 [validation disabled]
    [Header checksum status: Unverified]
    Source Address: 104.18.28.7
    Destination Address: 172.16.90.227
    [Stream index: 3]
User Datagram Protocol, Src Port: 443, Dst Port: 50491
    Source Port: 443
    Destination Port: 50491
    Length: 1208
    Checksum: 0x046c [unverified]
    [Checksum Status: Unverified]
    [Stream index: 3]
    [Stream Packet Number: 80]
    [Timestamps]
        [Time since first frame: 1.772282000 seconds]
        [Time since previous frame: 918.700 microseconds]
    UDP payload (1200 bytes)
QUIC IETF
    QUIC Connection information
        [Connection Number: 2]
    [Packet Length: 1200]
    QUIC Short Header DCID=37727d
        0... .... = Header Form: Short Header (0)
        .1.. .... = Fixed Bit: True
        ..0. .... = Spin Bit: False
        Destination Connection ID: 37727d
    Remaining Payload […]: 2fe678b3f22f7a790fd4540d3cfadc4e0b1476d59e97b67ed0ae3e4777f7a82936397d3e0ccfe5e47c157acfc8527094e1a0791c732fb794427b488a50d750436cc723e7dc6a5346f2558b6e7b98e0ea7506b2ee0374f1031a857e698af928b805aadb2ee997a7c6dcc89b

Frame 191: Packet, 87 bytes on wire (696 bits), 87 bytes captured (696 bits) on interface \Device\NPF_{9B9257DC-FAC1-4993-B12F-136D7BA5E874}, id 0
    Section number: 1
    Interface id: 0 (\Device\NPF_{9B9257DC-FAC1-4993-B12F-136D7BA5E874})
        Interface name: \Device\NPF_{9B9257DC-FAC1-4993-B12F-136D7BA5E874}
        Interface description: Wi-Fi
    Encapsulation type: Ethernet (1)
    Arrival Time: Apr  9, 2026 18:28:55.718075400 India Standard Time
    UTC Arrival Time: Apr  9, 2026 12:58:55.718075400 UTC
    Epoch Arrival Time: 1775739535.718075400
    [Time shift for this packet: 0.000000000 seconds]
    [Time delta from previous captured frame: 92.600 microseconds]
    [Time delta from previous displayed frame: 92.600 microseconds]
    [Time since reference or first frame: 2.296217000 seconds]
    Frame Number: 191
    Frame Length: 87 bytes (696 bits)
    Capture Length: 87 bytes (696 bits)
    [Frame is marked: False]
    [Frame is ignored: False]
    [Protocols in frame: eth:ethertype:ip:udp:quic]
    Character encoding: ASCII (0)
Ethernet II, Src: 96:77:0b:05:d4:0b (96:77:0b:05:d4:0b), Dst: HewlettPacka_3a:cc:1d (28:92:4a:3a:cc:1d)
    Destination: HewlettPacka_3a:cc:1d (28:92:4a:3a:cc:1d)
        .... ..0. .... .... .... .... = LG bit: Globally unique address (factory default)
        .... ...0 .... .... .... .... = IG bit: Individual address (unicast)
    Source: 96:77:0b:05:d4:0b (96:77:0b:05:d4:0b)
        .... ..1. .... .... .... .... = LG bit: Locally administered address (this is NOT the factory default)
        .... ...0 .... .... .... .... = IG bit: Individual address (unicast)
    Type: IPv4 (0x0800)
    [Stream index: 0]
Internet Protocol Version 4, Src: 172.16.90.227, Dst: 104.18.28.7
    0100 .... = Version: 4
    .... 0101 = Header Length: 20 bytes (5)
    Differentiated Services Field: 0x00 (DSCP: CS0, ECN: Not-ECT)
        0000 00.. = Differentiated Services Codepoint: Default (0)
        .... ..00 = Explicit Congestion Notification: Not ECN-Capable Transport (0)
    Total Length: 73
    Identification: 0x2f0e (12046)
    010. .... = Flags: 0x2, Don't fragment
        0... .... = Reserved bit: Not set
        .1.. .... = Don't fragment: Set
        ..0. .... = More fragments: Not set
    ...0 0000 0000 0000 = Fragment Offset: 0
    Time to Live: 128
    Protocol: UDP (17)
    Header Checksum: 0x0000 [validation disabled]
    [Header checksum status: Unverified]
    Source Address: 172.16.90.227
    Destination Address: 104.18.28.7
    [Stream index: 3]
User Datagram Protocol, Src Port: 50491, Dst Port: 443
    Source Port: 50491
    Destination Port: 443
    Length: 53
    Checksum: 0x8b53 [unverified]
    [Checksum Status: Unverified]
    [Stream index: 3]
    [Stream Packet Number: 81]
    [Timestamps]
        [Time since first frame: 1.772374600 seconds]
        [Time since previous frame: 92.600 microseconds]
    UDP payload (45 bytes)
QUIC IETF
    QUIC Connection information
        [Connection Number: 2]
    [Packet Length: 45]
    QUIC Short Header DCID=0109fa68d8f7e373860b0468b0f7ceb5e4c7d584
        0... .... = Header Form: Short Header (0)
        .1.. .... = Fixed Bit: True
        ..1. .... = Spin Bit: True
        Destination Connection ID: 0109fa68d8f7e373860b0468b0f7ceb5e4c7d584
    Remaining Payload: 11aa69fe9941c6e7205df9b57be0b3cf45ab0478ffe397df

Frame 192: Packet, 1242 bytes on wire (9936 bits), 1242 bytes captured (9936 bits) on interface \Device\NPF_{9B9257DC-FAC1-4993-B12F-136D7BA5E874}, id 0
    Section number: 1
    Interface id: 0 (\Device\NPF_{9B9257DC-FAC1-4993-B12F-136D7BA5E874})
        Interface name: \Device\NPF_{9B9257DC-FAC1-4993-B12F-136D7BA5E874}
        Interface description: Wi-Fi
    Encapsulation type: Ethernet (1)
    Arrival Time: Apr  9, 2026 18:28:55.719206700 India Standard Time
    UTC Arrival Time: Apr  9, 2026 12:58:55.719206700 UTC
    Epoch Arrival Time: 1775739535.719206700
    [Time shift for this packet: 0.000000000 seconds]
    [Time delta from previous captured frame: 1.131300 milliseconds]
    [Time delta from previous displayed frame: 1.131300 milliseconds]
    [Time since reference or first frame: 2.297348300 seconds]
    Frame Number: 192
    Frame Length: 1242 bytes (9936 bits)
    Capture Length: 1242 bytes (9936 bits)
    [Frame is marked: False]
    [Frame is ignored: False]
    [Protocols in frame: eth:ethertype:ip:udp:quic]
    Character encoding: ASCII (0)
Ethernet II, Src: HewlettPacka_3a:cc:1d (28:92:4a:3a:cc:1d), Dst: 96:77:0b:05:d4:0b (96:77:0b:05:d4:0b)
    Destination: 96:77:0b:05:d4:0b (96:77:0b:05:d4:0b)
        .... ..1. .... .... .... .... = LG bit: Locally administered address (this is NOT the factory default)
        .... ...0 .... .... .... .... = IG bit: Individual address (unicast)
    Source: HewlettPacka_3a:cc:1d (28:92:4a:3a:cc:1d)
        .... ..0. .... .... .... .... = LG bit: Globally unique address (factory default)
        .... ...0 .... .... .... .... = IG bit: Individual address (unicast)
    Type: IPv4 (0x0800)
    [Stream index: 0]
Internet Protocol Version 4, Src: 104.18.28.7, Dst: 172.16.90.227
    0100 .... = Version: 4
    .... 0101 = Header Length: 20 bytes (5)
    Differentiated Services Field: 0x88 (DSCP: AF41, ECN: Not-ECT)
        1000 10.. = Differentiated Services Codepoint: Assured Forwarding 41 (34)
        .... ..00 = Explicit Congestion Notification: Not ECN-Capable Transport (0)
    Total Length: 1228
    Identification: 0x0000 (0)
    010. .... = Flags: 0x2, Don't fragment
        0... .... = Reserved bit: Not set
        .1.. .... = Don't fragment: Set
        ..0. .... = More fragments: Not set
    ...0 0000 0000 0000 = Fragment Offset: 0
    Time to Live: 57
    Protocol: UDP (17)
    Header Checksum: 0xb18c [validation disabled]
    [Header checksum status: Unverified]
    Source Address: 104.18.28.7
    Destination Address: 172.16.90.227
    [Stream index: 3]
User Datagram Protocol, Src Port: 443, Dst Port: 50491
    Source Port: 443
    Destination Port: 50491
    Length: 1208
    Checksum: 0xe0c0 [unverified]
    [Checksum Status: Unverified]
    [Stream index: 3]
    [Stream Packet Number: 82]
    [Timestamps]
        [Time since first frame: 1.773505900 seconds]
        [Time since previous frame: 1.131300 milliseconds]
    UDP payload (1200 bytes)
QUIC IETF
    QUIC Connection information
        [Connection Number: 2]
    [Packet Length: 1200]
    QUIC Short Header DCID=37727d
        0... .... = Header Form: Short Header (0)
        .1.. .... = Fixed Bit: True
        ..0. .... = Spin Bit: False
        Destination Connection ID: 37727d
    Remaining Payload […]: 75111983339fb031d34f2daba5138f02f14ff01bc7918f7076b7b596946a217e54727044a34cb17bfaa2cd95bbed5ce58942f728902daec98264fb1b3a2afddcb05d675ed229aa5c55e5654fe9a43a71815b8a93f66513818061905f3fb32582182bf1faa9e6363ef994f7

Frame 193: Packet, 1242 bytes on wire (9936 bits), 1242 bytes captured (9936 bits) on interface \Device\NPF_{9B9257DC-FAC1-4993-B12F-136D7BA5E874}, id 0
    Section number: 1
    Interface id: 0 (\Device\NPF_{9B9257DC-FAC1-4993-B12F-136D7BA5E874})
        Interface name: \Device\NPF_{9B9257DC-FAC1-4993-B12F-136D7BA5E874}
        Interface description: Wi-Fi
    Encapsulation type: Ethernet (1)
    Arrival Time: Apr  9, 2026 18:28:55.719858400 India Standard Time
    UTC Arrival Time: Apr  9, 2026 12:58:55.719858400 UTC
    Epoch Arrival Time: 1775739535.719858400
    [Time shift for this packet: 0.000000000 seconds]
    [Time delta from previous captured frame: 651.700 microseconds]
    [Time delta from previous displayed frame: 651.700 microseconds]
    [Time since reference or first frame: 2.298000000 seconds]
    Frame Number: 193
    Frame Length: 1242 bytes (9936 bits)
    Capture Length: 1242 bytes (9936 bits)
    [Frame is marked: False]
    [Frame is ignored: False]
    [Protocols in frame: eth:ethertype:ip:udp:quic]
    Character encoding: ASCII (0)
Ethernet II, Src: HewlettPacka_3a:cc:1d (28:92:4a:3a:cc:1d), Dst: 96:77:0b:05:d4:0b (96:77:0b:05:d4:0b)
    Destination: 96:77:0b:05:d4:0b (96:77:0b:05:d4:0b)
        .... ..1. .... .... .... .... = LG bit: Locally administered address (this is NOT the factory default)
        .... ...0 .... .... .... .... = IG bit: Individual address (unicast)
    Source: HewlettPacka_3a:cc:1d (28:92:4a:3a:cc:1d)
        .... ..0. .... .... .... .... = LG bit: Globally unique address (factory default)
        .... ...0 .... .... .... .... = IG bit: Individual address (unicast)
    Type: IPv4 (0x0800)
    [Stream index: 0]
Internet Protocol Version 4, Src: 104.18.28.7, Dst: 172.16.90.227
    0100 .... = Version: 4
    .... 0101 = Header Length: 20 bytes (5)
    Differentiated Services Field: 0x88 (DSCP: AF41, ECN: Not-ECT)
        1000 10.. = Differentiated Services Codepoint: Assured Forwarding 41 (34)
        .... ..00 = Explicit Congestion Notification: Not ECN-Capable Transport (0)
    Total Length: 1228
    Identification: 0x0001 (1)
    010. .... = Flags: 0x2, Don't fragment
        0... .... = Reserved bit: Not set
        .1.. .... = Don't fragment: Set
        ..0. .... = More fragments: Not set
    ...0 0000 0000 0000 = Fragment Offset: 0
    Time to Live: 57
    Protocol: UDP (17)
    Header Checksum: 0xb18b [validation disabled]
    [Header checksum status: Unverified]
    Source Address: 104.18.28.7
    Destination Address: 172.16.90.227
    [Stream index: 3]
User Datagram Protocol, Src Port: 443, Dst Port: 50491
    Source Port: 443
    Destination Port: 50491
    Length: 1208
    Checksum: 0x5bf6 [unverified]
    [Checksum Status: Unverified]
    [Stream index: 3]
    [Stream Packet Number: 83]
    [Timestamps]
        [Time since first frame: 1.774157600 seconds]
        [Time since previous frame: 651.700 microseconds]
    UDP payload (1200 bytes)
QUIC IETF
    QUIC Connection information
        [Connection Number: 2]
    [Packet Length: 1200]
    QUIC Short Header DCID=37727d
        0... .... = Header Form: Short Header (0)
        .1.. .... = Fixed Bit: True
        ..0. .... = Spin Bit: False
        Destination Connection ID: 37727d
    Remaining Payload […]: 7667ad4044dbb59504c8042079fea24d2e17b5c9ddd5cd6eb940ee43a1fa3ccbf9e2fb8c3f86499efe51b854b7210289ced8af4b6457ddb1b9a1c5d3799667835d3063eb290112814e28122fdd88babdd76f4bc38f3b43792c0387d233e69fe6bcaa6e7592c40b5be47eb5

Frame 194: Packet, 87 bytes on wire (696 bits), 87 bytes captured (696 bits) on interface \Device\NPF_{9B9257DC-FAC1-4993-B12F-136D7BA5E874}, id 0
    Section number: 1
    Interface id: 0 (\Device\NPF_{9B9257DC-FAC1-4993-B12F-136D7BA5E874})
        Interface name: \Device\NPF_{9B9257DC-FAC1-4993-B12F-136D7BA5E874}
        Interface description: Wi-Fi
    Encapsulation type: Ethernet (1)
    Arrival Time: Apr  9, 2026 18:28:55.719960800 India Standard Time
    UTC Arrival Time: Apr  9, 2026 12:58:55.719960800 UTC
    Epoch Arrival Time: 1775739535.719960800
    [Time shift for this packet: 0.000000000 seconds]
    [Time delta from previous captured frame: 102.400 microseconds]
    [Time delta from previous displayed frame: 102.400 microseconds]
    [Time since reference or first frame: 2.298102400 seconds]
    Frame Number: 194
    Frame Length: 87 bytes (696 bits)
    Capture Length: 87 bytes (696 bits)
    [Frame is marked: False]
    [Frame is ignored: False]
    [Protocols in frame: eth:ethertype:ip:udp:quic]
    Character encoding: ASCII (0)
Ethernet II, Src: 96:77:0b:05:d4:0b (96:77:0b:05:d4:0b), Dst: HewlettPacka_3a:cc:1d (28:92:4a:3a:cc:1d)
    Destination: HewlettPacka_3a:cc:1d (28:92:4a:3a:cc:1d)
        .... ..0. .... .... .... .... = LG bit: Globally unique address (factory default)
        .... ...0 .... .... .... .... = IG bit: Individual address (unicast)
    Source: 96:77:0b:05:d4:0b (96:77:0b:05:d4:0b)
        .... ..1. .... .... .... .... = LG bit: Locally administered address (this is NOT the factory default)
        .... ...0 .... .... .... .... = IG bit: Individual address (unicast)
    Type: IPv4 (0x0800)
    [Stream index: 0]
Internet Protocol Version 4, Src: 172.16.90.227, Dst: 104.18.28.7
    0100 .... = Version: 4
    .... 0101 = Header Length: 20 bytes (5)
    Differentiated Services Field: 0x00 (DSCP: CS0, ECN: Not-ECT)
        0000 00.. = Differentiated Services Codepoint: Default (0)
        .... ..00 = Explicit Congestion Notification: Not ECN-Capable Transport (0)
    Total Length: 73
    Identification: 0x2f0f (12047)
    010. .... = Flags: 0x2, Don't fragment
        0... .... = Reserved bit: Not set
        .1.. .... = Don't fragment: Set
        ..0. .... = More fragments: Not set
    ...0 0000 0000 0000 = Fragment Offset: 0
    Time to Live: 128
    Protocol: UDP (17)
    Header Checksum: 0x0000 [validation disabled]
    [Header checksum status: Unverified]
    Source Address: 172.16.90.227
    Destination Address: 104.18.28.7
    [Stream index: 3]
User Datagram Protocol, Src Port: 50491, Dst Port: 443
    Source Port: 50491
    Destination Port: 443
    Length: 53
    Checksum: 0x8b53 [unverified]
    [Checksum Status: Unverified]
    [Stream index: 3]
    [Stream Packet Number: 84]
    [Timestamps]
        [Time since first frame: 1.774260000 seconds]
        [Time since previous frame: 102.400 microseconds]
    UDP payload (45 bytes)
QUIC IETF
    QUIC Connection information
        [Connection Number: 2]
    [Packet Length: 45]
    QUIC Short Header DCID=0109fa68d8f7e373860b0468b0f7ceb5e4c7d584
        0... .... = Header Form: Short Header (0)
        .1.. .... = Fixed Bit: True
        ..1. .... = Spin Bit: True
        Destination Connection ID: 0109fa68d8f7e373860b0468b0f7ceb5e4c7d584
    Remaining Payload: efa3ca5dae964bfd7374fc2d76da75f068a1bad50c40284a

Frame 195: Packet, 1242 bytes on wire (9936 bits), 1242 bytes captured (9936 bits) on interface \Device\NPF_{9B9257DC-FAC1-4993-B12F-136D7BA5E874}, id 0
    Section number: 1
    Interface id: 0 (\Device\NPF_{9B9257DC-FAC1-4993-B12F-136D7BA5E874})
        Interface name: \Device\NPF_{9B9257DC-FAC1-4993-B12F-136D7BA5E874}
        Interface description: Wi-Fi
    Encapsulation type: Ethernet (1)
    Arrival Time: Apr  9, 2026 18:28:55.720777400 India Standard Time
    UTC Arrival Time: Apr  9, 2026 12:58:55.720777400 UTC
    Epoch Arrival Time: 1775739535.720777400
    [Time shift for this packet: 0.000000000 seconds]
    [Time delta from previous captured frame: 816.600 microseconds]
    [Time delta from previous displayed frame: 816.600 microseconds]
    [Time since reference or first frame: 2.298919000 seconds]
    Frame Number: 195
    Frame Length: 1242 bytes (9936 bits)
    Capture Length: 1242 bytes (9936 bits)
    [Frame is marked: False]
    [Frame is ignored: False]
    [Protocols in frame: eth:ethertype:ip:udp:quic]
    Character encoding: ASCII (0)
Ethernet II, Src: HewlettPacka_3a:cc:1d (28:92:4a:3a:cc:1d), Dst: 96:77:0b:05:d4:0b (96:77:0b:05:d4:0b)
    Destination: 96:77:0b:05:d4:0b (96:77:0b:05:d4:0b)
        .... ..1. .... .... .... .... = LG bit: Locally administered address (this is NOT the factory default)
        .... ...0 .... .... .... .... = IG bit: Individual address (unicast)
    Source: HewlettPacka_3a:cc:1d (28:92:4a:3a:cc:1d)
        .... ..0. .... .... .... .... = LG bit: Globally unique address (factory default)
        .... ...0 .... .... .... .... = IG bit: Individual address (unicast)
    Type: IPv4 (0x0800)
    [Stream index: 0]
Internet Protocol Version 4, Src: 104.18.28.7, Dst: 172.16.90.227
    0100 .... = Version: 4
    .... 0101 = Header Length: 20 bytes (5)
    Differentiated Services Field: 0x88 (DSCP: AF41, ECN: Not-ECT)
        1000 10.. = Differentiated Services Codepoint: Assured Forwarding 41 (34)
        .... ..00 = Explicit Congestion Notification: Not ECN-Capable Transport (0)
    Total Length: 1228
    Identification: 0x0002 (2)
    010. .... = Flags: 0x2, Don't fragment
        0... .... = Reserved bit: Not set
        .1.. .... = Don't fragment: Set
        ..0. .... = More fragments: Not set
    ...0 0000 0000 0000 = Fragment Offset: 0
    Time to Live: 57
    Protocol: UDP (17)
    Header Checksum: 0xb18a [validation disabled]
    [Header checksum status: Unverified]
    Source Address: 104.18.28.7
    Destination Address: 172.16.90.227
    [Stream index: 3]
User Datagram Protocol, Src Port: 443, Dst Port: 50491
    Source Port: 443
    Destination Port: 50491
    Length: 1208
    Checksum: 0x859e [unverified]
    [Checksum Status: Unverified]
    [Stream index: 3]
    [Stream Packet Number: 85]
    [Timestamps]
        [Time since first frame: 1.775076600 seconds]
        [Time since previous frame: 816.600 microseconds]
    UDP payload (1200 bytes)
QUIC IETF
    QUIC Connection information
        [Connection Number: 2]
    [Packet Length: 1200]
    QUIC Short Header DCID=37727d
        0... .... = Header Form: Short Header (0)
        .1.. .... = Fixed Bit: True
        ..0. .... = Spin Bit: False
        Destination Connection ID: 37727d
    Remaining Payload […]: a4027236910a1d70ee4a48876995ada29461b38c65e306f1cdde07b63abe958313b88ff2f55288a96008651d5a244581234202b482330337e82f82d9236e1221c58b644aa4e17a94f990d03abbcb5ac5c691c2f25a516d1d8236f88fd4e65dcce17a00ed688839d04b9d9d

Frame 196: Packet, 1242 bytes on wire (9936 bits), 1242 bytes captured (9936 bits) on interface \Device\NPF_{9B9257DC-FAC1-4993-B12F-136D7BA5E874}, id 0
    Section number: 1
    Interface id: 0 (\Device\NPF_{9B9257DC-FAC1-4993-B12F-136D7BA5E874})
        Interface name: \Device\NPF_{9B9257DC-FAC1-4993-B12F-136D7BA5E874}
        Interface description: Wi-Fi
    Encapsulation type: Ethernet (1)
    Arrival Time: Apr  9, 2026 18:28:55.721441500 India Standard Time
    UTC Arrival Time: Apr  9, 2026 12:58:55.721441500 UTC
    Epoch Arrival Time: 1775739535.721441500
    [Time shift for this packet: 0.000000000 seconds]
    [Time delta from previous captured frame: 664.100 microseconds]
    [Time delta from previous displayed frame: 664.100 microseconds]
    [Time since reference or first frame: 2.299583100 seconds]
    Frame Number: 196
    Frame Length: 1242 bytes (9936 bits)
    Capture Length: 1242 bytes (9936 bits)
    [Frame is marked: False]
    [Frame is ignored: False]
    [Protocols in frame: eth:ethertype:ip:udp:quic]
    Character encoding: ASCII (0)
Ethernet II, Src: HewlettPacka_3a:cc:1d (28:92:4a:3a:cc:1d), Dst: 96:77:0b:05:d4:0b (96:77:0b:05:d4:0b)
    Destination: 96:77:0b:05:d4:0b (96:77:0b:05:d4:0b)
        .... ..1. .... .... .... .... = LG bit: Locally administered address (this is NOT the factory default)
        .... ...0 .... .... .... .... = IG bit: Individual address (unicast)
    Source: HewlettPacka_3a:cc:1d (28:92:4a:3a:cc:1d)
        .... ..0. .... .... .... .... = LG bit: Globally unique address (factory default)
        .... ...0 .... .... .... .... = IG bit: Individual address (unicast)
    Type: IPv4 (0x0800)
    [Stream index: 0]
Internet Protocol Version 4, Src: 104.18.28.7, Dst: 172.16.90.227
    0100 .... = Version: 4
    .... 0101 = Header Length: 20 bytes (5)
    Differentiated Services Field: 0x88 (DSCP: AF41, ECN: Not-ECT)
        1000 10.. = Differentiated Services Codepoint: Assured Forwarding 41 (34)
        .... ..00 = Explicit Congestion Notification: Not ECN-Capable Transport (0)
    Total Length: 1228
    Identification: 0x0003 (3)
    010. .... = Flags: 0x2, Don't fragment
        0... .... = Reserved bit: Not set
        .1.. .... = Don't fragment: Set
        ..0. .... = More fragments: Not set
    ...0 0000 0000 0000 = Fragment Offset: 0
    Time to Live: 57
    Protocol: UDP (17)
    Header Checksum: 0xb189 [validation disabled]
    [Header checksum status: Unverified]
    Source Address: 104.18.28.7
    Destination Address: 172.16.90.227
    [Stream index: 3]
User Datagram Protocol, Src Port: 443, Dst Port: 50491
    Source Port: 443
    Destination Port: 50491
    Length: 1208
    Checksum: 0xaafd [unverified]
    [Checksum Status: Unverified]
    [Stream index: 3]
    [Stream Packet Number: 86]
    [Timestamps]
        [Time since first frame: 1.775740700 seconds]
        [Time since previous frame: 664.100 microseconds]
    UDP payload (1200 bytes)
QUIC IETF
    QUIC Connection information
        [Connection Number: 2]
    [Packet Length: 1200]
    QUIC Short Header DCID=37727d
        0... .... = Header Form: Short Header (0)
        .1.. .... = Fixed Bit: True
        ..0. .... = Spin Bit: False
        Destination Connection ID: 37727d
    Remaining Payload […]: c703b9d23bd66c5560b0609613ef6e66b059d9dba446b364891d5dbedba0d82a5770d6e63be1e62a73c64a5ae6aea884f6cc487c722886b789076fa3f2169ed022be5348278d55a14de64f99ffcf6da902a7b63a43559e5a3f5bbec9bd51edacd8419dd63d06f7c242b311

Frame 197: Packet, 87 bytes on wire (696 bits), 87 bytes captured (696 bits) on interface \Device\NPF_{9B9257DC-FAC1-4993-B12F-136D7BA5E874}, id 0
    Section number: 1
    Interface id: 0 (\Device\NPF_{9B9257DC-FAC1-4993-B12F-136D7BA5E874})
        Interface name: \Device\NPF_{9B9257DC-FAC1-4993-B12F-136D7BA5E874}
        Interface description: Wi-Fi
    Encapsulation type: Ethernet (1)
    Arrival Time: Apr  9, 2026 18:28:55.721499900 India Standard Time
    UTC Arrival Time: Apr  9, 2026 12:58:55.721499900 UTC
    Epoch Arrival Time: 1775739535.721499900
    [Time shift for this packet: 0.000000000 seconds]
    [Time delta from previous captured frame: 58.400 microseconds]
    [Time delta from previous displayed frame: 58.400 microseconds]
    [Time since reference or first frame: 2.299641500 seconds]
    Frame Number: 197
    Frame Length: 87 bytes (696 bits)
    Capture Length: 87 bytes (696 bits)
    [Frame is marked: False]
    [Frame is ignored: False]
    [Protocols in frame: eth:ethertype:ip:udp:quic]
    Character encoding: ASCII (0)
Ethernet II, Src: 96:77:0b:05:d4:0b (96:77:0b:05:d4:0b), Dst: HewlettPacka_3a:cc:1d (28:92:4a:3a:cc:1d)
    Destination: HewlettPacka_3a:cc:1d (28:92:4a:3a:cc:1d)
        .... ..0. .... .... .... .... = LG bit: Globally unique address (factory default)
        .... ...0 .... .... .... .... = IG bit: Individual address (unicast)
    Source: 96:77:0b:05:d4:0b (96:77:0b:05:d4:0b)
        .... ..1. .... .... .... .... = LG bit: Locally administered address (this is NOT the factory default)
        .... ...0 .... .... .... .... = IG bit: Individual address (unicast)
    Type: IPv4 (0x0800)
    [Stream index: 0]
Internet Protocol Version 4, Src: 172.16.90.227, Dst: 104.18.28.7
    0100 .... = Version: 4
    .... 0101 = Header Length: 20 bytes (5)
    Differentiated Services Field: 0x00 (DSCP: CS0, ECN: Not-ECT)
        0000 00.. = Differentiated Services Codepoint: Default (0)
        .... ..00 = Explicit Congestion Notification: Not ECN-Capable Transport (0)
    Total Length: 73
    Identification: 0x2f10 (12048)
    010. .... = Flags: 0x2, Don't fragment
        0... .... = Reserved bit: Not set
        .1.. .... = Don't fragment: Set
        ..0. .... = More fragments: Not set
    ...0 0000 0000 0000 = Fragment Offset: 0
    Time to Live: 128
    Protocol: UDP (17)
    Header Checksum: 0x0000 [validation disabled]
    [Header checksum status: Unverified]
    Source Address: 172.16.90.227
    Destination Address: 104.18.28.7
    [Stream index: 3]
User Datagram Protocol, Src Port: 50491, Dst Port: 443
    Source Port: 50491
    Destination Port: 443
    Length: 53
    Checksum: 0x8b53 [unverified]
    [Checksum Status: Unverified]
    [Stream index: 3]
    [Stream Packet Number: 87]
    [Timestamps]
        [Time since first frame: 1.775799100 seconds]
        [Time since previous frame: 58.400 microseconds]
    UDP payload (45 bytes)
QUIC IETF
    QUIC Connection information
        [Connection Number: 2]
    [Packet Length: 45]
    QUIC Short Header DCID=0109fa68d8f7e373860b0468b0f7ceb5e4c7d584
        0... .... = Header Form: Short Header (0)
        .1.. .... = Fixed Bit: True
        ..1. .... = Spin Bit: True
        Destination Connection ID: 0109fa68d8f7e373860b0468b0f7ceb5e4c7d584
    Remaining Payload: 94da11d1368e95432f7be1b0a57ae4a12b6887f3057e6b49

Frame 198: Packet, 1242 bytes on wire (9936 bits), 1242 bytes captured (9936 bits) on interface \Device\NPF_{9B9257DC-FAC1-4993-B12F-136D7BA5E874}, id 0
    Section number: 1
    Interface id: 0 (\Device\NPF_{9B9257DC-FAC1-4993-B12F-136D7BA5E874})
        Interface name: \Device\NPF_{9B9257DC-FAC1-4993-B12F-136D7BA5E874}
        Interface description: Wi-Fi
    Encapsulation type: Ethernet (1)
    Arrival Time: Apr  9, 2026 18:28:55.725181000 India Standard Time
    UTC Arrival Time: Apr  9, 2026 12:58:55.725181000 UTC
    Epoch Arrival Time: 1775739535.725181000
    [Time shift for this packet: 0.000000000 seconds]
    [Time delta from previous captured frame: 3.681100 milliseconds]
    [Time delta from previous displayed frame: 3.681100 milliseconds]
    [Time since reference or first frame: 2.303322600 seconds]
    Frame Number: 198
    Frame Length: 1242 bytes (9936 bits)
    Capture Length: 1242 bytes (9936 bits)
    [Frame is marked: False]
    [Frame is ignored: False]
    [Protocols in frame: eth:ethertype:ip:udp:quic]
    Character encoding: ASCII (0)
Ethernet II, Src: HewlettPacka_3a:cc:1d (28:92:4a:3a:cc:1d), Dst: 96:77:0b:05:d4:0b (96:77:0b:05:d4:0b)
    Destination: 96:77:0b:05:d4:0b (96:77:0b:05:d4:0b)
        .... ..1. .... .... .... .... = LG bit: Locally administered address (this is NOT the factory default)
        .... ...0 .... .... .... .... = IG bit: Individual address (unicast)
    Source: HewlettPacka_3a:cc:1d (28:92:4a:3a:cc:1d)
        .... ..0. .... .... .... .... = LG bit: Globally unique address (factory default)
        .... ...0 .... .... .... .... = IG bit: Individual address (unicast)
    Type: IPv4 (0x0800)
    [Stream index: 0]
Internet Protocol Version 4, Src: 104.18.28.7, Dst: 172.16.90.227
    0100 .... = Version: 4
    .... 0101 = Header Length: 20 bytes (5)
    Differentiated Services Field: 0x88 (DSCP: AF41, ECN: Not-ECT)
        1000 10.. = Differentiated Services Codepoint: Assured Forwarding 41 (34)
        .... ..00 = Explicit Congestion Notification: Not ECN-Capable Transport (0)
    Total Length: 1228
    Identification: 0x0000 (0)
    010. .... = Flags: 0x2, Don't fragment
        0... .... = Reserved bit: Not set
        .1.. .... = Don't fragment: Set
        ..0. .... = More fragments: Not set
    ...0 0000 0000 0000 = Fragment Offset: 0
    Time to Live: 57
    Protocol: UDP (17)
    Header Checksum: 0xb18c [validation disabled]
    [Header checksum status: Unverified]
    Source Address: 104.18.28.7
    Destination Address: 172.16.90.227
    [Stream index: 3]
User Datagram Protocol, Src Port: 443, Dst Port: 50491
    Source Port: 443
    Destination Port: 50491
    Length: 1208
    Checksum: 0xd497 [unverified]
    [Checksum Status: Unverified]
    [Stream index: 3]
    [Stream Packet Number: 88]
    [Timestamps]
        [Time since first frame: 1.779480200 seconds]
        [Time since previous frame: 3.681100 milliseconds]
    UDP payload (1200 bytes)
QUIC IETF
    QUIC Connection information
        [Connection Number: 2]
    [Packet Length: 1200]
    QUIC Short Header DCID=37727d
        0... .... = Header Form: Short Header (0)
        .1.. .... = Fixed Bit: True
        ..0. .... = Spin Bit: False
        Destination Connection ID: 37727d
    Remaining Payload […]: 2d02d7f80b046cee5a997d7e53f8e1c537a024ac5e7bdb992fc54d8919b5997080c9be441c3450520d9892e0eb63254a97dce672014f340974e9df15130071c93141e95780871dc39b2af1bc4f80b056dbb43a711a3a3a1448f45579e31e628cc9dfab731876c192b9445b

Frame 199: Packet, 807 bytes on wire (6456 bits), 807 bytes captured (6456 bits) on interface \Device\NPF_{9B9257DC-FAC1-4993-B12F-136D7BA5E874}, id 0
    Section number: 1
    Interface id: 0 (\Device\NPF_{9B9257DC-FAC1-4993-B12F-136D7BA5E874})
        Interface name: \Device\NPF_{9B9257DC-FAC1-4993-B12F-136D7BA5E874}
        Interface description: Wi-Fi
    Encapsulation type: Ethernet (1)
    Arrival Time: Apr  9, 2026 18:28:55.725903500 India Standard Time
    UTC Arrival Time: Apr  9, 2026 12:58:55.725903500 UTC
    Epoch Arrival Time: 1775739535.725903500
    [Time shift for this packet: 0.000000000 seconds]
    [Time delta from previous captured frame: 722.500 microseconds]
    [Time delta from previous displayed frame: 722.500 microseconds]
    [Time since reference or first frame: 2.304045100 seconds]
    Frame Number: 199
    Frame Length: 807 bytes (6456 bits)
    Capture Length: 807 bytes (6456 bits)
    [Frame is marked: False]
    [Frame is ignored: False]
    [Protocols in frame: eth:ethertype:ip:udp:quic]
    Character encoding: ASCII (0)
Ethernet II, Src: HewlettPacka_3a:cc:1d (28:92:4a:3a:cc:1d), Dst: 96:77:0b:05:d4:0b (96:77:0b:05:d4:0b)
    Destination: 96:77:0b:05:d4:0b (96:77:0b:05:d4:0b)
        .... ..1. .... .... .... .... = LG bit: Locally administered address (this is NOT the factory default)
        .... ...0 .... .... .... .... = IG bit: Individual address (unicast)
    Source: HewlettPacka_3a:cc:1d (28:92:4a:3a:cc:1d)
        .... ..0. .... .... .... .... = LG bit: Globally unique address (factory default)
        .... ...0 .... .... .... .... = IG bit: Individual address (unicast)
    Type: IPv4 (0x0800)
    [Stream index: 0]
Internet Protocol Version 4, Src: 104.18.28.7, Dst: 172.16.90.227
    0100 .... = Version: 4
    .... 0101 = Header Length: 20 bytes (5)
    Differentiated Services Field: 0x88 (DSCP: AF41, ECN: Not-ECT)
        1000 10.. = Differentiated Services Codepoint: Assured Forwarding 41 (34)
        .... ..00 = Explicit Congestion Notification: Not ECN-Capable Transport (0)
    Total Length: 793
    Identification: 0x0001 (1)
    010. .... = Flags: 0x2, Don't fragment
        0... .... = Reserved bit: Not set
        .1.. .... = Don't fragment: Set
        ..0. .... = More fragments: Not set
    ...0 0000 0000 0000 = Fragment Offset: 0
    Time to Live: 57
    Protocol: UDP (17)
    Header Checksum: 0xb33e [validation disabled]
    [Header checksum status: Unverified]
    Source Address: 104.18.28.7
    Destination Address: 172.16.90.227
    [Stream index: 3]
User Datagram Protocol, Src Port: 443, Dst Port: 50491
    Source Port: 443
    Destination Port: 50491
    Length: 773
    Checksum: 0x06e9 [unverified]
    [Checksum Status: Unverified]
    [Stream index: 3]
    [Stream Packet Number: 89]
    [Timestamps]
        [Time since first frame: 1.780202700 seconds]
        [Time since previous frame: 722.500 microseconds]
    UDP payload (765 bytes)
QUIC IETF
    QUIC Connection information
        [Connection Number: 2]
    [Packet Length: 765]
    QUIC Short Header DCID=37727d
        0... .... = Header Form: Short Header (0)
        .1.. .... = Fixed Bit: True
        ..0. .... = Spin Bit: False
        Destination Connection ID: 37727d
    Remaining Payload […]: 6e8e685ac02b1c028069dccc13ce44574023fa72aaad7f9b70adda84998ba4c1aa7c5c567d2b80109d144c0f53378e1360e3225a669c0fefaab14df868620672dcb3a1726fc48bbb5afea0b8c1344cbe13c4d5b266dbcd933f984add080f95912f64f814f91723a4474745

Frame 200: Packet, 87 bytes on wire (696 bits), 87 bytes captured (696 bits) on interface \Device\NPF_{9B9257DC-FAC1-4993-B12F-136D7BA5E874}, id 0
    Section number: 1
    Interface id: 0 (\Device\NPF_{9B9257DC-FAC1-4993-B12F-136D7BA5E874})
        Interface name: \Device\NPF_{9B9257DC-FAC1-4993-B12F-136D7BA5E874}
        Interface description: Wi-Fi
    Encapsulation type: Ethernet (1)
    Arrival Time: Apr  9, 2026 18:28:55.726022000 India Standard Time
    UTC Arrival Time: Apr  9, 2026 12:58:55.726022000 UTC
    Epoch Arrival Time: 1775739535.726022000
    [Time shift for this packet: 0.000000000 seconds]
    [Time delta from previous captured frame: 118.500 microseconds]
    [Time delta from previous displayed frame: 118.500 microseconds]
    [Time since reference or first frame: 2.304163600 seconds]
    Frame Number: 200
    Frame Length: 87 bytes (696 bits)
    Capture Length: 87 bytes (696 bits)
    [Frame is marked: False]
    [Frame is ignored: False]
    [Protocols in frame: eth:ethertype:ip:udp:quic]
    Character encoding: ASCII (0)
Ethernet II, Src: 96:77:0b:05:d4:0b (96:77:0b:05:d4:0b), Dst: HewlettPacka_3a:cc:1d (28:92:4a:3a:cc:1d)
    Destination: HewlettPacka_3a:cc:1d (28:92:4a:3a:cc:1d)
        .... ..0. .... .... .... .... = LG bit: Globally unique address (factory default)
        .... ...0 .... .... .... .... = IG bit: Individual address (unicast)
    Source: 96:77:0b:05:d4:0b (96:77:0b:05:d4:0b)
        .... ..1. .... .... .... .... = LG bit: Locally administered address (this is NOT the factory default)
        .... ...0 .... .... .... .... = IG bit: Individual address (unicast)
    Type: IPv4 (0x0800)
    [Stream index: 0]
Internet Protocol Version 4, Src: 172.16.90.227, Dst: 104.18.28.7
    0100 .... = Version: 4
    .... 0101 = Header Length: 20 bytes (5)
    Differentiated Services Field: 0x00 (DSCP: CS0, ECN: Not-ECT)
        0000 00.. = Differentiated Services Codepoint: Default (0)
        .... ..00 = Explicit Congestion Notification: Not ECN-Capable Transport (0)
    Total Length: 73
    Identification: 0x2f11 (12049)
    010. .... = Flags: 0x2, Don't fragment
        0... .... = Reserved bit: Not set
        .1.. .... = Don't fragment: Set
        ..0. .... = More fragments: Not set
    ...0 0000 0000 0000 = Fragment Offset: 0
    Time to Live: 128
    Protocol: UDP (17)
    Header Checksum: 0x0000 [validation disabled]
    [Header checksum status: Unverified]
    Source Address: 172.16.90.227
    Destination Address: 104.18.28.7
    [Stream index: 3]
User Datagram Protocol, Src Port: 50491, Dst Port: 443
    Source Port: 50491
    Destination Port: 443
    Length: 53
    Checksum: 0x8b53 [unverified]
    [Checksum Status: Unverified]
    [Stream index: 3]
    [Stream Packet Number: 90]
    [Timestamps]
        [Time since first frame: 1.780321200 seconds]
        [Time since previous frame: 118.500 microseconds]
    UDP payload (45 bytes)
QUIC IETF
    QUIC Connection information
        [Connection Number: 2]
    [Packet Length: 45]
    QUIC Short Header DCID=0109fa68d8f7e373860b0468b0f7ceb5e4c7d584
        0... .... = Header Form: Short Header (0)
        .1.. .... = Fixed Bit: True
        ..1. .... = Spin Bit: True
        Destination Connection ID: 0109fa68d8f7e373860b0468b0f7ceb5e4c7d584
    Remaining Payload: 9b5877d97311d2b681c9d111d6121198344effa381f666d8

Frame 201: Packet, 68 bytes on wire (544 bits), 68 bytes captured (544 bits) on interface \Device\NPF_{9B9257DC-FAC1-4993-B12F-136D7BA5E874}, id 0
    Section number: 1
    Interface id: 0 (\Device\NPF_{9B9257DC-FAC1-4993-B12F-136D7BA5E874})
        Interface name: \Device\NPF_{9B9257DC-FAC1-4993-B12F-136D7BA5E874}
        Interface description: Wi-Fi
    Encapsulation type: Ethernet (1)
    Arrival Time: Apr  9, 2026 18:28:55.734729200 India Standard Time
    UTC Arrival Time: Apr  9, 2026 12:58:55.734729200 UTC
    Epoch Arrival Time: 1775739535.734729200
    [Time shift for this packet: 0.000000000 seconds]
    [Time delta from previous captured frame: 8.707200 milliseconds]
    [Time delta from previous displayed frame: 8.707200 milliseconds]
    [Time since reference or first frame: 2.312870800 seconds]
    Frame Number: 201
    Frame Length: 68 bytes (544 bits)
    Capture Length: 68 bytes (544 bits)
    [Frame is marked: False]
    [Frame is ignored: False]
    [Protocols in frame: eth:ethertype:ip:udp:quic]
    Character encoding: ASCII (0)
Ethernet II, Src: HewlettPacka_3a:cc:1d (28:92:4a:3a:cc:1d), Dst: 96:77:0b:05:d4:0b (96:77:0b:05:d4:0b)
    Destination: 96:77:0b:05:d4:0b (96:77:0b:05:d4:0b)
        .... ..1. .... .... .... .... = LG bit: Locally administered address (this is NOT the factory default)
        .... ...0 .... .... .... .... = IG bit: Individual address (unicast)
    Source: HewlettPacka_3a:cc:1d (28:92:4a:3a:cc:1d)
        .... ..0. .... .... .... .... = LG bit: Globally unique address (factory default)
        .... ...0 .... .... .... .... = IG bit: Individual address (unicast)
    Type: IPv4 (0x0800)
    [Stream index: 0]
Internet Protocol Version 4, Src: 104.18.28.7, Dst: 172.16.90.227
    0100 .... = Version: 4
    .... 0101 = Header Length: 20 bytes (5)
    Differentiated Services Field: 0x88 (DSCP: AF41, ECN: Not-ECT)
        1000 10.. = Differentiated Services Codepoint: Assured Forwarding 41 (34)
        .... ..00 = Explicit Congestion Notification: Not ECN-Capable Transport (0)
    Total Length: 54
    Identification: 0x0000 (0)
    010. .... = Flags: 0x2, Don't fragment
        0... .... = Reserved bit: Not set
        .1.. .... = Don't fragment: Set
        ..0. .... = More fragments: Not set
    ...0 0000 0000 0000 = Fragment Offset: 0
    Time to Live: 57
    Protocol: UDP (17)
    Header Checksum: 0xb622 [validation disabled]
    [Header checksum status: Unverified]
    Source Address: 104.18.28.7
    Destination Address: 172.16.90.227
    [Stream index: 3]
User Datagram Protocol, Src Port: 443, Dst Port: 50491
    Source Port: 443
    Destination Port: 50491
    Length: 34
    Checksum: 0x9f24 [unverified]
    [Checksum Status: Unverified]
    [Stream index: 3]
    [Stream Packet Number: 91]
    [Timestamps]
        [Time since first frame: 1.789028400 seconds]
        [Time since previous frame: 8.707200 milliseconds]
    UDP payload (26 bytes)
QUIC IETF
    QUIC Connection information
        [Connection Number: 2]
    [Packet Length: 26]
    QUIC Short Header DCID=37727d
        0... .... = Header Form: Short Header (0)
        .1.. .... = Fixed Bit: True
        ..0. .... = Spin Bit: False
        Destination Connection ID: 37727d
    Remaining Payload: ec3a6462e635177dd1bbc8d66a1e2c83ce99b6b445fa

Frame 202: Packet, 85 bytes on wire (680 bits), 85 bytes captured (680 bits) on interface \Device\NPF_{9B9257DC-FAC1-4993-B12F-136D7BA5E874}, id 0
    Section number: 1
    Interface id: 0 (\Device\NPF_{9B9257DC-FAC1-4993-B12F-136D7BA5E874})
        Interface name: \Device\NPF_{9B9257DC-FAC1-4993-B12F-136D7BA5E874}
        Interface description: Wi-Fi
    Encapsulation type: Ethernet (1)
    Arrival Time: Apr  9, 2026 18:28:56.841209300 India Standard Time
    UTC Arrival Time: Apr  9, 2026 12:58:56.841209300 UTC
    Epoch Arrival Time: 1775739536.841209300
    [Time shift for this packet: 0.000000000 seconds]
    [Time delta from previous captured frame: 1.106480100 seconds]
    [Time delta from previous displayed frame: 1.106480100 seconds]
    [Time since reference or first frame: 3.419350900 seconds]
    Frame Number: 202
    Frame Length: 85 bytes (680 bits)
    Capture Length: 85 bytes (680 bits)
    [Frame is marked: False]
    [Frame is ignored: False]
    [Protocols in frame: eth:ethertype:ip:udp:data]
    Character encoding: ASCII (0)
Ethernet II, Src: HewlettPacka_3a:cc:1d (28:92:4a:3a:cc:1d), Dst: 96:77:0b:05:d4:0b (96:77:0b:05:d4:0b)
    Destination: 96:77:0b:05:d4:0b (96:77:0b:05:d4:0b)
        .... ..1. .... .... .... .... = LG bit: Locally administered address (this is NOT the factory default)
        .... ...0 .... .... .... .... = IG bit: Individual address (unicast)
    Source: HewlettPacka_3a:cc:1d (28:92:4a:3a:cc:1d)
        .... ..0. .... .... .... .... = LG bit: Globally unique address (factory default)
        .... ...0 .... .... .... .... = IG bit: Individual address (unicast)
    Type: IPv4 (0x0800)
    [Stream index: 0]
Internet Protocol Version 4, Src: 18.161.111.99, Dst: 172.16.90.227
    0100 .... = Version: 4
    .... 0101 = Header Length: 20 bytes (5)
    Differentiated Services Field: 0x02 (DSCP: CS0, ECN: ECT(0))
        0000 00.. = Differentiated Services Codepoint: Default (0)
        .... ..10 = Explicit Congestion Notification: ECN-Capable Transport codepoint '10' (2)
    Total Length: 71
    Identification: 0x0000 (0)
    010. .... = Flags: 0x2, Don't fragment
        0... .... = Reserved bit: Not set
        .1.. .... = Don't fragment: Set
        ..0. .... = More fragments: Not set
    ...0 0000 0000 0000 = Fragment Offset: 0
    Time to Live: 246
    Protocol: UDP (17)
    Header Checksum: 0xfbab [validation disabled]
    [Header checksum status: Unverified]
    Source Address: 18.161.111.99
    Destination Address: 172.16.90.227
    [Stream index: 0]
User Datagram Protocol, Src Port: 443, Dst Port: 62851
    Source Port: 443
    Destination Port: 62851
    Length: 51
    Checksum: 0x75a9 [unverified]
    [Checksum Status: Unverified]
    [Stream index: 0]
    [Stream Packet Number: 3]
    [Timestamps]
        [Time since first frame: 3.419350900 seconds]
        [Time since previous frame: 3.418942300 seconds]
    UDP payload (43 bytes)
Data (43 bytes)

0000  4a 65 52 ff 3a f8 7c 50 3b 9f 2d c1 20 4c 6b b8   JeR.:.|P;.-. Lk.
0010  5b c6 f6 18 7c 71 83 83 63 77 af 50 19 54 89 20   [...|q..cw.P.T. 
0020  8a 95 b9 67 31 cf 9c e3 ff d3 a6                  ...g1......
    Data: 4a6552ff3af87c503b9f2dc1204c6bb85bc6f6187c7183836377af50195489208a95b96731cf9ce3ffd3a6
    [Length: 43]

Frame 203: Packet, 85 bytes on wire (680 bits), 85 bytes captured (680 bits) on interface \Device\NPF_{9B9257DC-FAC1-4993-B12F-136D7BA5E874}, id 0
    Section number: 1
    Interface id: 0 (\Device\NPF_{9B9257DC-FAC1-4993-B12F-136D7BA5E874})
        Interface name: \Device\NPF_{9B9257DC-FAC1-4993-B12F-136D7BA5E874}
        Interface description: Wi-Fi
    Encapsulation type: Ethernet (1)
    Arrival Time: Apr  9, 2026 18:28:56.841209300 India Standard Time
    UTC Arrival Time: Apr  9, 2026 12:58:56.841209300 UTC
    Epoch Arrival Time: 1775739536.841209300
    [Time shift for this packet: 0.000000000 seconds]
    [Time delta from previous captured frame: 0.000000000 seconds]
    [Time delta from previous displayed frame: 0.000000000 seconds]
    [Time since reference or first frame: 3.419350900 seconds]
    Frame Number: 203
    Frame Length: 85 bytes (680 bits)
    Capture Length: 85 bytes (680 bits)
    [Frame is marked: False]
    [Frame is ignored: False]
    [Protocols in frame: eth:ethertype:ip:udp:data]
    Character encoding: ASCII (0)
Ethernet II, Src: HewlettPacka_3a:cc:1d (28:92:4a:3a:cc:1d), Dst: 96:77:0b:05:d4:0b (96:77:0b:05:d4:0b)
    Destination: 96:77:0b:05:d4:0b (96:77:0b:05:d4:0b)
        .... ..1. .... .... .... .... = LG bit: Locally administered address (this is NOT the factory default)
        .... ...0 .... .... .... .... = IG bit: Individual address (unicast)
    Source: HewlettPacka_3a:cc:1d (28:92:4a:3a:cc:1d)
        .... ..0. .... .... .... .... = LG bit: Globally unique address (factory default)
        .... ...0 .... .... .... .... = IG bit: Individual address (unicast)
    Type: IPv4 (0x0800)
    [Stream index: 0]
Internet Protocol Version 4, Src: 18.161.111.99, Dst: 172.16.90.227
    0100 .... = Version: 4
    .... 0101 = Header Length: 20 bytes (5)
    Differentiated Services Field: 0x02 (DSCP: CS0, ECN: ECT(0))
        0000 00.. = Differentiated Services Codepoint: Default (0)
        .... ..10 = Explicit Congestion Notification: ECN-Capable Transport codepoint '10' (2)
    Total Length: 71
    Identification: 0x0000 (0)
    010. .... = Flags: 0x2, Don't fragment
        0... .... = Reserved bit: Not set
        .1.. .... = Don't fragment: Set
        ..0. .... = More fragments: Not set
    ...0 0000 0000 0000 = Fragment Offset: 0
    Time to Live: 246
    Protocol: UDP (17)
    Header Checksum: 0xfbab [validation disabled]
    [Header checksum status: Unverified]
    Source Address: 18.161.111.99
    Destination Address: 172.16.90.227
    [Stream index: 0]
User Datagram Protocol, Src Port: 443, Dst Port: 62851
    Source Port: 443
    Destination Port: 62851
    Length: 51
    Checksum: 0x1d36 [unverified]
    [Checksum Status: Unverified]
    [Stream index: 0]
    [Stream Packet Number: 4]
    [Timestamps]
        [Time since first frame: 3.419350900 seconds]
        [Time since previous frame: 0.000000000 seconds]
    UDP payload (43 bytes)
Data (43 bytes)

0000  45 48 36 82 d7 fd 46 97 a0 3e 10 c1 cb 1a ac 32   EH6...F..>.....2
0010  0a 55 fa 3e 85 60 67 df b0 a4 b9 1e 16 ee 3e 61   .U.>.`g.......>a
0020  0d 55 f1 57 e5 26 56 5d 2c 56 88                  .U.W.&V],V.
    Data: 45483682d7fd4697a03e10c1cb1aac320a55fa3e856067dfb0a4b91e16ee3e610d55f157e526565d2c5688
    [Length: 43]

