Frame 1: Packet, 1242 bytes on wire (9936 bits), 1242 bytes captured (9936 bits) on interface \Device\NPF_{9B9257DC-FAC1-4993-B12F-136D7BA5E874}, id 0
    Section number: 1
    Interface id: 0 (\Device\NPF_{9B9257DC-FAC1-4993-B12F-136D7BA5E874})
        Interface name: \Device\NPF_{9B9257DC-FAC1-4993-B12F-136D7BA5E874}
        Interface description: Wi-Fi
    Encapsulation type: Ethernet (1)
    Arrival Time: Apr  9, 2026 19:24:22.395697800 India Standard Time
    UTC Arrival Time: Apr  9, 2026 13:54:22.395697800 UTC
    Epoch Arrival Time: 1775742862.395697800
    [Time shift for this packet: 0.000000000 seconds]
    [Time since reference or first frame: 0.000000000 seconds]
    Frame Number: 1
    Frame Length: 1242 bytes (9936 bits)
    Capture Length: 1242 bytes (9936 bits)
    [Frame is marked: False]
    [Frame is ignored: False]
    [Protocols in frame: eth:ethertype:ip:udp:data]
    Character encoding: ASCII (0)
Ethernet II, Src: HewlettPacka_3a:cc:1d (28:92:4a:3a:cc:1d), Dst: 96:77:0b:05:d4:0b (96:77:0b:05:d4:0b)
    Destination: 96:77:0b:05:d4:0b (96:77:0b:05:d4:0b)
        .... ..1. .... .... .... .... = LG bit: Locally administered address (this is NOT the factory default)
        .... ...0 .... .... .... .... = IG bit: Individual address (unicast)
    Source: HewlettPacka_3a:cc:1d (28:92:4a:3a:cc:1d)
        .... ..0. .... .... .... .... = LG bit: Globally unique address (factory default)
        .... ...0 .... .... .... .... = IG bit: Individual address (unicast)
    Type: IPv4 (0x0800)
    [Stream index: 0]
Internet Protocol Version 4, Src: 18.161.111.99, Dst: 172.16.90.227
    0100 .... = Version: 4
    .... 0101 = Header Length: 20 bytes (5)
    Differentiated Services Field: 0x02 (DSCP: CS0, ECN: ECT(0))
        0000 00.. = Differentiated Services Codepoint: Default (0)
        .... ..10 = Explicit Congestion Notification: ECN-Capable Transport codepoint '10' (2)
    Total Length: 1228
    Identification: 0x0000 (0)
    010. .... = Flags: 0x2, Don't fragment
        0... .... = Reserved bit: Not set
        .1.. .... = Don't fragment: Set
        ..0. .... = More fragments: Not set
    ...0 0000 0000 0000 = Fragment Offset: 0
    Time to Live: 246
    Protocol: UDP (17)
    Header Checksum: 0xf726 [validation disabled]
    [Header checksum status: Unverified]
    Source Address: 18.161.111.99
    Destination Address: 172.16.90.227
    [Stream index: 0]
User Datagram Protocol, Src Port: 443, Dst Port: 62008
    Source Port: 443
    Destination Port: 62008
    Length: 1208
    Checksum: 0xb22b [unverified]
    [Checksum Status: Unverified]
    [Stream index: 0]
    [Stream Packet Number: 1]
    [Timestamps]
        [Time since first frame: 0.000000000 seconds]
        [Time since previous frame: 0.000000000 seconds]
    UDP payload (1200 bytes)
Data (1200 bytes)

0000  59 82 80 aa 00 d8 c8 f9 51 86 af 4a fa 49 df 58   Y.......Q..J.I.X
0010  f3 1a 18 c6 1d be 35 50 00 2a fe 85 52 0e 5e 79   ......5P.*..R.^y
0020  bc 2e 4e 66 43 49 f1 55 37 b3 4b 61 fc 25 a9 90   ..NfCI.U7.Ka.%..
0030  1e 96 2e 15 ae b6 04 6e ae f8 64 67 bd 8e ad 44   .......n..dg...D
0040  ac fd f5 bc 47 24 19 85 aa 96 2c bd 12 42 1a 73   ....G$....,..B.s
0050  2e f0 81 ef 40 36 10 11 fe c4 ab cf 9a 8d 9b f4   ....@6..........
0060  93 4a 13 01 35 5d 2e df 6b 49 96 d4 fd c1 2a cd   .J..5]..kI....*.
0070  91 c6 e7 89 97 4e 45 8b b4 b3 ff d9 08 19 59 8b   .....NE.......Y.
0080  ad a8 6e 86 9c cf 99 f7 bf df b9 e5 a9 70 10 de   ..n..........p..
0090  06 46 f9 01 2a 49 91 30 9b c2 26 4e 3e 71 90 28   .F..*I.0..&N>q.(
00a0  5e a3 58 14 2d 5c a7 d4 1f b0 a6 5f de f9 e0 55   ^.X.-\....._...U
00b0  c0 93 69 27 7c 5e 2f 7c 15 0d 5d c3 e6 fd cb d5   ..i'|^/|..].....
00c0  d7 06 da 88 44 7a 47 e8 86 e4 02 46 57 14 be 16   ....DzG....FW...
00d0  fa 02 8c f9 32 f1 3e 8e 5b 8a 11 fb 0f 33 57 63   ....2.>.[....3Wc
00e0  92 28 77 7d ae 14 cc 7e 2f 98 55 8a bc b6 3c 77   .(w}...~/.U...<w
00f0  bb 16 b6 c6 88 b6 fc 53 d2 f8 bb c7 75 a6 83 76   .......S....u..v
0100  62 87 14 94 0d 1c 7b 5f fc d1 fd bf ba 43 4d 11   b.....{_.....CM.
0110  43 d8 7f 28 f3 28 a0 ce da fe 5e 22 96 2d 25 fb   C..(.(....^".-%.
0120  ee 6d 44 3a 75 fc 16 31 de c4 d1 84 51 d0 ea 6b   .mD:u..1....Q..k
0130  cb 8e 3f d4 36 d5 b2 37 94 1c ef e5 d9 99 a0 5f   ..?.6..7......._
0140  b9 f6 df d8 1a 52 ad 68 2e 77 c0 ce 67 99 08 e1   .....R.h.w..g...
0150  03 9a e3 f8 4c 71 17 34 9b 6b 91 0c 3f b2 c2 27   ....Lq.4.k..?..'
0160  83 67 52 e1 a2 5d fa 93 37 e4 94 ec d0 61 c8 7b   .gR..]..7....a.{
0170  c4 81 91 e1 a8 91 3b 97 c7 e4 99 c9 3c 4a 26 21   ......;.....<J&!
0180  ac 61 2e 7b bc 93 32 f3 19 fb f3 ce c2 38 8b 6c   .a.{..2......8.l
0190  3d 3c 59 d0 de 26 f3 ef d7 b6 9b 4b a7 1f ad 19   =<Y..&.....K....
01a0  11 5f 90 ce 1e 2c f5 68 df 05 67 21 bc 7f 12 d9   ._...,.h..g!....
01b0  8c 72 cf ab 4a a3 23 e6 9b 6b ff 90 ae de 7c 47   .r..J.#..k....|G
01c0  11 54 4b 7d 0b 0b ec 59 c2 f8 d0 cb c4 44 17 93   .TK}...Y.....D..
01d0  a0 e1 ce 3f f8 23 29 53 34 9b 6f f7 59 e7 d0 b9   ...?.#)S4.o.Y...
01e0  ca 96 66 80 98 7c 15 6b bb 50 0a c4 7b ba 9b 4b   ..f..|.k.P..{..K
01f0  9f 83 3e 44 ee 69 c1 e1 9c 1a 22 0f 0c 66 97 9d   ..>D.i...."..f..
0200  e3 ed 7c b3 0c 49 3f eb da 25 be 7f 54 93 fe a8   ..|..I?..%..T...
0210  27 d7 b3 99 c8 f9 99 a3 59 01 a1 fc 70 0a 8e 95   '.......Y...p...
0220  1e e4 6a 6a 29 63 79 13 5b 2c a4 18 0f be 27 53   ..jj)cy.[,....'S
0230  fa ad cf 95 b1 69 c7 74 60 c4 d7 bc 15 1a 2d bd   .....i.t`.....-.
0240  62 d5 1c 4a 37 c3 6d a0 0f ae 9f 01 09 7e 1d 9b   b..J7.m......~..
0250  d7 8d d9 87 57 e9 44 83 83 72 70 65 39 e7 5c ce   ....W.D..rpe9.\.
0260  d4 91 07 9b 3b e8 41 0c 34 2d 19 32 2a 97 11 e9   ....;.A.4-.2*...
0270  4e 60 61 3a 31 56 1b 3f 0a 93 49 52 15 7d c8 fe   N`a:1V.?..IR.}..
0280  26 12 ed 23 be a5 b3 e2 c0 21 cc db e5 b9 14 75   &..#.....!.....u
0290  33 6b f6 75 50 4f 9a 85 96 a7 62 27 74 4f 8d 7a   3k.uPO....b'tO.z
02a0  06 fe a7 92 b1 01 a1 ff bf 70 4c 72 c9 90 5e 18   .........pLr..^.
02b0  2e d1 c3 e8 2d a6 9a 58 26 10 4f 1f a5 75 f2 03   ....-..X&.O..u..
02c0  52 c7 0c f6 f2 d5 17 40 c2 c7 47 de d5 fe 74 25   R......@..G...t%
02d0  42 86 54 e7 32 86 69 94 08 b8 c3 ea 3d 4a bc 23   B.T.2.i.....=J.#
02e0  50 0a 70 9f 51 f8 f4 4d dc 1f 14 9a f3 51 f1 5b   P.p.Q..M.....Q.[
02f0  b4 df 10 05 37 b0 35 dc c6 41 22 a8 6f c6 eb 9d   ....7.5..A".o...
0300  7f 69 db ba 61 7a 65 63 63 0e d8 3b 30 90 6b 01   .i..azecc..;0.k.
0310  b2 36 de 4c b6 b8 c3 d7 40 b5 a6 20 d9 29 7f 1e   .6.L....@.. .)..
0320  14 5e e3 a7 7a 9c 90 13 2a 72 bc 10 56 ae 3d 8a   .^..z...*r..V.=.
0330  0f 01 97 9c d2 37 67 ec 1d ad 7e 4f 22 92 a9 0c   .....7g...~O"...
0340  28 46 1f 52 39 fc 46 bb 5d 7a b9 04 19 e6 d4 9e   (F.R9.F.]z......
0350  41 07 0c c8 ff 6c d3 3c cd 8f d3 22 d3 30 9f d7   A....l.<...".0..
0360  0a 76 e8 c1 e8 33 34 8c aa 25 a4 d5 68 a5 03 86   .v...34..%..h...
0370  b4 43 c7 25 06 b4 34 5c d8 1e 3b 1d 7f 61 39 2b   .C.%..4\..;..a9+
0380  6d 7b d9 53 60 50 f2 c1 8f ec 53 2b 27 4f a9 35   m{.S`P....S+'O.5
0390  0e 9a 6a e7 e6 4f 63 fa 28 2c 17 a5 1e b2 1d e4   ..j..Oc.(,......
03a0  22 14 31 d4 83 c2 13 12 89 4a 84 c6 74 b2 ea b1   ".1......J..t...
03b0  4e 79 a3 3d 10 97 4d d2 38 8e f6 d9 91 86 db 68   Ny.=..M.8......h
03c0  7a f1 c7 c2 4d a6 e5 90 cc 56 cd 36 d2 aa 80 90   z...M....V.6....
03d0  c9 50 e9 3f 22 31 85 24 62 14 37 2e 07 92 e0 7b   .P.?"1.$b.7....{
03e0  d9 62 61 48 4f 74 1e af f3 75 af 86 33 53 95 27   .baHOt...u..3S.'
03f0  56 e7 3d 39 ec b6 91 55 4e dd 31 b4 ef 1c 74 aa   V.=9...UN.1...t.
0400  51 a9 c4 f2 a0 91 52 1a ab a3 50 54 bb bb af a7   Q.....R...PT....
0410  5a bb 5c c4 cc 7f f5 7c a0 70 da 39 c4 5d b1 72   Z.\....|.p.9.].r
0420  63 36 69 86 a2 ee 1f ea 4c 26 28 5e 16 b3 d5 ad   c6i.....L&(^....
0430  82 a0 1c 46 c1 4f 71 b4 4f 26 45 0c 79 47 07 bd   ...F.Oq.O&E.yG..
0440  ee 4f 12 f6 71 d3 ad 6c ea c6 fb 04 71 71 f9 19   .O..q..l....qq..
0450  66 f0 59 69 0f 00 f2 58 10 2f 06 71 f3 ab 6f f2   f.Yi...X./.q..o.
0460  b8 a7 fd ab 91 cc ca 3e 1a 63 ac 0a 2a ea a0 da   .......>.c..*...
0470  2c 96 6e c1 77 7a 93 00 38 27 4c e9 84 5e 85 90   ,.n.wz..8'L..^..
0480  d9 62 38 46 57 7b 2a 5f f4 7a 1e 03 e6 38 0d 95   .b8FW{*_.z...8..
0490  e7 e3 5d 1e 28 92 33 dc 5d fa 6b f0 d3 8d 06 a3   ..].(.3.].k.....
04a0  42 b6 11 e4 53 36 34 07 06 21 a0 78 80 cf b9 6d   B...S64..!.x...m
    Data […]: 598280aa00d8c8f95186af4afa49df58f31a18c61dbe3550002afe85520e5e79bc2e4e664349f15537b34b61fc25a9901e962e15aeb6046eaef86467bd8ead44acfdf5bc47241985aa962cbd12421a732ef081ef40361011fec4abcf9a8d9bf4934a1301355d2edf6b4996d4fdc12acd91c
    [Length: 1200]

Frame 2: Packet, 1242 bytes on wire (9936 bits), 1242 bytes captured (9936 bits) on interface \Device\NPF_{9B9257DC-FAC1-4993-B12F-136D7BA5E874}, id 0
    Section number: 1
    Interface id: 0 (\Device\NPF_{9B9257DC-FAC1-4993-B12F-136D7BA5E874})
        Interface name: \Device\NPF_{9B9257DC-FAC1-4993-B12F-136D7BA5E874}
        Interface description: Wi-Fi
    Encapsulation type: Ethernet (1)
    Arrival Time: Apr  9, 2026 19:24:22.396559600 India Standard Time
    UTC Arrival Time: Apr  9, 2026 13:54:22.396559600 UTC
    Epoch Arrival Time: 1775742862.396559600
    [Time shift for this packet: 0.000000000 seconds]
    [Time delta from previous captured frame: 861.800 microseconds]
    [Time delta from previous displayed frame: 861.800 microseconds]
    [Time since reference or first frame: 861.800 microseconds]
    Frame Number: 2
    Frame Length: 1242 bytes (9936 bits)
    Capture Length: 1242 bytes (9936 bits)
    [Frame is marked: False]
    [Frame is ignored: False]
    [Protocols in frame: eth:ethertype:ip:udp:data]
    Character encoding: ASCII (0)
Ethernet II, Src: HewlettPacka_3a:cc:1d (28:92:4a:3a:cc:1d), Dst: 96:77:0b:05:d4:0b (96:77:0b:05:d4:0b)
    Destination: 96:77:0b:05:d4:0b (96:77:0b:05:d4:0b)
        .... ..1. .... .... .... .... = LG bit: Locally administered address (this is NOT the factory default)
        .... ...0 .... .... .... .... = IG bit: Individual address (unicast)
    Source: HewlettPacka_3a:cc:1d (28:92:4a:3a:cc:1d)
        .... ..0. .... .... .... .... = LG bit: Globally unique address (factory default)
        .... ...0 .... .... .... .... = IG bit: Individual address (unicast)
    Type: IPv4 (0x0800)
    [Stream index: 0]
Internet Protocol Version 4, Src: 18.161.111.99, Dst: 172.16.90.227
    0100 .... = Version: 4
    .... 0101 = Header Length: 20 bytes (5)
    Differentiated Services Field: 0x02 (DSCP: CS0, ECN: ECT(0))
        0000 00.. = Differentiated Services Codepoint: Default (0)
        .... ..10 = Explicit Congestion Notification: ECN-Capable Transport codepoint '10' (2)
    Total Length: 1228
    Identification: 0x0000 (0)
    010. .... = Flags: 0x2, Don't fragment
        0... .... = Reserved bit: Not set
        .1.. .... = Don't fragment: Set
        ..0. .... = More fragments: Not set
    ...0 0000 0000 0000 = Fragment Offset: 0
    Time to Live: 246
    Protocol: UDP (17)
    Header Checksum: 0xf726 [validation disabled]
    [Header checksum status: Unverified]
    Source Address: 18.161.111.99
    Destination Address: 172.16.90.227
    [Stream index: 0]
User Datagram Protocol, Src Port: 443, Dst Port: 62008
    Source Port: 443
    Destination Port: 62008
    Length: 1208
    Checksum: 0x52fb [unverified]
    [Checksum Status: Unverified]
    [Stream index: 0]
    [Stream Packet Number: 2]
    [Timestamps]
        [Time since first frame: 861.800 microseconds]
        [Time since previous frame: 861.800 microseconds]
    UDP payload (1200 bytes)
Data (1200 bytes)

0000  42 00 64 1b cd 99 09 da c4 b5 76 50 c9 e4 32 ef   B.d.......vP..2.
0010  a0 ad f6 bd bf 1f 73 4c a5 9f a1 21 0c d4 08 8f   ......sL...!....
0020  fb d0 bb bd 0e 8d 21 58 0a 66 7e d7 68 31 0e 57   ......!X.f~.h1.W
0030  ac fd 7d 57 ba a2 ed 17 89 06 5d f0 de c7 d5 a6   ..}W......].....
0040  0b 91 29 33 6a dd 01 a7 c8 18 5c 20 8a 37 57 60   ..)3j.....\ .7W`
0050  0e ae f6 6f 5d 95 63 cf e8 7d 1f 19 4f ec 78 f3   ...o].c..}..O.x.
0060  b6 48 3e 68 a3 37 78 44 ad ce 21 53 ee 5d bb c1   .H>h.7xD..!S.]..
0070  8c 2c 28 3e 06 d9 65 9d 74 42 4e 91 05 ba 89 35   .,(>..e.tBN....5
0080  9e dd 86 28 b5 52 7f 90 86 2f 82 b5 c2 9c 57 66   ...(.R.../....Wf
0090  f4 5c d7 ca 07 95 32 bf c2 5a a5 91 50 a1 da be   .\....2..Z..P...
00a0  5f 8b fa 74 34 6a d3 96 70 d6 3d 57 76 25 86 1e   _..t4j..p.=Wv%..
00b0  48 f6 af e7 57 71 4d b3 49 e7 9d 23 d0 da 95 52   H...WqM.I..#...R
00c0  c0 da c7 fe 48 13 73 63 9f a0 6d 92 62 df 82 96   ....H.sc..m.b...
00d0  10 f4 63 57 67 b7 05 7b 59 11 ae 7e a0 52 6c 85   ..cWg..{Y..~.Rl.
00e0  cc 44 c2 54 20 d3 81 32 8f 2e 85 7b d5 89 5c 26   .D.T ..2...{..\&
00f0  84 73 d1 7a 4e 86 cc 9e 6b c0 a1 fe 11 21 94 4f   .s.zN...k....!.O
0100  cb 24 42 3a 8f 0b 93 cc da 9d b5 7c 9a e9 a0 fc   .$B:.......|....
0110  33 cd ed c8 44 a5 46 da 82 80 be ae 63 e4 bf 99   3...D.F.....c...
0120  ac 97 b5 41 fb 80 f7 a7 ca be 18 fb 09 0d c3 56   ...A...........V
0130  28 8d d2 1e c6 1a e7 e0 71 ea c5 94 20 ca b0 b9   (.......q... ...
0140  74 74 9f b4 4c f1 26 61 ce 8b 3a 6a cb 98 9c e2   tt..L.&a..:j....
0150  2e 3b a1 6e 26 1a 34 8c d2 43 99 35 2b 01 00 ea   .;.n&.4..C.5+...
0160  4d 4d e7 d9 d3 ae 87 5f d3 80 e6 f4 86 31 af 5e   MM....._.....1.^
0170  2e de 3f 35 69 68 11 a5 11 83 13 03 da 23 f7 0f   ..?5ih.......#..
0180  30 a1 19 4b a0 47 28 57 68 5e 56 e3 45 bf 67 af   0..K.G(Wh^V.E.g.
0190  0c 2f 7e f1 a1 24 5a 7e f2 3d 86 ad 02 7a 99 28   ./~..$Z~.=...z.(
01a0  3a f8 d5 dd 88 c6 2c 62 df 53 ae 10 05 b1 1c 6c   :.....,b.S.....l
01b0  63 bf be f6 dc 27 f3 8b 46 5f fd af 34 98 98 5e   c....'..F_..4..^
01c0  ed ad 33 53 39 d2 90 47 25 3d 15 93 5b f7 ab 8e   ..3S9..G%=..[...
01d0  4e 2d 7e 1d 83 a0 28 9c 3a b7 c4 f4 31 39 f4 1e   N-~...(.:...19..
01e0  02 24 86 da 11 72 b1 1c be fb 86 81 88 42 61 ad   .$...r.......Ba.
01f0  bd f7 9b e7 88 2c 5c 0b 0f 81 77 35 c3 10 81 8a   .....,\...w5....
0200  9b 1f d9 5d 2c c7 be 1b a7 42 d2 81 38 f9 76 a8   ...],....B..8.v.
0210  ea 2b ab 7c c5 08 51 26 c5 14 ab df 77 e1 c9 d0   .+.|..Q&....w...
0220  2d 23 c8 99 3a 98 cc 5a a7 a6 74 8e 89 f6 8f f6   -#..:..Z..t.....
0230  b6 e8 15 0c 61 82 a1 26 c8 8b 4b e7 2d b8 a6 15   ....a..&..K.-...
0240  45 c3 4f 6d 78 56 2f e2 53 bc 4c fe 47 ea e4 22   E.OmxV/.S.L.G.."
0250  5f 85 cc e1 53 f4 1f 25 5c d5 39 ea f4 85 c9 cc   _...S..%\.9.....
0260  b3 62 a8 6b bf 4c b1 47 c3 01 ec 6d 69 15 c2 bb   .b.k.L.G...mi...
0270  aa ce 3f 3b 86 70 b5 4a b2 de ea b1 02 2c a7 1d   ..?;.p.J.....,..
0280  72 e7 5d 83 56 c1 4c 8d 05 78 48 41 39 d7 a7 7a   r.].V.L..xHA9..z
0290  c8 1f 15 84 a5 5e 4b 58 be dc 89 fd fd 83 de d4   .....^KX........
02a0  ab ad df b5 6c 9e 93 fa d9 23 bf 68 a4 1d ba a6   ....l....#.h....
02b0  0d 95 8c 68 5b 4c a2 63 2b 57 e7 21 81 ba 76 27   ...h[L.c+W.!..v'
02c0  54 03 0d 8f 13 84 5c e3 27 0b 29 cc ae 4e 6c a6   T.....\.'.)..Nl.
02d0  5d e2 df 02 fd bb 95 17 8c b4 e4 21 5f 55 7e 34   ]..........!_U~4
02e0  2a b6 10 0d 67 a0 c6 a2 95 cd 36 77 fb a0 e4 8a   *...g.....6w....
02f0  2d 89 27 ae 76 7c c6 c0 7c 45 96 15 0a 88 d1 66   -.'.v|..|E.....f
0300  9c 33 f1 5b 92 9f c2 2e 29 ed 62 10 e2 74 45 b6   .3.[....).b..tE.
0310  32 6c 3b 39 ea f4 57 ba 14 91 6d 9d a1 5c 33 96   2l;9..W...m..\3.
0320  db 12 b6 cc cb dd 0c 9d ef 1a 1d 05 37 db b8 80   ............7...
0330  7b 15 f4 9d 6b 46 0d ef 36 e0 6f a6 dd d0 cb 11   {...kF..6.o.....
0340  da d8 76 c0 d9 94 38 37 ce e0 e9 61 59 b5 37 85   ..v...87...aY.7.
0350  5f 07 d7 05 a9 d0 39 f2 e8 2b 6c 4c 7a b0 d0 b7   _.....9..+lLz...
0360  f1 b9 e6 ec cb 45 50 65 7c 05 f1 17 91 d8 3e a7   .....EPe|.....>.
0370  49 3d 0a 4d a5 de ce 06 56 53 3b 6c d9 b1 8c 88   I=.M....VS;l....
0380  db e5 25 c9 b4 24 6f 9f 1e f2 41 c3 30 4e 58 98   ..%..$o...A.0NX.
0390  20 5a 99 92 4b e2 f5 72 e3 7e 9f 66 69 c4 43 d0    Z..K..r.~.fi.C.
03a0  1c fe 20 2f 44 2a 41 b6 d2 87 03 c8 c7 b3 bf 7d   .. /D*A........}
03b0  78 c3 21 26 58 5a 5b 84 17 05 18 f3 da e3 c6 bb   x.!&XZ[.........
03c0  d0 ba 95 3f 6f c8 cd 89 25 16 63 29 82 b8 1e ba   ...?o...%.c)....
03d0  3e ee 95 36 68 7f 8b 32 43 65 12 4c 35 6b f7 27   >..6h..2Ce.L5k.'
03e0  28 c0 33 56 1a dd 00 98 1b 84 db be e5 fb 20 7f   (.3V.......... .
03f0  8e 86 26 94 ac db 0d 6c 8e a4 98 4f 48 f7 48 9f   ..&....l...OH.H.
0400  65 0f de c8 1a c8 11 b9 5d ad 51 5c 8c f1 2c f8   e.......].Q\..,.
0410  7d 12 33 83 09 6f 72 bf 5c f0 e7 ad 7a bb 24 1d   }.3..or.\...z.$.
0420  12 b2 7d 94 f4 3e 32 24 a4 f6 cc 53 79 02 ba 11   ..}..>2$...Sy...
0430  17 58 68 bf 46 f4 aa a6 5b 76 f9 78 9e 78 46 b1   .Xh.F...[v.x.xF.
0440  2b 2d e5 70 0b e4 ff c9 db 48 81 44 02 72 2b 38   +-.p.....H.D.r+8
0450  7e 23 eb 10 57 93 e2 7a a6 56 b5 df 97 71 00 29   ~#..W..z.V...q.)
0460  e9 f5 b3 29 20 a6 a3 41 51 b3 62 cb d0 9d f9 4e   ...) ..AQ.b....N
0470  dc 52 c3 56 49 e0 cf ac 3b 68 67 c7 92 2c 7e 4b   .R.VI...;hg..,~K
0480  7e 36 ec d3 60 7a a3 f7 c7 87 1e 27 79 6e a4 26   ~6..`z.....'yn.&
0490  a6 d7 dd ed 1c 43 33 4c 82 8e b6 79 d2 2d 51 b7   .....C3L...y.-Q.
04a0  5e 0a 06 6c 66 bf 0b d3 8b bc 18 14 0a b2 2a f2   ^..lf.........*.
    Data […]: 4200641bcd9909dac4b57650c9e432efa0adf6bdbf1f734ca59fa1210cd4088ffbd0bbbd0e8d21580a667ed768310e57acfd7d57baa2ed1789065df0dec7d5a60b9129336add01a7c8185c208a3757600eaef66f5d9563cfe87d1f194fec78f3b6483e68a3377844adce2153ee5dbbc18c2
    [Length: 1200]

Frame 3: Packet, 1292 bytes on wire (10336 bits), 1292 bytes captured (10336 bits) on interface \Device\NPF_{9B9257DC-FAC1-4993-B12F-136D7BA5E874}, id 0
    Section number: 1
    Interface id: 0 (\Device\NPF_{9B9257DC-FAC1-4993-B12F-136D7BA5E874})
        Interface name: \Device\NPF_{9B9257DC-FAC1-4993-B12F-136D7BA5E874}
        Interface description: Wi-Fi
    Encapsulation type: Ethernet (1)
    Arrival Time: Apr  9, 2026 19:24:23.408101800 India Standard Time
    UTC Arrival Time: Apr  9, 2026 13:54:23.408101800 UTC
    Epoch Arrival Time: 1775742863.408101800
    [Time shift for this packet: 0.000000000 seconds]
    [Time delta from previous captured frame: 1.011542200 seconds]
    [Time delta from previous displayed frame: 1.011542200 seconds]
    [Time since reference or first frame: 1.012404000 seconds]
    Frame Number: 3
    Frame Length: 1292 bytes (10336 bits)
    Capture Length: 1292 bytes (10336 bits)
    [Frame is marked: False]
    [Frame is ignored: False]
    [Protocols in frame: eth:ethertype:ip:udp:quic:tls]
    Character encoding: ASCII (0)
Ethernet II, Src: 96:77:0b:05:d4:0b (96:77:0b:05:d4:0b), Dst: HewlettPacka_3a:cc:1d (28:92:4a:3a:cc:1d)
    Destination: HewlettPacka_3a:cc:1d (28:92:4a:3a:cc:1d)
        .... ..0. .... .... .... .... = LG bit: Globally unique address (factory default)
        .... ...0 .... .... .... .... = IG bit: Individual address (unicast)
    Source: 96:77:0b:05:d4:0b (96:77:0b:05:d4:0b)
        .... ..1. .... .... .... .... = LG bit: Locally administered address (this is NOT the factory default)
        .... ...0 .... .... .... .... = IG bit: Individual address (unicast)
    Type: IPv4 (0x0800)
    [Stream index: 0]
Internet Protocol Version 4, Src: 172.16.90.227, Dst: 57.144.213.32
    0100 .... = Version: 4
    .... 0101 = Header Length: 20 bytes (5)
    Differentiated Services Field: 0x00 (DSCP: CS0, ECN: Not-ECT)
        0000 00.. = Differentiated Services Codepoint: Default (0)
        .... ..00 = Explicit Congestion Notification: Not ECN-Capable Transport (0)
    Total Length: 1278
    Identification: 0xf973 (63859)
    010. .... = Flags: 0x2, Don't fragment
        0... .... = Reserved bit: Not set
        .1.. .... = Don't fragment: Set
        ..0. .... = More fragments: Not set
    ...0 0000 0000 0000 = Fragment Offset: 0
    Time to Live: 128
    Protocol: UDP (17)
    Header Checksum: 0x0000 [validation disabled]
    [Header checksum status: Unverified]
    Source Address: 172.16.90.227
    Destination Address: 57.144.213.32
    [Stream index: 1]
User Datagram Protocol, Src Port: 53047, Dst Port: 443
    Source Port: 53047
    Destination Port: 443
    Length: 1258
    Checksum: 0x1aa0 [unverified]
    [Checksum Status: Unverified]
    [Stream index: 1]
    [Stream Packet Number: 1]
    [Timestamps]
        [Time since first frame: 0.000000000 seconds]
        [Time since previous frame: 0.000000000 seconds]
    UDP payload (1250 bytes)
QUIC IETF
    QUIC Connection information
        [Connection Number: 0]
    [Packet Length: 1250]
    1... .... = Header Form: Long Header (1)
    .1.. .... = Fixed Bit: True
    ..00 .... = Packet Type: Initial (0)
    [.... 00.. = Reserved: 0]
    [.... ..00 = Packet Number Length: 1 bytes (0)]
    Version: 1 (0x00000001)
    Destination Connection ID Length: 8
    Destination Connection ID: fd331d32bcf3580f
    Source Connection ID Length: 0
    Token Length: 0
    Length: 1232
    [Packet Number: 1]
    Payload […]: 7980c92e524aff41d38e1cf8635b2d7ec07ec1bd7456458121eab81753c7e066a0bbcb5d453f57628267ca4e38693c7ccd4e288db3059d6e91204e856a3b9f9f168c47db60e24cd9c18a50c1e854f86e908e717d6041e3c8c9945f7a9fd8901f779602a322d2d8009d4edd97d0339dcb
    PADDING Length: 3
        Frame Type: PADDING (0x0000000000000000)
        [Padding Length: 3]
    CRYPTO
        Frame Type: CRYPTO (0x0000000000000006)
        Offset: 0
        Length: 31
        Crypto Data
        TLSv1.3 Record Layer: Handshake Protocol: Client Hello (fragment)
            Handshake Protocol: Client Hello (fragment)
    PADDING Length: 197
        Frame Type: PADDING (0x0000000000000000)
        [Padding Length: 197]
    PING
        Frame Type: PING (0x0000000000000001)
    PADDING Length: 8
        Frame Type: PADDING (0x0000000000000000)
        [Padding Length: 8]
    CRYPTO
        Frame Type: CRYPTO (0x0000000000000006)
        Offset: 70
        Length: 9
        Crypto Data
    CRYPTO
        Frame Type: CRYPTO (0x0000000000000006)
        Offset: 48
        Length: 22
        Crypto Data
    PING
        Frame Type: PING (0x0000000000000001)
    CRYPTO
        Frame Type: CRYPTO (0x0000000000000006)
        Offset: 1069
        Length: 906
        Crypto Data
    PING
        Frame Type: PING (0x0000000000000001)
    CRYPTO
        Frame Type: CRYPTO (0x0000000000000006)
        Offset: 31
        Length: 17
        Crypto Data
    PADDING Length: 1
        Frame Type: PADDING (0x0000000000000000)
        [Padding Length: 1]

Frame 4: Packet, 1292 bytes on wire (10336 bits), 1292 bytes captured (10336 bits) on interface \Device\NPF_{9B9257DC-FAC1-4993-B12F-136D7BA5E874}, id 0
    Section number: 1
    Interface id: 0 (\Device\NPF_{9B9257DC-FAC1-4993-B12F-136D7BA5E874})
        Interface name: \Device\NPF_{9B9257DC-FAC1-4993-B12F-136D7BA5E874}
        Interface description: Wi-Fi
    Encapsulation type: Ethernet (1)
    Arrival Time: Apr  9, 2026 19:24:23.408158800 India Standard Time
    UTC Arrival Time: Apr  9, 2026 13:54:23.408158800 UTC
    Epoch Arrival Time: 1775742863.408158800
    [Time shift for this packet: 0.000000000 seconds]
    [Time delta from previous captured frame: 57.000 microseconds]
    [Time delta from previous displayed frame: 57.000 microseconds]
    [Time since reference or first frame: 1.012461000 seconds]
    Frame Number: 4
    Frame Length: 1292 bytes (10336 bits)
    Capture Length: 1292 bytes (10336 bits)
    [Frame is marked: False]
    [Frame is ignored: False]
    [Protocols in frame: eth:ethertype:ip:udp:quic:tls]
    Character encoding: ASCII (0)
Ethernet II, Src: 96:77:0b:05:d4:0b (96:77:0b:05:d4:0b), Dst: HewlettPacka_3a:cc:1d (28:92:4a:3a:cc:1d)
    Destination: HewlettPacka_3a:cc:1d (28:92:4a:3a:cc:1d)
        .... ..0. .... .... .... .... = LG bit: Globally unique address (factory default)
        .... ...0 .... .... .... .... = IG bit: Individual address (unicast)
    Source: 96:77:0b:05:d4:0b (96:77:0b:05:d4:0b)
        .... ..1. .... .... .... .... = LG bit: Locally administered address (this is NOT the factory default)
        .... ...0 .... .... .... .... = IG bit: Individual address (unicast)
    Type: IPv4 (0x0800)
    [Stream index: 0]
Internet Protocol Version 4, Src: 172.16.90.227, Dst: 57.144.213.32
    0100 .... = Version: 4
    .... 0101 = Header Length: 20 bytes (5)
    Differentiated Services Field: 0x00 (DSCP: CS0, ECN: Not-ECT)
        0000 00.. = Differentiated Services Codepoint: Default (0)
        .... ..00 = Explicit Congestion Notification: Not ECN-Capable Transport (0)
    Total Length: 1278
    Identification: 0xf974 (63860)
    010. .... = Flags: 0x2, Don't fragment
        0... .... = Reserved bit: Not set
        .1.. .... = Don't fragment: Set
        ..0. .... = More fragments: Not set
    ...0 0000 0000 0000 = Fragment Offset: 0
    Time to Live: 128
    Protocol: UDP (17)
    Header Checksum: 0x0000 [validation disabled]
    [Header checksum status: Unverified]
    Source Address: 172.16.90.227
    Destination Address: 57.144.213.32
    [Stream index: 1]
User Datagram Protocol, Src Port: 53047, Dst Port: 443
    Source Port: 53047
    Destination Port: 443
    Length: 1258
    Checksum: 0x1aa0 [unverified]
    [Checksum Status: Unverified]
    [Stream index: 1]
    [Stream Packet Number: 2]
    [Timestamps]
        [Time since first frame: 57.000 microseconds]
        [Time since previous frame: 57.000 microseconds]
    UDP payload (1250 bytes)
QUIC IETF
    QUIC Connection information
        [Connection Number: 0]
    [Packet Length: 1250]
    1... .... = Header Form: Long Header (1)
    .1.. .... = Fixed Bit: True
    ..00 .... = Packet Type: Initial (0)
    [.... 00.. = Reserved: 0]
    [.... ..01 = Packet Number Length: 2 bytes (1)]
    Version: 1 (0x00000001)
    Destination Connection ID Length: 8
    Destination Connection ID: fd331d32bcf3580f
    Source Connection ID Length: 0
    Token Length: 0
    Length: 1232
    [Packet Number: 2]
    Payload […]: b9728d11108f26ef26a4d9a692576ce7e2e96d8ef7ecc680d0a37cb02e1d4ef8d95a14448ba34269950295d0c7eaf922974f626b63ce44cca74aab7064c934c154011e42c16d057a0c7da858854edc210bfe2584b922435b6926855cff179375a312358c908ce94e7f08b96d26ad9a51
    PING
        Frame Type: PING (0x0000000000000001)
    PADDING Length: 2
        Frame Type: PADDING (0x0000000000000000)
        [Padding Length: 2]
    CRYPTO
        Frame Type: CRYPTO (0x0000000000000006)
        Offset: 597
        Length: 5
        Crypto Data
    PADDING Length: 1
        Frame Type: PADDING (0x0000000000000000)
        [Padding Length: 1]
    CRYPTO
        Frame Type: CRYPTO (0x0000000000000006)
        Offset: 602
        Length: 20
        Crypto Data
    CRYPTO
        Frame Type: CRYPTO (0x0000000000000006)
        Offset: 622
        Length: 97
        Crypto Data
    PING
        Frame Type: PING (0x0000000000000001)
    PING
        Frame Type: PING (0x0000000000000001)
    PADDING Length: 182
        Frame Type: PADDING (0x0000000000000000)
        [Padding Length: 182]
    CRYPTO
        Frame Type: CRYPTO (0x0000000000000006)
        Offset: 79
        Length: 186
        Crypto Data
    CRYPTO
        Frame Type: CRYPTO (0x0000000000000006)
        Offset: 265
        Length: 149
        Crypto Data
    CRYPTO
        Frame Type: CRYPTO (0x0000000000000006)
        Offset: 719
        Length: 350
        Crypto Data
    CRYPTO
        Frame Type: CRYPTO (0x0000000000000006)
        Offset: 414
        Length: 183
        Crypto Data
        [11 Reassembled QUIC CRYPTO Data Fragments (1944 bytes): #3(17), #3(22), #3(9), #4(186), #4(149), #4(183), #4(5), #4(20), #4(97), #4(350), #3(906)]
            [Frame: 3, payload: 0-16 (17 bytes)]
            [Frame: 3, payload: 17-38 (22 bytes)]
            [Frame: 3, payload: 39-47 (9 bytes)]
            [Frame: 4, payload: 48-233 (186 bytes)]
            [Frame: 4, payload: 234-382 (149 bytes)]
            [Frame: 4, payload: 383-565 (183 bytes)]
            [Frame: 4, payload: 566-570 (5 bytes)]
            [Frame: 4, payload: 571-590 (20 bytes)]
            [Frame: 4, payload: 591-687 (97 bytes)]
            [Frame: 4, payload: 688-1037 (350 bytes)]
            [Frame: 3, payload: 1038-1943 (906 bytes)]
            [Fragment count: 11]
        TLSv1.3 Record Layer: Handshake Protocol: Client Hello
            Handshake Protocol: Client Hello (last fragment)
            [2 Reassembled Handshake Fragments (1975 bytes): #3(31), #4(1944)]
                [Frame: 3, payload: 0-30 (31 bytes)]
                [Frame: 4, payload: 31-1974 (1944 bytes)]
                [Handshake Fragment count: 2]
            Handshake Protocol: Client Hello
                Handshake Type: Client Hello (1)
                Length: 1971
                Version: TLS 1.2 (0x0303)
                    [Expert Info (Chat/Deprecated): This legacy_version field MUST be ignored. The supported_versions extension is present and MUST be used instead.]
                        [This legacy_version field MUST be ignored. The supported_versions extension is present and MUST be used instead.]
                        [Severity level: Chat]
                        [Group: Deprecated]
                Random: 7176c98f498742249539c6aea97d196792e7d575dc24c9bfdd55b68b5c5b1779
                Session ID Length: 0
                Cipher Suites Length: 6
                Cipher Suites (3 suites)
                    Cipher Suite: TLS_AES_128_GCM_SHA256 (0x1301)
                    Cipher Suite: TLS_AES_256_GCM_SHA384 (0x1302)
                    Cipher Suite: TLS_CHACHA20_POLY1305_SHA256 (0x1303)
                Compression Methods Length: 1
                Compression Methods (1 method)
                    Compression Method: null (0)
                Extensions Length: 1924
                Extension: signature_algorithms (len=20)
                    Type: signature_algorithms (13)
                    Length: 20
                    Signature Hash Algorithms Length: 18
                    Signature Hash Algorithms (9 algorithms)
                        Signature Algorithm: ecdsa_secp256r1_sha256 (0x0403)
                            Signature Hash Algorithm Hash: SHA256 (4)
                            Signature Hash Algorithm Signature: ECDSA (3)
                        Signature Algorithm: rsa_pss_rsae_sha256 (0x0804)
                            Signature Hash Algorithm Hash: Unknown (8)
                            Signature Hash Algorithm Signature: Unknown (4)
                        Signature Algorithm: rsa_pkcs1_sha256 (0x0401)
                            Signature Hash Algorithm Hash: SHA256 (4)
                            Signature Hash Algorithm Signature: RSA (1)
                        Signature Algorithm: ecdsa_secp384r1_sha384 (0x0503)
                            Signature Hash Algorithm Hash: SHA384 (5)
                            Signature Hash Algorithm Signature: ECDSA (3)
                        Signature Algorithm: rsa_pss_rsae_sha384 (0x0805)
                            Signature Hash Algorithm Hash: Unknown (8)
                            Signature Hash Algorithm Signature: Unknown (5)
                        Signature Algorithm: rsa_pkcs1_sha384 (0x0501)
                            Signature Hash Algorithm Hash: SHA384 (5)
                            Signature Hash Algorithm Signature: RSA (1)
                        Signature Algorithm: rsa_pss_rsae_sha512 (0x0806)
                            Signature Hash Algorithm Hash: Unknown (8)
                            Signature Hash Algorithm Signature: Unknown (6)
                        Signature Algorithm: rsa_pkcs1_sha512 (0x0601)
                            Signature Hash Algorithm Hash: SHA512 (6)
                            Signature Hash Algorithm Signature: RSA (1)
                        Signature Algorithm: rsa_pkcs1_sha1 (0x0201)
                            Signature Hash Algorithm Hash: SHA1 (2)
                            Signature Hash Algorithm Signature: RSA (1)
                Extension: encrypted_client_hello (len=218)
                    Type: encrypted_client_hello (65037)
                    Length: 218
                    Client Hello type: Outer Client Hello (0)
                    Cipher Suite: HKDF-SHA256/AES-128-GCM
                        KDF Id: HKDF-SHA256 (1)
                        AEAD Id: AES-128-GCM (1)
                    Config Id: 214
                    Enc length: 32
                    Enc: a58331f3f9f6e126d2c83a95b38d889b03857c7b19844fe6a4e485de95fdbd18
                    Payload length: 176
                    Payload […]: 5cb4aa235d288f8b290ade8209d769369cf350726f2d46e01dd09c4c12ae133c926149396d4aa13daea42902a9e139844b4264e056879d9643d9ad4f9b124f4f0a6429bd1e37990a4f8404b37df698154ebec49f8b0a236ae7b9e197f0907fd15fa161da674b271dcf39c293de9fe26d
                Extension: psk_key_exchange_modes (len=2)
                    Type: psk_key_exchange_modes (45)
                    Length: 2
                    PSK Key Exchange Modes Length: 1
                    PSK Key Exchange Mode: PSK with (EC)DHE key establishment (psk_dhe_ke) (1)
                Extension: application_settings (len=5)
                    Type: application_settings (17613)
                    Length: 5
                    ALPS Extension Length: 3
                    Supported ALPN List
                        Supported ALPN Length: 2
                        Supported ALPN: h3
                Extension: compress_certificate (len=3)
                    Type: compress_certificate (27)
                    Length: 3
                    Algorithms Length: 2
                    Algorithm: brotli (2)
                Extension: server_name (len=21) name=web.whatsapp.com
                    Type: server_name (0)
                    Length: 21
                    Server Name Indication extension
                        Server Name list length: 19
                        Server Name Type: host_name (0)
                        Server Name length: 16
                        Server Name: web.whatsapp.com
                Extension: key_share (len=1258) X25519MLKEM768, x25519
                    Type: key_share (51)
                    Length: 1258
                    Key Share extension
                        Client Key Share Length: 1256
                        Key Share Entry: Group: X25519MLKEM768, Key Exchange length: 1216
                            Group: X25519MLKEM768 (4588)
                            Key Exchange Length: 1216
                            Key Exchange […]: b3582136a2a3d115628680884b71185bf9a3fda69a3aa826bc813d8b3a61b98abeecb40e551606f2b93fce91c936c00dc6c83455fc0f66d47196f52ddc2278b8740f7128a8c1c19224a21b20a9c2173669866063e3d27986c29a15d63a6b2bce8e11c0faec90293344ddb5c45fb
                        Key Share Entry: Group: x25519, Key Exchange length: 32
                            Group: x25519 (29)
                            Key Exchange Length: 32
                            Key Exchange: 6427bb4ba656171478347cdb883b6d27063b8ca51c56c6bb5246a3e0c7e6807b
                Extension: early_data (len=0)
                    Type: early_data (42)
                    Length: 0
                Extension: quic_transport_parameters (len=80)
                    Type: quic_transport_parameters (57)
                    Length: 80
                    Parameter: google_initial_rtt (len=4) 103785 us
                        Type: google_initial_rtt (0x3127)
                        Length: 4
                        Value: 80019569
                        Google Initial RTT: 103785
                    Parameter: max_idle_timeout (len=4) 30000 ms
                        Type: max_idle_timeout (0x01)
                        Length: 4
                        Value: 80007530
                        max_idle_timeout: 30000
                    Parameter: initial_max_stream_data_uni (len=4) 6291456
                        Type: initial_max_stream_data_uni (0x07)
                        Length: 4
                        Value: 80600000
                        initial_max_stream_data_uni: 6291456
                    Parameter: initial_max_streams_uni (len=2) 103
                        Type: initial_max_streams_uni (0x09)
                        Length: 2
                        Value: 4067
                        initial_max_streams_uni: 103
                    Parameter: initial_max_stream_data_bidi_local (len=4) 6291456
                        Type: initial_max_stream_data_bidi_local (0x05)
                        Length: 4
                        Value: 80600000
                        initial_max_stream_data_bidi_local: 6291456
                    Parameter: initial_max_streams_bidi (len=2) 100
                        Type: initial_max_streams_bidi (0x08)
                        Length: 2
                        Value: 4064
                        initial_max_streams_bidi: 100
                    Parameter: initial_max_stream_data_bidi_remote (len=4) 6291456
                        Type: initial_max_stream_data_bidi_remote (0x06)
                        Length: 4
                        Value: 80600000
                        initial_max_stream_data_bidi_remote: 6291456
                    Parameter: max_udp_payload_size (len=2) 1472
                        Type: max_udp_payload_size (0x03)
                        Length: 2
                        Value: 45c0
                        max_udp_payload_size: 1472
                    Parameter: initial_source_connection_id (len=0)
                        Type: initial_source_connection_id (0x0f)
                        Length: 0
                        Initial Source Connection ID: <MISSING>
                    Parameter: GREASE (len=0)
                        Type: GREASE (0x3b8875754450a185)
                        Length: 0
                    Parameter: initial_max_data (len=4) 15728640
                        Type: initial_max_data (0x04)
                        Length: 4
                        Value: 80f00000
                        initial_max_data: 15728640
                    Parameter: version_information (len=12)
                        Type: version_information (0x11)
                        Length: 12
                        Value: 00000001000000013afa0a0a
                        Chosen Version: 1 (0x00000001)
                        Other Version: 1 (0x00000001)
                        Other Version: Unknown (0x3afa0a0a) (GREASE)
                    Parameter: max_datagram_frame_size (len=4) 65536
                        Type: max_datagram_frame_size (0x20)
                        Length: 4
                        Value: 80010000
                        max_datagram_frame_size: 65536
                Extension: application_layer_protocol_negotiation (len=5)
                    Type: application_layer_protocol_negotiation (16)
                    Length: 5
                    ALPN Extension Length: 3
                    ALPN Protocol
                        ALPN string length: 2
                        ALPN Next Protocol: h3
                Extension: supported_versions (len=3) TLS 1.3
                    Type: supported_versions (43)
                    Length: 3
                    Supported Versions length: 2
                    Supported Version: TLS 1.3 (0x0304)
                Extension: supported_groups (len=10)
                    Type: supported_groups (10)
                    Length: 10
                    Supported Groups List Length: 8
                    Supported Groups (4 groups)
                        Supported Group: X25519MLKEM768 (0x11ec)
                        Supported Group: x25519 (0x001d)
                        Supported Group: secp256r1 (0x0017)
                        Supported Group: secp384r1 (0x0018)
                Extension: pre_shared_key (len=247)
                    Type: pre_shared_key (41)
                    Length: 247
                    Pre-Shared Key extension
                        Identities Length: 210
                        PSK Identity (length: 204)
                            Identity Length: 204
                            Identity […]: 55aaac84f3fd981b67409190647e83ea884f59051dd498cd1ce6889a5ffb16f000000000ee6648ca91b05c95b4e8899a53b38a8a858691ab9f578c9805bacbd127d459886eb4f2fc56d7ecdddcc03192f9747ae235f6cfe5feea037b48fdcde71d94371f8ee512c7ff74db8d9a4d949
                            Obfuscated Ticket Age: 3455099068
                        PSK Binders length: 33
                        PSK Binders
                            PSK Binder (length: 32)
                                Binder Length: 32
                                Binder: c3a5d44e0a7712eafe56c036a786a353c71074304ae6e5ae17244b83f641bf8a
                [JA4: q13d0313h3_55b375c5d22e_226f3f127bbe]
                [JA4_r: q13d0313h3_1301,1302,1303_000a,000d,001b,0029,002a,002b,002d,0033,0039,44cd,fe0d_0403,0804,0401,0503,0805,0501,0806,0601,0201]
                [JA3 Fullstring: 771,4865-4866-4867,13-65037-45-17613-27-0-51-42-57-16-43-10-41,4588-29-23-24,]
                [JA3: 4f592af9d6da7c36bc16bc833d1273c6]
    PADDING Length: 3
        Frame Type: PADDING (0x0000000000000000)
        [Padding Length: 3]

Frame 5: Packet, 120 bytes on wire (960 bits), 120 bytes captured (960 bits) on interface \Device\NPF_{9B9257DC-FAC1-4993-B12F-136D7BA5E874}, id 0
    Section number: 1
    Interface id: 0 (\Device\NPF_{9B9257DC-FAC1-4993-B12F-136D7BA5E874})
        Interface name: \Device\NPF_{9B9257DC-FAC1-4993-B12F-136D7BA5E874}
        Interface description: Wi-Fi
    Encapsulation type: Ethernet (1)
    Arrival Time: Apr  9, 2026 19:24:23.408291600 India Standard Time
    UTC Arrival Time: Apr  9, 2026 13:54:23.408291600 UTC
    Epoch Arrival Time: 1775742863.408291600
    [Time shift for this packet: 0.000000000 seconds]
    [Time delta from previous captured frame: 132.800 microseconds]
    [Time delta from previous displayed frame: 132.800 microseconds]
    [Time since reference or first frame: 1.012593800 seconds]
    Frame Number: 5
    Frame Length: 120 bytes (960 bits)
    Capture Length: 120 bytes (960 bits)
    [Frame is marked: False]
    [Frame is ignored: False]
    [Protocols in frame: eth:ethertype:ip:udp:quic]
    Character encoding: ASCII (0)
Ethernet II, Src: 96:77:0b:05:d4:0b (96:77:0b:05:d4:0b), Dst: HewlettPacka_3a:cc:1d (28:92:4a:3a:cc:1d)
    Destination: HewlettPacka_3a:cc:1d (28:92:4a:3a:cc:1d)
        .... ..0. .... .... .... .... = LG bit: Globally unique address (factory default)
        .... ...0 .... .... .... .... = IG bit: Individual address (unicast)
    Source: 96:77:0b:05:d4:0b (96:77:0b:05:d4:0b)
        .... ..1. .... .... .... .... = LG bit: Locally administered address (this is NOT the factory default)
        .... ...0 .... .... .... .... = IG bit: Individual address (unicast)
    Type: IPv4 (0x0800)
    [Stream index: 0]
Internet Protocol Version 4, Src: 172.16.90.227, Dst: 57.144.213.32
    0100 .... = Version: 4
    .... 0101 = Header Length: 20 bytes (5)
    Differentiated Services Field: 0x00 (DSCP: CS0, ECN: Not-ECT)
        0000 00.. = Differentiated Services Codepoint: Default (0)
        .... ..00 = Explicit Congestion Notification: Not ECN-Capable Transport (0)
    Total Length: 106
    Identification: 0xf975 (63861)
    010. .... = Flags: 0x2, Don't fragment
        0... .... = Reserved bit: Not set
        .1.. .... = Don't fragment: Set
        ..0. .... = More fragments: Not set
    ...0 0000 0000 0000 = Fragment Offset: 0
    Time to Live: 128
    Protocol: UDP (17)
    Header Checksum: 0x0000 [validation disabled]
    [Header checksum status: Unverified]
    Source Address: 172.16.90.227
    Destination Address: 57.144.213.32
    [Stream index: 1]
User Datagram Protocol, Src Port: 53047, Dst Port: 443
    Source Port: 53047
    Destination Port: 443
    Length: 86
    Checksum: 0x160c [unverified]
    [Checksum Status: Unverified]
    [Stream index: 1]
    [Stream Packet Number: 3]
    [Timestamps]
        [Time since first frame: 189.800 microseconds]
        [Time since previous frame: 132.800 microseconds]
    UDP payload (78 bytes)
QUIC IETF
    QUIC Connection information
        [Connection Number: 0]
    [Packet Length: 78]
    1... .... = Header Form: Long Header (1)
    .1.. .... = Fixed Bit: True
    ..01 .... = Packet Type: 0-RTT (1)
    Version: 1 (0x00000001)
    Destination Connection ID Length: 8
    Destination Connection ID: fd331d32bcf3580f
    Source Connection ID Length: 0
    Length: 61
    [Expert Info (Warning/Decryption): Failed to create decryption context: Secrets are not available]
        [Failed to create decryption context: Secrets are not available]
        [Severity level: Warning]
        [Group: Decryption]
    Remaining Payload: e3230dbdc50a8f9100ba92a85f29ad5d8a570dc6b27b4268448ca0ce25240d4ec7f8b2149500543911cecb06a08833611eb92dd228dc4ef968278d8c4c

Frame 6: Packet, 984 bytes on wire (7872 bits), 984 bytes captured (7872 bits) on interface \Device\NPF_{9B9257DC-FAC1-4993-B12F-136D7BA5E874}, id 0
    Section number: 1
    Interface id: 0 (\Device\NPF_{9B9257DC-FAC1-4993-B12F-136D7BA5E874})
        Interface name: \Device\NPF_{9B9257DC-FAC1-4993-B12F-136D7BA5E874}
        Interface description: Wi-Fi
    Encapsulation type: Ethernet (1)
    Arrival Time: Apr  9, 2026 19:24:23.408593300 India Standard Time
    UTC Arrival Time: Apr  9, 2026 13:54:23.408593300 UTC
    Epoch Arrival Time: 1775742863.408593300
    [Time shift for this packet: 0.000000000 seconds]
    [Time delta from previous captured frame: 301.700 microseconds]
    [Time delta from previous displayed frame: 301.700 microseconds]
    [Time since reference or first frame: 1.012895500 seconds]
    Frame Number: 6
    Frame Length: 984 bytes (7872 bits)
    Capture Length: 984 bytes (7872 bits)
    [Frame is marked: False]
    [Frame is ignored: False]
    [Protocols in frame: eth:ethertype:ip:udp:quic]
    Character encoding: ASCII (0)
Ethernet II, Src: 96:77:0b:05:d4:0b (96:77:0b:05:d4:0b), Dst: HewlettPacka_3a:cc:1d (28:92:4a:3a:cc:1d)
    Destination: HewlettPacka_3a:cc:1d (28:92:4a:3a:cc:1d)
        .... ..0. .... .... .... .... = LG bit: Globally unique address (factory default)
        .... ...0 .... .... .... .... = IG bit: Individual address (unicast)
    Source: 96:77:0b:05:d4:0b (96:77:0b:05:d4:0b)
        .... ..1. .... .... .... .... = LG bit: Locally administered address (this is NOT the factory default)
        .... ...0 .... .... .... .... = IG bit: Individual address (unicast)
    Type: IPv4 (0x0800)
    [Stream index: 0]
Internet Protocol Version 4, Src: 172.16.90.227, Dst: 57.144.213.32
    0100 .... = Version: 4
    .... 0101 = Header Length: 20 bytes (5)
    Differentiated Services Field: 0x00 (DSCP: CS0, ECN: Not-ECT)
        0000 00.. = Differentiated Services Codepoint: Default (0)
        .... ..00 = Explicit Congestion Notification: Not ECN-Capable Transport (0)
    Total Length: 970
    Identification: 0xf976 (63862)
    010. .... = Flags: 0x2, Don't fragment
        0... .... = Reserved bit: Not set
        .1.. .... = Don't fragment: Set
        ..0. .... = More fragments: Not set
    ...0 0000 0000 0000 = Fragment Offset: 0
    Time to Live: 128
    Protocol: UDP (17)
    Header Checksum: 0x0000 [validation disabled]
    [Header checksum status: Unverified]
    Source Address: 172.16.90.227
    Destination Address: 57.144.213.32
    [Stream index: 1]
User Datagram Protocol, Src Port: 53047, Dst Port: 443
    Source Port: 53047
    Destination Port: 443
    Length: 950
    Checksum: 0x196c [unverified]
    [Checksum Status: Unverified]
    [Stream index: 1]
    [Stream Packet Number: 4]
    [Timestamps]
        [Time since first frame: 491.500 microseconds]
        [Time since previous frame: 301.700 microseconds]
    UDP payload (942 bytes)
QUIC IETF
    QUIC Connection information
        [Connection Number: 0]
    [Packet Length: 942]
    1... .... = Header Form: Long Header (1)
    .1.. .... = Fixed Bit: True
    ..01 .... = Packet Type: 0-RTT (1)
    Version: 1 (0x00000001)
    Destination Connection ID Length: 8
    Destination Connection ID: fd331d32bcf3580f
    Source Connection ID Length: 0
    Length: 925
    [Expert Info (Warning/Decryption): Failed to create decryption context: Secrets are not available]
        [Failed to create decryption context: Secrets are not available]
        [Severity level: Warning]
        [Group: Decryption]
    Remaining Payload […]: c7f0643c987c1ce58e52ead2d66b7e0ad19e434193aed5b5d03df111fb0f1280196e931771d533fbd6e2de7aed03f8ee9fe2a1377dbc2eeb050ae9e9707f4584c4cda3058f85d5a95a4e9e4afb25d88695c4556fe0864ee0af1c24170aad3e72b36b141f2596499536612b

Frame 7: Packet, 1278 bytes on wire (10224 bits), 1278 bytes captured (10224 bits) on interface \Device\NPF_{9B9257DC-FAC1-4993-B12F-136D7BA5E874}, id 0
    Section number: 1
    Interface id: 0 (\Device\NPF_{9B9257DC-FAC1-4993-B12F-136D7BA5E874})
        Interface name: \Device\NPF_{9B9257DC-FAC1-4993-B12F-136D7BA5E874}
        Interface description: Wi-Fi
    Encapsulation type: Ethernet (1)
    Arrival Time: Apr  9, 2026 19:24:23.414070900 India Standard Time
    UTC Arrival Time: Apr  9, 2026 13:54:23.414070900 UTC
    Epoch Arrival Time: 1775742863.414070900
    [Time shift for this packet: 0.000000000 seconds]
    [Time delta from previous captured frame: 5.477600 milliseconds]
    [Time delta from previous displayed frame: 5.477600 milliseconds]
    [Time since reference or first frame: 1.018373100 seconds]
    Frame Number: 7
    Frame Length: 1278 bytes (10224 bits)
    Capture Length: 1278 bytes (10224 bits)
    [Frame is marked: False]
    [Frame is ignored: False]
    [Protocols in frame: eth:ethertype:vlan:ethertype:ip:udp:quic:tls]
    Character encoding: ASCII (0)
Ethernet II, Src: HewlettPacka_3a:cc:1d (28:92:4a:3a:cc:1d), Dst: 96:77:0b:05:d4:0b (96:77:0b:05:d4:0b)
    Destination: 96:77:0b:05:d4:0b (96:77:0b:05:d4:0b)
        .... ..1. .... .... .... .... = LG bit: Locally administered address (this is NOT the factory default)
        .... ...0 .... .... .... .... = IG bit: Individual address (unicast)
    Source: HewlettPacka_3a:cc:1d (28:92:4a:3a:cc:1d)
        .... ..0. .... .... .... .... = LG bit: Globally unique address (factory default)
        .... ...0 .... .... .... .... = IG bit: Individual address (unicast)
    Type: 802.1Q Virtual LAN (0x8100)
    [Stream index: 0]
802.1Q Virtual LAN, PRI: 0, DEI: 0, ID: 0
    000. .... .... .... = Priority: Best Effort (default) (0)
    ...0 .... .... .... = DEI: Ineligible
    .... 0000 0000 0000 = ID: 0
    Type: IPv4 (0x0800)
Internet Protocol Version 4, Src: 57.144.213.32, Dst: 172.16.90.227
    0100 .... = Version: 4
    .... 0101 = Header Length: 20 bytes (5)
    Differentiated Services Field: 0xb8 (DSCP: EF, ECN: Not-ECT)
        1011 10.. = Differentiated Services Codepoint: Expedited Forwarding (46)
        .... ..00 = Explicit Congestion Notification: Not ECN-Capable Transport (0)
    Total Length: 1260
    Identification: 0x0000 (0)
    010. .... = Flags: 0x2, Don't fragment
        0... .... = Reserved bit: Not set
        .1.. .... = Don't fragment: Set
        ..0. .... = More fragments: Not set
    ...0 0000 0000 0000 = Fragment Offset: 0
    Time to Live: 86
    Protocol: UDP (17)
    Header Checksum: 0x09a5 [validation disabled]
    [Header checksum status: Unverified]
    Source Address: 57.144.213.32
    Destination Address: 172.16.90.227
    [Stream index: 1]
User Datagram Protocol, Src Port: 443, Dst Port: 53047
    Source Port: 443
    Destination Port: 53047
    Length: 1240
    Checksum: 0x78ec [unverified]
    [Checksum Status: Unverified]
    [Stream index: 1]
    [Stream Packet Number: 5]
    [Timestamps]
        [Time since first frame: 5.969100 milliseconds]
        [Time since previous frame: 5.477600 milliseconds]
    UDP payload (1232 bytes)
QUIC IETF
    QUIC Connection information
        [Connection Number: 0]
    [Packet Length: 1232]
    1... .... = Header Form: Long Header (1)
    .1.. .... = Fixed Bit: True
    ..00 .... = Packet Type: Initial (0)
    [.... 00.. = Reserved: 0]
    [.... ..11 = Packet Number Length: 4 bytes (3)]
    Version: 1 (0x00000001)
    Destination Connection ID Length: 0
    Source Connection ID Length: 8
    Source Connection ID: 850010731f1862a8
    Token Length: 0
    Length: 1214
    [Packet Number: 11739668]
    Payload […]: 34d7b05a791013380ce9ba8db8f7196a060c454f8f78535a4732ec393f49164b2b73395ef7ec1cefdb267f45841cc145f98621fb51ebe40a075c48a3efde024676196d2a2d6db4acf3757a775fe65ea3d0317f9d012647d014ff6c245253238e8d844207a7828deb0f4481933f55abd7
    CRYPTO
        Frame Type: CRYPTO (0x0000000000000006)
        Offset: 0
        Length: 1184
        Crypto Data
        TLSv1.3 Record Layer: Handshake Protocol: Server Hello
            Handshake Protocol: Server Hello
                Handshake Type: Server Hello (2)
                Length: 1180
                Version: TLS 1.2 (0x0303)
                    [Expert Info (Chat/Deprecated): This legacy_version field MUST be ignored. The supported_versions extension is present and MUST be used instead.]
                        [This legacy_version field MUST be ignored. The supported_versions extension is present and MUST be used instead.]
                        [Severity level: Chat]
                        [Group: Deprecated]
                Random: 266a42779493580ff231f1c10284faa74652968662c09f3df7b0f489a4e33b81
                Session ID Length: 0
                Cipher Suite: TLS_AES_128_GCM_SHA256 (0x1301)
                Compression Method: null (0)
                Extensions Length: 1140
                Extension: supported_versions (len=2) TLS 1.3
                    Type: supported_versions (43)
                    Length: 2
                    Supported Version: TLS 1.3 (0x0304)
                Extension: key_share (len=1124) X25519MLKEM768
                    Type: key_share (51)
                    Length: 1124
                    Key Share extension
                        Key Share Entry: Group: X25519MLKEM768, Key Exchange length: 1120
                            Group: X25519MLKEM768 (4588)
                            Key Exchange Length: 1120
                            Key Exchange […]: 9d7d2a7b328aef15cb436007a4ce396c5c09d4cf2b5aa576e684b46fb4fc7c13588ac0007d784dc5372d1e12aa1af5cbef57880de04459a0db33c2e694d4633eda395696e4c99c5d7f3df6b756b21ea233d3af8f21084f8f404bc58f21f050bd27dcfd7068e2921f8a07b149d25
                Extension: pre_shared_key (len=2)
                    Type: pre_shared_key (41)
                    Length: 2
                    Pre-Shared Key extension
                        Selected Identity: 0
                [JA3S Fullstring: 771,4865,43-51-41]
                [JA3S: fcb2d4d0991292272fcb1e464eedfd43]
    ACK
        Frame Type: ACK (0x0000000000000002)
        Largest Acknowledged: 2
        ACK Delay: 115
        ACK Range Count: 0
        First ACK Range: 1

Frame 8: Packet, 971 bytes on wire (7768 bits), 971 bytes captured (7768 bits) on interface \Device\NPF_{9B9257DC-FAC1-4993-B12F-136D7BA5E874}, id 0
    Section number: 1
    Interface id: 0 (\Device\NPF_{9B9257DC-FAC1-4993-B12F-136D7BA5E874})
        Interface name: \Device\NPF_{9B9257DC-FAC1-4993-B12F-136D7BA5E874}
        Interface description: Wi-Fi
    Encapsulation type: Ethernet (1)
    Arrival Time: Apr  9, 2026 19:24:23.414120900 India Standard Time
    UTC Arrival Time: Apr  9, 2026 13:54:23.414120900 UTC
    Epoch Arrival Time: 1775742863.414120900
    [Time shift for this packet: 0.000000000 seconds]
    [Time delta from previous captured frame: 50.000 microseconds]
    [Time delta from previous displayed frame: 50.000 microseconds]
    [Time since reference or first frame: 1.018423100 seconds]
    Frame Number: 8
    Frame Length: 971 bytes (7768 bits)
    Capture Length: 971 bytes (7768 bits)
    [Frame is marked: False]
    [Frame is ignored: False]
    [Protocols in frame: eth:ethertype:vlan:ethertype:ip:udp:quic]
    Character encoding: ASCII (0)
Ethernet II, Src: HewlettPacka_3a:cc:1d (28:92:4a:3a:cc:1d), Dst: 96:77:0b:05:d4:0b (96:77:0b:05:d4:0b)
    Destination: 96:77:0b:05:d4:0b (96:77:0b:05:d4:0b)
        .... ..1. .... .... .... .... = LG bit: Locally administered address (this is NOT the factory default)
        .... ...0 .... .... .... .... = IG bit: Individual address (unicast)
    Source: HewlettPacka_3a:cc:1d (28:92:4a:3a:cc:1d)
        .... ..0. .... .... .... .... = LG bit: Globally unique address (factory default)
        .... ...0 .... .... .... .... = IG bit: Individual address (unicast)
    Type: 802.1Q Virtual LAN (0x8100)
    [Stream index: 0]
802.1Q Virtual LAN, PRI: 0, DEI: 0, ID: 0
    000. .... .... .... = Priority: Best Effort (default) (0)
    ...0 .... .... .... = DEI: Ineligible
    .... 0000 0000 0000 = ID: 0
    Type: IPv4 (0x0800)
Internet Protocol Version 4, Src: 57.144.213.32, Dst: 172.16.90.227
    0100 .... = Version: 4
    .... 0101 = Header Length: 20 bytes (5)
    Differentiated Services Field: 0xb8 (DSCP: EF, ECN: Not-ECT)
        1011 10.. = Differentiated Services Codepoint: Expedited Forwarding (46)
        .... ..00 = Explicit Congestion Notification: Not ECN-Capable Transport (0)
    Total Length: 953
    Identification: 0x0000 (0)
    010. .... = Flags: 0x2, Don't fragment
        0... .... = Reserved bit: Not set
        .1.. .... = Don't fragment: Set
        ..0. .... = More fragments: Not set
    ...0 0000 0000 0000 = Fragment Offset: 0
    Time to Live: 86
    Protocol: UDP (17)
    Header Checksum: 0x0ad8 [validation disabled]
    [Header checksum status: Unverified]
    Source Address: 57.144.213.32
    Destination Address: 172.16.90.227
    [Stream index: 1]
User Datagram Protocol, Src Port: 443, Dst Port: 53047
    Source Port: 443
    Destination Port: 53047
    Length: 933
    Checksum: 0x79b3 [unverified]
    [Checksum Status: Unverified]
    [Stream index: 1]
    [Stream Packet Number: 6]
    [Timestamps]
        [Time since first frame: 6.019100 milliseconds]
        [Time since previous frame: 50.000 microseconds]
    UDP payload (925 bytes)
QUIC IETF
    QUIC Connection information
        [Connection Number: 0]
    [Packet Length: 925]
    1... .... = Header Form: Long Header (1)
    .1.. .... = Fixed Bit: True
    ..10 .... = Packet Type: Handshake (2)
    Version: 1 (0x00000001)
    Destination Connection ID Length: 0
    Source Connection ID Length: 8
    Source Connection ID: 850010731f1862a8
    Length: 908
    [Expert Info (Warning/Decryption): Failed to create decryption context: Secrets are not available]
        [Failed to create decryption context: Secrets are not available]
        [Severity level: Warning]
        [Group: Decryption]
    Remaining Payload […]: e554cbb4f5928073526d6a32c581f5fc964dab5cdc4f056bdd8e1bff7074116a5a3374a98301626b60e1693575570c5a8ac7a1f0f4a2b2792ca346e53e8c5ac21dcd06cf43e939d4ba4e991bfceb442c3d9b966f7224b64147c42099779552b4323b2fcc56dfed5339dd84

Frame 9: Packet, 123 bytes on wire (984 bits), 123 bytes captured (984 bits) on interface \Device\NPF_{9B9257DC-FAC1-4993-B12F-136D7BA5E874}, id 0
    Section number: 1
    Interface id: 0 (\Device\NPF_{9B9257DC-FAC1-4993-B12F-136D7BA5E874})
        Interface name: \Device\NPF_{9B9257DC-FAC1-4993-B12F-136D7BA5E874}
        Interface description: Wi-Fi
    Encapsulation type: Ethernet (1)
    Arrival Time: Apr  9, 2026 19:24:23.414604000 India Standard Time
    UTC Arrival Time: Apr  9, 2026 13:54:23.414604000 UTC
    Epoch Arrival Time: 1775742863.414604000
    [Time shift for this packet: 0.000000000 seconds]
    [Time delta from previous captured frame: 483.100 microseconds]
    [Time delta from previous displayed frame: 483.100 microseconds]
    [Time since reference or first frame: 1.018906200 seconds]
    Frame Number: 9
    Frame Length: 123 bytes (984 bits)
    Capture Length: 123 bytes (984 bits)
    [Frame is marked: False]
    [Frame is ignored: False]
    [Protocols in frame: eth:ethertype:ip:udp:quic]
    Character encoding: ASCII (0)
Ethernet II, Src: 96:77:0b:05:d4:0b (96:77:0b:05:d4:0b), Dst: HewlettPacka_3a:cc:1d (28:92:4a:3a:cc:1d)
    Destination: HewlettPacka_3a:cc:1d (28:92:4a:3a:cc:1d)
        .... ..0. .... .... .... .... = LG bit: Globally unique address (factory default)
        .... ...0 .... .... .... .... = IG bit: Individual address (unicast)
    Source: 96:77:0b:05:d4:0b (96:77:0b:05:d4:0b)
        .... ..1. .... .... .... .... = LG bit: Locally administered address (this is NOT the factory default)
        .... ...0 .... .... .... .... = IG bit: Individual address (unicast)
    Type: IPv4 (0x0800)
    [Stream index: 0]
Internet Protocol Version 4, Src: 172.16.90.227, Dst: 57.144.213.32
    0100 .... = Version: 4
    .... 0101 = Header Length: 20 bytes (5)
    Differentiated Services Field: 0x00 (DSCP: CS0, ECN: Not-ECT)
        0000 00.. = Differentiated Services Codepoint: Default (0)
        .... ..00 = Explicit Congestion Notification: Not ECN-Capable Transport (0)
    Total Length: 109
    Identification: 0xf977 (63863)
    010. .... = Flags: 0x2, Don't fragment
        0... .... = Reserved bit: Not set
        .1.. .... = Don't fragment: Set
        ..0. .... = More fragments: Not set
    ...0 0000 0000 0000 = Fragment Offset: 0
    Time to Live: 128
    Protocol: UDP (17)
    Header Checksum: 0x0000 [validation disabled]
    [Header checksum status: Unverified]
    Source Address: 172.16.90.227
    Destination Address: 57.144.213.32
    [Stream index: 1]
User Datagram Protocol, Src Port: 53047, Dst Port: 443
    Source Port: 53047
    Destination Port: 443
    Length: 89
    Checksum: 0x160f [unverified]
    [Checksum Status: Unverified]
    [Stream index: 1]
    [Stream Packet Number: 7]
    [Timestamps]
        [Time since first frame: 6.502200 milliseconds]
        [Time since previous frame: 483.100 microseconds]
    UDP payload (81 bytes)
QUIC IETF
    QUIC Connection information
        [Connection Number: 0]
    [Packet Length: 81]
    1... .... = Header Form: Long Header (1)
    .1.. .... = Fixed Bit: True
    ..10 .... = Packet Type: Handshake (2)
    Version: 1 (0x00000001)
    Destination Connection ID Length: 8
    Destination Connection ID: 850010731f1862a8
    Source Connection ID Length: 0
    Length: 64
    [Expert Info (Warning/Decryption): Failed to create decryption context: Secrets are not available]
        [Failed to create decryption context: Secrets are not available]
        [Severity level: Warning]
        [Group: Decryption]
    Remaining Payload: a8b964455ece54f0ff210e443bf5d0d5d1105d1433e81edf20f1940fac217a5a0da0beaf5faff03ccdee7267a3abeaf4de7dc974703ff73382b92915157604fa

Frame 10: Packet, 126 bytes on wire (1008 bits), 126 bytes captured (1008 bits) on interface \Device\NPF_{9B9257DC-FAC1-4993-B12F-136D7BA5E874}, id 0
    Section number: 1
    Interface id: 0 (\Device\NPF_{9B9257DC-FAC1-4993-B12F-136D7BA5E874})
        Interface name: \Device\NPF_{9B9257DC-FAC1-4993-B12F-136D7BA5E874}
        Interface description: Wi-Fi
    Encapsulation type: Ethernet (1)
    Arrival Time: Apr  9, 2026 19:24:23.414918600 India Standard Time
    UTC Arrival Time: Apr  9, 2026 13:54:23.414918600 UTC
    Epoch Arrival Time: 1775742863.414918600
    [Time shift for this packet: 0.000000000 seconds]
    [Time delta from previous captured frame: 314.600 microseconds]
    [Time delta from previous displayed frame: 314.600 microseconds]
    [Time since reference or first frame: 1.019220800 seconds]
    Frame Number: 10
    Frame Length: 126 bytes (1008 bits)
    Capture Length: 126 bytes (1008 bits)
    [Frame is marked: False]
    [Frame is ignored: False]
    [Protocols in frame: eth:ethertype:vlan:ethertype:ip:udp:quic]
    Character encoding: ASCII (0)
Ethernet II, Src: HewlettPacka_3a:cc:1d (28:92:4a:3a:cc:1d), Dst: 96:77:0b:05:d4:0b (96:77:0b:05:d4:0b)
    Destination: 96:77:0b:05:d4:0b (96:77:0b:05:d4:0b)
        .... ..1. .... .... .... .... = LG bit: Locally administered address (this is NOT the factory default)
        .... ...0 .... .... .... .... = IG bit: Individual address (unicast)
    Source: HewlettPacka_3a:cc:1d (28:92:4a:3a:cc:1d)
        .... ..0. .... .... .... .... = LG bit: Globally unique address (factory default)
        .... ...0 .... .... .... .... = IG bit: Individual address (unicast)
    Type: 802.1Q Virtual LAN (0x8100)
    [Stream index: 0]
802.1Q Virtual LAN, PRI: 0, DEI: 0, ID: 0
    000. .... .... .... = Priority: Best Effort (default) (0)
    ...0 .... .... .... = DEI: Ineligible
    .... 0000 0000 0000 = ID: 0
    Type: IPv4 (0x0800)
Internet Protocol Version 4, Src: 57.144.213.32, Dst: 172.16.90.227
    0100 .... = Version: 4
    .... 0101 = Header Length: 20 bytes (5)
    Differentiated Services Field: 0xb8 (DSCP: EF, ECN: Not-ECT)
        1011 10.. = Differentiated Services Codepoint: Expedited Forwarding (46)
        .... ..00 = Explicit Congestion Notification: Not ECN-Capable Transport (0)
    Total Length: 108
    Identification: 0x0000 (0)
    010. .... = Flags: 0x2, Don't fragment
        0... .... = Reserved bit: Not set
        .1.. .... = Don't fragment: Set
        ..0. .... = More fragments: Not set
    ...0 0000 0000 0000 = Fragment Offset: 0
    Time to Live: 86
    Protocol: UDP (17)
    Header Checksum: 0x0e25 [validation disabled]
    [Header checksum status: Unverified]
    Source Address: 57.144.213.32
    Destination Address: 172.16.90.227
    [Stream index: 1]
User Datagram Protocol, Src Port: 443, Dst Port: 53047
    Source Port: 443
    Destination Port: 53047
    Length: 88
    Checksum: 0xb473 [unverified]
    [Checksum Status: Unverified]
    [Stream index: 1]
    [Stream Packet Number: 8]
    [Timestamps]
        [Time since first frame: 6.816800 milliseconds]
        [Time since previous frame: 314.600 microseconds]
    UDP payload (80 bytes)
QUIC IETF
    QUIC Connection information
        [Connection Number: 0]
    [Packet Length: 80]
    QUIC Short Header
        0... .... = Header Form: Short Header (0)
        .1.. .... = Fixed Bit: True
        ..0. .... = Spin Bit: False
    [Expert Info (Warning/Decryption): Failed to create decryption context: Secrets are not available]
        [Failed to create decryption context: Secrets are not available]
        [Severity level: Warning]
        [Group: Decryption]
    Remaining Payload: aac40b1a51472a397de89753c4dd7d528b26c7aa420a10927254312f4c9e893e46f7b3bc53633f82034e56b6c92bb792f590222096c6a7ce9bf54ae95efe633bf800be673994aea32cc23f2f053014

Frame 11: Packet, 94 bytes on wire (752 bits), 94 bytes captured (752 bits) on interface \Device\NPF_{9B9257DC-FAC1-4993-B12F-136D7BA5E874}, id 0
    Section number: 1
    Interface id: 0 (\Device\NPF_{9B9257DC-FAC1-4993-B12F-136D7BA5E874})
        Interface name: \Device\NPF_{9B9257DC-FAC1-4993-B12F-136D7BA5E874}
        Interface description: Wi-Fi
    Encapsulation type: Ethernet (1)
    Arrival Time: Apr  9, 2026 19:24:23.414918600 India Standard Time
    UTC Arrival Time: Apr  9, 2026 13:54:23.414918600 UTC
    Epoch Arrival Time: 1775742863.414918600
    [Time shift for this packet: 0.000000000 seconds]
    [Time delta from previous captured frame: 0.000000000 seconds]
    [Time delta from previous displayed frame: 0.000000000 seconds]
    [Time since reference or first frame: 1.019220800 seconds]
    Frame Number: 11
    Frame Length: 94 bytes (752 bits)
    Capture Length: 94 bytes (752 bits)
    [Frame is marked: False]
    [Frame is ignored: False]
    [Protocols in frame: eth:ethertype:vlan:ethertype:ip:udp:quic]
    Character encoding: ASCII (0)
Ethernet II, Src: HewlettPacka_3a:cc:1d (28:92:4a:3a:cc:1d), Dst: 96:77:0b:05:d4:0b (96:77:0b:05:d4:0b)
    Destination: 96:77:0b:05:d4:0b (96:77:0b:05:d4:0b)
        .... ..1. .... .... .... .... = LG bit: Locally administered address (this is NOT the factory default)
        .... ...0 .... .... .... .... = IG bit: Individual address (unicast)
    Source: HewlettPacka_3a:cc:1d (28:92:4a:3a:cc:1d)
        .... ..0. .... .... .... .... = LG bit: Globally unique address (factory default)
        .... ...0 .... .... .... .... = IG bit: Individual address (unicast)
    Type: 802.1Q Virtual LAN (0x8100)
    [Stream index: 0]
802.1Q Virtual LAN, PRI: 0, DEI: 0, ID: 0
    000. .... .... .... = Priority: Best Effort (default) (0)
    ...0 .... .... .... = DEI: Ineligible
    .... 0000 0000 0000 = ID: 0
    Type: IPv4 (0x0800)
Internet Protocol Version 4, Src: 57.144.213.32, Dst: 172.16.90.227
    0100 .... = Version: 4
    .... 0101 = Header Length: 20 bytes (5)
    Differentiated Services Field: 0xb8 (DSCP: EF, ECN: Not-ECT)
        1011 10.. = Differentiated Services Codepoint: Expedited Forwarding (46)
        .... ..00 = Explicit Congestion Notification: Not ECN-Capable Transport (0)
    Total Length: 76
    Identification: 0x0000 (0)
    010. .... = Flags: 0x2, Don't fragment
        0... .... = Reserved bit: Not set
        .1.. .... = Don't fragment: Set
        ..0. .... = More fragments: Not set
    ...0 0000 0000 0000 = Fragment Offset: 0
    Time to Live: 86
    Protocol: UDP (17)
    Header Checksum: 0x0e45 [validation disabled]
    [Header checksum status: Unverified]
    Source Address: 57.144.213.32
    Destination Address: 172.16.90.227
    [Stream index: 1]
User Datagram Protocol, Src Port: 443, Dst Port: 53047
    Source Port: 443
    Destination Port: 53047
    Length: 56
    Checksum: 0x36c6 [unverified]
    [Checksum Status: Unverified]
    [Stream index: 1]
    [Stream Packet Number: 9]
    [Timestamps]
        [Time since first frame: 6.816800 milliseconds]
        [Time since previous frame: 0.000000000 seconds]
    UDP payload (48 bytes)
QUIC IETF
    QUIC Connection information
        [Connection Number: 0]
    [Packet Length: 48]
    QUIC Short Header
        0... .... = Header Form: Short Header (0)
        .1.. .... = Fixed Bit: True
        ..0. .... = Spin Bit: False
    Remaining Payload: 50762cf2791f520c9337215dbac09fe95d9b68bfc5db2a53eab6dc79eef1bc07f1a81c79a8b17a594c70f59375d1b7

Frame 12: Packet, 286 bytes on wire (2288 bits), 286 bytes captured (2288 bits) on interface \Device\NPF_{9B9257DC-FAC1-4993-B12F-136D7BA5E874}, id 0
    Section number: 1
    Interface id: 0 (\Device\NPF_{9B9257DC-FAC1-4993-B12F-136D7BA5E874})
        Interface name: \Device\NPF_{9B9257DC-FAC1-4993-B12F-136D7BA5E874}
        Interface description: Wi-Fi
    Encapsulation type: Ethernet (1)
    Arrival Time: Apr  9, 2026 19:24:23.414918600 India Standard Time
    UTC Arrival Time: Apr  9, 2026 13:54:23.414918600 UTC
    Epoch Arrival Time: 1775742863.414918600
    [Time shift for this packet: 0.000000000 seconds]
    [Time delta from previous captured frame: 0.000000000 seconds]
    [Time delta from previous displayed frame: 0.000000000 seconds]
    [Time since reference or first frame: 1.019220800 seconds]
    Frame Number: 12
    Frame Length: 286 bytes (2288 bits)
    Capture Length: 286 bytes (2288 bits)
    [Frame is marked: False]
    [Frame is ignored: False]
    [Protocols in frame: eth:ethertype:vlan:ethertype:ip:udp:quic]
    Character encoding: ASCII (0)
Ethernet II, Src: HewlettPacka_3a:cc:1d (28:92:4a:3a:cc:1d), Dst: 96:77:0b:05:d4:0b (96:77:0b:05:d4:0b)
    Destination: 96:77:0b:05:d4:0b (96:77:0b:05:d4:0b)
        .... ..1. .... .... .... .... = LG bit: Locally administered address (this is NOT the factory default)
        .... ...0 .... .... .... .... = IG bit: Individual address (unicast)
    Source: HewlettPacka_3a:cc:1d (28:92:4a:3a:cc:1d)
        .... ..0. .... .... .... .... = LG bit: Globally unique address (factory default)
        .... ...0 .... .... .... .... = IG bit: Individual address (unicast)
    Type: 802.1Q Virtual LAN (0x8100)
    [Stream index: 0]
802.1Q Virtual LAN, PRI: 0, DEI: 0, ID: 0
    000. .... .... .... = Priority: Best Effort (default) (0)
    ...0 .... .... .... = DEI: Ineligible
    .... 0000 0000 0000 = ID: 0
    Type: IPv4 (0x0800)
Internet Protocol Version 4, Src: 57.144.213.32, Dst: 172.16.90.227
    0100 .... = Version: 4
    .... 0101 = Header Length: 20 bytes (5)
    Differentiated Services Field: 0xb8 (DSCP: EF, ECN: Not-ECT)
        1011 10.. = Differentiated Services Codepoint: Expedited Forwarding (46)
        .... ..00 = Explicit Congestion Notification: Not ECN-Capable Transport (0)
    Total Length: 268
    Identification: 0x0000 (0)
    010. .... = Flags: 0x2, Don't fragment
        0... .... = Reserved bit: Not set
        .1.. .... = Don't fragment: Set
        ..0. .... = More fragments: Not set
    ...0 0000 0000 0000 = Fragment Offset: 0
    Time to Live: 86
    Protocol: UDP (17)
    Header Checksum: 0x0d85 [validation disabled]
    [Header checksum status: Unverified]
    Source Address: 57.144.213.32
    Destination Address: 172.16.90.227
    [Stream index: 1]
User Datagram Protocol, Src Port: 443, Dst Port: 53047
    Source Port: 443
    Destination Port: 53047
    Length: 248
    Checksum: 0x347a [unverified]
    [Checksum Status: Unverified]
    [Stream index: 1]
    [Stream Packet Number: 10]
    [Timestamps]
        [Time since first frame: 6.816800 milliseconds]
        [Time since previous frame: 0.000000000 seconds]
    UDP payload (240 bytes)
QUIC IETF
    QUIC Connection information
        [Connection Number: 0]
    [Packet Length: 240]
    QUIC Short Header
        0... .... = Header Form: Short Header (0)
        .1.. .... = Fixed Bit: True
        ..0. .... = Spin Bit: False
    Remaining Payload […]: b841fb0ea1a1d1fe86c5b41823a9d00893d85a73813ab9fb87c29c31f199da2b58aaf541940eba28a1dc9fd63c0de13f8a4b237ee37db4b810725c1dcf3618fb769d7c4e6e929b337b56f7c577b7924305c779e83ede7d33155af9ada04fc7accfa18dcb301d88888deaf6

Frame 13: Packet, 94 bytes on wire (752 bits), 94 bytes captured (752 bits) on interface \Device\NPF_{9B9257DC-FAC1-4993-B12F-136D7BA5E874}, id 0
    Section number: 1
    Interface id: 0 (\Device\NPF_{9B9257DC-FAC1-4993-B12F-136D7BA5E874})
        Interface name: \Device\NPF_{9B9257DC-FAC1-4993-B12F-136D7BA5E874}
        Interface description: Wi-Fi
    Encapsulation type: Ethernet (1)
    Arrival Time: Apr  9, 2026 19:24:23.414918600 India Standard Time
    UTC Arrival Time: Apr  9, 2026 13:54:23.414918600 UTC
    Epoch Arrival Time: 1775742863.414918600
    [Time shift for this packet: 0.000000000 seconds]
    [Time delta from previous captured frame: 0.000000000 seconds]
    [Time delta from previous displayed frame: 0.000000000 seconds]
    [Time since reference or first frame: 1.019220800 seconds]
    Frame Number: 13
    Frame Length: 94 bytes (752 bits)
    Capture Length: 94 bytes (752 bits)
    [Frame is marked: False]
    [Frame is ignored: False]
    [Protocols in frame: eth:ethertype:vlan:ethertype:ip:udp:quic]
    Character encoding: ASCII (0)
Ethernet II, Src: HewlettPacka_3a:cc:1d (28:92:4a:3a:cc:1d), Dst: 96:77:0b:05:d4:0b (96:77:0b:05:d4:0b)
    Destination: 96:77:0b:05:d4:0b (96:77:0b:05:d4:0b)
        .... ..1. .... .... .... .... = LG bit: Locally administered address (this is NOT the factory default)
        .... ...0 .... .... .... .... = IG bit: Individual address (unicast)
    Source: HewlettPacka_3a:cc:1d (28:92:4a:3a:cc:1d)
        .... ..0. .... .... .... .... = LG bit: Globally unique address (factory default)
        .... ...0 .... .... .... .... = IG bit: Individual address (unicast)
    Type: 802.1Q Virtual LAN (0x8100)
    [Stream index: 0]
802.1Q Virtual LAN, PRI: 0, DEI: 0, ID: 0
    000. .... .... .... = Priority: Best Effort (default) (0)
    ...0 .... .... .... = DEI: Ineligible
    .... 0000 0000 0000 = ID: 0
    Type: IPv4 (0x0800)
Internet Protocol Version 4, Src: 57.144.213.32, Dst: 172.16.90.227
    0100 .... = Version: 4
    .... 0101 = Header Length: 20 bytes (5)
    Differentiated Services Field: 0xb8 (DSCP: EF, ECN: Not-ECT)
        1011 10.. = Differentiated Services Codepoint: Expedited Forwarding (46)
        .... ..00 = Explicit Congestion Notification: Not ECN-Capable Transport (0)
    Total Length: 76
    Identification: 0x0000 (0)
    010. .... = Flags: 0x2, Don't fragment
        0... .... = Reserved bit: Not set
        .1.. .... = Don't fragment: Set
        ..0. .... = More fragments: Not set
    ...0 0000 0000 0000 = Fragment Offset: 0
    Time to Live: 86
    Protocol: UDP (17)
    Header Checksum: 0x0e45 [validation disabled]
    [Header checksum status: Unverified]
    Source Address: 57.144.213.32
    Destination Address: 172.16.90.227
    [Stream index: 1]
User Datagram Protocol, Src Port: 443, Dst Port: 53047
    Source Port: 443
    Destination Port: 53047
    Length: 56
    Checksum: 0x2d9e [unverified]
    [Checksum Status: Unverified]
    [Stream index: 1]
    [Stream Packet Number: 11]
    [Timestamps]
        [Time since first frame: 6.816800 milliseconds]
        [Time since previous frame: 0.000000000 seconds]
    UDP payload (48 bytes)
QUIC IETF
    QUIC Connection information
        [Connection Number: 0]
    [Packet Length: 48]
    QUIC Short Header
        0... .... = Header Form: Short Header (0)
        .1.. .... = Fixed Bit: True
        ..0. .... = Spin Bit: False
    Remaining Payload: 3f550f7559c4f0b8c03a6e1f53ad01ea6eed0eda7771c6e4ef2946cc0f05fe8ab37fb4cbd856f33d847b511f8143a1

Frame 14: Packet, 76 bytes on wire (608 bits), 76 bytes captured (608 bits) on interface \Device\NPF_{9B9257DC-FAC1-4993-B12F-136D7BA5E874}, id 0
    Section number: 1
    Interface id: 0 (\Device\NPF_{9B9257DC-FAC1-4993-B12F-136D7BA5E874})
        Interface name: \Device\NPF_{9B9257DC-FAC1-4993-B12F-136D7BA5E874}
        Interface description: Wi-Fi
    Encapsulation type: Ethernet (1)
    Arrival Time: Apr  9, 2026 19:24:23.415126800 India Standard Time
    UTC Arrival Time: Apr  9, 2026 13:54:23.415126800 UTC
    Epoch Arrival Time: 1775742863.415126800
    [Time shift for this packet: 0.000000000 seconds]
    [Time delta from previous captured frame: 208.200 microseconds]
    [Time delta from previous displayed frame: 208.200 microseconds]
    [Time since reference or first frame: 1.019429000 seconds]
    Frame Number: 14
    Frame Length: 76 bytes (608 bits)
    Capture Length: 76 bytes (608 bits)
    [Frame is marked: False]
    [Frame is ignored: False]
    [Protocols in frame: eth:ethertype:ip:udp:quic]
    Character encoding: ASCII (0)
Ethernet II, Src: 96:77:0b:05:d4:0b (96:77:0b:05:d4:0b), Dst: HewlettPacka_3a:cc:1d (28:92:4a:3a:cc:1d)
    Destination: HewlettPacka_3a:cc:1d (28:92:4a:3a:cc:1d)
        .... ..0. .... .... .... .... = LG bit: Globally unique address (factory default)
        .... ...0 .... .... .... .... = IG bit: Individual address (unicast)
    Source: 96:77:0b:05:d4:0b (96:77:0b:05:d4:0b)
        .... ..1. .... .... .... .... = LG bit: Locally administered address (this is NOT the factory default)
        .... ...0 .... .... .... .... = IG bit: Individual address (unicast)
    Type: IPv4 (0x0800)
    [Stream index: 0]
Internet Protocol Version 4, Src: 172.16.90.227, Dst: 57.144.213.32
    0100 .... = Version: 4
    .... 0101 = Header Length: 20 bytes (5)
    Differentiated Services Field: 0x00 (DSCP: CS0, ECN: Not-ECT)
        0000 00.. = Differentiated Services Codepoint: Default (0)
        .... ..00 = Explicit Congestion Notification: Not ECN-Capable Transport (0)
    Total Length: 62
    Identification: 0xf978 (63864)
    010. .... = Flags: 0x2, Don't fragment
        0... .... = Reserved bit: Not set
        .1.. .... = Don't fragment: Set
        ..0. .... = More fragments: Not set
    ...0 0000 0000 0000 = Fragment Offset: 0
    Time to Live: 128
    Protocol: UDP (17)
    Header Checksum: 0x0000 [validation disabled]
    [Header checksum status: Unverified]
    Source Address: 172.16.90.227
    Destination Address: 57.144.213.32
    [Stream index: 1]
User Datagram Protocol, Src Port: 53047, Dst Port: 443
    Source Port: 53047
    Destination Port: 443
    Length: 42
    Checksum: 0x15e0 [unverified]
    [Checksum Status: Unverified]
    [Stream index: 1]
    [Stream Packet Number: 12]
    [Timestamps]
        [Time since first frame: 7.025000 milliseconds]
        [Time since previous frame: 208.200 microseconds]
    UDP payload (34 bytes)
QUIC IETF
    QUIC Connection information
        [Connection Number: 0]
    [Packet Length: 34]
    QUIC Short Header DCID=850010731f1862a8
        0... .... = Header Form: Short Header (0)
        .1.. .... = Fixed Bit: True
        ..0. .... = Spin Bit: False
        Destination Connection ID: 850010731f1862a8
    Remaining Payload: 450193ff23e5fbf7caf0f250eee6ef94bb4845a9c4b61ae74c

Frame 15: Packet, 80 bytes on wire (640 bits), 80 bytes captured (640 bits) on interface \Device\NPF_{9B9257DC-FAC1-4993-B12F-136D7BA5E874}, id 0
    Section number: 1
    Interface id: 0 (\Device\NPF_{9B9257DC-FAC1-4993-B12F-136D7BA5E874})
        Interface name: \Device\NPF_{9B9257DC-FAC1-4993-B12F-136D7BA5E874}
        Interface description: Wi-Fi
    Encapsulation type: Ethernet (1)
    Arrival Time: Apr  9, 2026 19:24:23.415210600 India Standard Time
    UTC Arrival Time: Apr  9, 2026 13:54:23.415210600 UTC
    Epoch Arrival Time: 1775742863.415210600
    [Time shift for this packet: 0.000000000 seconds]
    [Time delta from previous captured frame: 83.800 microseconds]
    [Time delta from previous displayed frame: 83.800 microseconds]
    [Time since reference or first frame: 1.019512800 seconds]
    Frame Number: 15
    Frame Length: 80 bytes (640 bits)
    Capture Length: 80 bytes (640 bits)
    [Frame is marked: False]
    [Frame is ignored: False]
    [Protocols in frame: eth:ethertype:ip:udp:quic]
    Character encoding: ASCII (0)
Ethernet II, Src: 96:77:0b:05:d4:0b (96:77:0b:05:d4:0b), Dst: HewlettPacka_3a:cc:1d (28:92:4a:3a:cc:1d)
    Destination: HewlettPacka_3a:cc:1d (28:92:4a:3a:cc:1d)
        .... ..0. .... .... .... .... = LG bit: Globally unique address (factory default)
        .... ...0 .... .... .... .... = IG bit: Individual address (unicast)
    Source: 96:77:0b:05:d4:0b (96:77:0b:05:d4:0b)
        .... ..1. .... .... .... .... = LG bit: Locally administered address (this is NOT the factory default)
        .... ...0 .... .... .... .... = IG bit: Individual address (unicast)
    Type: IPv4 (0x0800)
    [Stream index: 0]
Internet Protocol Version 4, Src: 172.16.90.227, Dst: 57.144.213.32
    0100 .... = Version: 4
    .... 0101 = Header Length: 20 bytes (5)
    Differentiated Services Field: 0x00 (DSCP: CS0, ECN: Not-ECT)
        0000 00.. = Differentiated Services Codepoint: Default (0)
        .... ..00 = Explicit Congestion Notification: Not ECN-Capable Transport (0)
    Total Length: 66
    Identification: 0xf979 (63865)
    010. .... = Flags: 0x2, Don't fragment
        0... .... = Reserved bit: Not set
        .1.. .... = Don't fragment: Set
        ..0. .... = More fragments: Not set
    ...0 0000 0000 0000 = Fragment Offset: 0
    Time to Live: 128
    Protocol: UDP (17)
    Header Checksum: 0x0000 [validation disabled]
    [Header checksum status: Unverified]
    Source Address: 172.16.90.227
    Destination Address: 57.144.213.32
    [Stream index: 1]
User Datagram Protocol, Src Port: 53047, Dst Port: 443
    Source Port: 53047
    Destination Port: 443
    Length: 46
    Checksum: 0x15e4 [unverified]
    [Checksum Status: Unverified]
    [Stream index: 1]
    [Stream Packet Number: 13]
    [Timestamps]
        [Time since first frame: 7.108800 milliseconds]
        [Time since previous frame: 83.800 microseconds]
    UDP payload (38 bytes)
QUIC IETF
    QUIC Connection information
        [Connection Number: 0]
    [Packet Length: 38]
    QUIC Short Header DCID=850010731f1862a8
        0... .... = Header Form: Short Header (0)
        .1.. .... = Fixed Bit: True
        ..0. .... = Spin Bit: False
        Destination Connection ID: 850010731f1862a8
    Remaining Payload: 786ddfbcc2b9f59f0f49a4ca162ac2d2b80480b62413f106e637e1590a

Frame 16: Packet, 85 bytes on wire (680 bits), 85 bytes captured (680 bits) on interface \Device\NPF_{9B9257DC-FAC1-4993-B12F-136D7BA5E874}, id 0
    Section number: 1
    Interface id: 0 (\Device\NPF_{9B9257DC-FAC1-4993-B12F-136D7BA5E874})
        Interface name: \Device\NPF_{9B9257DC-FAC1-4993-B12F-136D7BA5E874}
        Interface description: Wi-Fi
    Encapsulation type: Ethernet (1)
    Arrival Time: Apr  9, 2026 19:24:23.419195800 India Standard Time
    UTC Arrival Time: Apr  9, 2026 13:54:23.419195800 UTC
    Epoch Arrival Time: 1775742863.419195800
    [Time shift for this packet: 0.000000000 seconds]
    [Time delta from previous captured frame: 3.985200 milliseconds]
    [Time delta from previous displayed frame: 3.985200 milliseconds]
    [Time since reference or first frame: 1.023498000 seconds]
    Frame Number: 16
    Frame Length: 85 bytes (680 bits)
    Capture Length: 85 bytes (680 bits)
    [Frame is marked: False]
    [Frame is ignored: False]
    [Protocols in frame: eth:ethertype:vlan:ethertype:ip:udp:quic]
    Character encoding: ASCII (0)
Ethernet II, Src: HewlettPacka_3a:cc:1d (28:92:4a:3a:cc:1d), Dst: 96:77:0b:05:d4:0b (96:77:0b:05:d4:0b)
    Destination: 96:77:0b:05:d4:0b (96:77:0b:05:d4:0b)
        .... ..1. .... .... .... .... = LG bit: Locally administered address (this is NOT the factory default)
        .... ...0 .... .... .... .... = IG bit: Individual address (unicast)
    Source: HewlettPacka_3a:cc:1d (28:92:4a:3a:cc:1d)
        .... ..0. .... .... .... .... = LG bit: Globally unique address (factory default)
        .... ...0 .... .... .... .... = IG bit: Individual address (unicast)
    Type: 802.1Q Virtual LAN (0x8100)
    [Stream index: 0]
802.1Q Virtual LAN, PRI: 0, DEI: 0, ID: 0
    000. .... .... .... = Priority: Best Effort (default) (0)
    ...0 .... .... .... = DEI: Ineligible
    .... 0000 0000 0000 = ID: 0
    Type: IPv4 (0x0800)
Internet Protocol Version 4, Src: 57.144.213.32, Dst: 172.16.90.227
    0100 .... = Version: 4
    .... 0101 = Header Length: 20 bytes (5)
    Differentiated Services Field: 0xb8 (DSCP: EF, ECN: Not-ECT)
        1011 10.. = Differentiated Services Codepoint: Expedited Forwarding (46)
        .... ..00 = Explicit Congestion Notification: Not ECN-Capable Transport (0)
    Total Length: 67
    Identification: 0x0000 (0)
    010. .... = Flags: 0x2, Don't fragment
        0... .... = Reserved bit: Not set
        .1.. .... = Don't fragment: Set
        ..0. .... = More fragments: Not set
    ...0 0000 0000 0000 = Fragment Offset: 0
    Time to Live: 86
    Protocol: UDP (17)
    Header Checksum: 0x0e4e [validation disabled]
    [Header checksum status: Unverified]
    Source Address: 57.144.213.32
    Destination Address: 172.16.90.227
    [Stream index: 1]
User Datagram Protocol, Src Port: 443, Dst Port: 53047
    Source Port: 443
    Destination Port: 53047
    Length: 47
    Checksum: 0xb50b [unverified]
    [Checksum Status: Unverified]
    [Stream index: 1]
    [Stream Packet Number: 14]
    [Timestamps]
        [Time since first frame: 11.094000 milliseconds]
        [Time since previous frame: 3.985200 milliseconds]
    UDP payload (39 bytes)
QUIC IETF
    QUIC Connection information
        [Connection Number: 0]
    [Packet Length: 39]
    1... .... = Header Form: Long Header (1)
    .1.. .... = Fixed Bit: True
    ..10 .... = Packet Type: Handshake (2)
    Version: 1 (0x00000001)
    Destination Connection ID Length: 0
    Source Connection ID Length: 8
    Source Connection ID: 850010731f1862a8
    Length: 22
    [Expert Info (Warning/Decryption): Failed to create decryption context: Secrets are not available]
        [Failed to create decryption context: Secrets are not available]
        [Severity level: Warning]
        [Group: Decryption]
    Remaining Payload: 6b8c5caf1be8fee2b4494b91ccd5638f44b732860aac

Frame 17: Packet, 158 bytes on wire (1264 bits), 158 bytes captured (1264 bits) on interface \Device\NPF_{9B9257DC-FAC1-4993-B12F-136D7BA5E874}, id 0
    Section number: 1
    Interface id: 0 (\Device\NPF_{9B9257DC-FAC1-4993-B12F-136D7BA5E874})
        Interface name: \Device\NPF_{9B9257DC-FAC1-4993-B12F-136D7BA5E874}
        Interface description: Wi-Fi
    Encapsulation type: Ethernet (1)
    Arrival Time: Apr  9, 2026 19:24:23.419195800 India Standard Time
    UTC Arrival Time: Apr  9, 2026 13:54:23.419195800 UTC
    Epoch Arrival Time: 1775742863.419195800
    [Time shift for this packet: 0.000000000 seconds]
    [Time delta from previous captured frame: 0.000000000 seconds]
    [Time delta from previous displayed frame: 0.000000000 seconds]
    [Time since reference or first frame: 1.023498000 seconds]
    Frame Number: 17
    Frame Length: 158 bytes (1264 bits)
    Capture Length: 158 bytes (1264 bits)
    [Frame is marked: False]
    [Frame is ignored: False]
    [Protocols in frame: eth:ethertype:vlan:ethertype:ip:udp:quic]
    Character encoding: ASCII (0)
Ethernet II, Src: HewlettPacka_3a:cc:1d (28:92:4a:3a:cc:1d), Dst: 96:77:0b:05:d4:0b (96:77:0b:05:d4:0b)
    Destination: 96:77:0b:05:d4:0b (96:77:0b:05:d4:0b)
        .... ..1. .... .... .... .... = LG bit: Locally administered address (this is NOT the factory default)
        .... ...0 .... .... .... .... = IG bit: Individual address (unicast)
    Source: HewlettPacka_3a:cc:1d (28:92:4a:3a:cc:1d)
        .... ..0. .... .... .... .... = LG bit: Globally unique address (factory default)
        .... ...0 .... .... .... .... = IG bit: Individual address (unicast)
    Type: 802.1Q Virtual LAN (0x8100)
    [Stream index: 0]
802.1Q Virtual LAN, PRI: 0, DEI: 0, ID: 0
    000. .... .... .... = Priority: Best Effort (default) (0)
    ...0 .... .... .... = DEI: Ineligible
    .... 0000 0000 0000 = ID: 0
    Type: IPv4 (0x0800)
Internet Protocol Version 4, Src: 57.144.213.32, Dst: 172.16.90.227
    0100 .... = Version: 4
    .... 0101 = Header Length: 20 bytes (5)
    Differentiated Services Field: 0xb8 (DSCP: EF, ECN: Not-ECT)
        1011 10.. = Differentiated Services Codepoint: Expedited Forwarding (46)
        .... ..00 = Explicit Congestion Notification: Not ECN-Capable Transport (0)
    Total Length: 140
    Identification: 0x0000 (0)
    010. .... = Flags: 0x2, Don't fragment
        0... .... = Reserved bit: Not set
        .1.. .... = Don't fragment: Set
        ..0. .... = More fragments: Not set
    ...0 0000 0000 0000 = Fragment Offset: 0
    Time to Live: 86
    Protocol: UDP (17)
    Header Checksum: 0x0e05 [validation disabled]
    [Header checksum status: Unverified]
    Source Address: 57.144.213.32
    Destination Address: 172.16.90.227
    [Stream index: 1]
User Datagram Protocol, Src Port: 443, Dst Port: 53047
    Source Port: 443
    Destination Port: 53047
    Length: 120
    Checksum: 0x9fb7 [unverified]
    [Checksum Status: Unverified]
    [Stream index: 1]
    [Stream Packet Number: 15]
    [Timestamps]
        [Time since first frame: 11.094000 milliseconds]
        [Time since previous frame: 0.000000000 seconds]
    UDP payload (112 bytes)
QUIC IETF
    QUIC Connection information
        [Connection Number: 0]
    [Packet Length: 112]
    QUIC Short Header
        0... .... = Header Form: Short Header (0)
        .1.. .... = Fixed Bit: True
        ..0. .... = Spin Bit: False
    Remaining Payload […]: 3bfb91dbf53ab5def0ee4b980f117fb964381ab4dd9c13526c868875cb487f061f0019f9bdb43bf646c8c226ad124d5779f174aec16d6b40293368dbe4b536222c91a66548eb62095481adebbffa1797d41b0fd8f1a0741be00ab764a152152df88380b29f362c8acbda74

Frame 18: Packet, 318 bytes on wire (2544 bits), 318 bytes captured (2544 bits) on interface \Device\NPF_{9B9257DC-FAC1-4993-B12F-136D7BA5E874}, id 0
    Section number: 1
    Interface id: 0 (\Device\NPF_{9B9257DC-FAC1-4993-B12F-136D7BA5E874})
        Interface name: \Device\NPF_{9B9257DC-FAC1-4993-B12F-136D7BA5E874}
        Interface description: Wi-Fi
    Encapsulation type: Ethernet (1)
    Arrival Time: Apr  9, 2026 19:24:23.419394900 India Standard Time
    UTC Arrival Time: Apr  9, 2026 13:54:23.419394900 UTC
    Epoch Arrival Time: 1775742863.419394900
    [Time shift for this packet: 0.000000000 seconds]
    [Time delta from previous captured frame: 199.100 microseconds]
    [Time delta from previous displayed frame: 199.100 microseconds]
    [Time since reference or first frame: 1.023697100 seconds]
    Frame Number: 18
    Frame Length: 318 bytes (2544 bits)
    Capture Length: 318 bytes (2544 bits)
    [Frame is marked: False]
    [Frame is ignored: False]
    [Protocols in frame: eth:ethertype:vlan:ethertype:ip:udp:quic]
    Character encoding: ASCII (0)
Ethernet II, Src: HewlettPacka_3a:cc:1d (28:92:4a:3a:cc:1d), Dst: 96:77:0b:05:d4:0b (96:77:0b:05:d4:0b)
    Destination: 96:77:0b:05:d4:0b (96:77:0b:05:d4:0b)
        .... ..1. .... .... .... .... = LG bit: Locally administered address (this is NOT the factory default)
        .... ...0 .... .... .... .... = IG bit: Individual address (unicast)
    Source: HewlettPacka_3a:cc:1d (28:92:4a:3a:cc:1d)
        .... ..0. .... .... .... .... = LG bit: Globally unique address (factory default)
        .... ...0 .... .... .... .... = IG bit: Individual address (unicast)
    Type: 802.1Q Virtual LAN (0x8100)
    [Stream index: 0]
802.1Q Virtual LAN, PRI: 0, DEI: 0, ID: 0
    000. .... .... .... = Priority: Best Effort (default) (0)
    ...0 .... .... .... = DEI: Ineligible
    .... 0000 0000 0000 = ID: 0
    Type: IPv4 (0x0800)
Internet Protocol Version 4, Src: 57.144.213.32, Dst: 172.16.90.227
    0100 .... = Version: 4
    .... 0101 = Header Length: 20 bytes (5)
    Differentiated Services Field: 0xb8 (DSCP: EF, ECN: Not-ECT)
        1011 10.. = Differentiated Services Codepoint: Expedited Forwarding (46)
        .... ..00 = Explicit Congestion Notification: Not ECN-Capable Transport (0)
    Total Length: 300
    Identification: 0x0000 (0)
    010. .... = Flags: 0x2, Don't fragment
        0... .... = Reserved bit: Not set
        .1.. .... = Don't fragment: Set
        ..0. .... = More fragments: Not set
    ...0 0000 0000 0000 = Fragment Offset: 0
    Time to Live: 86
    Protocol: UDP (17)
    Header Checksum: 0x0d65 [validation disabled]
    [Header checksum status: Unverified]
    Source Address: 57.144.213.32
    Destination Address: 172.16.90.227
    [Stream index: 1]
User Datagram Protocol, Src Port: 443, Dst Port: 53047
    Source Port: 443
    Destination Port: 53047
    Length: 280
    Checksum: 0x5bcd [unverified]
    [Checksum Status: Unverified]
    [Stream index: 1]
    [Stream Packet Number: 16]
    [Timestamps]
        [Time since first frame: 11.293100 milliseconds]
        [Time since previous frame: 199.100 microseconds]
    UDP payload (272 bytes)
QUIC IETF
    QUIC Connection information
        [Connection Number: 0]
    [Packet Length: 272]
    QUIC Short Header
        0... .... = Header Form: Short Header (0)
        .1.. .... = Fixed Bit: True
        ..0. .... = Spin Bit: False
    Remaining Payload […]: 5a302f0a77def6203158ead77350cc37d94ba22efdb2ae1826999dfd4752a73fa400fe2b53c78ebf5cb946ebb50dc1965ad6bb53bef4dc0c0102eb6c1628cad5e5335d9b07e89b0d3a124c56341dbed83e79609d13159afeb58f85ebef9311a06684186d56fbab9a86494e

Frame 19: Packet, 76 bytes on wire (608 bits), 76 bytes captured (608 bits) on interface \Device\NPF_{9B9257DC-FAC1-4993-B12F-136D7BA5E874}, id 0
    Section number: 1
    Interface id: 0 (\Device\NPF_{9B9257DC-FAC1-4993-B12F-136D7BA5E874})
        Interface name: \Device\NPF_{9B9257DC-FAC1-4993-B12F-136D7BA5E874}
        Interface description: Wi-Fi
    Encapsulation type: Ethernet (1)
    Arrival Time: Apr  9, 2026 19:24:23.419556200 India Standard Time
    UTC Arrival Time: Apr  9, 2026 13:54:23.419556200 UTC
    Epoch Arrival Time: 1775742863.419556200
    [Time shift for this packet: 0.000000000 seconds]
    [Time delta from previous captured frame: 161.300 microseconds]
    [Time delta from previous displayed frame: 161.300 microseconds]
    [Time since reference or first frame: 1.023858400 seconds]
    Frame Number: 19
    Frame Length: 76 bytes (608 bits)
    Capture Length: 76 bytes (608 bits)
    [Frame is marked: False]
    [Frame is ignored: False]
    [Protocols in frame: eth:ethertype:ip:udp:quic]
    Character encoding: ASCII (0)
Ethernet II, Src: 96:77:0b:05:d4:0b (96:77:0b:05:d4:0b), Dst: HewlettPacka_3a:cc:1d (28:92:4a:3a:cc:1d)
    Destination: HewlettPacka_3a:cc:1d (28:92:4a:3a:cc:1d)
        .... ..0. .... .... .... .... = LG bit: Globally unique address (factory default)
        .... ...0 .... .... .... .... = IG bit: Individual address (unicast)
    Source: 96:77:0b:05:d4:0b (96:77:0b:05:d4:0b)
        .... ..1. .... .... .... .... = LG bit: Locally administered address (this is NOT the factory default)
        .... ...0 .... .... .... .... = IG bit: Individual address (unicast)
    Type: IPv4 (0x0800)
    [Stream index: 0]
Internet Protocol Version 4, Src: 172.16.90.227, Dst: 57.144.213.32
    0100 .... = Version: 4
    .... 0101 = Header Length: 20 bytes (5)
    Differentiated Services Field: 0x00 (DSCP: CS0, ECN: Not-ECT)
        0000 00.. = Differentiated Services Codepoint: Default (0)
        .... ..00 = Explicit Congestion Notification: Not ECN-Capable Transport (0)
    Total Length: 62
    Identification: 0xf97a (63866)
    010. .... = Flags: 0x2, Don't fragment
        0... .... = Reserved bit: Not set
        .1.. .... = Don't fragment: Set
        ..0. .... = More fragments: Not set
    ...0 0000 0000 0000 = Fragment Offset: 0
    Time to Live: 128
    Protocol: UDP (17)
    Header Checksum: 0x0000 [validation disabled]
    [Header checksum status: Unverified]
    Source Address: 172.16.90.227
    Destination Address: 57.144.213.32
    [Stream index: 1]
User Datagram Protocol, Src Port: 53047, Dst Port: 443
    Source Port: 53047
    Destination Port: 443
    Length: 42
    Checksum: 0x15e0 [unverified]
    [Checksum Status: Unverified]
    [Stream index: 1]
    [Stream Packet Number: 17]
    [Timestamps]
        [Time since first frame: 11.454400 milliseconds]
        [Time since previous frame: 161.300 microseconds]
    UDP payload (34 bytes)
QUIC IETF
    QUIC Connection information
        [Connection Number: 0]
    [Packet Length: 34]
    QUIC Short Header DCID=850010731f1862a8
        0... .... = Header Form: Short Header (0)
        .1.. .... = Fixed Bit: True
        ..0. .... = Spin Bit: False
        Destination Connection ID: 850010731f1862a8
    Remaining Payload: da880653f458663430364b4257cec2dba998dd6976972430af

Frame 20: Packet, 94 bytes on wire (752 bits), 94 bytes captured (752 bits) on interface \Device\NPF_{9B9257DC-FAC1-4993-B12F-136D7BA5E874}, id 0
    Section number: 1
    Interface id: 0 (\Device\NPF_{9B9257DC-FAC1-4993-B12F-136D7BA5E874})
        Interface name: \Device\NPF_{9B9257DC-FAC1-4993-B12F-136D7BA5E874}
        Interface description: Wi-Fi
    Encapsulation type: Ethernet (1)
    Arrival Time: Apr  9, 2026 19:24:23.443279600 India Standard Time
    UTC Arrival Time: Apr  9, 2026 13:54:23.443279600 UTC
    Epoch Arrival Time: 1775742863.443279600
    [Time shift for this packet: 0.000000000 seconds]
    [Time delta from previous captured frame: 23.723400 milliseconds]
    [Time delta from previous displayed frame: 23.723400 milliseconds]
    [Time since reference or first frame: 1.047581800 seconds]
    Frame Number: 20
    Frame Length: 94 bytes (752 bits)
    Capture Length: 94 bytes (752 bits)
    [Frame is marked: False]
    [Frame is ignored: False]
    [Protocols in frame: eth:ethertype:vlan:ethertype:ip:udp:quic]
    Character encoding: ASCII (0)
Ethernet II, Src: HewlettPacka_3a:cc:1d (28:92:4a:3a:cc:1d), Dst: 96:77:0b:05:d4:0b (96:77:0b:05:d4:0b)
    Destination: 96:77:0b:05:d4:0b (96:77:0b:05:d4:0b)
        .... ..1. .... .... .... .... = LG bit: Locally administered address (this is NOT the factory default)
        .... ...0 .... .... .... .... = IG bit: Individual address (unicast)
    Source: HewlettPacka_3a:cc:1d (28:92:4a:3a:cc:1d)
        .... ..0. .... .... .... .... = LG bit: Globally unique address (factory default)
        .... ...0 .... .... .... .... = IG bit: Individual address (unicast)
    Type: 802.1Q Virtual LAN (0x8100)
    [Stream index: 0]
802.1Q Virtual LAN, PRI: 0, DEI: 0, ID: 0
    000. .... .... .... = Priority: Best Effort (default) (0)
    ...0 .... .... .... = DEI: Ineligible
    .... 0000 0000 0000 = ID: 0
    Type: IPv4 (0x0800)
Internet Protocol Version 4, Src: 57.144.213.32, Dst: 172.16.90.227
    0100 .... = Version: 4
    .... 0101 = Header Length: 20 bytes (5)
    Differentiated Services Field: 0xb8 (DSCP: EF, ECN: Not-ECT)
        1011 10.. = Differentiated Services Codepoint: Expedited Forwarding (46)
        .... ..00 = Explicit Congestion Notification: Not ECN-Capable Transport (0)
    Total Length: 76
    Identification: 0x0000 (0)
    010. .... = Flags: 0x2, Don't fragment
        0... .... = Reserved bit: Not set
        .1.. .... = Don't fragment: Set
        ..0. .... = More fragments: Not set
    ...0 0000 0000 0000 = Fragment Offset: 0
    Time to Live: 86
    Protocol: UDP (17)
    Header Checksum: 0x0e45 [validation disabled]
    [Header checksum status: Unverified]
    Source Address: 57.144.213.32
    Destination Address: 172.16.90.227
    [Stream index: 1]
User Datagram Protocol, Src Port: 443, Dst Port: 53047
    Source Port: 443
    Destination Port: 53047
    Length: 56
    Checksum: 0xe5c9 [unverified]
    [Checksum Status: Unverified]
    [Stream index: 1]
    [Stream Packet Number: 18]
    [Timestamps]
        [Time since first frame: 35.177800 milliseconds]
        [Time since previous frame: 23.723400 milliseconds]
    UDP payload (48 bytes)
QUIC IETF
    QUIC Connection information
        [Connection Number: 0]
    [Packet Length: 48]
    QUIC Short Header
        0... .... = Header Form: Short Header (0)
        .1.. .... = Fixed Bit: True
        ..0. .... = Spin Bit: False
    Remaining Payload: 5d0f80b0bad77c3a6453fcd0b1b6eafb9ad149244180f85c158d884f88434b53e71872e949f669d7668077d9d1d0bd

Frame 21: Packet, 1242 bytes on wire (9936 bits), 1242 bytes captured (9936 bits) on interface \Device\NPF_{9B9257DC-FAC1-4993-B12F-136D7BA5E874}, id 0
    Section number: 1
    Interface id: 0 (\Device\NPF_{9B9257DC-FAC1-4993-B12F-136D7BA5E874})
        Interface name: \Device\NPF_{9B9257DC-FAC1-4993-B12F-136D7BA5E874}
        Interface description: Wi-Fi
    Encapsulation type: Ethernet (1)
    Arrival Time: Apr  9, 2026 19:24:23.759057500 India Standard Time
    UTC Arrival Time: Apr  9, 2026 13:54:23.759057500 UTC
    Epoch Arrival Time: 1775742863.759057500
    [Time shift for this packet: 0.000000000 seconds]
    [Time delta from previous captured frame: 315.777900 milliseconds]
    [Time delta from previous displayed frame: 315.777900 milliseconds]
    [Time since reference or first frame: 1.363359700 seconds]
    Frame Number: 21
    Frame Length: 1242 bytes (9936 bits)
    Capture Length: 1242 bytes (9936 bits)
    [Frame is marked: False]
    [Frame is ignored: False]
    [Protocols in frame: eth:ethertype:ip:udp:data]
    Character encoding: ASCII (0)
Ethernet II, Src: HewlettPacka_3a:cc:1d (28:92:4a:3a:cc:1d), Dst: 96:77:0b:05:d4:0b (96:77:0b:05:d4:0b)
    Destination: 96:77:0b:05:d4:0b (96:77:0b:05:d4:0b)
        .... ..1. .... .... .... .... = LG bit: Locally administered address (this is NOT the factory default)
        .... ...0 .... .... .... .... = IG bit: Individual address (unicast)
    Source: HewlettPacka_3a:cc:1d (28:92:4a:3a:cc:1d)
        .... ..0. .... .... .... .... = LG bit: Globally unique address (factory default)
        .... ...0 .... .... .... .... = IG bit: Individual address (unicast)
    Type: IPv4 (0x0800)
    [Stream index: 0]
Internet Protocol Version 4, Src: 18.161.111.99, Dst: 172.16.90.227
    0100 .... = Version: 4
    .... 0101 = Header Length: 20 bytes (5)
    Differentiated Services Field: 0x02 (DSCP: CS0, ECN: ECT(0))
        0000 00.. = Differentiated Services Codepoint: Default (0)
        .... ..10 = Explicit Congestion Notification: ECN-Capable Transport codepoint '10' (2)
    Total Length: 1228
    Identification: 0x0000 (0)
    010. .... = Flags: 0x2, Don't fragment
        0... .... = Reserved bit: Not set
        .1.. .... = Don't fragment: Set
        ..0. .... = More fragments: Not set
    ...0 0000 0000 0000 = Fragment Offset: 0
    Time to Live: 246
    Protocol: UDP (17)
    Header Checksum: 0xf726 [validation disabled]
    [Header checksum status: Unverified]
    Source Address: 18.161.111.99
    Destination Address: 172.16.90.227
    [Stream index: 0]
User Datagram Protocol, Src Port: 443, Dst Port: 62008
    Source Port: 443
    Destination Port: 62008
    Length: 1208
    Checksum: 0x83a4 [unverified]
    [Checksum Status: Unverified]
    [Stream index: 0]
    [Stream Packet Number: 3]
    [Timestamps]
        [Time since first frame: 1.363359700 seconds]
        [Time since previous frame: 1.362497900 seconds]
    UDP payload (1200 bytes)
Data (1200 bytes)

0000  4e ca 87 79 45 dd cf 47 a5 2d 51 83 91 1c 2e c5   N..yE..G.-Q.....
0010  29 f5 8e 5a 0f f1 7a 95 45 f0 05 d7 3d 9c ad 71   )..Z..z.E...=..q
0020  35 c3 e7 c1 b7 3b 63 29 25 21 ee 4c e2 45 81 5c   5....;c)%!.L.E.\
0030  0a 30 4c 5d 4a af 8f 87 52 c5 96 09 99 fc 8e d6   .0L]J...R.......
0040  a6 c6 88 aa 40 29 80 47 37 71 04 10 30 d6 83 d4   ....@).G7q..0...
0050  05 be 42 be d6 bf 15 ab 31 9c b3 29 41 da 41 14   ..B.....1..)A.A.
0060  fe aa e0 89 b2 c6 5c a3 0e d5 96 11 91 bc 30 7f   ......\.......0.
0070  f1 4e ef bb 3c 98 e9 35 64 44 78 ac ee e4 f7 9b   .N..<..5dDx.....
0080  9f 26 4e f9 bc 12 f6 17 1b 76 6c d8 7f 7f da 31   .&N......vl....1
0090  bc b0 b0 c9 eb df 61 24 f5 d7 63 60 e4 dc ea e3   ......a$..c`....
00a0  8e 99 7d 05 b1 a7 50 e7 cf 04 ea 30 6b 8f a2 4f   ..}...P....0k..O
00b0  08 25 d5 f4 c0 9c 4e d0 d1 fd e4 f7 3e b9 c9 3a   .%....N.....>..:
00c0  88 07 e2 35 b4 f5 38 4c 99 99 eb 9a 73 df 1c 5f   ...5..8L....s.._
00d0  12 84 8b 33 43 f4 f1 1a 02 93 ae 1c ef 33 ae 6d   ...3C........3.m
00e0  06 f9 c4 fb e8 48 4c bf b1 4b a5 84 a0 c7 33 69   .....HL..K....3i
00f0  6d e9 67 c9 8c c8 7a c4 48 cd 00 18 a1 22 62 16   m.g...z.H...."b.
0100  fd eb fb f2 28 a0 ff 8b 41 3b 85 86 59 17 a2 b2   ....(...A;..Y...
0110  46 af 2a 82 6b e7 56 a5 54 ec c3 78 78 9c 95 2c   F.*.k.V.T..xx..,
0120  d8 11 40 0f 3a 69 fd cb 36 6a c3 5a 7c ce 55 12   ..@.:i..6j.Z|.U.
0130  49 08 3c 6b fa c1 07 92 af a2 53 b8 c4 82 6e 3f   I.<k......S...n?
0140  d0 16 11 85 e1 16 12 04 ae 4d 86 30 6c 4f 80 f2   .........M.0lO..
0150  24 0f 6c d6 f9 67 0f 6f 1b 89 03 7d 41 c3 3c f4   $.l..g.o...}A.<.
0160  70 88 26 64 91 6b d8 6b 25 bf 5e 3a e6 22 c5 f0   p.&d.k.k%.^:."..
0170  f0 12 4e 7c ef 86 7e 91 dd aa 47 6c 30 88 fe 3f   ..N|..~...Gl0..?
0180  4b 58 c1 7e 61 c5 9a 95 7a 53 bf 96 c7 b7 60 a0   KX.~a...zS....`.
0190  57 fa c0 e5 20 8c 51 24 a8 a0 f9 e0 0f 42 ab a1   W... .Q$.....B..
01a0  5a 43 e6 e2 44 ef 51 4d d7 68 7b 72 1f cb 45 89   ZC..D.QM.h{r..E.
01b0  c7 d0 bd 9f 43 15 fa e3 fc 88 44 3c 37 57 69 c9   ....C.....D<7Wi.
01c0  a4 d5 6a e4 90 43 58 da 1c 45 28 2b 93 a0 4e d2   ..j..CX..E(+..N.
01d0  1d 8d 3a 4b 07 86 a4 3a 4f cd ce c1 35 e2 8e c0   ..:K...:O...5...
01e0  8f ad 57 17 89 a8 53 ef 43 93 94 b9 e7 70 1a 1a   ..W...S.C....p..
01f0  d3 cc 72 c8 34 93 6d bc 24 fe ff b7 b7 24 0d 48   ..r.4.m.$....$.H
0200  e8 fa 56 39 c1 a4 64 bb d3 5b d6 d4 5d 32 c5 0f   ..V9..d..[..]2..
0210  14 d7 43 80 17 ca 32 3d bb a2 38 e5 bf e4 26 d6   ..C...2=..8...&.
0220  5f 19 b8 88 d5 e1 71 f8 29 ea f4 35 05 97 f9 f7   _.....q.)..5....
0230  c1 5b 8a 44 b9 fe 93 0c 17 1d 07 de 91 b5 ac 2a   .[.D...........*
0240  f6 c2 5e 45 96 bf 52 22 f3 2e e1 96 b3 38 75 97   ..^E..R".....8u.
0250  c1 8d ce f6 a8 32 cc 49 b5 4e 49 c0 a0 23 97 79   .....2.I.NI..#.y
0260  5c 02 72 6c c6 e3 c3 c0 e6 d6 3c f3 bc 9e 99 50   \.rl......<....P
0270  24 19 4a 7d 5c 34 32 19 7d c4 b3 52 27 12 7f d3   $.J}\42.}..R'...
0280  e7 a7 09 30 b9 0b 0e d3 60 eb 46 e7 e0 fb eb 00   ...0....`.F.....
0290  29 87 74 03 b1 c9 f9 f3 89 84 9c 9e bd 4e 7f 10   ).t..........N..
02a0  31 da 25 b8 e1 eb 2a 58 5d ab db c5 11 22 e1 95   1.%...*X]...."..
02b0  a4 2e 3a fe 1a 0d 02 5c 36 17 ce cc f7 e8 8e 8a   ..:....\6.......
02c0  84 77 72 2f 28 60 e1 75 d8 04 6c d1 6c 98 bd 41   .wr/(`.u..l.l..A
02d0  31 8e b2 2a a8 59 3e 27 e1 ec 24 a8 9b 23 e2 9b   1..*.Y>'..$..#..
02e0  60 d1 47 e6 82 61 35 66 0e b9 f2 b1 8a ea 83 7f   `.G..a5f........
02f0  d0 e6 31 88 12 2a b5 f7 5f fa 7a 17 0b c1 ba a1   ..1..*.._.z.....
0300  3d c3 80 d4 93 bd 08 38 04 d8 2e ad 4f 70 30 a1   =......8....Op0.
0310  3f 96 db 4b e7 60 52 b5 3b 66 53 3d 10 00 b7 fa   ?..K.`R.;fS=....
0320  f1 5e 71 85 a6 fb e5 ef 32 1a 0b e7 16 13 f7 73   .^q.....2......s
0330  ff 70 8b 59 72 10 a7 41 0f 71 25 0e b2 2c 4f a2   .p.Yr..A.q%..,O.
0340  3c 3f 1d db 47 ac f1 8e 54 c7 ae 8f 59 41 2d 1c   <?..G...T...YA-.
0350  17 bd 4a 5f bf cf bd 83 f2 94 a9 44 73 c6 76 d5   ..J_.......Ds.v.
0360  31 71 7b 81 cd 86 23 66 fe 53 3f da cb c2 33 8f   1q{...#f.S?...3.
0370  8c 04 c0 ef ef fc c7 05 44 d8 00 98 e2 a9 69 4f   ........D.....iO
0380  32 49 39 9e 78 af 9c c3 7f cd f6 8f 5a 23 a7 da   2I9.x.......Z#..
0390  a0 0e ff 64 fd fb a1 37 20 d2 c3 b4 a4 af d7 18   ...d...7 .......
03a0  02 e2 6c 47 90 e3 dc a1 7c ea 9b c5 4f 48 18 13   ..lG....|...OH..
03b0  29 fd b5 37 c1 98 0b e0 4b e2 17 16 9d 7d a5 d9   )..7....K....}..
03c0  7b fd d0 b6 d8 4f 1d 7e 8a 24 82 26 d5 1d dd 42   {....O.~.$.&...B
03d0  1d 99 50 83 ea 9e 10 7d e7 5e a2 21 8f 89 d3 dd   ..P....}.^.!....
03e0  cb be c7 c1 f5 c9 f4 be 27 e3 35 4a af 06 1c bc   ........'.5J....
03f0  e9 a8 cc 35 4c b9 f2 03 09 58 8e 4a 5a f5 2f c7   ...5L....X.JZ./.
0400  ff a0 35 41 7d cf 37 43 02 17 63 b2 6b f0 03 69   ..5A}.7C..c.k..i
0410  16 7a 17 e3 03 9f 4e dc 3f 0f 71 56 e3 c6 ab d1   .z....N.?.qV....
0420  bc 51 49 34 21 07 72 c4 e3 67 dc 2b 66 47 24 ab   .QI4!.r..g.+fG$.
0430  d9 4c cb 3d 30 e7 81 66 fc 73 28 51 ac 40 68 a6   .L.=0..f.s(Q.@h.
0440  9a 30 e1 f1 fd 0a 60 30 b6 06 52 8b 4b 42 f5 48   .0....`0..R.KB.H
0450  38 85 bb 44 1b ee ff 79 b4 03 3a ca 0c 0b 1c 37   8..D...y..:....7
0460  3b 50 79 52 ad 23 8b c5 f6 dd d7 00 69 94 35 0b   ;PyR.#......i.5.
0470  f7 36 ed 7d 97 14 20 9a 1f fb fc 39 3a fb 54 ac   .6.}.. ....9:.T.
0480  76 3a 05 c5 15 21 78 6d 0e 3a fd 49 c5 73 96 1a   v:...!xm.:.I.s..
0490  75 ed d3 7d 1a 3d 7b 56 75 41 1d e3 f6 c7 b0 84   u..}.={VuA......
04a0  34 ed 74 b6 45 88 04 a6 52 8d c7 34 e8 cc c0 73   4.t.E...R..4...s
    Data […]: 4eca877945ddcf47a52d5183911c2ec529f58e5a0ff17a9545f005d73d9cad7135c3e7c1b73b63292521ee4ce245815c0a304c5d4aaf8f8752c5960999fc8ed6a6c688aa402980473771041030d683d405be42bed6bf15ab319cb32941da4114feaae089b2c65ca30ed5961191bc307ff14
    [Length: 1200]

Frame 22: Packet, 1242 bytes on wire (9936 bits), 1242 bytes captured (9936 bits) on interface \Device\NPF_{9B9257DC-FAC1-4993-B12F-136D7BA5E874}, id 0
    Section number: 1
    Interface id: 0 (\Device\NPF_{9B9257DC-FAC1-4993-B12F-136D7BA5E874})
        Interface name: \Device\NPF_{9B9257DC-FAC1-4993-B12F-136D7BA5E874}
        Interface description: Wi-Fi
    Encapsulation type: Ethernet (1)
    Arrival Time: Apr  9, 2026 19:24:23.759057500 India Standard Time
    UTC Arrival Time: Apr  9, 2026 13:54:23.759057500 UTC
    Epoch Arrival Time: 1775742863.759057500
    [Time shift for this packet: 0.000000000 seconds]
    [Time delta from previous captured frame: 0.000000000 seconds]
    [Time delta from previous displayed frame: 0.000000000 seconds]
    [Time since reference or first frame: 1.363359700 seconds]
    Frame Number: 22
    Frame Length: 1242 bytes (9936 bits)
    Capture Length: 1242 bytes (9936 bits)
    [Frame is marked: False]
    [Frame is ignored: False]
    [Protocols in frame: eth:ethertype:ip:udp:data]
    Character encoding: ASCII (0)
Ethernet II, Src: HewlettPacka_3a:cc:1d (28:92:4a:3a:cc:1d), Dst: 96:77:0b:05:d4:0b (96:77:0b:05:d4:0b)
    Destination: 96:77:0b:05:d4:0b (96:77:0b:05:d4:0b)
        .... ..1. .... .... .... .... = LG bit: Locally administered address (this is NOT the factory default)
        .... ...0 .... .... .... .... = IG bit: Individual address (unicast)
    Source: HewlettPacka_3a:cc:1d (28:92:4a:3a:cc:1d)
        .... ..0. .... .... .... .... = LG bit: Globally unique address (factory default)
        .... ...0 .... .... .... .... = IG bit: Individual address (unicast)
    Type: IPv4 (0x0800)
    [Stream index: 0]
Internet Protocol Version 4, Src: 18.161.111.99, Dst: 172.16.90.227
    0100 .... = Version: 4
    .... 0101 = Header Length: 20 bytes (5)
    Differentiated Services Field: 0x02 (DSCP: CS0, ECN: ECT(0))
        0000 00.. = Differentiated Services Codepoint: Default (0)
        .... ..10 = Explicit Congestion Notification: ECN-Capable Transport codepoint '10' (2)
    Total Length: 1228
    Identification: 0x0000 (0)
    010. .... = Flags: 0x2, Don't fragment
        0... .... = Reserved bit: Not set
        .1.. .... = Don't fragment: Set
        ..0. .... = More fragments: Not set
    ...0 0000 0000 0000 = Fragment Offset: 0
    Time to Live: 246
    Protocol: UDP (17)
    Header Checksum: 0xf726 [validation disabled]
    [Header checksum status: Unverified]
    Source Address: 18.161.111.99
    Destination Address: 172.16.90.227
    [Stream index: 0]
User Datagram Protocol, Src Port: 443, Dst Port: 62008
    Source Port: 443
    Destination Port: 62008
    Length: 1208
    Checksum: 0x4a78 [unverified]
    [Checksum Status: Unverified]
    [Stream index: 0]
    [Stream Packet Number: 4]
    [Timestamps]
        [Time since first frame: 1.363359700 seconds]
        [Time since previous frame: 0.000000000 seconds]
    UDP payload (1200 bytes)
Data (1200 bytes)

0000  56 9c ac 88 54 48 ec f9 64 c4 bd 62 4c c5 2d a2   V...TH..d..bL.-.
0010  22 d5 5d 48 5f 7d e8 8b 89 45 98 92 e2 4e e8 20   ".]H_}...E...N. 
0020  84 f2 23 f3 64 77 4a 34 13 b2 df 30 76 f7 28 3d   ..#.dwJ4...0v.(=
0030  c7 d7 0f ce a5 49 46 77 e9 bf f6 43 3e ba 5a 66   .....IFw...C>.Zf
0040  7e 3a 1f 54 c2 95 af 5d c0 72 8f c0 1b c2 13 31   ~:.T...].r.....1
0050  0f 63 f8 30 76 0c 2b 8f 5d c8 aa bf 24 1e 12 34   .c.0v.+.]...$..4
0060  2c 44 78 33 1c bc 7d 3f 65 cd a9 76 2e 6b 3d 4b   ,Dx3..}?e..v.k=K
0070  e1 80 ee d6 91 e7 1e 1f 67 76 15 f2 76 f2 0d a3   ........gv..v...
0080  66 1a 79 69 c5 5d 0e 7e 7e 10 71 59 5a 7f 3c 69   f.yi.].~~.qYZ.<i
0090  13 cb ce a8 f6 19 9c 14 85 dc 03 15 e9 01 5c 5e   ..............\^
00a0  a2 b5 09 27 a5 9d 8f 60 02 10 5e 73 a2 6e 42 5f   ...'...`..^s.nB_
00b0  de da de 82 a7 d2 c9 fe d8 26 b4 c1 bd 5f 26 11   .........&..._&.
00c0  34 e3 4d e0 76 35 7a 2b d5 7f 11 bd 7e 53 32 49   4.M.v5z+....~S2I
00d0  25 ba 37 f1 66 49 fc d7 23 4a 0b b2 b9 da 27 f3   %.7.fI..#J....'.
00e0  08 e4 52 21 de 57 39 8a 4f 06 09 7f 1e 96 ec 9b   ..R!.W9.O.......
00f0  0d d2 47 fe 50 a0 43 4d eb 25 5a e2 0c 3d 4b 56   ..G.P.CM.%Z..=KV
0100  0a 69 d7 56 87 0d 23 51 f6 d3 6e ad 8d 54 bd 5c   .i.V..#Q..n..T.\
0110  9c 36 3c 38 c5 58 45 cb 0b b1 4a d3 37 f9 e4 e1   .6<8.XE...J.7...
0120  e5 49 34 e3 22 ac bb 1d 42 bd a8 9b 55 d7 e3 a8   .I4."...B...U...
0130  c8 a7 58 64 c7 e5 b8 4d 56 8d cd 3c d0 72 7e 4b   ..Xd...MV..<.r~K
0140  3c de 57 de b1 68 65 5e 00 45 89 1f 88 1c f2 82   <.W..he^.E......
0150  ac 4c 98 01 7e f7 f2 93 a3 02 4e c4 e5 e7 46 c4   .L..~.....N...F.
0160  94 14 22 f7 a9 29 96 6f 5b 9f 7f 37 d2 49 74 70   .."..).o[..7.Itp
0170  a7 08 bc 0d 0c b4 10 cb 29 bd 3f 3c 74 aa 4d c8   ........).?<t.M.
0180  b1 7e 37 78 28 cc e7 48 8a de 70 f3 ea d4 bf bc   .~7x(..H..p.....
0190  40 8d a7 23 5e 31 29 5a 35 f4 09 09 38 45 8e 6a   @..#^1)Z5...8E.j
01a0  3f 03 38 8a 16 d9 e5 c6 1d 1d 3b 1e 1b 2f 01 ab   ?.8.......;../..
01b0  fc 57 ce 59 1a 24 1c 86 bf 7a cc 83 71 c8 5e f0   .W.Y.$...z..q.^.
01c0  c3 03 8b e5 59 6c a2 b5 fc 33 eb e8 a3 8b 2c d8   ....Yl...3....,.
01d0  1c f6 8d 27 4f bd 67 a5 91 4d 01 8b ac 08 f8 89   ...'O.g..M......
01e0  fa d3 e2 90 52 d8 cc 0b 86 45 9f 41 96 a3 00 0e   ....R....E.A....
01f0  66 90 72 17 48 45 00 d0 cf 35 fa 4f c3 c2 b4 63   f.r.HE...5.O...c
0200  c3 ca 9a a5 0f b0 6a 11 24 f1 d3 44 74 cf be 16   ......j.$..Dt...
0210  32 03 59 07 93 d9 27 01 34 32 9e dc 47 2d b7 20   2.Y...'.42..G-. 
0220  59 d2 0a 9f 4c 5b f1 d5 b2 43 3d 1b 34 31 4f a1   Y...L[...C=.41O.
0230  7c f5 6c 75 72 71 77 54 a7 05 73 5f 03 5c 62 ed   |.lurqwT..s_.\b.
0240  0d 9f ea 18 ac 07 4c f0 1d cb 05 0f f6 6f 86 cc   ......L......o..
0250  31 f7 be 3d 78 f1 67 88 13 fb 16 a8 72 fb a9 d8   1..=x.g.....r...
0260  3e 03 af 39 ef 9c 93 1c de ce 24 72 7b 39 98 4b   >..9......$r{9.K
0270  6e 2d b5 3c c2 92 93 35 ea 3e 5d 2c 88 c8 ef 12   n-.<...5.>],....
0280  9c 74 f2 2f b6 d1 25 26 29 8e 30 55 21 98 b6 f5   .t./..%&).0U!...
0290  47 58 c0 1f a9 a0 1b 9b fb a8 76 8c e4 ec 75 41   GX........v...uA
02a0  b2 3e c9 0f cd 75 f2 9f 72 b7 bb 6d 20 45 fa 90   .>...u..r..m E..
02b0  8b 9e e7 de a6 0b 41 1e 82 b8 7b 54 7e ec 8e c1   ......A...{T~...
02c0  68 90 87 83 8e 36 54 00 b9 4c b4 67 96 49 55 f9   h....6T..L.g.IU.
02d0  6f b9 33 d2 89 ae 40 43 01 cd e5 ed da 14 61 fa   o.3...@C......a.
02e0  90 d5 2b af 95 e1 20 05 83 55 f2 4a f4 61 28 84   ..+... ..U.J.a(.
02f0  96 e7 15 a4 8e 4f 37 86 23 2a 76 52 4d d5 79 df   .....O7.#*vRM.y.
0300  db a9 3d 6e f6 2d a0 a9 75 9d 7e 18 66 95 a7 4e   ..=n.-..u.~.f..N
0310  a5 be cb bd 5f a8 6a 77 e7 b7 db 7e 25 92 1f 9f   ...._.jw...~%...
0320  f4 9f 46 b1 44 05 9e 4f b2 e6 d6 be 2e 1a 9c c5   ..F.D..O........
0330  d0 a6 2a 0c 72 3a 84 5b f1 1b 83 24 5e 3c 37 60   ..*.r:.[...$^<7`
0340  07 ad 73 60 a8 47 de 8f bd 26 25 c2 df 3f 14 e6   ..s`.G...&%..?..
0350  e7 6c 53 f8 90 77 9e fa 99 4d 0e 51 17 3a eb 3b   .lS..w...M.Q.:.;
0360  a1 b8 cf 81 35 7f 84 77 24 9d 90 cd 6b a3 fa fd   ....5..w$...k...
0370  31 66 7c bd ed 2e 90 d3 3e ab 57 75 20 cd 1a 6c   1f|.....>.Wu ..l
0380  c9 db be 0b 33 01 66 d1 ed 3c 58 2a 9b e4 7e eb   ....3.f..<X*..~.
0390  e9 e2 f1 41 1a aa 8b f5 6f cc 2c 8a d9 23 c6 ab   ...A....o.,..#..
03a0  d2 2f d0 d3 6f 06 33 05 68 64 8b aa 3d a5 4a 9b   ./..o.3.hd..=.J.
03b0  b3 ca 7b 55 54 15 10 9b e3 28 7b 8c 6f a8 ef 96   ..{UT....({.o...
03c0  54 de 70 6a 42 8d bf ef f3 ef 06 91 bd d5 c4 7b   T.pjB..........{
03d0  0d 7d e2 22 f9 9b a3 eb 04 5c 9a 08 bb 1f a2 b5   .}.".....\......
03e0  ce b5 77 49 30 f3 48 8d 8e de f5 52 34 28 19 8e   ..wI0.H....R4(..
03f0  99 f4 13 89 04 fb ed 47 3c cd 5f 37 63 68 9b f9   .......G<._7ch..
0400  18 bc 0b 36 17 9b 93 0c a4 8e 86 58 62 c9 b8 7b   ...6.......Xb..{
0410  0e 42 74 2a 6a c9 45 b4 60 d2 10 d8 70 aa 66 ac   .Bt*j.E.`...p.f.
0420  09 60 80 d0 2e 6c 25 c4 58 b2 1e 14 bb d6 f2 ad   .`...l%.X.......
0430  18 63 16 32 e1 ca b9 99 7f 30 aa ad 19 7d 67 be   .c.2.....0...}g.
0440  3c 77 6d 99 e1 a4 00 12 6b 93 da 3a 34 75 2e eb   <wm.....k..:4u..
0450  6f 71 75 1c c0 6d f2 56 5d 7f b8 f0 95 3f df 87   oqu..m.V]....?..
0460  9f b8 01 7a 34 aa 8c 8d a3 48 9d c6 a1 c9 a9 a2   ...z4....H......
0470  05 0c 2e 97 8f fe 21 ac 5e 4d 33 88 91 9e 62 3f   ......!.^M3...b?
0480  a7 70 2a b1 87 7e 4e 86 a9 d8 b0 57 8d 41 0d 37   .p*..~N....W.A.7
0490  f1 ee 27 04 5e 21 a1 6e 79 b5 27 a1 40 c1 48 7c   ..'.^!.ny.'.@.H|
04a0  87 7b 55 a8 91 6d c5 c0 11 e8 d3 4b 3e c0 0a bb   .{U..m.....K>...
    Data […]: 569cac885448ecf964c4bd624cc52da222d55d485f7de88b89459892e24ee82084f223f364774a3413b2df3076f7283dc7d70fcea5494677e9bff6433eba5a667e3a1f54c295af5dc0728fc01bc213310f63f830760c2b8f5dc8aabf241e12342c4478331cbc7d3f65cda9762e6b3d4be18
    [Length: 1200]

Frame 23: Packet, 1292 bytes on wire (10336 bits), 1292 bytes captured (10336 bits) on interface \Device\NPF_{9B9257DC-FAC1-4993-B12F-136D7BA5E874}, id 0
    Section number: 1
    Interface id: 0 (\Device\NPF_{9B9257DC-FAC1-4993-B12F-136D7BA5E874})
        Interface name: \Device\NPF_{9B9257DC-FAC1-4993-B12F-136D7BA5E874}
        Interface description: Wi-Fi
    Encapsulation type: Ethernet (1)
    Arrival Time: Apr  9, 2026 19:24:26.654042700 India Standard Time
    UTC Arrival Time: Apr  9, 2026 13:54:26.654042700 UTC
    Epoch Arrival Time: 1775742866.654042700
    [Time shift for this packet: 0.000000000 seconds]
    [Time delta from previous captured frame: 2.894985200 seconds]
    [Time delta from previous displayed frame: 2.894985200 seconds]
    [Time since reference or first frame: 4.258344900 seconds]
    Frame Number: 23
    Frame Length: 1292 bytes (10336 bits)
    Capture Length: 1292 bytes (10336 bits)
    [Frame is marked: False]
    [Frame is ignored: False]
    [Protocols in frame: eth:ethertype:ip:udp:quic]
    Character encoding: ASCII (0)
Ethernet II, Src: 96:77:0b:05:d4:0b (96:77:0b:05:d4:0b), Dst: HewlettPacka_3a:cc:1d (28:92:4a:3a:cc:1d)
    Destination: HewlettPacka_3a:cc:1d (28:92:4a:3a:cc:1d)
        .... ..0. .... .... .... .... = LG bit: Globally unique address (factory default)
        .... ...0 .... .... .... .... = IG bit: Individual address (unicast)
    Source: 96:77:0b:05:d4:0b (96:77:0b:05:d4:0b)
        .... ..1. .... .... .... .... = LG bit: Locally administered address (this is NOT the factory default)
        .... ...0 .... .... .... .... = IG bit: Individual address (unicast)
    Type: IPv4 (0x0800)
    [Stream index: 0]
Internet Protocol Version 4, Src: 172.16.90.227, Dst: 151.101.194.214
    0100 .... = Version: 4
    .... 0101 = Header Length: 20 bytes (5)
    Differentiated Services Field: 0x00 (DSCP: CS0, ECN: Not-ECT)
        0000 00.. = Differentiated Services Codepoint: Default (0)
        .... ..00 = Explicit Congestion Notification: Not ECN-Capable Transport (0)
    Total Length: 1278
    Identification: 0x181c (6172)
    010. .... = Flags: 0x2, Don't fragment
        0... .... = Reserved bit: Not set
        .1.. .... = Don't fragment: Set
        ..0. .... = More fragments: Not set
    ...0 0000 0000 0000 = Fragment Offset: 0
    Time to Live: 128
    Protocol: UDP (17)
    Header Checksum: 0x0000 [validation disabled]
    [Header checksum status: Unverified]
    Source Address: 172.16.90.227
    Destination Address: 151.101.194.214
    [Stream index: 2]
User Datagram Protocol, Src Port: 60289, Dst Port: 443
    Source Port: 60289
    Destination Port: 443
    Length: 1258
    Checksum: 0x662b [unverified]
    [Checksum Status: Unverified]
    [Stream index: 2]
    [Stream Packet Number: 1]
    [Timestamps]
        [Time since first frame: 0.000000000 seconds]
        [Time since previous frame: 0.000000000 seconds]
    UDP payload (1250 bytes)
QUIC IETF
    QUIC Connection information
        [Connection Number: 1]
    [Packet Length: 1250]
    1... .... = Header Form: Long Header (1)
    .1.. .... = Fixed Bit: True
    ..00 .... = Packet Type: Initial (0)
    [.... 00.. = Reserved: 0]
    [.... ..00 = Packet Number Length: 1 bytes (0)]
    Version: 1 (0x00000001)
    Destination Connection ID Length: 8
    Destination Connection ID: 12dda3afc43e5b7c
    Source Connection ID Length: 0
    Token Length: 0
    Length: 1232
    [Packet Number: 1]
    Payload […]: d2f16e87a8cedda965a52ddb6b8f036118ae17ef98b617d0b51d91cfe37f107bdc9f9931d7823fce72df3f9e343bf6f37204164f44a1ed0947f3b70f7dd98a25b3284f8f3afc089cd904fbb828addda9fd7dc97c393250144fac04050d34af2c353b7cbda4fa9688dff71b49332e5fdb
    PING
        Frame Type: PING (0x0000000000000001)
    PING
        Frame Type: PING (0x0000000000000001)
    PING
        Frame Type: PING (0x0000000000000001)
    PING
        Frame Type: PING (0x0000000000000001)
    CRYPTO
        Frame Type: CRYPTO (0x0000000000000006)
        Offset: 1197
        Length: 541
        Crypto Data
    PADDING Length: 85
        Frame Type: PADDING (0x0000000000000000)
        [Padding Length: 85]
    PING
        Frame Type: PING (0x0000000000000001)
    CRYPTO
        Frame Type: CRYPTO (0x0000000000000006)
        Offset: 1088
        Length: 109
        Crypto Data
    CRYPTO
        Frame Type: CRYPTO (0x0000000000000006)
        Offset: 1738
        Length: 131
        Crypto Data
    PADDING Length: 1
        Frame Type: PADDING (0x0000000000000000)
        [Padding Length: 1]
    CRYPTO
        Frame Type: CRYPTO (0x0000000000000006)
        Offset: 2028
        Length: 16
        Crypto Data
    PADDING Length: 1
        Frame Type: PADDING (0x0000000000000000)
        [Padding Length: 1]
    PING
        Frame Type: PING (0x0000000000000001)
    PING
        Frame Type: PING (0x0000000000000001)
    PADDING Length: 51
        Frame Type: PADDING (0x0000000000000000)
        [Padding Length: 51]
    CRYPTO
        Frame Type: CRYPTO (0x0000000000000006)
        Offset: 63
        Length: 1
        Crypto Data
    PADDING Length: 2
        Frame Type: PADDING (0x0000000000000000)
        [Padding Length: 2]
    CRYPTO
        Frame Type: CRYPTO (0x0000000000000006)
        Offset: 1869
        Length: 159
        Crypto Data
    PADDING Length: 1
        Frame Type: PADDING (0x0000000000000000)
        [Padding Length: 1]
    CRYPTO
        Frame Type: CRYPTO (0x0000000000000006)
        Offset: 0
        Length: 54
        Crypto Data
    CRYPTO
        Frame Type: CRYPTO (0x0000000000000006)
        Offset: 61
        Length: 2
        Crypto Data
    PING
        Frame Type: PING (0x0000000000000001)
    PING
        Frame Type: PING (0x0000000000000001)
    CRYPTO
        Frame Type: CRYPTO (0x0000000000000006)
        Offset: 54
        Length: 7
        Crypto Data
    PING
        Frame Type: PING (0x0000000000000001)
    PADDING Length: 8
        Frame Type: PADDING (0x0000000000000000)
        [Padding Length: 8]

Frame 24: Packet, 1292 bytes on wire (10336 bits), 1292 bytes captured (10336 bits) on interface \Device\NPF_{9B9257DC-FAC1-4993-B12F-136D7BA5E874}, id 0
    Section number: 1
    Interface id: 0 (\Device\NPF_{9B9257DC-FAC1-4993-B12F-136D7BA5E874})
        Interface name: \Device\NPF_{9B9257DC-FAC1-4993-B12F-136D7BA5E874}
        Interface description: Wi-Fi
    Encapsulation type: Ethernet (1)
    Arrival Time: Apr  9, 2026 19:24:26.654103500 India Standard Time
    UTC Arrival Time: Apr  9, 2026 13:54:26.654103500 UTC
    Epoch Arrival Time: 1775742866.654103500
    [Time shift for this packet: 0.000000000 seconds]
    [Time delta from previous captured frame: 60.800 microseconds]
    [Time delta from previous displayed frame: 60.800 microseconds]
    [Time since reference or first frame: 4.258405700 seconds]
    Frame Number: 24
    Frame Length: 1292 bytes (10336 bits)
    Capture Length: 1292 bytes (10336 bits)
    [Frame is marked: False]
    [Frame is ignored: False]
    [Protocols in frame: eth:ethertype:ip:udp:quic:tls]
    Character encoding: ASCII (0)
Ethernet II, Src: 96:77:0b:05:d4:0b (96:77:0b:05:d4:0b), Dst: HewlettPacka_3a:cc:1d (28:92:4a:3a:cc:1d)
    Destination: HewlettPacka_3a:cc:1d (28:92:4a:3a:cc:1d)
        .... ..0. .... .... .... .... = LG bit: Globally unique address (factory default)
        .... ...0 .... .... .... .... = IG bit: Individual address (unicast)
    Source: 96:77:0b:05:d4:0b (96:77:0b:05:d4:0b)
        .... ..1. .... .... .... .... = LG bit: Locally administered address (this is NOT the factory default)
        .... ...0 .... .... .... .... = IG bit: Individual address (unicast)
    Type: IPv4 (0x0800)
    [Stream index: 0]
Internet Protocol Version 4, Src: 172.16.90.227, Dst: 151.101.194.214
    0100 .... = Version: 4
    .... 0101 = Header Length: 20 bytes (5)
    Differentiated Services Field: 0x00 (DSCP: CS0, ECN: Not-ECT)
        0000 00.. = Differentiated Services Codepoint: Default (0)
        .... ..00 = Explicit Congestion Notification: Not ECN-Capable Transport (0)
    Total Length: 1278
    Identification: 0x181d (6173)
    010. .... = Flags: 0x2, Don't fragment
        0... .... = Reserved bit: Not set
        .1.. .... = Don't fragment: Set
        ..0. .... = More fragments: Not set
    ...0 0000 0000 0000 = Fragment Offset: 0
    Time to Live: 128
    Protocol: UDP (17)
    Header Checksum: 0x0000 [validation disabled]
    [Header checksum status: Unverified]
    Source Address: 172.16.90.227
    Destination Address: 151.101.194.214
    [Stream index: 2]
User Datagram Protocol, Src Port: 60289, Dst Port: 443
    Source Port: 60289
    Destination Port: 443
    Length: 1258
    Checksum: 0x662b [unverified]
    [Checksum Status: Unverified]
    [Stream index: 2]
    [Stream Packet Number: 2]
    [Timestamps]
        [Time since first frame: 60.800 microseconds]
        [Time since previous frame: 60.800 microseconds]
    UDP payload (1250 bytes)
QUIC IETF
    QUIC Connection information
        [Connection Number: 1]
    [Packet Length: 1250]
    1... .... = Header Form: Long Header (1)
    .1.. .... = Fixed Bit: True
    ..00 .... = Packet Type: Initial (0)
    [.... 00.. = Reserved: 0]
    [.... ..01 = Packet Number Length: 2 bytes (1)]
    Version: 1 (0x00000001)
    Destination Connection ID Length: 8
    Destination Connection ID: 12dda3afc43e5b7c
    Source Connection ID Length: 0
    Token Length: 0
    Length: 1232
    [Packet Number: 2]
    Payload […]: dd7580610ed0b10eab89db774db4d2251625ed94c0510100aed704929174d76249c666db24cdb393ddcc2a3a647b0f6ac5d003238ad590cb85da693d2d855b539454b2ce85f396d2af37e6542bbbeb092910afbc5c8681676f1422073475f8584991da4126193b9078e73d134e8fa81c
    CRYPTO
        Frame Type: CRYPTO (0x0000000000000006)
        Offset: 783
        Length: 184
        Crypto Data
    CRYPTO
        Frame Type: CRYPTO (0x0000000000000006)
        Offset: 648
        Length: 135
        Crypto Data
    CRYPTO
        Frame Type: CRYPTO (0x0000000000000006)
        Offset: 322
        Length: 6
        Crypto Data
    PADDING Length: 6
        Frame Type: PADDING (0x0000000000000000)
        [Padding Length: 6]
    PING
        Frame Type: PING (0x0000000000000001)
    CRYPTO
        Frame Type: CRYPTO (0x0000000000000006)
        Offset: 967
        Length: 2
        Crypto Data
    PING
        Frame Type: PING (0x0000000000000001)
    PING
        Frame Type: PING (0x0000000000000001)
    PING
        Frame Type: PING (0x0000000000000001)
    PADDING Length: 4
        Frame Type: PADDING (0x0000000000000000)
        [Padding Length: 4]
    CRYPTO
        Frame Type: CRYPTO (0x0000000000000006)
        Offset: 328
        Length: 8
        Crypto Data
    CRYPTO
        Frame Type: CRYPTO (0x0000000000000006)
        Offset: 1025
        Length: 63
        Crypto Data
    PING
        Frame Type: PING (0x0000000000000001)
    CRYPTO
        Frame Type: CRYPTO (0x0000000000000006)
        Offset: 969
        Length: 56
        Crypto Data
    PADDING Length: 26
        Frame Type: PADDING (0x0000000000000000)
        [Padding Length: 26]
    CRYPTO
        Frame Type: CRYPTO (0x0000000000000006)
        Offset: 336
        Length: 33
        Crypto Data
    CRYPTO
        Frame Type: CRYPTO (0x0000000000000006)
        Offset: 64
        Length: 258
        Crypto Data
    PADDING Length: 105
        Frame Type: PADDING (0x0000000000000000)
        [Padding Length: 105]
    CRYPTO
        Frame Type: CRYPTO (0x0000000000000006)
        Offset: 369
        Length: 279
        Crypto Data
        [19 Reassembled QUIC CRYPTO Data Fragments (2044 bytes): #23(54), #23(7), #23(2), #23(1), #24(258), #24(6), #24(8), #24(33), #24(279), #24(135), #24(184), #24(2), #24(56), #24(63), #23(109), #23(541), #23(131), #23(159), #23(16)]
            [Frame: 23, payload: 0-53 (54 bytes)]
            [Frame: 23, payload: 54-60 (7 bytes)]
            [Frame: 23, payload: 61-62 (2 bytes)]
            [Frame: 23, payload: 63-63 (1 byte)]
            [Frame: 24, payload: 64-321 (258 bytes)]
            [Frame: 24, payload: 322-327 (6 bytes)]
            [Frame: 24, payload: 328-335 (8 bytes)]
            [Frame: 24, payload: 336-368 (33 bytes)]
            [Frame: 24, payload: 369-647 (279 bytes)]
            [Frame: 24, payload: 648-782 (135 bytes)]
            [Frame: 24, payload: 783-966 (184 bytes)]
            [Frame: 24, payload: 967-968 (2 bytes)]
            [Frame: 24, payload: 969-1024 (56 bytes)]
            [Frame: 24, payload: 1025-1087 (63 bytes)]
            [Frame: 23, payload: 1088-1196 (109 bytes)]
            [Frame: 23, payload: 1197-1737 (541 bytes)]
            [Frame: 23, payload: 1738-1868 (131 bytes)]
            [Frame: 23, payload: 1869-2027 (159 bytes)]
            [Frame: 23, payload: 2028-2043 (16 bytes)]
            [Fragment count: 19]
        TLSv1.3 Record Layer: Handshake Protocol: Client Hello
            Handshake Protocol: Client Hello
                Handshake Type: Client Hello (1)
                Length: 2040
                Version: TLS 1.2 (0x0303)
                    [Expert Info (Chat/Deprecated): This legacy_version field MUST be ignored. The supported_versions extension is present and MUST be used instead.]
                        [This legacy_version field MUST be ignored. The supported_versions extension is present and MUST be used instead.]
                        [Severity level: Chat]
                        [Group: Deprecated]
                Random: 945339ece61cddc282c188695b1666cd758c8bad269eff83af71ff1bc2a91e44
                Session ID Length: 0
                Cipher Suites Length: 6
                Cipher Suites (3 suites)
                    Cipher Suite: TLS_AES_128_GCM_SHA256 (0x1301)
                    Cipher Suite: TLS_AES_256_GCM_SHA384 (0x1302)
                    Cipher Suite: TLS_CHACHA20_POLY1305_SHA256 (0x1303)
                Compression Methods Length: 1
                Compression Methods (1 method)
                    Compression Method: null (0)
                Extensions Length: 1993
                Extension: psk_key_exchange_modes (len=2)
                    Type: psk_key_exchange_modes (45)
                    Length: 2
                    PSK Key Exchange Modes Length: 1
                    PSK Key Exchange Mode: PSK with (EC)DHE key establishment (psk_dhe_ke) (1)
                Extension: application_layer_protocol_negotiation (len=5)
                    Type: application_layer_protocol_negotiation (16)
                    Length: 5
                    ALPN Extension Length: 3
                    ALPN Protocol
                        ALPN string length: 2
                        ALPN Next Protocol: h3
                Extension: supported_groups (len=10)
                    Type: supported_groups (10)
                    Length: 10
                    Supported Groups List Length: 8
                    Supported Groups (4 groups)
                        Supported Group: X25519MLKEM768 (0x11ec)
                        Supported Group: x25519 (0x001d)
                        Supported Group: secp256r1 (0x0017)
                        Supported Group: secp384r1 (0x0018)
                Extension: signature_algorithms (len=20)
                    Type: signature_algorithms (13)
                    Length: 20
                    Signature Hash Algorithms Length: 18
                    Signature Hash Algorithms (9 algorithms)
                        Signature Algorithm: ecdsa_secp256r1_sha256 (0x0403)
                            Signature Hash Algorithm Hash: SHA256 (4)
                            Signature Hash Algorithm Signature: ECDSA (3)
                        Signature Algorithm: rsa_pss_rsae_sha256 (0x0804)
                            Signature Hash Algorithm Hash: Unknown (8)
                            Signature Hash Algorithm Signature: Unknown (4)
                        Signature Algorithm: rsa_pkcs1_sha256 (0x0401)
                            Signature Hash Algorithm Hash: SHA256 (4)
                            Signature Hash Algorithm Signature: RSA (1)
                        Signature Algorithm: ecdsa_secp384r1_sha384 (0x0503)
                            Signature Hash Algorithm Hash: SHA384 (5)
                            Signature Hash Algorithm Signature: ECDSA (3)
                        Signature Algorithm: rsa_pss_rsae_sha384 (0x0805)
                            Signature Hash Algorithm Hash: Unknown (8)
                            Signature Hash Algorithm Signature: Unknown (5)
                        Signature Algorithm: rsa_pkcs1_sha384 (0x0501)
                            Signature Hash Algorithm Hash: SHA384 (5)
                            Signature Hash Algorithm Signature: RSA (1)
                        Signature Algorithm: rsa_pss_rsae_sha512 (0x0806)
                            Signature Hash Algorithm Hash: Unknown (8)
                            Signature Hash Algorithm Signature: Unknown (6)
                        Signature Algorithm: rsa_pkcs1_sha512 (0x0601)
                            Signature Hash Algorithm Hash: SHA512 (6)
                            Signature Hash Algorithm Signature: RSA (1)
                        Signature Algorithm: rsa_pkcs1_sha1 (0x0201)
                            Signature Hash Algorithm Hash: SHA1 (2)
                            Signature Hash Algorithm Signature: RSA (1)
                Extension: quic_transport_parameters (len=88)
                    Type: quic_transport_parameters (57)
                    Length: 88
                    Parameter: initial_max_stream_data_bidi_remote (len=4) 6291456
                        Type: initial_max_stream_data_bidi_remote (0x06)
                        Length: 4
                        Value: 80600000
                        initial_max_stream_data_bidi_remote: 6291456
                    Parameter: google_initial_rtt (len=4) 98152 us
                        Type: google_initial_rtt (0x3127)
                        Length: 4
                        Value: 80017f68
                        Google Initial RTT: 98152
                    Parameter: initial_max_stream_data_uni (len=4) 6291456
                        Type: initial_max_stream_data_uni (0x07)
                        Length: 4
                        Value: 80600000
                        initial_max_stream_data_uni: 6291456
                    Parameter: initial_max_stream_data_bidi_local (len=4) 6291456
                        Type: initial_max_stream_data_bidi_local (0x05)
                        Length: 4
                        Value: 80600000
                        initial_max_stream_data_bidi_local: 6291456
                    Parameter: initial_max_streams_uni (len=2) 103
                        Type: initial_max_streams_uni (0x09)
                        Length: 2
                        Value: 4067
                        initial_max_streams_uni: 103
                    Parameter: initial_max_streams_bidi (len=2) 100
                        Type: initial_max_streams_bidi (0x08)
                        Length: 2
                        Value: 4064
                        initial_max_streams_bidi: 100
                    Parameter: initial_max_data (len=4) 15728640
                        Type: initial_max_data (0x04)
                        Length: 4
                        Value: 80f00000
                        initial_max_data: 15728640
                    Parameter: initial_source_connection_id (len=0)
                        Type: initial_source_connection_id (0x0f)
                        Length: 0
                        Initial Source Connection ID: <MISSING>
                    Parameter: max_datagram_frame_size (len=4) 65536
                        Type: max_datagram_frame_size (0x20)
                        Length: 4
                        Value: 80010000
                        max_datagram_frame_size: 65536
                    Parameter: max_udp_payload_size (len=2) 1472
                        Type: max_udp_payload_size (0x03)
                        Length: 2
                        Value: 45c0
                        max_udp_payload_size: 1472
                    Parameter: GREASE (len=8)
                        Type: GREASE (0x18a101f9dc839524)
                        Length: 8
                        Value: b427dce3ced5bbb5
                    Parameter: max_idle_timeout (len=4) 30000 ms
                        Type: max_idle_timeout (0x01)
                        Length: 4
                        Value: 80007530
                        max_idle_timeout: 30000
                    Parameter: version_information (len=12)
                        Type: version_information (0x11)
                        Length: 12
                        Value: 000000012a5afa2a00000001
                        Chosen Version: 1 (0x00000001)
                        Other Version: Unknown (0x2a5afa2a) (GREASE)
                        Other Version: 1 (0x00000001)
                Extension: supported_versions (len=3) TLS 1.3
                    Type: supported_versions (43)
                    Length: 3
                    Supported Versions length: 2
                    Supported Version: TLS 1.3 (0x0304)
                Extension: compress_certificate (len=3)
                    Type: compress_certificate (27)
                    Length: 3
                    Algorithms Length: 2
                    Algorithm: brotli (2)
                Extension: application_settings (len=5)
                    Type: application_settings (17613)
                    Length: 5
                    ALPS Extension Length: 3
                    Supported ALPN List
                        Supported ALPN Length: 2
                        Supported ALPN: h3
                Extension: encrypted_client_hello (len=282)
                    Type: encrypted_client_hello (65037)
                    Length: 282
                    Client Hello type: Outer Client Hello (0)
                    Cipher Suite: HKDF-SHA256/AES-128-GCM
                        KDF Id: HKDF-SHA256 (1)
                        AEAD Id: AES-128-GCM (1)
                    Config Id: 90
                    Enc length: 32
                    Enc: 541c8b1200c15995395fac5c9388b6b8ed8ce8c193d5e10e111b902f7581760d
                    Payload length: 240
                    Payload […]: 8a12b69a7963fa8d09b3bb3d620e1f2f2272c2e320d92f71be3459c065bbf8e39ff1cc06cfb95d4abf6cf3b09e81fda2144a303cd5655d470386ca3df90cb4d8d07231dc1995c39f9272d2228a49722ccc58942d36b8819d5bf449a6780562ed8a045f36c0da137f79506a366b01e139
                Extension: server_name (len=18) name=gql.twitch.tv
                    Type: server_name (0)
                    Length: 18
                    Server Name Indication extension
                        Server Name list length: 16
                        Server Name Type: host_name (0)
                        Server Name length: 13
                        Server Name: gql.twitch.tv
                Extension: key_share (len=1258) X25519MLKEM768, x25519
                    Type: key_share (51)
                    Length: 1258
                    Key Share extension
                        Client Key Share Length: 1256
                        Key Share Entry: Group: X25519MLKEM768, Key Exchange length: 1216
                            Group: X25519MLKEM768 (4588)
                            Key Exchange Length: 1216
                            Key Exchange […]: 772407607b60c9f6944f270b48c139a6039681ec7e4462731a90af15a1141d28887dda191a575cd4a91a59637949f40e7a8cb8eee415a09a982b498abe87b9a1461fd78195cc657304441aa34aa310a01090d79ed407c6001376c495b54c8214b9a8785dc17522661df8d854429
                        Key Share Entry: Group: x25519, Key Exchange length: 32
                            Group: x25519 (29)
                            Key Exchange Length: 32
                            Key Exchange: 7513924f7f18fc7f294e1a7c1054f16ea1095243cb5098561fa103c14f16f703
                Extension: pre_shared_key (len=251)
                    Type: pre_shared_key (41)
                    Length: 251
                    Pre-Shared Key extension
                        Identities Length: 198
                        PSK Identity (length: 192)
                            Identity Length: 192
                            Identity […]: a8b3ba26e766ebe209c6193ee2dab12fa11a40e0afc22e00bef77c7a26b28ec3825aee244559a51f0ae3ecf5a77047a4d242857de120267f47e665d91d4224ff2cc23aedcdc5bb2a71ea263a86269ce9b76ac61f3b5d2c200a571f88eb261888102797d82adeea2fdaaded00c6ac171
                            Obfuscated Ticket Age: 1463024561
                        PSK Binders length: 49
                        PSK Binders
                            PSK Binder (length: 48)
                                Binder Length: 48
                                Binder: d7a139d552f15af633ea0479ccc631fe6c95234d52b55855c2ef748b5c356fea85f3989482ee0c9ded3ce2d6f8eed701
                [JA4: q13d0312h3_55b375c5d22e_5a06198afb93]
                [JA4_r: q13d0312h3_1301,1302,1303_000a,000d,001b,0029,002b,002d,0033,0039,44cd,fe0d_0403,0804,0401,0503,0805,0501,0806,0601,0201]
                [JA3 Fullstring: 771,4865-4866-4867,45-16-10-13-57-43-27-17613-65037-0-51-41,4588-29-23-24,]
                [JA3: 393324b18d14ba01da6579ede685fa78]

Frame 25: Packet, 1326 bytes on wire (10608 bits), 1326 bytes captured (10608 bits) on interface \Device\NPF_{9B9257DC-FAC1-4993-B12F-136D7BA5E874}, id 0
    Section number: 1
    Interface id: 0 (\Device\NPF_{9B9257DC-FAC1-4993-B12F-136D7BA5E874})
        Interface name: \Device\NPF_{9B9257DC-FAC1-4993-B12F-136D7BA5E874}
        Interface description: Wi-Fi
    Encapsulation type: Ethernet (1)
    Arrival Time: Apr  9, 2026 19:24:26.659939500 India Standard Time
    UTC Arrival Time: Apr  9, 2026 13:54:26.659939500 UTC
    Epoch Arrival Time: 1775742866.659939500
    [Time shift for this packet: 0.000000000 seconds]
    [Time delta from previous captured frame: 5.836000 milliseconds]
    [Time delta from previous displayed frame: 5.836000 milliseconds]
    [Time since reference or first frame: 4.264241700 seconds]
    Frame Number: 25
    Frame Length: 1326 bytes (10608 bits)
    Capture Length: 1326 bytes (10608 bits)
    [Frame is marked: False]
    [Frame is ignored: False]
    [Protocols in frame: eth:ethertype:vlan:ethertype:ip:udp:quic]
    Character encoding: ASCII (0)
Ethernet II, Src: HewlettPacka_3a:cc:1d (28:92:4a:3a:cc:1d), Dst: 96:77:0b:05:d4:0b (96:77:0b:05:d4:0b)
    Destination: 96:77:0b:05:d4:0b (96:77:0b:05:d4:0b)
        .... ..1. .... .... .... .... = LG bit: Locally administered address (this is NOT the factory default)
        .... ...0 .... .... .... .... = IG bit: Individual address (unicast)
    Source: HewlettPacka_3a:cc:1d (28:92:4a:3a:cc:1d)
        .... ..0. .... .... .... .... = LG bit: Globally unique address (factory default)
        .... ...0 .... .... .... .... = IG bit: Individual address (unicast)
    Type: 802.1Q Virtual LAN (0x8100)
    [Stream index: 0]
802.1Q Virtual LAN, PRI: 0, DEI: 0, ID: 0
    000. .... .... .... = Priority: Best Effort (default) (0)
    ...0 .... .... .... = DEI: Ineligible
    .... 0000 0000 0000 = ID: 0
    Type: IPv4 (0x0800)
Internet Protocol Version 4, Src: 151.101.194.214, Dst: 172.16.90.227
    0100 .... = Version: 4
    .... 0101 = Header Length: 20 bytes (5)
    Differentiated Services Field: 0x00 (DSCP: CS0, ECN: Not-ECT)
        0000 00.. = Differentiated Services Codepoint: Default (0)
        .... ..00 = Explicit Congestion Notification: Not ECN-Capable Transport (0)
    Total Length: 1308
    Identification: 0x0000 (0)
    010. .... = Flags: 0x2, Don't fragment
        0... .... = Reserved bit: Not set
        .1.. .... = Don't fragment: Set
        ..0. .... = More fragments: Not set
    ...0 0000 0000 0000 = Fragment Offset: 0
    Time to Live: 57
    Protocol: UDP (17)
    Header Checksum: 0xdba1 [validation disabled]
    [Header checksum status: Unverified]
    Source Address: 151.101.194.214
    Destination Address: 172.16.90.227
    [Stream index: 2]
User Datagram Protocol, Src Port: 443, Dst Port: 60289
    Source Port: 443
    Destination Port: 60289
    Length: 1288
    Checksum: 0xfc13 [unverified]
    [Checksum Status: Unverified]
    [Stream index: 2]
    [Stream Packet Number: 3]
    [Timestamps]
        [Time since first frame: 5.896800 milliseconds]
        [Time since previous frame: 5.836000 milliseconds]
    UDP payload (1280 bytes)
QUIC IETF
    QUIC Connection information
        [Connection Number: 1]
    [Packet Length: 1280]
    1... .... = Header Form: Long Header (1)
    .1.. .... = Fixed Bit: True
    ..00 .... = Packet Type: Initial (0)
    [.... 00.. = Reserved: 0]
    [.... ..01 = Packet Number Length: 2 bytes (1)]
    Version: 1 (0x00000001)
    Destination Connection ID Length: 0
    Source Connection ID Length: 17
    Source Connection ID: a8149c75ef660155633d78decdb675e9ef
    Token Length: 0
    Length: 1253
    [Packet Number: 0]
    Payload […]: 1d171b154d05669560815faadb02ec288d1ba922e265479548adf73c2c23fd765dd89db58ce6913c7602f3764e1a1aee2b2904c085a56f6b09c05a5d2b50af12e9e75b4f470cbbce782e043a9c9ff2c81744bbf1684bf33edf72241281b09278381f195952087e502d36c02d125f76a5
    ACK
        Frame Type: ACK (0x0000000000000002)
        Largest Acknowledged: 1
        ACK Delay: 0
        ACK Range Count: 0
        First ACK Range: 0
    PADDING Length: 1230
        Frame Type: PADDING (0x0000000000000000)
        [Padding Length: 1230]

Frame 26: Packet, 1326 bytes on wire (10608 bits), 1326 bytes captured (10608 bits) on interface \Device\NPF_{9B9257DC-FAC1-4993-B12F-136D7BA5E874}, id 0
    Section number: 1
    Interface id: 0 (\Device\NPF_{9B9257DC-FAC1-4993-B12F-136D7BA5E874})
        Interface name: \Device\NPF_{9B9257DC-FAC1-4993-B12F-136D7BA5E874}
        Interface description: Wi-Fi
    Encapsulation type: Ethernet (1)
    Arrival Time: Apr  9, 2026 19:24:26.659939500 India Standard Time
    UTC Arrival Time: Apr  9, 2026 13:54:26.659939500 UTC
    Epoch Arrival Time: 1775742866.659939500
    [Time shift for this packet: 0.000000000 seconds]
    [Time delta from previous captured frame: 0.000000000 seconds]
    [Time delta from previous displayed frame: 0.000000000 seconds]
    [Time since reference or first frame: 4.264241700 seconds]
    Frame Number: 26
    Frame Length: 1326 bytes (10608 bits)
    Capture Length: 1326 bytes (10608 bits)
    [Frame is marked: False]
    [Frame is ignored: False]
    [Protocols in frame: eth:ethertype:vlan:ethertype:ip:udp:quic:tls]
    Character encoding: ASCII (0)
Ethernet II, Src: HewlettPacka_3a:cc:1d (28:92:4a:3a:cc:1d), Dst: 96:77:0b:05:d4:0b (96:77:0b:05:d4:0b)
    Destination: 96:77:0b:05:d4:0b (96:77:0b:05:d4:0b)
        .... ..1. .... .... .... .... = LG bit: Locally administered address (this is NOT the factory default)
        .... ...0 .... .... .... .... = IG bit: Individual address (unicast)
    Source: HewlettPacka_3a:cc:1d (28:92:4a:3a:cc:1d)
        .... ..0. .... .... .... .... = LG bit: Globally unique address (factory default)
        .... ...0 .... .... .... .... = IG bit: Individual address (unicast)
    Type: 802.1Q Virtual LAN (0x8100)
    [Stream index: 0]
802.1Q Virtual LAN, PRI: 0, DEI: 0, ID: 0
    000. .... .... .... = Priority: Best Effort (default) (0)
    ...0 .... .... .... = DEI: Ineligible
    .... 0000 0000 0000 = ID: 0
    Type: IPv4 (0x0800)
Internet Protocol Version 4, Src: 151.101.194.214, Dst: 172.16.90.227
    0100 .... = Version: 4
    .... 0101 = Header Length: 20 bytes (5)
    Differentiated Services Field: 0x00 (DSCP: CS0, ECN: Not-ECT)
        0000 00.. = Differentiated Services Codepoint: Default (0)
        .... ..00 = Explicit Congestion Notification: Not ECN-Capable Transport (0)
    Total Length: 1308
    Identification: 0x0000 (0)
    010. .... = Flags: 0x2, Don't fragment
        0... .... = Reserved bit: Not set
        .1.. .... = Don't fragment: Set
        ..0. .... = More fragments: Not set
    ...0 0000 0000 0000 = Fragment Offset: 0
    Time to Live: 57
    Protocol: UDP (17)
    Header Checksum: 0xdba1 [validation disabled]
    [Header checksum status: Unverified]
    Source Address: 151.101.194.214
    Destination Address: 172.16.90.227
    [Stream index: 2]
User Datagram Protocol, Src Port: 443, Dst Port: 60289
    Source Port: 443
    Destination Port: 60289
    Length: 1288
    Checksum: 0x1d9c [unverified]
    [Checksum Status: Unverified]
    [Stream index: 2]
    [Stream Packet Number: 4]
    [Timestamps]
        [Time since first frame: 5.896800 milliseconds]
        [Time since previous frame: 0.000000000 seconds]
    UDP payload (1280 bytes)
QUIC IETF
    QUIC Connection information
        [Connection Number: 1]
    [Packet Length: 1280]
    1... .... = Header Form: Long Header (1)
    .1.. .... = Fixed Bit: True
    ..00 .... = Packet Type: Initial (0)
    [.... 00.. = Reserved: 0]
    [.... ..01 = Packet Number Length: 2 bytes (1)]
    Version: 1 (0x00000001)
    Destination Connection ID Length: 0
    Source Connection ID Length: 17
    Source Connection ID: a8149c75ef660155633d78decdb675e9ef
    Token Length: 0
    Length: 1253
    [Packet Number: 1]
    Payload […]: 87dfbcdb31c0027e5aa642c1b8ced84af2d45721ec85f30368f23a9601d67bf60d634b000690664895430d2c7498809e7668ce3e5cf31b33edc85c46d96f33ea9143d466627c85d870d1e3aabd2abe2627bc029f45383cc5980e0edf01a42c8162ad7844b03b43c04133731273821c04
    ACK
        Frame Type: ACK (0x0000000000000002)
        Largest Acknowledged: 2
        ACK Delay: 0
        ACK Range Count: 0
        First ACK Range: 1
    CRYPTO
        Frame Type: CRYPTO (0x0000000000000006)
        Offset: 0
        Length: 1184
        Crypto Data
        TLSv1.3 Record Layer: Handshake Protocol: Server Hello
            Handshake Protocol: Server Hello
                Handshake Type: Server Hello (2)
                Length: 1180
                Version: TLS 1.2 (0x0303)
                    [Expert Info (Chat/Deprecated): This legacy_version field MUST be ignored. The supported_versions extension is present and MUST be used instead.]
                        [This legacy_version field MUST be ignored. The supported_versions extension is present and MUST be used instead.]
                        [Severity level: Chat]
                        [Group: Deprecated]
                Random: 2f853db9ca5a7973a72194703c54b4dc8f6e885124860415a6c532c5eb321a16
                Session ID Length: 0
                Cipher Suite: TLS_AES_256_GCM_SHA384 (0x1302)
                Compression Method: null (0)
                Extensions Length: 1140
                Extension: supported_versions (len=2) TLS 1.3
                    Type: supported_versions (43)
                    Length: 2
                    Supported Version: TLS 1.3 (0x0304)
                Extension: key_share (len=1124) X25519MLKEM768
                    Type: key_share (51)
                    Length: 1124
                    Key Share extension
                        Key Share Entry: Group: X25519MLKEM768, Key Exchange length: 1120
                            Group: X25519MLKEM768 (4588)
                            Key Exchange Length: 1120
                            Key Exchange […]: 43cd8c1c9ea146d98d9763ed88bc6747d71639671f1e5b0c5377b3b2941c1676da1f649fcb6e675c4f3b37357d68d5892bf65ef8e8fe1135fc9dc665c5fee15f84763a3df5f0610f460cc69d5b076a84075831e9b6dd44cc476b582a480a198a5063517643d2fc079c358d20b22
                Extension: pre_shared_key (len=2)
                    Type: pre_shared_key (41)
                    Length: 2
                    Pre-Shared Key extension
                        Selected Identity: 0
                [JA3S Fullstring: 771,4866,43-51-41]
                [JA3S: 2253c82f03b621c5144709b393fde2c9]
    PADDING Length: 42
        Frame Type: PADDING (0x0000000000000000)
        [Padding Length: 42]

Frame 27: Packet, 624 bytes on wire (4992 bits), 624 bytes captured (4992 bits) on interface \Device\NPF_{9B9257DC-FAC1-4993-B12F-136D7BA5E874}, id 0
    Section number: 1
    Interface id: 0 (\Device\NPF_{9B9257DC-FAC1-4993-B12F-136D7BA5E874})
        Interface name: \Device\NPF_{9B9257DC-FAC1-4993-B12F-136D7BA5E874}
        Interface description: Wi-Fi
    Encapsulation type: Ethernet (1)
    Arrival Time: Apr  9, 2026 19:24:26.660412500 India Standard Time
    UTC Arrival Time: Apr  9, 2026 13:54:26.660412500 UTC
    Epoch Arrival Time: 1775742866.660412500
    [Time shift for this packet: 0.000000000 seconds]
    [Time delta from previous captured frame: 473.000 microseconds]
    [Time delta from previous displayed frame: 473.000 microseconds]
    [Time since reference or first frame: 4.264714700 seconds]
    Frame Number: 27
    Frame Length: 624 bytes (4992 bits)
    Capture Length: 624 bytes (4992 bits)
    [Frame is marked: False]
    [Frame is ignored: False]
    [Protocols in frame: eth:ethertype:vlan:ethertype:ip:udp:quic]
    Character encoding: ASCII (0)
Ethernet II, Src: HewlettPacka_3a:cc:1d (28:92:4a:3a:cc:1d), Dst: 96:77:0b:05:d4:0b (96:77:0b:05:d4:0b)
    Destination: 96:77:0b:05:d4:0b (96:77:0b:05:d4:0b)
        .... ..1. .... .... .... .... = LG bit: Locally administered address (this is NOT the factory default)
        .... ...0 .... .... .... .... = IG bit: Individual address (unicast)
    Source: HewlettPacka_3a:cc:1d (28:92:4a:3a:cc:1d)
        .... ..0. .... .... .... .... = LG bit: Globally unique address (factory default)
        .... ...0 .... .... .... .... = IG bit: Individual address (unicast)
    Type: 802.1Q Virtual LAN (0x8100)
    [Stream index: 0]
802.1Q Virtual LAN, PRI: 0, DEI: 0, ID: 0
    000. .... .... .... = Priority: Best Effort (default) (0)
    ...0 .... .... .... = DEI: Ineligible
    .... 0000 0000 0000 = ID: 0
    Type: IPv4 (0x0800)
Internet Protocol Version 4, Src: 151.101.194.214, Dst: 172.16.90.227
    0100 .... = Version: 4
    .... 0101 = Header Length: 20 bytes (5)
    Differentiated Services Field: 0x00 (DSCP: CS0, ECN: Not-ECT)
        0000 00.. = Differentiated Services Codepoint: Default (0)
        .... ..00 = Explicit Congestion Notification: Not ECN-Capable Transport (0)
    Total Length: 606
    Identification: 0x0001 (1)
    010. .... = Flags: 0x2, Don't fragment
        0... .... = Reserved bit: Not set
        .1.. .... = Don't fragment: Set
        ..0. .... = More fragments: Not set
    ...0 0000 0000 0000 = Fragment Offset: 0
    Time to Live: 57
    Protocol: UDP (17)
    Header Checksum: 0xde5e [validation disabled]
    [Header checksum status: Unverified]
    Source Address: 151.101.194.214
    Destination Address: 172.16.90.227
    [Stream index: 2]
User Datagram Protocol, Src Port: 443, Dst Port: 60289
    Source Port: 443
    Destination Port: 60289
    Length: 586
    Checksum: 0x32cb [unverified]
    [Checksum Status: Unverified]
    [Stream index: 2]
    [Stream Packet Number: 5]
    [Timestamps]
        [Time since first frame: 6.369800 milliseconds]
        [Time since previous frame: 473.000 microseconds]
    UDP payload (578 bytes)
QUIC IETF
    QUIC Connection information
        [Connection Number: 1]
    [Packet Length: 234]
    1... .... = Header Form: Long Header (1)
    .1.. .... = Fixed Bit: True
    ..10 .... = Packet Type: Handshake (2)
    Version: 1 (0x00000001)
    Destination Connection ID Length: 0
    Source Connection ID Length: 17
    Source Connection ID: a8149c75ef660155633d78decdb675e9ef
    Length: 208
    [Expert Info (Warning/Decryption): Failed to create decryption context: Secrets are not available]
        [Failed to create decryption context: Secrets are not available]
        [Severity level: Warning]
        [Group: Decryption]
    Remaining Payload […]: c4f970bbd5cdd9d903630ed9e96f57709c5fcb83b2fcc164364d1f091411d2a3134fa0b783e441ab6694011bd6b6c9fd6c9ff1c1409eb658e56bc3c05ed7d7343efe5769efee528d9900280fee97236102ab465867155623ff06d90cd794f79645b608fad012b1e85b7e7e
QUIC IETF
    [Packet Length: 344]
    QUIC Short Header
        0... .... = Header Form: Short Header (0)
        .1.. .... = Fixed Bit: True
        ..0. .... = Spin Bit: False
    [Expert Info (Warning/Decryption): Failed to create decryption context: Secrets are not available]
        [Failed to create decryption context: Secrets are not available]
        [Severity level: Warning]
        [Group: Decryption]
    Remaining Payload […]: 02904919be0e41a9a82421f0eaa209ea4a0836f8387445f224c51af517085044d6876594950e3a77d54ea79cb4e3aa5b13beba3eaca5734c00c7f98f2a7debba1d01b2ef8995fea630d0312db0a18e3cb3142e227c2b54c54d5bbd6d1207feb71e295cf02a91ae1b3e30bf

Frame 28: Packet, 232 bytes on wire (1856 bits), 232 bytes captured (1856 bits) on interface \Device\NPF_{9B9257DC-FAC1-4993-B12F-136D7BA5E874}, id 0
    Section number: 1
    Interface id: 0 (\Device\NPF_{9B9257DC-FAC1-4993-B12F-136D7BA5E874})
        Interface name: \Device\NPF_{9B9257DC-FAC1-4993-B12F-136D7BA5E874}
        Interface description: Wi-Fi
    Encapsulation type: Ethernet (1)
    Arrival Time: Apr  9, 2026 19:24:26.660733200 India Standard Time
    UTC Arrival Time: Apr  9, 2026 13:54:26.660733200 UTC
    Epoch Arrival Time: 1775742866.660733200
    [Time shift for this packet: 0.000000000 seconds]
    [Time delta from previous captured frame: 320.700 microseconds]
    [Time delta from previous displayed frame: 320.700 microseconds]
    [Time since reference or first frame: 4.265035400 seconds]
    Frame Number: 28
    Frame Length: 232 bytes (1856 bits)
    Capture Length: 232 bytes (1856 bits)
    [Frame is marked: False]
    [Frame is ignored: False]
    [Protocols in frame: eth:ethertype:ip:udp:quic]
    Character encoding: ASCII (0)
Ethernet II, Src: 96:77:0b:05:d4:0b (96:77:0b:05:d4:0b), Dst: HewlettPacka_3a:cc:1d (28:92:4a:3a:cc:1d)
    Destination: HewlettPacka_3a:cc:1d (28:92:4a:3a:cc:1d)
        .... ..0. .... .... .... .... = LG bit: Globally unique address (factory default)
        .... ...0 .... .... .... .... = IG bit: Individual address (unicast)
    Source: 96:77:0b:05:d4:0b (96:77:0b:05:d4:0b)
        .... ..1. .... .... .... .... = LG bit: Locally administered address (this is NOT the factory default)
        .... ...0 .... .... .... .... = IG bit: Individual address (unicast)
    Type: IPv4 (0x0800)
    [Stream index: 0]
Internet Protocol Version 4, Src: 172.16.90.227, Dst: 151.101.194.214
    0100 .... = Version: 4
    .... 0101 = Header Length: 20 bytes (5)
    Differentiated Services Field: 0x00 (DSCP: CS0, ECN: Not-ECT)
        0000 00.. = Differentiated Services Codepoint: Default (0)
        .... ..00 = Explicit Congestion Notification: Not ECN-Capable Transport (0)
    Total Length: 218
    Identification: 0x181e (6174)
    010. .... = Flags: 0x2, Don't fragment
        0... .... = Reserved bit: Not set
        .1.. .... = Don't fragment: Set
        ..0. .... = More fragments: Not set
    ...0 0000 0000 0000 = Fragment Offset: 0
    Time to Live: 128
    Protocol: UDP (17)
    Header Checksum: 0x0000 [validation disabled]
    [Header checksum status: Unverified]
    Source Address: 172.16.90.227
    Destination Address: 151.101.194.214
    [Stream index: 2]
User Datagram Protocol, Src Port: 60289, Dst Port: 443
    Source Port: 60289
    Destination Port: 443
    Length: 198
    Checksum: 0x6207 [unverified]
    [Checksum Status: Unverified]
    [Stream index: 2]
    [Stream Packet Number: 6]
    [Timestamps]
        [Time since first frame: 6.690500 milliseconds]
        [Time since previous frame: 320.700 microseconds]
    UDP payload (190 bytes)
QUIC IETF
    QUIC Connection information
        [Connection Number: 1]
    [Packet Length: 103]
    1... .... = Header Form: Long Header (1)
    .1.. .... = Fixed Bit: True
    ..10 .... = Packet Type: Handshake (2)
    Version: 1 (0x00000001)
    Destination Connection ID Length: 17
    Destination Connection ID: a8149c75ef660155633d78decdb675e9ef
    Source Connection ID Length: 0
    Length: 77
    [Expert Info (Warning/Decryption): Failed to create decryption context: Secrets are not available]
        [Failed to create decryption context: Secrets are not available]
        [Severity level: Warning]
        [Group: Decryption]
    Remaining Payload: fdcd3990705daecff258ad4100af5323486e33e136aecd35c1d6af26316b1ef4922f1d97de4a1299bcfe3b969bcc48dc2711d6222f2b6eda862179cad7587d49ae5ef83aff33468ecb41d36bd7
QUIC IETF
    [Packet Length: 87]
    QUIC Short Header DCID=a8149c75ef660155633d78decdb675e9ef
        0... .... = Header Form: Short Header (0)
        .1.. .... = Fixed Bit: True
        ..0. .... = Spin Bit: False
        Destination Connection ID: a8149c75ef660155633d78decdb675e9ef
    Remaining Payload: 7cb4bc215939f9201b6172fac0ec73398e948c68cf0a85e53b91eaf7ba99fa35ecc0e36be1361c2e5a7134b37545adb52f9318b6b70371b22f6fab5870508baabcccc15b15

Frame 29: Packet, 67 bytes on wire (536 bits), 67 bytes captured (536 bits) on interface \Device\NPF_{9B9257DC-FAC1-4993-B12F-136D7BA5E874}, id 0
    Section number: 1
    Interface id: 0 (\Device\NPF_{9B9257DC-FAC1-4993-B12F-136D7BA5E874})
        Interface name: \Device\NPF_{9B9257DC-FAC1-4993-B12F-136D7BA5E874}
        Interface description: Wi-Fi
    Encapsulation type: Ethernet (1)
    Arrival Time: Apr  9, 2026 19:24:26.665463500 India Standard Time
    UTC Arrival Time: Apr  9, 2026 13:54:26.665463500 UTC
    Epoch Arrival Time: 1775742866.665463500
    [Time shift for this packet: 0.000000000 seconds]
    [Time delta from previous captured frame: 4.730300 milliseconds]
    [Time delta from previous displayed frame: 4.730300 milliseconds]
    [Time since reference or first frame: 4.269765700 seconds]
    Frame Number: 29
    Frame Length: 67 bytes (536 bits)
    Capture Length: 67 bytes (536 bits)
    [Frame is marked: False]
    [Frame is ignored: False]
    [Protocols in frame: eth:ethertype:ip:udp:quic]
    Character encoding: ASCII (0)
Ethernet II, Src: HewlettPacka_3a:cc:1d (28:92:4a:3a:cc:1d), Dst: 96:77:0b:05:d4:0b (96:77:0b:05:d4:0b)
    Destination: 96:77:0b:05:d4:0b (96:77:0b:05:d4:0b)
        .... ..1. .... .... .... .... = LG bit: Locally administered address (this is NOT the factory default)
        .... ...0 .... .... .... .... = IG bit: Individual address (unicast)
    Source: HewlettPacka_3a:cc:1d (28:92:4a:3a:cc:1d)
        .... ..0. .... .... .... .... = LG bit: Globally unique address (factory default)
        .... ...0 .... .... .... .... = IG bit: Individual address (unicast)
    Type: IPv4 (0x0800)
    [Stream index: 0]
Internet Protocol Version 4, Src: 151.101.194.214, Dst: 172.16.90.227
    0100 .... = Version: 4
    .... 0101 = Header Length: 20 bytes (5)
    Differentiated Services Field: 0x00 (DSCP: CS0, ECN: Not-ECT)
        0000 00.. = Differentiated Services Codepoint: Default (0)
        .... ..00 = Explicit Congestion Notification: Not ECN-Capable Transport (0)
    Total Length: 53
    Identification: 0x0000 (0)
    010. .... = Flags: 0x2, Don't fragment
        0... .... = Reserved bit: Not set
        .1.. .... = Don't fragment: Set
        ..0. .... = More fragments: Not set
    ...0 0000 0000 0000 = Fragment Offset: 0
    Time to Live: 57
    Protocol: UDP (17)
    Header Checksum: 0xe088 [validation disabled]
    [Header checksum status: Unverified]
    Source Address: 151.101.194.214
    Destination Address: 172.16.90.227
    [Stream index: 2]
User Datagram Protocol, Src Port: 443, Dst Port: 60289
    Source Port: 443
    Destination Port: 60289
    Length: 33
    Checksum: 0x20f7 [unverified]
    [Checksum Status: Unverified]
    [Stream index: 2]
    [Stream Packet Number: 7]
    [Timestamps]
        [Time since first frame: 11.420800 milliseconds]
        [Time since previous frame: 4.730300 milliseconds]
    UDP payload (25 bytes)
QUIC IETF
    QUIC Connection information
        [Connection Number: 1]
    [Packet Length: 25]
    QUIC Short Header
        0... .... = Header Form: Short Header (0)
        .1.. .... = Fixed Bit: True
        ..0. .... = Spin Bit: False
    Remaining Payload: d3a80a95450b735b4842a0af06d295d7adcb084b852af0c8

Frame 30: Packet, 83 bytes on wire (664 bits), 83 bytes captured (664 bits) on interface \Device\NPF_{9B9257DC-FAC1-4993-B12F-136D7BA5E874}, id 0
    Section number: 1
    Interface id: 0 (\Device\NPF_{9B9257DC-FAC1-4993-B12F-136D7BA5E874})
        Interface name: \Device\NPF_{9B9257DC-FAC1-4993-B12F-136D7BA5E874}
        Interface description: Wi-Fi
    Encapsulation type: Ethernet (1)
    Arrival Time: Apr  9, 2026 19:24:26.691575400 India Standard Time
    UTC Arrival Time: Apr  9, 2026 13:54:26.691575400 UTC
    Epoch Arrival Time: 1775742866.691575400
    [Time shift for this packet: 0.000000000 seconds]
    [Time delta from previous captured frame: 26.111900 milliseconds]
    [Time delta from previous displayed frame: 26.111900 milliseconds]
    [Time since reference or first frame: 4.295877600 seconds]
    Frame Number: 30
    Frame Length: 83 bytes (664 bits)
    Capture Length: 83 bytes (664 bits)
    [Frame is marked: False]
    [Frame is ignored: False]
    [Protocols in frame: eth:ethertype:ip:udp:quic]
    Character encoding: ASCII (0)
Ethernet II, Src: 96:77:0b:05:d4:0b (96:77:0b:05:d4:0b), Dst: HewlettPacka_3a:cc:1d (28:92:4a:3a:cc:1d)
    Destination: HewlettPacka_3a:cc:1d (28:92:4a:3a:cc:1d)
        .... ..0. .... .... .... .... = LG bit: Globally unique address (factory default)
        .... ...0 .... .... .... .... = IG bit: Individual address (unicast)
    Source: 96:77:0b:05:d4:0b (96:77:0b:05:d4:0b)
        .... ..1. .... .... .... .... = LG bit: Locally administered address (this is NOT the factory default)
        .... ...0 .... .... .... .... = IG bit: Individual address (unicast)
    Type: IPv4 (0x0800)
    [Stream index: 0]
Internet Protocol Version 4, Src: 172.16.90.227, Dst: 151.101.194.214
    0100 .... = Version: 4
    .... 0101 = Header Length: 20 bytes (5)
    Differentiated Services Field: 0x00 (DSCP: CS0, ECN: Not-ECT)
        0000 00.. = Differentiated Services Codepoint: Default (0)
        .... ..00 = Explicit Congestion Notification: Not ECN-Capable Transport (0)
    Total Length: 69
    Identification: 0x181f (6175)
    010. .... = Flags: 0x2, Don't fragment
        0... .... = Reserved bit: Not set
        .1.. .... = Don't fragment: Set
        ..0. .... = More fragments: Not set
    ...0 0000 0000 0000 = Fragment Offset: 0
    Time to Live: 128
    Protocol: UDP (17)
    Header Checksum: 0x0000 [validation disabled]
    [Header checksum status: Unverified]
    Source Address: 172.16.90.227
    Destination Address: 151.101.194.214
    [Stream index: 2]
User Datagram Protocol, Src Port: 60289, Dst Port: 443
    Source Port: 60289
    Destination Port: 443
    Length: 49
    Checksum: 0x6172 [unverified]
    [Checksum Status: Unverified]
    [Stream index: 2]
    [Stream Packet Number: 8]
    [Timestamps]
        [Time since first frame: 37.532700 milliseconds]
        [Time since previous frame: 26.111900 milliseconds]
    UDP payload (41 bytes)
QUIC IETF
    QUIC Connection information
        [Connection Number: 1]
    [Packet Length: 41]
    QUIC Short Header DCID=a8149c75ef660155633d78decdb675e9ef
        0... .... = Header Form: Short Header (0)
        .1.. .... = Fixed Bit: True
        ..0. .... = Spin Bit: False
        Destination Connection ID: a8149c75ef660155633d78decdb675e9ef
    Remaining Payload: d2fda6099a3c6780c7876cba36fe24846ccaec9f6247e0

Frame 31: Packet, 1242 bytes on wire (9936 bits), 1242 bytes captured (9936 bits) on interface \Device\NPF_{9B9257DC-FAC1-4993-B12F-136D7BA5E874}, id 0
    Section number: 1
    Interface id: 0 (\Device\NPF_{9B9257DC-FAC1-4993-B12F-136D7BA5E874})
        Interface name: \Device\NPF_{9B9257DC-FAC1-4993-B12F-136D7BA5E874}
        Interface description: Wi-Fi
    Encapsulation type: Ethernet (1)
    Arrival Time: Apr  9, 2026 19:24:26.707326600 India Standard Time
    UTC Arrival Time: Apr  9, 2026 13:54:26.707326600 UTC
    Epoch Arrival Time: 1775742866.707326600
    [Time shift for this packet: 0.000000000 seconds]
    [Time delta from previous captured frame: 15.751200 milliseconds]
    [Time delta from previous displayed frame: 15.751200 milliseconds]
    [Time since reference or first frame: 4.311628800 seconds]
    Frame Number: 31
    Frame Length: 1242 bytes (9936 bits)
    Capture Length: 1242 bytes (9936 bits)
    [Frame is marked: False]
    [Frame is ignored: False]
    [Protocols in frame: eth:ethertype:ip:udp:data]
    Character encoding: ASCII (0)
Ethernet II, Src: HewlettPacka_3a:cc:1d (28:92:4a:3a:cc:1d), Dst: 96:77:0b:05:d4:0b (96:77:0b:05:d4:0b)
    Destination: 96:77:0b:05:d4:0b (96:77:0b:05:d4:0b)
        .... ..1. .... .... .... .... = LG bit: Locally administered address (this is NOT the factory default)
        .... ...0 .... .... .... .... = IG bit: Individual address (unicast)
    Source: HewlettPacka_3a:cc:1d (28:92:4a:3a:cc:1d)
        .... ..0. .... .... .... .... = LG bit: Globally unique address (factory default)
        .... ...0 .... .... .... .... = IG bit: Individual address (unicast)
    Type: IPv4 (0x0800)
    [Stream index: 0]
Internet Protocol Version 4, Src: 18.161.111.99, Dst: 172.16.90.227
    0100 .... = Version: 4
    .... 0101 = Header Length: 20 bytes (5)
    Differentiated Services Field: 0x03 (DSCP: CS0, ECN: CE)
        0000 00.. = Differentiated Services Codepoint: Default (0)
        .... ..11 = Explicit Congestion Notification: Congestion Experienced (3)
    Total Length: 1228
    Identification: 0x0000 (0)
    010. .... = Flags: 0x2, Don't fragment
        0... .... = Reserved bit: Not set
        .1.. .... = Don't fragment: Set
        ..0. .... = More fragments: Not set
    ...0 0000 0000 0000 = Fragment Offset: 0
    Time to Live: 246
    Protocol: UDP (17)
    Header Checksum: 0xf725 [validation disabled]
    [Header checksum status: Unverified]
    Source Address: 18.161.111.99
    Destination Address: 172.16.90.227
    [Stream index: 0]
User Datagram Protocol, Src Port: 443, Dst Port: 62008
    Source Port: 443
    Destination Port: 62008
    Length: 1208
    Checksum: 0xd976 [unverified]
    [Checksum Status: Unverified]
    [Stream index: 0]
    [Stream Packet Number: 5]
    [Timestamps]
        [Time since first frame: 4.311628800 seconds]
        [Time since previous frame: 2.948269100 seconds]
    UDP payload (1200 bytes)
Data (1200 bytes)

0000  5c f5 5b 1a 7f cb d7 df ce 2e 9c a0 ab 13 32 9e   \.[...........2.
0010  4d 81 8a 9d 41 18 5a d5 5e 16 9b 23 58 cf 60 1e   M...A.Z.^..#X.`.
0020  a5 2c 9d 51 13 d3 f4 f5 fa aa 5e f7 c0 6d c8 c9   .,.Q......^..m..
0030  2f 97 1f cb fc f7 d9 e2 10 44 60 23 a5 49 9a b7   /........D`#.I..
0040  b3 e5 6d 35 d7 a9 b2 d7 15 7b 81 ad 62 24 99 d4   ..m5.....{..b$..
0050  c0 ff 51 56 24 49 7a df 6e 4a 16 5c 29 14 c8 6f   ..QV$Iz.nJ.\)..o
0060  d0 59 0a 99 58 5e de 4c 8b 45 21 2a 29 26 50 9f   .Y..X^.L.E!*)&P.
0070  28 8c 04 b2 b2 d6 28 44 db 8f cb 7c 35 c5 3d f8   (.....(D...|5.=.
0080  2b fa 59 4c 1e d2 63 f6 87 30 8e 97 f7 1b e1 b1   +.YL..c..0......
0090  8a a2 67 eb 9b 05 e8 45 0c 7a a7 a4 29 16 58 1e   ..g....E.z..).X.
00a0  7a a3 e4 ee c2 82 03 91 75 1f 69 3f 71 41 84 ed   z.......u.i?qA..
00b0  9a dc 9f 09 4f 55 cd 50 31 58 24 0b 38 23 6c 59   ....OU.P1X$.8#lY
00c0  2d ac 34 96 55 10 b0 6b ff 86 f9 ca 00 05 c2 1c   -.4.U..k........
00d0  b3 af 02 75 60 67 f0 58 f3 8d 8b 6b 0d ac 55 c5   ...u`g.X...k..U.
00e0  be 44 ed 40 d5 5f a8 5c b2 62 d1 af 20 02 20 cb   .D.@._.\.b.. . .
00f0  39 ff bb cc 22 2b 7d 3c 91 60 13 e5 d4 82 d0 55   9..."+}<.`.....U
0100  1e 6e 1a 98 35 15 41 42 6a b0 69 11 fc ff ec 95   .n..5.ABj.i.....
0110  e4 f3 2d 02 49 58 ac d5 f9 b0 b5 39 c8 ca ac bd   ..-.IX.....9....
0120  48 01 86 66 b7 fc a9 f6 6e dc 6e 3f 9c 53 9a f5   H..f....n.n?.S..
0130  4f e0 89 cd ae 18 66 ab bb 40 77 51 22 05 45 1f   O.....f..@wQ".E.
0140  b1 bd 16 ff e3 d6 37 b3 fd bf 43 34 15 83 cc fa   ......7...C4....
0150  3f e8 23 ce 7f 2b d4 41 a2 25 21 57 ec 06 bb 1f   ?.#..+.A.%!W....
0160  8b 4f 35 03 2b ca fe 83 47 f8 1d 1c 7b 0f ae 88   .O5.+...G...{...
0170  ac 05 5d 98 f3 d0 7a b1 b7 57 1d c0 28 a7 13 06   ..]...z..W..(...
0180  74 12 27 0c f7 ab f3 12 0e 57 f6 26 21 bf 27 f5   t.'......W.&!.'.
0190  89 d5 5c e6 e3 8a 25 a0 28 e0 94 82 74 fa 84 b4   ..\...%.(...t...
01a0  48 70 c2 8a 06 14 7f 02 ab 4e 86 50 1a 27 31 73   Hp.......N.P.'1s
01b0  6e 5c 0a b3 57 1e 26 78 2e e5 bf cf 09 c5 94 28   n\..W.&x.......(
01c0  a1 98 4c 13 57 34 64 4b 7c 42 f0 ea 77 46 50 45   ..L.W4dK|B..wFPE
01d0  8a 57 15 fa ac 43 68 e4 52 d2 b3 75 8b 55 30 01   .W...Ch.R..u.U0.
01e0  5b 62 7a cd ce a9 16 fb 63 48 02 f1 a3 9f 1d 3b   [bz.....cH.....;
01f0  16 ac a3 86 43 c4 9d 6a cb 06 b5 c2 ce 6e 05 80   ....C..j.....n..
0200  81 5c 92 0a 5e a8 99 0f af 1f b7 73 cf bb 1f 90   .\..^......s....
0210  fc 1d 6a 66 96 bf 20 ff a6 71 1e ab 4f 8a f5 9e   ..jf.. ..q..O...
0220  b1 bc ef 0a ef d7 33 e3 ee 76 ca b2 df 24 a2 f7   ......3..v...$..
0230  12 d1 c2 73 c3 d3 54 d4 a6 14 50 67 b0 67 e9 ab   ...s..T...Pg.g..
0240  90 3a 60 b2 b2 6b 34 c4 5c 5e a0 ef b7 d0 c0 63   .:`..k4.\^.....c
0250  7f dc af 40 47 d4 5b e7 a8 3c 47 1f 55 d6 ef 7e   ...@G.[..<G.U..~
0260  e9 5f 1e 3f 24 2f 28 e0 02 79 e4 2f 05 b1 8b 58   ._.?$/(..y./...X
0270  27 66 25 b1 b8 0e 10 9a 1c b5 0b f2 41 c9 24 11   'f%.........A.$.
0280  ba 42 3a 3c ed 40 cb b2 74 78 16 0a ff 49 ef c4   .B:<.@..tx...I..
0290  f7 63 9f 95 e0 1d bf 0d 90 0f 4c a7 3e 9e d3 75   .c........L.>..u
02a0  dd 39 b9 4d d5 cb 6e 21 34 86 d5 d8 59 53 92 b5   .9.M..n!4...YS..
02b0  fc fb 39 44 99 2d a4 df 2f b3 8a 1f 35 3b 1b 01   ..9D.-../...5;..
02c0  ea 3c e8 8f 60 29 1d c3 87 d4 b3 15 28 a0 86 67   .<..`)......(..g
02d0  23 da 9a 30 19 ce 5c a9 8b 33 93 1c 18 91 5b ef   #..0..\..3....[.
02e0  82 e0 cc b8 86 de a0 b3 b7 ef 26 e6 1e 90 40 50   ..........&...@P
02f0  29 5f 04 6b 55 0b 90 01 d3 8f dc ac 16 20 9d 6b   )_.kU........ .k
0300  78 9b e1 0f 60 5f 19 d6 00 6d 3b c5 7d 2c 41 e0   x...`_...m;.},A.
0310  c2 f6 41 a3 81 9f bf 55 13 c5 05 0d 07 77 36 af   ..A....U.....w6.
0320  95 0a 8a 79 e1 23 8f 71 58 5b 60 e6 00 97 3d 47   ...y.#.qX[`...=G
0330  45 ef d8 3e 88 4c 4c 6d 0b 21 1a 90 f4 58 e3 b9   E..>.LLm.!...X..
0340  ab 50 9d 4f 5c 78 4c 96 08 e6 e1 ec 00 f1 c5 18   .P.O\xL.........
0350  9c d3 21 b4 ca ff 53 f9 36 81 03 9b 74 fd 5d a7   ..!...S.6...t.].
0360  b9 aa d8 c7 50 e5 4e 7e 5e 78 31 91 4f c8 1b 4b   ....P.N~^x1.O..K
0370  76 5c bf b8 74 68 96 37 72 8d be 8c c3 a8 e3 44   v\..th.7r......D
0380  2f d9 5a 57 cc 88 11 4b 6b f5 49 33 23 f1 60 4c   /.ZW...Kk.I3#.`L
0390  0e b9 4a c7 19 27 f6 c7 58 c1 e1 4f 5d cb b2 24   ..J..'..X..O]..$
03a0  13 35 2a 2e 36 32 dd 39 a7 82 eb 40 ac 85 f6 22   .5*.62.9...@..."
03b0  20 81 44 0d 9f 05 9b 8c 13 a1 cd 30 cd 96 04 54    .D........0...T
03c0  b6 a7 5c da 72 16 9e e3 cd 20 4d 7e c0 ae a2 3c   ..\.r.... M~...<
03d0  45 4b 63 4c 2b ee 47 6b 84 f3 9c 53 02 f7 3f 9e   EKcL+.Gk...S..?.
03e0  4c 60 b9 79 d7 06 50 59 c5 47 19 9c f4 ae 28 0f   L`.y..PY.G....(.
03f0  71 c8 d4 ce a8 cc 07 dc 43 d4 ad f2 ee ae 39 75   q.......C.....9u
0400  93 80 8c fc 61 8f 8a 27 01 19 d6 03 05 95 8d 04   ....a..'........
0410  78 41 5c 28 25 b2 22 3b de 21 39 f1 59 bc 11 73   xA\(%.";.!9.Y..s
0420  ec 39 b9 f7 40 99 b7 6f 7a 7e c3 70 2a 86 f5 ff   .9..@..oz~.p*...
0430  53 dc 6f d8 29 bb 8e aa a4 02 27 72 af fe 39 42   S.o.).....'r..9B
0440  d6 3c a6 f6 31 bd b4 a4 9d ef 30 64 8b 89 86 3f   .<..1.....0d...?
0450  57 14 e6 97 7f e0 7b e2 59 a2 2c 90 ce 56 b9 e2   W.....{.Y.,..V..
0460  be 6a a3 a6 23 b3 87 f1 75 ed 07 bb 43 97 75 de   .j..#...u...C.u.
0470  89 64 00 9a 16 81 c3 12 1f 96 4a d3 29 88 02 e8   .d........J.)...
0480  de 01 95 1b c3 39 05 56 88 ef 03 1f 63 69 12 41   .....9.V....ci.A
0490  42 cc a1 83 e4 90 c7 1b fe bc c3 56 63 10 6f a1   B..........Vc.o.
04a0  20 2f e8 41 8c 9b b2 94 e7 77 3a f1 1f e8 00 8d    /.A.....w:.....
    Data […]: 5cf55b1a7fcbd7dfce2e9ca0ab13329e4d818a9d41185ad55e169b2358cf601ea52c9d5113d3f4f5faaa5ef7c06dc8c92f971fcbfcf7d9e210446023a5499ab7b3e56d35d7a9b2d7157b81ad622499d4c0ff515624497adf6e4a165c2914c86fd0590a99585ede4c8b45212a2926509f288
    [Length: 1200]

Frame 32: Packet, 1242 bytes on wire (9936 bits), 1242 bytes captured (9936 bits) on interface \Device\NPF_{9B9257DC-FAC1-4993-B12F-136D7BA5E874}, id 0
    Section number: 1
    Interface id: 0 (\Device\NPF_{9B9257DC-FAC1-4993-B12F-136D7BA5E874})
        Interface name: \Device\NPF_{9B9257DC-FAC1-4993-B12F-136D7BA5E874}
        Interface description: Wi-Fi
    Encapsulation type: Ethernet (1)
    Arrival Time: Apr  9, 2026 19:24:26.707326600 India Standard Time
    UTC Arrival Time: Apr  9, 2026 13:54:26.707326600 UTC
    Epoch Arrival Time: 1775742866.707326600
    [Time shift for this packet: 0.000000000 seconds]
    [Time delta from previous captured frame: 0.000000000 seconds]
    [Time delta from previous displayed frame: 0.000000000 seconds]
    [Time since reference or first frame: 4.311628800 seconds]
    Frame Number: 32
    Frame Length: 1242 bytes (9936 bits)
    Capture Length: 1242 bytes (9936 bits)
    [Frame is marked: False]
    [Frame is ignored: False]
    [Protocols in frame: eth:ethertype:ip:udp:data]
    Character encoding: ASCII (0)
Ethernet II, Src: HewlettPacka_3a:cc:1d (28:92:4a:3a:cc:1d), Dst: 96:77:0b:05:d4:0b (96:77:0b:05:d4:0b)
    Destination: 96:77:0b:05:d4:0b (96:77:0b:05:d4:0b)
        .... ..1. .... .... .... .... = LG bit: Locally administered address (this is NOT the factory default)
        .... ...0 .... .... .... .... = IG bit: Individual address (unicast)
    Source: HewlettPacka_3a:cc:1d (28:92:4a:3a:cc:1d)
        .... ..0. .... .... .... .... = LG bit: Globally unique address (factory default)
        .... ...0 .... .... .... .... = IG bit: Individual address (unicast)
    Type: IPv4 (0x0800)
    [Stream index: 0]
Internet Protocol Version 4, Src: 18.161.111.99, Dst: 172.16.90.227
    0100 .... = Version: 4
    .... 0101 = Header Length: 20 bytes (5)
    Differentiated Services Field: 0x02 (DSCP: CS0, ECN: ECT(0))
        0000 00.. = Differentiated Services Codepoint: Default (0)
        .... ..10 = Explicit Congestion Notification: ECN-Capable Transport codepoint '10' (2)
    Total Length: 1228
    Identification: 0x0000 (0)
    010. .... = Flags: 0x2, Don't fragment
        0... .... = Reserved bit: Not set
        .1.. .... = Don't fragment: Set
        ..0. .... = More fragments: Not set
    ...0 0000 0000 0000 = Fragment Offset: 0
    Time to Live: 246
    Protocol: UDP (17)
    Header Checksum: 0xf726 [validation disabled]
    [Header checksum status: Unverified]
    Source Address: 18.161.111.99
    Destination Address: 172.16.90.227
    [Stream index: 0]
User Datagram Protocol, Src Port: 443, Dst Port: 62008
    Source Port: 443
    Destination Port: 62008
    Length: 1208
    Checksum: 0x9049 [unverified]
    [Checksum Status: Unverified]
    [Stream index: 0]
    [Stream Packet Number: 6]
    [Timestamps]
        [Time since first frame: 4.311628800 seconds]
        [Time since previous frame: 0.000000000 seconds]
    UDP payload (1200 bytes)
Data (1200 bytes)

0000  5d ea ca 92 17 12 76 9e eb 63 fc 42 77 33 62 a3   ].....v..c.Bw3b.
0010  9f f8 3a fc d6 e1 02 25 c3 45 99 ab 9f 0f 71 41   ..:....%.E....qA
0020  82 2d 1c 7e 84 d0 50 6a 7c bc 00 66 ab bf 50 c9   .-.~..Pj|..f..P.
0030  86 c4 9f fc 4f 95 53 a3 e9 c7 b3 de 3b cc 01 bc   ....O.S.....;...
0040  75 97 5d bd f8 52 c1 ff b1 52 f1 a8 0d 94 81 fe   u.]..R...R......
0050  4a b3 b2 52 14 0e b3 4b dd d0 51 21 b9 9a e8 e0   J..R...K..Q!....
0060  0a 63 48 30 8a 41 f4 d7 6e d2 ba 72 01 ae 16 b2   .cH0.A..n..r....
0070  fb 40 80 67 b4 62 e4 da 38 f4 01 cb 4f d9 e0 04   .@.g.b..8...O...
0080  d6 85 0e f2 b2 98 af 9d bf 05 59 e5 a4 a4 73 a9   ..........Y...s.
0090  e5 50 62 14 29 6d 38 09 a4 4a 80 98 cb a1 d3 94   .Pb.)m8..J......
00a0  bb 66 4e 01 41 b6 9d ea 98 53 6d 86 0b a5 5d 58   .fN.A....Sm...]X
00b0  d6 02 61 c6 60 c7 60 9b 37 bb c2 bb 88 cd c6 ac   ..a.`.`.7.......
00c0  53 6c 3e 02 fd fc 29 57 2c 46 0e cf a6 db 00 be   Sl>...)W,F......
00d0  fd 96 bc 74 06 80 f7 25 41 98 c4 96 29 bc 48 df   ...t...%A...).H.
00e0  8d 22 a4 ec 12 5f 60 cc d6 b8 57 e0 9b 3b 52 18   ."..._`...W..;R.
00f0  1b 6a 50 aa 72 a1 06 ea a1 a3 f5 2b cf a7 06 ac   .jP.r......+....
0100  ae 8c 4a cb b1 43 f5 4a 75 8d db 65 91 48 6e 4c   ..J..C.Ju..e.HnL
0110  e1 4d 71 9a 4f a2 6a f4 4f 01 70 01 06 76 bc 01   .Mq.O.j.O.p..v..
0120  20 51 83 c5 db 7f 09 4f 93 57 bb ca 9a 1a a1 b2    Q.....O.W......
0130  3b be 1a 64 6f 21 26 b6 b3 21 df d5 61 39 24 f4   ;..do!&..!..a9$.
0140  35 0f c8 8d 61 c1 1d 16 c6 21 bf 4a 27 6a f4 6b   5...a....!.J'j.k
0150  8c 0f d7 b9 23 01 29 98 36 d7 f0 10 8b 53 4b fb   ....#.).6....SK.
0160  bd cf 00 97 ea 8e 0f 0a cf d9 6d 9f b7 1a 3d 40   ..........m...=@
0170  8e a7 e1 fa 90 21 7b e1 6b f9 a6 12 63 bc 3b 01   .....!{.k...c.;.
0180  71 90 ee 99 8d b1 1f ac 0b d2 10 06 63 3c fd e8   q...........c<..
0190  1c 99 4d d7 78 d4 7e 22 3e 0e 48 64 95 c7 d0 a5   ..M.x.~">.Hd....
01a0  1c a0 7c f9 3f 71 1e aa 82 df 1a 64 0a c5 72 ca   ..|.?q.....d..r.
01b0  e0 dd ab 46 a5 ff 56 c4 80 a0 16 c2 4e 5c 43 ed   ...F..V.....N\C.
01c0  4f 45 06 42 b7 63 6c 3b ad c8 ad 8d 32 e4 fc e0   OE.B.cl;....2...
01d0  dc ae cc 08 8c 62 a0 66 26 87 d9 0b c7 95 cf 5e   .....b.f&......^
01e0  4f 3d 6c e1 a5 39 e9 a6 da 5a 76 bf 2d 95 ea ee   O=l..9...Zv.-...
01f0  c0 0e 3e 9d 9d 41 07 78 31 2a 63 82 bf 28 75 4e   ..>..A.x1*c..(uN
0200  cd 22 21 a5 ff 98 dd 6a aa 21 3a ff cf 7d aa 94   ."!....j.!:..}..
0210  f8 cc 23 e6 0a 5a ef f4 69 d6 95 68 52 95 bf 8e   ..#..Z..i..hR...
0220  c7 34 ab 27 85 d6 b4 38 34 7f 0b 4f aa a7 d6 ec   .4.'...84..O....
0230  ae b3 9d ef 2d 28 aa f9 2a c5 83 a7 78 f3 21 7d   ....-(..*...x.!}
0240  16 a5 3e bc 9b 04 a4 3f 94 6a 11 cf 98 ab d6 14   ..>....?.j......
0250  9c 45 50 a0 cc 9a bb 3a 22 e0 9e 18 94 6f 72 27   .EP....:"....or'
0260  ac 6e 08 fd ec df c8 f5 8f 32 dc 76 49 f3 55 64   .n.......2.vI.Ud
0270  49 5d c1 a9 84 14 0e 58 42 c0 fb 0e 17 ab c9 a8   I].....XB.......
0280  20 6e eb 22 44 a1 34 2e bc 10 a0 82 fc cf 5a 2b    n."D.4.......Z+
0290  2e 7b 60 fd f5 85 d9 c6 4b eb 79 b6 0f d3 24 3c   .{`.....K.y...$<
02a0  59 59 9f a2 1e 21 3b 11 b5 a0 c7 94 d4 74 45 97   YY...!;......tE.
02b0  07 66 84 1c 50 9c 2f 25 66 b7 54 a6 08 ea 9d 6f   .f..P./%f.T....o
02c0  5f 7b eb bb 9a f8 35 a2 c7 59 17 a1 7a 2f 91 a8   _{....5..Y..z/..
02d0  32 c7 21 47 f7 27 6e ab 3a e8 9f e1 9d 54 b0 51   2.!G.'n.:....T.Q
02e0  b6 83 b1 d9 12 fc 95 11 46 64 e4 53 74 2c e0 82   ........Fd.St,..
02f0  dd 07 ff 28 9a ae 85 7c dd f2 18 e1 95 fe a1 79   ...(...|.......y
0300  fc 5a 48 2d cf a6 28 ad 16 dd 49 72 70 17 50 eb   .ZH-..(...Irp.P.
0310  3b e4 42 c7 ef e9 d1 14 75 19 e9 96 a9 f8 cc 12   ;.B.....u.......
0320  03 80 91 26 f2 ea a2 25 a8 3f 90 d9 7a aa f1 f4   ...&...%.?..z...
0330  f3 66 12 90 5c 83 f6 af 26 64 1d 83 bb 54 fd 86   .f..\...&d...T..
0340  ae 2a 1f 01 54 40 5b 1d 2b ee b3 ca 40 60 05 a3   .*..T@[.+...@`..
0350  76 6e 13 08 e4 29 e4 c6 91 ee 5c 49 e1 d3 f6 03   vn...)....\I....
0360  14 ac f9 c7 eb 27 b3 64 90 29 38 aa ed cd db 2a   .....'.d.)8....*
0370  9d ae 84 8a 7b 9e 92 9e 8d 0a 97 77 d6 4b c6 f8   ....{......w.K..
0380  00 20 7c 66 03 0a b2 69 ae a6 ed 35 78 10 e0 ab   . |f...i...5x...
0390  b5 9b c9 b7 db 5e 1c 14 9e 92 66 f7 a7 35 6e 45   .....^....f..5nE
03a0  1c 34 90 c6 fd 0a c6 21 05 dc 3a 05 51 a3 b0 b1   .4.....!..:.Q...
03b0  11 73 00 fa e0 c4 5f 26 62 8a c3 7b 05 2d 5b ff   .s...._&b..{.-[.
03c0  5e 50 bc 89 fd 4b f0 18 60 d1 b3 c5 d4 da c7 59   ^P...K..`......Y
03d0  66 62 24 ff 4c fd e2 cd 64 f3 8f d3 7a 1f 0f 7c   fb$.L...d...z..|
03e0  4e b4 bc e7 03 95 d7 23 1b 98 16 bc 2b f8 c3 83   N......#....+...
03f0  02 d1 7a 0a aa 8d 82 5b 60 ee a5 73 5f 6e b3 e1   ..z....[`..s_n..
0400  a3 07 9a 3c 8b d1 43 77 65 25 1d 59 88 82 50 57   ...<..Cwe%.Y..PW
0410  08 cd 68 4b f3 b6 1f bb 49 ba 70 db 34 78 a4 ef   ..hK....I.p.4x..
0420  c9 0f 63 b0 a7 e6 d1 da 68 a1 24 fb dd ac 9a 9e   ..c.....h.$.....
0430  d1 1a a8 82 b3 3f ed 2d 5e 57 25 9f 23 4c 6f 42   .....?.-^W%.#LoB
0440  d1 24 e8 61 7f a0 76 c2 1d eb 11 48 ae c7 bd e8   .$.a..v....H....
0450  ab 06 16 b0 7f 93 77 8d 0d 1f cd 00 dd 45 3f e5   ......w......E?.
0460  dc 91 36 3a 8c 34 51 a6 a1 6f b4 79 88 79 49 3a   ..6:.4Q..o.y.yI:
0470  32 4a 31 b1 04 84 d7 a4 db 68 df aa a2 ff b7 8f   2J1......h......
0480  03 7d 08 db 79 d9 0e 8b ab 00 6c 15 98 7c f7 f2   .}..y.....l..|..
0490  cd d0 96 ff 88 5c ed 39 f2 2b eb b9 e2 12 15 c7   .....\.9.+......
04a0  ed 35 ea 6e 01 87 2e e2 36 ae 3c bf d6 a6 6a cd   .5.n....6.<...j.
    Data […]: 5deaca921712769eeb63fc42773362a39ff83afcd6e10225c34599ab9f0f7141822d1c7e84d0506a7cbc0066abbf50c986c49ffc4f9553a3e9c7b3de3bcc01bc75975dbdf852c1ffb152f1a80d9481fe4ab3b252140eb34bddd05121b99ae8e00a6348308a41f4d76ed2ba7201ae16b2fb4
    [Length: 1200]

Frame 33: Packet, 1242 bytes on wire (9936 bits), 1242 bytes captured (9936 bits) on interface \Device\NPF_{9B9257DC-FAC1-4993-B12F-136D7BA5E874}, id 0
    Section number: 1
    Interface id: 0 (\Device\NPF_{9B9257DC-FAC1-4993-B12F-136D7BA5E874})
        Interface name: \Device\NPF_{9B9257DC-FAC1-4993-B12F-136D7BA5E874}
        Interface description: Wi-Fi
    Encapsulation type: Ethernet (1)
    Arrival Time: Apr  9, 2026 19:24:32.570846900 India Standard Time
    UTC Arrival Time: Apr  9, 2026 13:54:32.570846900 UTC
    Epoch Arrival Time: 1775742872.570846900
    [Time shift for this packet: 0.000000000 seconds]
    [Time delta from previous captured frame: 5.863520300 seconds]
    [Time delta from previous displayed frame: 5.863520300 seconds]
    [Time since reference or first frame: 10.175149100 seconds]
    Frame Number: 33
    Frame Length: 1242 bytes (9936 bits)
    Capture Length: 1242 bytes (9936 bits)
    [Frame is marked: False]
    [Frame is ignored: False]
    [Protocols in frame: eth:ethertype:ip:udp:data]
    Character encoding: ASCII (0)
Ethernet II, Src: HewlettPacka_3a:cc:1d (28:92:4a:3a:cc:1d), Dst: 96:77:0b:05:d4:0b (96:77:0b:05:d4:0b)
    Destination: 96:77:0b:05:d4:0b (96:77:0b:05:d4:0b)
        .... ..1. .... .... .... .... = LG bit: Locally administered address (this is NOT the factory default)
        .... ...0 .... .... .... .... = IG bit: Individual address (unicast)
    Source: HewlettPacka_3a:cc:1d (28:92:4a:3a:cc:1d)
        .... ..0. .... .... .... .... = LG bit: Globally unique address (factory default)
        .... ...0 .... .... .... .... = IG bit: Individual address (unicast)
    Type: IPv4 (0x0800)
    [Stream index: 0]
Internet Protocol Version 4, Src: 18.161.111.99, Dst: 172.16.90.227
    0100 .... = Version: 4
    .... 0101 = Header Length: 20 bytes (5)
    Differentiated Services Field: 0x02 (DSCP: CS0, ECN: ECT(0))
        0000 00.. = Differentiated Services Codepoint: Default (0)
        .... ..10 = Explicit Congestion Notification: ECN-Capable Transport codepoint '10' (2)
    Total Length: 1228
    Identification: 0x0000 (0)
    010. .... = Flags: 0x2, Don't fragment
        0... .... = Reserved bit: Not set
        .1.. .... = Don't fragment: Set
        ..0. .... = More fragments: Not set
    ...0 0000 0000 0000 = Fragment Offset: 0
    Time to Live: 246
    Protocol: UDP (17)
    Header Checksum: 0xf726 [validation disabled]
    [Header checksum status: Unverified]
    Source Address: 18.161.111.99
    Destination Address: 172.16.90.227
    [Stream index: 0]
User Datagram Protocol, Src Port: 443, Dst Port: 62008
    Source Port: 443
    Destination Port: 62008
    Length: 1208
    Checksum: 0xea8f [unverified]
    [Checksum Status: Unverified]
    [Stream index: 0]
    [Stream Packet Number: 7]
    [Timestamps]
        [Time since first frame: 10.175149100 seconds]
        [Time since previous frame: 5.863520300 seconds]
    UDP payload (1200 bytes)
Data (1200 bytes)

0000  47 d9 04 00 68 87 6f 07 1c a1 2a 6a ea d0 7a 24   G...h.o...*j..z$
0010  5e 80 de ef 18 f2 a9 73 d2 07 d6 64 ad 46 18 45   ^......s...d.F.E
0020  97 ae ab 40 78 f3 be 10 ad d8 0d b6 de 73 c5 99   ...@x........s..
0030  3b 64 80 12 48 f3 0b d7 17 15 a9 b6 22 b8 90 5d   ;d..H......."..]
0040  a4 27 2c a7 22 5f 75 a2 3a e9 21 43 22 38 2c a4   .',."_u.:.!C"8,.
0050  ce 25 2d 36 64 a2 4c f6 fc c5 0a 43 cc 86 31 4f   .%-6d.L....C..1O
0060  ae 76 19 ba 67 d6 b9 47 9a fa 5c bb 9a 39 7c 53   .v..g..G..\..9|S
0070  f0 3a 0c 65 e1 59 dd b2 90 b1 2e 44 6c 34 21 ac   .:.e.Y.....Dl4!.
0080  7c e0 4b 72 51 39 8e fa 92 14 2f 9c a3 74 c8 54   |.KrQ9..../..t.T
0090  b5 43 37 69 a2 a4 0c d6 87 bc 6c f7 6a 29 4c 7a   .C7i......l.j)Lz
00a0  f3 0e ee 07 87 76 2f f0 4c a2 80 5f d1 9b 79 8d   .....v/.L.._..y.
00b0  de 3f d3 93 98 48 3c 72 f6 ce da 07 18 49 5c 10   .?...H<r.....I\.
00c0  a1 d7 bc 38 54 7a f4 b3 84 76 54 5c ed 5b 47 e8   ...8Tz...vT\.[G.
00d0  d5 e6 17 6b 9a 9a 2e ff 9b 29 66 fd e5 d5 c1 1f   ...k.....)f.....
00e0  eb 80 2d f5 40 b1 b3 f5 24 1f 6f 9e c2 be 90 fa   ..-.@...$.o.....
00f0  d6 3e 19 34 94 c1 2c ba 03 bf 64 71 2e 16 4a fa   .>.4..,...dq..J.
0100  1b 4a c7 3b 3b 5f a3 1c dc 46 2f 96 fa 54 df 07   .J.;;_...F/..T..
0110  63 25 9a 3e 59 c0 74 3c 67 30 38 91 35 17 2d 58   c%.>Y.t<g08.5.-X
0120  69 9b 20 ff b2 0b 64 03 61 b4 5d d6 54 62 15 9c   i. ...d.a.].Tb..
0130  cf 54 3a a2 e6 1b f5 a0 1a a5 20 3b 6e 71 10 98   .T:....... ;nq..
0140  e8 80 75 3c 11 67 02 24 08 79 f0 46 ce ee c0 3d   ..u<.g.$.y.F...=
0150  25 93 8b af 93 cd 6d 20 ce 9f 54 90 fc 39 29 8b   %.....m ..T..9).
0160  27 3a 1b f5 aa bd e2 e2 5d 23 8b 70 24 23 b0 8e   ':......]#.p$#..
0170  8c 01 f7 cc 0f 89 e0 cc 0b 2d 95 40 08 fa 60 b6   .........-.@..`.
0180  04 be 81 a1 c3 2a 14 97 f9 2b d4 4c d8 1d c2 4c   .....*...+.L...L
0190  ef d4 09 91 76 70 58 fb 42 3f 7f 53 05 a8 54 dc   ....vpX.B?.S..T.
01a0  ce 41 82 86 05 77 f8 31 4d 30 37 70 24 0e 66 21   .A...w.1M07p$.f!
01b0  05 65 81 99 46 cd 78 73 5d ce a4 fe 9f 06 56 b2   .e..F.xs].....V.
01c0  a3 16 bd da 33 b8 f6 da 3e a8 7f 8c 87 af 08 aa   ....3...>.......
01d0  a1 bb b6 45 32 86 59 e6 a4 00 46 b4 bf ab 02 6e   ...E2.Y...F....n
01e0  2b 58 4a 4e 01 16 b3 a5 26 ea a5 1c 2c c6 6d 8d   +XJN....&...,.m.
01f0  74 7a d2 ac 0f ce 8f fe 04 f0 4c 5f 2d 68 20 e4   tz........L_-h .
0200  06 aa bd a5 15 88 22 d4 45 60 28 44 7d 59 b1 97   ......".E`(D}Y..
0210  7a 3c 63 24 70 dc db f6 16 de b7 fc c9 42 b1 84   z<c$p........B..
0220  52 13 60 d7 0e 7f 61 63 90 be 59 db b5 83 a3 73   R.`...ac..Y....s
0230  eb d6 c5 4a fc 86 08 5d 5c bb e1 71 92 0a 3e 64   ...J...]\..q..>d
0240  7f a6 42 dd a6 cd 58 92 98 4e ae 64 59 62 38 92   ..B...X..N.dYb8.
0250  17 92 eb be 7d 8c 00 b7 01 f3 07 6f 9e 2b 97 7a   ....}......o.+.z
0260  26 0b 8b 28 41 70 2d a2 0d 44 0c 77 e7 28 e0 97   &..(Ap-..D.w.(..
0270  5e 78 bd c9 08 46 ab 22 fd 1f cd d1 cb b7 4a cd   ^x...F."......J.
0280  01 11 47 0a 17 cf 89 1a aa 45 ec 54 e2 59 c6 b1   ..G......E.T.Y..
0290  76 4e a2 29 5f eb 65 fd 44 13 0e d5 b5 09 d1 f5   vN.)_.e.D.......
02a0  67 84 96 6f b2 50 82 62 39 5c b8 92 ca c0 bc b3   g..o.P.b9\......
02b0  65 ea 9b a3 00 89 6e 08 84 2b bf cf c7 82 d2 8c   e.....n..+......
02c0  96 d1 30 79 4f 21 e4 fa d1 44 1e 44 4d af 44 f7   ..0yO!...D.DM.D.
02d0  47 ad de ea b0 b1 52 2c 5e 56 63 2d 9f f4 e3 d1   G.....R,^Vc-....
02e0  3a fd 1c 8b 73 6a ec 72 3c 36 8e 5c 70 1b a3 69   :...sj.r<6.\p..i
02f0  4a ef d1 99 8f 7a ae 38 9e 3a 42 4d 09 4a 09 a5   J....z.8.:BM.J..
0300  77 3b 94 31 7b af 05 92 88 a8 ad 40 87 cc d8 d0   w;.1{......@....
0310  18 45 84 a7 ba 38 20 2f bc 9b 5f 86 b3 3e 87 d6   .E...8 /.._..>..
0320  4b 5b 40 d6 4b c3 dc ea f6 fb 5d 15 79 40 78 6b   K[@.K.....].y@xk
0330  e0 b8 13 ca ea 27 08 18 9d e0 82 08 ce e4 3f 20   .....'........? 
0340  d7 21 b2 37 12 04 17 7c a6 5a 72 48 4a a8 f8 3c   .!.7...|.ZrHJ..<
0350  62 77 d7 bd 5b 56 8e 25 e3 04 fe d1 fa 7d e7 75   bw..[V.%.....}.u
0360  33 28 eb 49 e1 44 a3 3b 46 0d 5d 36 ba d7 56 b5   3(.I.D.;F.]6..V.
0370  79 ab 3e af a0 c7 d3 9e 4d b5 5a 4f cb c8 1a a7   y.>.....M.ZO....
0380  c4 a2 29 88 27 be 7b 55 d3 b7 f1 6f 0b 31 5d f3   ..).'.{U...o.1].
0390  5d 27 f7 de 1e 41 c2 74 82 46 7e 70 10 d2 4b 8d   ]'...A.t.F~p..K.
03a0  b0 b0 09 b7 30 8e a8 b6 ec 0e 25 65 11 87 9a 73   ....0.....%e...s
03b0  c1 2b e7 7d 71 78 ac ab e7 07 f9 82 ef f0 33 aa   .+.}qx........3.
03c0  17 44 cb 4f 51 8c 1c 3e 4e 42 5a 93 63 58 52 8e   .D.OQ..>NBZ.cXR.
03d0  10 0a 54 f1 5e 88 88 60 57 fc d5 c3 4b 13 de 89   ..T.^..`W...K...
03e0  07 67 8d 0c 6a 57 72 7f ad 08 5c 42 7a ab f3 0a   .g..jWr...\Bz...
03f0  23 f9 58 b0 fe 90 c4 0c ca d7 9c 9f 58 41 e8 ad   #.X.........XA..
0400  af 47 c6 82 e9 00 ea a4 af ee d9 32 0a 50 e1 0f   .G.........2.P..
0410  d1 35 01 ea 37 a2 ca 49 5a da 70 c8 a4 98 a6 0b   .5..7..IZ.p.....
0420  69 ec 7b 0b dd be 7f b0 4c 60 7b 88 c1 28 87 3b   i.{.....L`{..(.;
0430  5f f5 3f d1 f6 6a d0 28 7e 6a 5f 44 cd 8c 46 de   _.?..j.(~j_D..F.
0440  57 7b ee 1c 06 3d eb a9 0c 64 12 72 2e 64 11 d5   W{...=...d.r.d..
0450  3d b9 32 8f 65 60 0f 71 d2 45 56 67 15 2d d5 f9   =.2.e`.q.EVg.-..
0460  97 b5 91 44 45 32 1b 89 ad a7 d1 65 4f c5 41 d5   ...DE2.....eO.A.
0470  ea a0 28 ec b8 d0 d8 09 62 d8 61 92 c6 55 ae b1   ..(.....b.a..U..
0480  e0 43 5f 12 ef 71 da bb 6a f5 bc fd d2 8e 6a 8b   .C_..q..j.....j.
0490  11 88 ea d3 20 c1 85 a0 cd 58 a6 9e a1 d5 ea 95   .... ....X......
04a0  cb ce 75 77 f6 67 bb e6 74 c6 b3 f0 33 d2 05 fe   ..uw.g..t...3...
    Data […]: 47d9040068876f071ca12a6aead07a245e80deef18f2a973d207d664ad46184597aeab4078f3be10add80db6de73c5993b64801248f30bd71715a9b622b8905da4272ca7225f75a23ae9214322382ca4ce252d3664a24cf6fcc50a43cc86314fae7619ba67d6b9479afa5cbb9a397c53f03
    [Length: 1200]

Frame 34: Packet, 1242 bytes on wire (9936 bits), 1242 bytes captured (9936 bits) on interface \Device\NPF_{9B9257DC-FAC1-4993-B12F-136D7BA5E874}, id 0
    Section number: 1
    Interface id: 0 (\Device\NPF_{9B9257DC-FAC1-4993-B12F-136D7BA5E874})
        Interface name: \Device\NPF_{9B9257DC-FAC1-4993-B12F-136D7BA5E874}
        Interface description: Wi-Fi
    Encapsulation type: Ethernet (1)
    Arrival Time: Apr  9, 2026 19:24:32.570955800 India Standard Time
    UTC Arrival Time: Apr  9, 2026 13:54:32.570955800 UTC
    Epoch Arrival Time: 1775742872.570955800
    [Time shift for this packet: 0.000000000 seconds]
    [Time delta from previous captured frame: 108.900 microseconds]
    [Time delta from previous displayed frame: 108.900 microseconds]
    [Time since reference or first frame: 10.175258000 seconds]
    Frame Number: 34
    Frame Length: 1242 bytes (9936 bits)
    Capture Length: 1242 bytes (9936 bits)
    [Frame is marked: False]
    [Frame is ignored: False]
    [Protocols in frame: eth:ethertype:ip:udp:data]
    Character encoding: ASCII (0)
Ethernet II, Src: HewlettPacka_3a:cc:1d (28:92:4a:3a:cc:1d), Dst: 96:77:0b:05:d4:0b (96:77:0b:05:d4:0b)
    Destination: 96:77:0b:05:d4:0b (96:77:0b:05:d4:0b)
        .... ..1. .... .... .... .... = LG bit: Locally administered address (this is NOT the factory default)
        .... ...0 .... .... .... .... = IG bit: Individual address (unicast)
    Source: HewlettPacka_3a:cc:1d (28:92:4a:3a:cc:1d)
        .... ..0. .... .... .... .... = LG bit: Globally unique address (factory default)
        .... ...0 .... .... .... .... = IG bit: Individual address (unicast)
    Type: IPv4 (0x0800)
    [Stream index: 0]
Internet Protocol Version 4, Src: 18.161.111.99, Dst: 172.16.90.227
    0100 .... = Version: 4
    .... 0101 = Header Length: 20 bytes (5)
    Differentiated Services Field: 0x02 (DSCP: CS0, ECN: ECT(0))
        0000 00.. = Differentiated Services Codepoint: Default (0)
        .... ..10 = Explicit Congestion Notification: ECN-Capable Transport codepoint '10' (2)
    Total Length: 1228
    Identification: 0x0000 (0)
    010. .... = Flags: 0x2, Don't fragment
        0... .... = Reserved bit: Not set
        .1.. .... = Don't fragment: Set
        ..0. .... = More fragments: Not set
    ...0 0000 0000 0000 = Fragment Offset: 0
    Time to Live: 246
    Protocol: UDP (17)
    Header Checksum: 0xf726 [validation disabled]
    [Header checksum status: Unverified]
    Source Address: 18.161.111.99
    Destination Address: 172.16.90.227
    [Stream index: 0]
User Datagram Protocol, Src Port: 443, Dst Port: 62008
    Source Port: 443
    Destination Port: 62008
    Length: 1208
    Checksum: 0x0a28 [unverified]
    [Checksum Status: Unverified]
    [Stream index: 0]
    [Stream Packet Number: 8]
    [Timestamps]
        [Time since first frame: 10.175258000 seconds]
        [Time since previous frame: 108.900 microseconds]
    UDP payload (1200 bytes)
Data (1200 bytes)

0000  5b 4e 32 fc 32 84 61 4d ef 47 fb 78 5e 0c 8b c1   [N2.2.aM.G.x^...
0010  cd 52 ea 9d 94 cf 7d 40 c2 28 8c 4a 2e 92 3b b4   .R....}@.(.J..;.
0020  b7 a1 6b ce 70 15 26 3f 83 b4 53 25 81 e3 e7 bf   ..k.p.&?..S%....
0030  78 c8 ae c3 e7 ce 8a 5d ed b2 b9 58 1d 15 d7 a3   x......]...X....
0040  58 ab 32 d6 07 0d 81 3d 98 5b df c8 81 63 69 8a   X.2....=.[...ci.
0050  1e ef ba 82 0a a6 ed 2f 1d 66 1d b9 84 5a 84 54   ......./.f...Z.T
0060  a1 f9 5e f8 84 07 82 f9 af 04 a2 cb f1 78 e5 5b   ..^..........x.[
0070  30 20 e7 e0 65 b7 fa 7c 26 dd e2 58 3e 22 a5 44   0 ..e..|&..X>".D
0080  e8 a6 5e ef a5 a6 b6 61 b9 c7 80 8d eb 49 fb 31   ..^....a.....I.1
0090  23 ef 3e f2 60 3d 13 0f 8a 0a b5 67 86 ed 02 90   #.>.`=.....g....
00a0  e5 7b 32 e0 92 b6 75 5e 8d 53 04 80 ba a3 1a f1   .{2...u^.S......
00b0  2d fb b7 87 f7 92 e7 2e 16 d6 df 5f 5e de 94 5f   -.........._^.._
00c0  51 20 2f 21 78 cf 13 db a9 47 6b 82 4d e6 7c a3   Q /!x....Gk.M.|.
00d0  bb 47 d4 6e 43 f5 59 89 e3 44 73 c3 69 35 85 2b   .G.nC.Y..Ds.i5.+
00e0  09 85 91 83 d6 b2 71 03 f3 82 d4 2f 3c f3 f9 88   ......q..../<...
00f0  b2 3d ef 16 f9 48 68 8a 0c ae 5a a4 ab 90 f9 11   .=...Hh...Z.....
0100  43 fe 26 23 3f 24 40 41 72 5b 3a 02 06 3a aa 41   C.&#?$@Ar[:..:.A
0110  51 55 40 c6 e3 e9 cc b0 0a ea 81 4f cb 14 56 cd   QU@........O..V.
0120  9b 75 15 19 c9 10 51 71 47 45 fd 3d 95 24 dd a1   .u....QqGE.=.$..
0130  2d 13 97 d1 fb 9d db 21 5a 14 f6 52 b6 c4 44 58   -......!Z..R..DX
0140  4a 2a 22 49 4d f6 8a 28 11 f3 c0 0a 8e d1 b5 a3   J*"IM..(........
0150  22 59 d6 9a 75 26 08 b1 6f 2c 15 41 63 b8 c3 c3   "Y..u&..o,.Ac...
0160  52 cd 79 f4 18 3f 0c 86 49 d1 cc 5e a6 38 63 f5   R.y..?..I..^.8c.
0170  97 09 96 28 e4 15 29 5c 1d 03 6a 97 b1 3e cb 4a   ...(..)\..j..>.J
0180  de 81 b3 38 cf 41 4b 7f 1b 48 f8 6f 26 b0 4c f4   ...8.AK..H.o&.L.
0190  85 13 26 a5 b4 ea be ce 19 9e 57 48 ee 65 61 8c   ..&.......WH.ea.
01a0  5d fa f0 91 ac e0 0c 0b f4 d1 d2 ce f2 ea 1c 52   ]..............R
01b0  9a a9 54 49 2b 19 c4 61 2d ce 92 96 83 8a c5 23   ..TI+..a-......#
01c0  ec 5e 32 a4 f2 40 30 a8 f2 de 58 cc 40 ae 31 25   .^2..@0...X.@.1%
01d0  a5 98 ce 15 42 97 fe 6d f0 8b ca b1 1b 62 e1 99   ....B..m.....b..
01e0  07 9f 06 60 4f d8 44 94 d2 5b 7a de ad 39 6f 84   ...`O.D..[z..9o.
01f0  71 57 e8 0d b1 75 3e 5b fd 8c 4e 2f 38 df db 10   qW...u>[..N/8...
0200  2c e3 a8 2d 9b 00 93 e0 94 af d5 5f 86 5f 9a 1b   ,..-......._._..
0210  9e ed 85 0e 69 90 8d 95 ce 7c e2 1e 86 5c 0c 9e   ....i....|...\..
0220  9d f2 4a ce 51 65 32 63 e2 9c af 8d 42 d9 60 7e   ..J.Qe2c....B.`~
0230  79 b1 1e b1 fb cc 25 06 83 48 c1 96 ea 6a e0 98   y.....%..H...j..
0240  88 42 dd d7 2b 87 11 ac 3d 6a b5 03 82 59 7d e0   .B..+...=j...Y}.
0250  d8 07 0a 72 b7 08 80 f2 c7 cb d5 2b df 22 83 ad   ...r.......+."..
0260  76 2e 56 d9 d1 64 ef c6 e9 85 6b c4 84 c2 4a 1f   v.V..d....k...J.
0270  f1 a2 97 0b 6b 79 98 cf 15 e5 71 b1 ae 2b d1 0b   ....ky....q..+..
0280  2e 0b 2a a6 ed 5c f6 60 87 fa 37 05 a8 d3 91 f1   ..*..\.`..7.....
0290  e5 60 f1 e0 65 72 d1 b2 55 c5 ee d1 e8 4e da ca   .`..er..U....N..
02a0  5c ac 62 aa ee 89 9f 33 63 ba ea 0a 86 39 41 65   \.b....3c....9Ae
02b0  c2 dd 8a 8d 47 15 96 db 3e 1c bd 9b 14 ce a5 55   ....G...>......U
02c0  de f2 90 9e f1 28 70 21 07 5f 11 1e 60 22 60 9c   .....(p!._..`"`.
02d0  ec db ad 69 aa e5 38 59 8f 14 8c 60 dd b2 e2 3d   ...i..8Y...`...=
02e0  3c 5f 1e b7 bf 43 02 21 81 84 7e 6c aa 1b 3e 88   <_...C.!..~l..>.
02f0  a3 58 9b f2 50 46 9c e4 2b 79 36 1e dd 15 aa bf   .X..PF..+y6.....
0300  68 fe 38 02 ae 31 ea b5 53 1f 72 30 f8 af 37 e3   h.8..1..S.r0..7.
0310  52 f3 07 51 51 7c be eb 52 51 2c 9c b8 c5 31 2c   R..QQ|..RQ,...1,
0320  b6 44 8d 53 02 15 ad 2a b1 bd 45 23 62 6e 6b 1e   .D.S...*..E#bnk.
0330  57 15 03 e5 02 dd 0a 9f 05 c2 ee 8a 31 50 dc 79   W...........1P.y
0340  90 9b 4c 48 40 84 b6 5d 04 8d 1b c7 ae 2a dc ad   ..LH@..].....*..
0350  0a 88 f1 d4 22 a3 b6 47 37 7f 7e a3 dc f5 c1 19   ...."..G7.~.....
0360  6c bb d6 04 b1 fc 23 c4 a7 f6 f4 df 7a b9 be 9b   l.....#.....z...
0370  ce 75 cf 3d ba 26 7e bb d1 35 11 16 3c 6a 39 91   .u.=.&~..5..<j9.
0380  b4 7c 07 1a 2f 50 5c 12 7a da b2 b1 94 2f cb ca   .|../P\.z..../..
0390  79 57 b6 1c 20 d4 be e0 bf a4 85 ff 62 2b 34 b9   yW.. .......b+4.
03a0  e6 86 5e 7a 7c c8 79 24 62 94 1d e3 1f 91 20 83   ..^z|.y$b..... .
03b0  fe 40 67 c6 92 a4 38 db df e2 c9 f6 5a 6f 41 6c   .@g...8.....ZoAl
03c0  8c d0 2e f1 aa 62 7e 92 5d d3 f4 47 20 04 02 fb   .....b~.]..G ...
03d0  44 5c ab cc 04 ba aa 4d e0 e5 82 d7 9c e2 ee eb   D\.....M........
03e0  8c cd ea d5 ce ca 3e c8 45 01 62 94 2a a7 34 c3   ......>.E.b.*.4.
03f0  17 ab f7 55 cf 62 dc 08 2b 43 21 5d e9 48 13 fc   ...U.b..+C!].H..
0400  90 38 26 10 c5 ae 8a 06 04 da cc 33 29 50 68 00   .8&........3)Ph.
0410  9f 7c 49 8f 7c 46 2a 25 c7 1e 26 92 e5 db f1 39   .|I.|F*%..&....9
0420  dd bb 18 76 19 af 82 1a e5 42 70 1f 0d 6b 1d da   ...v.....Bp..k..
0430  b7 b1 7a cc 12 4b ef f1 a2 4a 43 d8 dc 1b bf db   ..z..K...JC.....
0440  03 f4 e9 82 54 06 89 31 7e f9 dc 70 6c 2e c1 e3   ....T..1~..pl...
0450  af 4f 1d 2d 7e 85 44 5a 18 86 c6 0f 93 78 b9 ce   .O.-~.DZ.....x..
0460  39 cb a2 aa ea 4c 7a 6f 01 d2 cb cd 32 3a 2e 1f   9....Lzo....2:..
0470  c3 a6 d6 9d 6c 8f f5 41 b4 44 e7 6c f8 75 3d 47   ....l..A.D.l.u=G
0480  f1 e9 a1 77 40 df ce ac b7 de 89 85 24 35 e1 13   ...w@.......$5..
0490  01 81 7a 2b 8b 19 b5 d1 9b 0f 33 e1 c0 70 9b 06   ..z+......3..p..
04a0  8d e8 8c 14 ca bc af ce 40 25 98 a4 13 bd 9a 91   ........@%......
    Data […]: 5b4e32fc3284614def47fb785e0c8bc1cd52ea9d94cf7d40c2288c4a2e923bb4b7a16bce7015263f83b4532581e3e7bf78c8aec3e7ce8a5dedb2b9581d15d7a358ab32d6070d813d985bdfc88163698a1eefba820aa6ed2f1d661db9845a8454a1f95ef8840782f9af04a2cbf178e55b302
    [Length: 1200]

