Frame 1: Packet, 1292 bytes on wire (10336 bits), 1292 bytes captured (10336 bits) on interface \Device\NPF_{9B9257DC-FAC1-4993-B12F-136D7BA5E874}, id 0
    Section number: 1
    Interface id: 0 (\Device\NPF_{9B9257DC-FAC1-4993-B12F-136D7BA5E874})
        Interface name: \Device\NPF_{9B9257DC-FAC1-4993-B12F-136D7BA5E874}
        Interface description: Wi-Fi
    Encapsulation type: Ethernet (1)
    Arrival Time: Apr  9, 2026 19:47:59.289964600 India Standard Time
    UTC Arrival Time: Apr  9, 2026 14:17:59.289964600 UTC
    Epoch Arrival Time: 1775744279.289964600
    [Time shift for this packet: 0.000000000 seconds]
    [Time since reference or first frame: 0.000000000 seconds]
    Frame Number: 1
    Frame Length: 1292 bytes (10336 bits)
    Capture Length: 1292 bytes (10336 bits)
    [Frame is marked: False]
    [Frame is ignored: False]
    [Protocols in frame: eth:ethertype:ip:udp:quic]
    Character encoding: ASCII (0)
Ethernet II, Src: 96:77:0b:05:d4:0b (96:77:0b:05:d4:0b), Dst: HewlettPacka_3a:cc:1d (28:92:4a:3a:cc:1d)
    Destination: HewlettPacka_3a:cc:1d (28:92:4a:3a:cc:1d)
        .... ..0. .... .... .... .... = LG bit: Globally unique address (factory default)
        .... ...0 .... .... .... .... = IG bit: Individual address (unicast)
    Source: 96:77:0b:05:d4:0b (96:77:0b:05:d4:0b)
        .... ..1. .... .... .... .... = LG bit: Locally administered address (this is NOT the factory default)
        .... ...0 .... .... .... .... = IG bit: Individual address (unicast)
    Type: IPv4 (0x0800)
    [Stream index: 0]
Internet Protocol Version 4, Src: 172.16.90.227, Dst: 142.251.153.119
    0100 .... = Version: 4
    .... 0101 = Header Length: 20 bytes (5)
    Differentiated Services Field: 0x00 (DSCP: CS0, ECN: Not-ECT)
        0000 00.. = Differentiated Services Codepoint: Default (0)
        .... ..00 = Explicit Congestion Notification: Not ECN-Capable Transport (0)
    Total Length: 1278
    Identification: 0xaf4c (44876)
    010. .... = Flags: 0x2, Don't fragment
        0... .... = Reserved bit: Not set
        .1.. .... = Don't fragment: Set
        ..0. .... = More fragments: Not set
    ...0 0000 0000 0000 = Fragment Offset: 0
    Time to Live: 128
    Protocol: UDP (17)
    Header Checksum: 0x0000 [validation disabled]
    [Header checksum status: Unverified]
    Source Address: 172.16.90.227
    Destination Address: 142.251.153.119
    [Stream index: 0]
User Datagram Protocol, Src Port: 49184, Dst Port: 443
    Source Port: 49184
    Destination Port: 443
    Length: 1258
    Checksum: 0x3462 [unverified]
    [Checksum Status: Unverified]
    [Stream index: 0]
    [Stream Packet Number: 1]
    [Timestamps]
        [Time since first frame: 0.000000000 seconds]
        [Time since previous frame: 0.000000000 seconds]
    UDP payload (1250 bytes)
QUIC IETF
    QUIC Connection information
        [Connection Number: 0]
    [Packet Length: 1250]
    1... .... = Header Form: Long Header (1)
    .1.. .... = Fixed Bit: True
    ..00 .... = Packet Type: Initial (0)
    [.... 00.. = Reserved: 0]
    [.... ..00 = Packet Number Length: 1 bytes (0)]
    Version: 1 (0x00000001)
    Destination Connection ID Length: 8
    Destination Connection ID: 4898f8a36167c06e
    Source Connection ID Length: 0
    Token Length: 0
    Length: 1232
    [Packet Number: 1]
    Payload […]: c6d1e351490973ac5f29be595f454869c3f7a2199a71d904b1a2ae3cc74654ab6844dfb90acce409c053385ab742bcb7f5a3948829f61fb0b36d66e90abe464bc25602c7f2a6314ce6b987a458091c2f7e95cc713df3ee87cbb87bf2908ee088e789c958554a9b4631a9f31b7ffa2e98
    PADDING Length: 184
        Frame Type: PADDING (0x0000000000000000)
        [Padding Length: 184]
    PING
        Frame Type: PING (0x0000000000000001)
    CRYPTO
        Frame Type: CRYPTO (0x0000000000000006)
        Offset: 962
        Length: 830
        Crypto Data
    PADDING Length: 24
        Frame Type: PADDING (0x0000000000000000)
        [Padding Length: 24]
    CRYPTO
        Frame Type: CRYPTO (0x0000000000000006)
        Offset: 58
        Length: 1
        Crypto Data
    CRYPTO
        Frame Type: CRYPTO (0x0000000000000006)
        Offset: 62
        Length: 1
        Crypto Data
    PADDING Length: 4
        Frame Type: PADDING (0x0000000000000000)
        [Padding Length: 4]
    PING
        Frame Type: PING (0x0000000000000001)
    CRYPTO
        Frame Type: CRYPTO (0x0000000000000006)
        Offset: 60
        Length: 1
        Crypto Data
    CRYPTO
        Frame Type: CRYPTO (0x0000000000000006)
        Offset: 0
        Length: 55
        Crypto Data
    PADDING Length: 47
        Frame Type: PADDING (0x0000000000000000)
        [Padding Length: 47]
    CRYPTO
        Frame Type: CRYPTO (0x0000000000000006)
        Offset: 61
        Length: 1
        Crypto Data
    PING
        Frame Type: PING (0x0000000000000001)
    PADDING Length: 4
        Frame Type: PADDING (0x0000000000000000)
        [Padding Length: 4]
    PING
        Frame Type: PING (0x0000000000000001)
    CRYPTO
        Frame Type: CRYPTO (0x0000000000000006)
        Offset: 63
        Length: 1
        Crypto Data
    CRYPTO
        Frame Type: CRYPTO (0x0000000000000006)
        Offset: 59
        Length: 1
        Crypto Data
    CRYPTO
        Frame Type: CRYPTO (0x0000000000000006)
        Offset: 55
        Length: 3
        Crypto Data
    PADDING Length: 25
        Frame Type: PADDING (0x0000000000000000)
        [Padding Length: 25]

Frame 2: Packet, 1292 bytes on wire (10336 bits), 1292 bytes captured (10336 bits) on interface \Device\NPF_{9B9257DC-FAC1-4993-B12F-136D7BA5E874}, id 0
    Section number: 1
    Interface id: 0 (\Device\NPF_{9B9257DC-FAC1-4993-B12F-136D7BA5E874})
        Interface name: \Device\NPF_{9B9257DC-FAC1-4993-B12F-136D7BA5E874}
        Interface description: Wi-Fi
    Encapsulation type: Ethernet (1)
    Arrival Time: Apr  9, 2026 19:47:59.290017100 India Standard Time
    UTC Arrival Time: Apr  9, 2026 14:17:59.290017100 UTC
    Epoch Arrival Time: 1775744279.290017100
    [Time shift for this packet: 0.000000000 seconds]
    [Time delta from previous captured frame: 52.500 microseconds]
    [Time delta from previous displayed frame: 52.500 microseconds]
    [Time since reference or first frame: 52.500 microseconds]
    Frame Number: 2
    Frame Length: 1292 bytes (10336 bits)
    Capture Length: 1292 bytes (10336 bits)
    [Frame is marked: False]
    [Frame is ignored: False]
    [Protocols in frame: eth:ethertype:ip:udp:quic:tls]
    Character encoding: ASCII (0)
Ethernet II, Src: 96:77:0b:05:d4:0b (96:77:0b:05:d4:0b), Dst: HewlettPacka_3a:cc:1d (28:92:4a:3a:cc:1d)
    Destination: HewlettPacka_3a:cc:1d (28:92:4a:3a:cc:1d)
        .... ..0. .... .... .... .... = LG bit: Globally unique address (factory default)
        .... ...0 .... .... .... .... = IG bit: Individual address (unicast)
    Source: 96:77:0b:05:d4:0b (96:77:0b:05:d4:0b)
        .... ..1. .... .... .... .... = LG bit: Locally administered address (this is NOT the factory default)
        .... ...0 .... .... .... .... = IG bit: Individual address (unicast)
    Type: IPv4 (0x0800)
    [Stream index: 0]
Internet Protocol Version 4, Src: 172.16.90.227, Dst: 142.251.153.119
    0100 .... = Version: 4
    .... 0101 = Header Length: 20 bytes (5)
    Differentiated Services Field: 0x00 (DSCP: CS0, ECN: Not-ECT)
        0000 00.. = Differentiated Services Codepoint: Default (0)
        .... ..00 = Explicit Congestion Notification: Not ECN-Capable Transport (0)
    Total Length: 1278
    Identification: 0xaf4d (44877)
    010. .... = Flags: 0x2, Don't fragment
        0... .... = Reserved bit: Not set
        .1.. .... = Don't fragment: Set
        ..0. .... = More fragments: Not set
    ...0 0000 0000 0000 = Fragment Offset: 0
    Time to Live: 128
    Protocol: UDP (17)
    Header Checksum: 0x0000 [validation disabled]
    [Header checksum status: Unverified]
    Source Address: 172.16.90.227
    Destination Address: 142.251.153.119
    [Stream index: 0]
User Datagram Protocol, Src Port: 49184, Dst Port: 443
    Source Port: 49184
    Destination Port: 443
    Length: 1258
    Checksum: 0x3462 [unverified]
    [Checksum Status: Unverified]
    [Stream index: 0]
    [Stream Packet Number: 2]
    [Timestamps]
        [Time since first frame: 52.500 microseconds]
        [Time since previous frame: 52.500 microseconds]
    UDP payload (1250 bytes)
QUIC IETF
    QUIC Connection information
        [Connection Number: 0]
    [Packet Length: 1250]
    1... .... = Header Form: Long Header (1)
    .1.. .... = Fixed Bit: True
    ..00 .... = Packet Type: Initial (0)
    [.... 00.. = Reserved: 0]
    [.... ..01 = Packet Number Length: 2 bytes (1)]
    Version: 1 (0x00000001)
    Destination Connection ID Length: 8
    Destination Connection ID: 4898f8a36167c06e
    Source Connection ID Length: 0
    Token Length: 0
    Length: 1232
    [Packet Number: 2]
    Payload […]: cc210f6ffd4d8b6557ea8631a6f06675028048859750bf7464ea63e87ba8c4467b4960bf0c09d2d422ee0f6ffa8beb2d30daf780e904c8247395b76e5e8c8a9c8f401e4c1ec04b77abc98db33b201cdd639664a11af184fabd736bb76766a7bce1f8a4fbb05076a0c45e8b120c02fa77
    PING
        Frame Type: PING (0x0000000000000001)
    PADDING Length: 21
        Frame Type: PADDING (0x0000000000000000)
        [Padding Length: 21]
    PING
        Frame Type: PING (0x0000000000000001)
    CRYPTO
        Frame Type: CRYPTO (0x0000000000000006)
        Offset: 64
        Length: 166
        Crypto Data
    PING
        Frame Type: PING (0x0000000000000001)
    PING
        Frame Type: PING (0x0000000000000001)
    PING
        Frame Type: PING (0x0000000000000001)
    PADDING Length: 39
        Frame Type: PADDING (0x0000000000000000)
        [Padding Length: 39]
    PING
        Frame Type: PING (0x0000000000000001)
    PADDING Length: 1
        Frame Type: PADDING (0x0000000000000000)
        [Padding Length: 1]
    PING
        Frame Type: PING (0x0000000000000001)
    CRYPTO
        Frame Type: CRYPTO (0x0000000000000006)
        Offset: 479
        Length: 483
        Crypto Data
    PADDING Length: 223
        Frame Type: PADDING (0x0000000000000000)
        [Padding Length: 223]
    CRYPTO
        Frame Type: CRYPTO (0x0000000000000006)
        Offset: 230
        Length: 249
        Crypto Data
        [12 Reassembled QUIC CRYPTO Data Fragments (1792 bytes): #1(55), #1(3), #1(1), #1(1), #1(1), #1(1), #1(1), #1(1), #2(166), #2(249), #2(483), #1(830)]
            [Frame: 1, payload: 0-54 (55 bytes)]
            [Frame: 1, payload: 55-57 (3 bytes)]
            [Frame: 1, payload: 58-58 (1 byte)]
            [Frame: 1, payload: 59-59 (1 byte)]
            [Frame: 1, payload: 60-60 (1 byte)]
            [Frame: 1, payload: 61-61 (1 byte)]
            [Frame: 1, payload: 62-62 (1 byte)]
            [Frame: 1, payload: 63-63 (1 byte)]
            [Frame: 2, payload: 64-229 (166 bytes)]
            [Frame: 2, payload: 230-478 (249 bytes)]
            [Frame: 2, payload: 479-961 (483 bytes)]
            [Frame: 1, payload: 962-1791 (830 bytes)]
            [Fragment count: 12]
        TLSv1.3 Record Layer: Handshake Protocol: Client Hello
            Handshake Protocol: Client Hello
                Handshake Type: Client Hello (1)
                Length: 1788
                Version: TLS 1.2 (0x0303)
                    [Expert Info (Chat/Deprecated): This legacy_version field MUST be ignored. The supported_versions extension is present and MUST be used instead.]
                        [This legacy_version field MUST be ignored. The supported_versions extension is present and MUST be used instead.]
                        [Severity level: Chat]
                        [Group: Deprecated]
                Random: e70a961409ec78581d9599a347461f964bd395c499aaf2d4be24c4e8b22ead3d
                Session ID Length: 0
                Cipher Suites Length: 6
                Cipher Suites (3 suites)
                    Cipher Suite: TLS_AES_128_GCM_SHA256 (0x1301)
                    Cipher Suite: TLS_AES_256_GCM_SHA384 (0x1302)
                    Cipher Suite: TLS_CHACHA20_POLY1305_SHA256 (0x1303)
                Compression Methods Length: 1
                Compression Methods (1 method)
                    Compression Method: null (0)
                Extensions Length: 1741
                Extension: quic_transport_parameters (len=90)
                    Type: quic_transport_parameters (57)
                    Length: 90
                    Parameter: max_udp_payload_size (len=2) 1472
                        Type: max_udp_payload_size (0x03)
                        Length: 2
                        Value: 45c0
                        max_udp_payload_size: 1472
                    Parameter: version_information (len=12)
                        Type: version_information (0x11)
                        Length: 12
                        Value: 00000001fa8a0a7a00000001
                        Chosen Version: 1 (0x00000001)
                        Other Version: Unknown (0xfa8a0a7a) (GREASE)
                        Other Version: 1 (0x00000001)
                    Parameter: initial_source_connection_id (len=0)
                        Type: initial_source_connection_id (0x0f)
                        Length: 0
                        Initial Source Connection ID: <MISSING>
                    Parameter: initial_max_stream_data_uni (len=4) 6291456
                        Type: initial_max_stream_data_uni (0x07)
                        Length: 4
                        Value: 80600000
                        initial_max_stream_data_uni: 6291456
                    Parameter: initial_max_stream_data_bidi_local (len=4) 6291456
                        Type: initial_max_stream_data_bidi_local (0x05)
                        Length: 4
                        Value: 80600000
                        initial_max_stream_data_bidi_local: 6291456
                    Parameter: initial_max_stream_data_bidi_remote (len=4) 6291456
                        Type: initial_max_stream_data_bidi_remote (0x06)
                        Length: 4
                        Value: 80600000
                        initial_max_stream_data_bidi_remote: 6291456
                    Parameter: initial_max_streams_uni (len=2) 103
                        Type: initial_max_streams_uni (0x09)
                        Length: 2
                        Value: 4067
                        initial_max_streams_uni: 103
                    Parameter: initial_max_streams_bidi (len=2) 100
                        Type: initial_max_streams_bidi (0x08)
                        Length: 2
                        Value: 4064
                        initial_max_streams_bidi: 100
                    Parameter: max_idle_timeout (len=4) 30000 ms
                        Type: max_idle_timeout (0x01)
                        Length: 4
                        Value: 80007530
                        max_idle_timeout: 30000
                    Parameter: GREASE (len=10)
                        Type: GREASE (0x1256f0af3fb55312)
                        Length: 10
                        Value: abea0d82d32329f20438
                    Parameter: max_datagram_frame_size (len=4) 65536
                        Type: max_datagram_frame_size (0x20)
                        Length: 4
                        Value: 80010000
                        max_datagram_frame_size: 65536
                    Parameter: initial_max_data (len=4) 15728640
                        Type: initial_max_data (0x04)
                        Length: 4
                        Value: 80f00000
                        initial_max_data: 15728640
                    Parameter: google_connection_options (len=4)
                        Type: google_connection_options (0x3128)
                        Length: 4
                        Value: 45434350
                        Google Connection options: 45434350
                Extension: application_layer_protocol_negotiation (len=5)
                    Type: application_layer_protocol_negotiation (16)
                    Length: 5
                    ALPN Extension Length: 3
                    ALPN Protocol
                        ALPN string length: 2
                        ALPN Next Protocol: h3
                Extension: encrypted_client_hello (len=282)
                    Type: encrypted_client_hello (65037)
                    Length: 282
                    Client Hello type: Outer Client Hello (0)
                    Cipher Suite: HKDF-SHA256/AES-128-GCM
                        KDF Id: HKDF-SHA256 (1)
                        AEAD Id: AES-128-GCM (1)
                    Config Id: 193
                    Enc length: 32
                    Enc: e6907dc5c01b861c80706ed9f0badeab230730d91ca3a98c81ca255bece7512b
                    Payload length: 240
                    Payload […]: 16363370b438f0d2e64515b8b93c6e270ee8a0446d521aa78adc19aefb4f2d42448c330c271c2c3f79b70a4ce4da973baa5d3dfcec8f64cb9b0e1e1be16a86b5903065eb9b0c680ba068dff079eababa1687a7fa12617d4e9aa068adec0000160a965fc21f633ef00374c727f22d3e22
                Extension: application_settings (len=5)
                    Type: application_settings (17613)
                    Length: 5
                    ALPS Extension Length: 3
                    Supported ALPN List
                        Supported ALPN Length: 2
                        Supported ALPN: h3
                Extension: server_name (len=19) name=www.google.com
                    Type: server_name (0)
                    Length: 19
                    Server Name Indication extension
                        Server Name list length: 17
                        Server Name Type: host_name (0)
                        Server Name length: 14
                        Server Name: www.google.com
                Extension: psk_key_exchange_modes (len=2)
                    Type: psk_key_exchange_modes (45)
                    Length: 2
                    PSK Key Exchange Modes Length: 1
                    PSK Key Exchange Mode: PSK with (EC)DHE key establishment (psk_dhe_ke) (1)
                Extension: compress_certificate (len=3)
                    Type: compress_certificate (27)
                    Length: 3
                    Algorithms Length: 2
                    Algorithm: brotli (2)
                Extension: key_share (len=1258) X25519MLKEM768, x25519
                    Type: key_share (51)
                    Length: 1258
                    Key Share extension
                        Client Key Share Length: 1256
                        Key Share Entry: Group: X25519MLKEM768, Key Exchange length: 1216
                            Group: X25519MLKEM768 (4588)
                            Key Exchange Length: 1216
                            Key Exchange […]: eb05ac161aa0c4bc44b91cb710a264621093a93c1c9ff0009ae7407da92a9e014a03a72d0214c350c058d438460dfb7e572b1ac9fb4da3b5c435f08c0c72131703bb424ab304d4818091958e13af56b14d32c22aa28cbe9c181f9e9aca6e65b3c90caa65d21799f31ec6867761a
                        Key Share Entry: Group: x25519, Key Exchange length: 32
                            Group: x25519 (29)
                            Key Exchange Length: 32
                            Key Exchange: 340bce5f94db44f9cc3d2600138a5a7bc2027bea404ae0132462b1110bd87660
                Extension: supported_groups (len=10)
                    Type: supported_groups (10)
                    Length: 10
                    Supported Groups List Length: 8
                    Supported Groups (4 groups)
                        Supported Group: X25519MLKEM768 (0x11ec)
                        Supported Group: x25519 (0x001d)
                        Supported Group: secp256r1 (0x0017)
                        Supported Group: secp384r1 (0x0018)
                Extension: supported_versions (len=3) TLS 1.3
                    Type: supported_versions (43)
                    Length: 3
                    Supported Versions length: 2
                    Supported Version: TLS 1.3 (0x0304)
                Extension: signature_algorithms (len=20)
                    Type: signature_algorithms (13)
                    Length: 20
                    Signature Hash Algorithms Length: 18
                    Signature Hash Algorithms (9 algorithms)
                        Signature Algorithm: ecdsa_secp256r1_sha256 (0x0403)
                            Signature Hash Algorithm Hash: SHA256 (4)
                            Signature Hash Algorithm Signature: ECDSA (3)
                        Signature Algorithm: rsa_pss_rsae_sha256 (0x0804)
                            Signature Hash Algorithm Hash: Unknown (8)
                            Signature Hash Algorithm Signature: Unknown (4)
                        Signature Algorithm: rsa_pkcs1_sha256 (0x0401)
                            Signature Hash Algorithm Hash: SHA256 (4)
                            Signature Hash Algorithm Signature: RSA (1)
                        Signature Algorithm: ecdsa_secp384r1_sha384 (0x0503)
                            Signature Hash Algorithm Hash: SHA384 (5)
                            Signature Hash Algorithm Signature: ECDSA (3)
                        Signature Algorithm: rsa_pss_rsae_sha384 (0x0805)
                            Signature Hash Algorithm Hash: Unknown (8)
                            Signature Hash Algorithm Signature: Unknown (5)
                        Signature Algorithm: rsa_pkcs1_sha384 (0x0501)
                            Signature Hash Algorithm Hash: SHA384 (5)
                            Signature Hash Algorithm Signature: RSA (1)
                        Signature Algorithm: rsa_pss_rsae_sha512 (0x0806)
                            Signature Hash Algorithm Hash: Unknown (8)
                            Signature Hash Algorithm Signature: Unknown (6)
                        Signature Algorithm: rsa_pkcs1_sha512 (0x0601)
                            Signature Hash Algorithm Hash: SHA512 (6)
                            Signature Hash Algorithm Signature: RSA (1)
                        Signature Algorithm: rsa_pkcs1_sha1 (0x0201)
                            Signature Hash Algorithm Hash: SHA1 (2)
                            Signature Hash Algorithm Signature: RSA (1)
                [JA4: q13d0311h3_55b375c5d22e_653d80c3fe9d]
                [JA4_r: q13d0311h3_1301,1302,1303_000a,000d,001b,002b,002d,0033,0039,44cd,fe0d_0403,0804,0401,0503,0805,0501,0806,0601,0201]
                [JA3 Fullstring: 771,4865-4866-4867,57-16-65037-17613-0-45-27-51-10-43-13,4588-29-23-24,]
                [JA3: cf8923934e69ef14a7a792ef628141b2]
    PADDING Length: 9
        Frame Type: PADDING (0x0000000000000000)
        [Padding Length: 9]
    PING
        Frame Type: PING (0x0000000000000001)

Frame 3: Packet, 1292 bytes on wire (10336 bits), 1292 bytes captured (10336 bits) on interface \Device\NPF_{9B9257DC-FAC1-4993-B12F-136D7BA5E874}, id 0
    Section number: 1
    Interface id: 0 (\Device\NPF_{9B9257DC-FAC1-4993-B12F-136D7BA5E874})
        Interface name: \Device\NPF_{9B9257DC-FAC1-4993-B12F-136D7BA5E874}
        Interface description: Wi-Fi
    Encapsulation type: Ethernet (1)
    Arrival Time: Apr  9, 2026 19:47:59.290938300 India Standard Time
    UTC Arrival Time: Apr  9, 2026 14:17:59.290938300 UTC
    Epoch Arrival Time: 1775744279.290938300
    [Time shift for this packet: 0.000000000 seconds]
    [Time delta from previous captured frame: 921.200 microseconds]
    [Time delta from previous displayed frame: 921.200 microseconds]
    [Time since reference or first frame: 973.700 microseconds]
    Frame Number: 3
    Frame Length: 1292 bytes (10336 bits)
    Capture Length: 1292 bytes (10336 bits)
    [Frame is marked: False]
    [Frame is ignored: False]
    [Protocols in frame: eth:ethertype:ip:udp:quic:tls]
    Character encoding: ASCII (0)
Ethernet II, Src: 96:77:0b:05:d4:0b (96:77:0b:05:d4:0b), Dst: HewlettPacka_3a:cc:1d (28:92:4a:3a:cc:1d)
    Destination: HewlettPacka_3a:cc:1d (28:92:4a:3a:cc:1d)
        .... ..0. .... .... .... .... = LG bit: Globally unique address (factory default)
        .... ...0 .... .... .... .... = IG bit: Individual address (unicast)
    Source: 96:77:0b:05:d4:0b (96:77:0b:05:d4:0b)
        .... ..1. .... .... .... .... = LG bit: Locally administered address (this is NOT the factory default)
        .... ...0 .... .... .... .... = IG bit: Individual address (unicast)
    Type: IPv4 (0x0800)
    [Stream index: 0]
Internet Protocol Version 4, Src: 172.16.90.227, Dst: 142.251.43.37
    0100 .... = Version: 4
    .... 0101 = Header Length: 20 bytes (5)
    Differentiated Services Field: 0x00 (DSCP: CS0, ECN: Not-ECT)
        0000 00.. = Differentiated Services Codepoint: Default (0)
        .... ..00 = Explicit Congestion Notification: Not ECN-Capable Transport (0)
    Total Length: 1278
    Identification: 0xc92b (51499)
    010. .... = Flags: 0x2, Don't fragment
        0... .... = Reserved bit: Not set
        .1.. .... = Don't fragment: Set
        ..0. .... = More fragments: Not set
    ...0 0000 0000 0000 = Fragment Offset: 0
    Time to Live: 128
    Protocol: UDP (17)
    Header Checksum: 0x0000 [validation disabled]
    [Header checksum status: Unverified]
    Source Address: 172.16.90.227
    Destination Address: 142.251.43.37
    [Stream index: 1]
User Datagram Protocol, Src Port: 64271, Dst Port: 443
    Source Port: 64271
    Destination Port: 443
    Length: 1258
    Checksum: 0xc60f [unverified]
    [Checksum Status: Unverified]
    [Stream index: 1]
    [Stream Packet Number: 1]
    [Timestamps]
        [Time since first frame: 0.000000000 seconds]
        [Time since previous frame: 0.000000000 seconds]
    UDP payload (1250 bytes)
QUIC IETF
    QUIC Connection information
        [Connection Number: 1]
    [Packet Length: 1250]
    1... .... = Header Form: Long Header (1)
    .1.. .... = Fixed Bit: True
    ..00 .... = Packet Type: Initial (0)
    [.... 00.. = Reserved: 0]
    [.... ..00 = Packet Number Length: 1 bytes (0)]
    Version: 1 (0x00000001)
    Destination Connection ID Length: 8
    Destination Connection ID: 509b14f469e3cc63
    Source Connection ID Length: 0
    Token Length: 0
    Length: 1232
    [Packet Number: 1]
    Payload […]: 42b939a1dbb962b4250f65c3ee20724c871dad69af903134d28be6e270b74a8268156f6ce0e8e10c79bae853cb80d73457c2efa5d79ceca1b12dc7c64dcf7271b33cb50fe502621e5d292e93e06897771bf7f32661f8e2f3894ded6bc8b46a33d48894f383335da9d6d1952a45e1ef61
    PADDING Length: 30
        Frame Type: PADDING (0x0000000000000000)
        [Padding Length: 30]
    PING
        Frame Type: PING (0x0000000000000001)
    CRYPTO
        Frame Type: CRYPTO (0x0000000000000006)
        Offset: 71
        Length: 11
        Crypto Data
    PADDING Length: 48
        Frame Type: PADDING (0x0000000000000000)
        [Padding Length: 48]
    PING
        Frame Type: PING (0x0000000000000001)
    CRYPTO
        Frame Type: CRYPTO (0x0000000000000006)
        Offset: 55
        Length: 16
        Crypto Data
    PADDING Length: 66
        Frame Type: PADDING (0x0000000000000000)
        [Padding Length: 66]
    PING
        Frame Type: PING (0x0000000000000001)
    PING
        Frame Type: PING (0x0000000000000001)
    PING
        Frame Type: PING (0x0000000000000001)
    CRYPTO
        Frame Type: CRYPTO (0x0000000000000006)
        Offset: 0
        Length: 55
        Crypto Data
        [3 Reassembled QUIC CRYPTO Data Fragments (82 bytes): #3(55), #3(16), #3(11)]
            [Frame: 3, payload: 0-54 (55 bytes)]
            [Frame: 3, payload: 55-70 (16 bytes)]
            [Frame: 3, payload: 71-81 (11 bytes)]
            [Fragment count: 3]
        TLSv1.3 Record Layer: Handshake Protocol: Client Hello (fragment)
            Handshake Protocol: Client Hello (fragment)
    PING
        Frame Type: PING (0x0000000000000001)
    PING
        Frame Type: PING (0x0000000000000001)
    PADDING Length: 110
        Frame Type: PADDING (0x0000000000000000)
        [Padding Length: 110]
    PING
        Frame Type: PING (0x0000000000000001)
    PADDING Length: 35
        Frame Type: PADDING (0x0000000000000000)
        [Padding Length: 35]
    PING
        Frame Type: PING (0x0000000000000001)
    PADDING Length: 46
        Frame Type: PADDING (0x0000000000000000)
        [Padding Length: 46]
    CRYPTO
        Frame Type: CRYPTO (0x0000000000000006)
        Offset: 941
        Length: 773
        Crypto Data
    PADDING Length: 1
        Frame Type: PADDING (0x0000000000000000)
        [Padding Length: 1]

Frame 4: Packet, 1292 bytes on wire (10336 bits), 1292 bytes captured (10336 bits) on interface \Device\NPF_{9B9257DC-FAC1-4993-B12F-136D7BA5E874}, id 0
    Section number: 1
    Interface id: 0 (\Device\NPF_{9B9257DC-FAC1-4993-B12F-136D7BA5E874})
        Interface name: \Device\NPF_{9B9257DC-FAC1-4993-B12F-136D7BA5E874}
        Interface description: Wi-Fi
    Encapsulation type: Ethernet (1)
    Arrival Time: Apr  9, 2026 19:47:59.290973100 India Standard Time
    UTC Arrival Time: Apr  9, 2026 14:17:59.290973100 UTC
    Epoch Arrival Time: 1775744279.290973100
    [Time shift for this packet: 0.000000000 seconds]
    [Time delta from previous captured frame: 34.800 microseconds]
    [Time delta from previous displayed frame: 34.800 microseconds]
    [Time since reference or first frame: 1.008500 milliseconds]
    Frame Number: 4
    Frame Length: 1292 bytes (10336 bits)
    Capture Length: 1292 bytes (10336 bits)
    [Frame is marked: False]
    [Frame is ignored: False]
    [Protocols in frame: eth:ethertype:ip:udp:quic:tls]
    Character encoding: ASCII (0)
Ethernet II, Src: 96:77:0b:05:d4:0b (96:77:0b:05:d4:0b), Dst: HewlettPacka_3a:cc:1d (28:92:4a:3a:cc:1d)
    Destination: HewlettPacka_3a:cc:1d (28:92:4a:3a:cc:1d)
        .... ..0. .... .... .... .... = LG bit: Globally unique address (factory default)
        .... ...0 .... .... .... .... = IG bit: Individual address (unicast)
    Source: 96:77:0b:05:d4:0b (96:77:0b:05:d4:0b)
        .... ..1. .... .... .... .... = LG bit: Locally administered address (this is NOT the factory default)
        .... ...0 .... .... .... .... = IG bit: Individual address (unicast)
    Type: IPv4 (0x0800)
    [Stream index: 0]
Internet Protocol Version 4, Src: 172.16.90.227, Dst: 142.251.43.37
    0100 .... = Version: 4
    .... 0101 = Header Length: 20 bytes (5)
    Differentiated Services Field: 0x00 (DSCP: CS0, ECN: Not-ECT)
        0000 00.. = Differentiated Services Codepoint: Default (0)
        .... ..00 = Explicit Congestion Notification: Not ECN-Capable Transport (0)
    Total Length: 1278
    Identification: 0xc92c (51500)
    010. .... = Flags: 0x2, Don't fragment
        0... .... = Reserved bit: Not set
        .1.. .... = Don't fragment: Set
        ..0. .... = More fragments: Not set
    ...0 0000 0000 0000 = Fragment Offset: 0
    Time to Live: 128
    Protocol: UDP (17)
    Header Checksum: 0x0000 [validation disabled]
    [Header checksum status: Unverified]
    Source Address: 172.16.90.227
    Destination Address: 142.251.43.37
    [Stream index: 1]
User Datagram Protocol, Src Port: 64271, Dst Port: 443
    Source Port: 64271
    Destination Port: 443
    Length: 1258
    Checksum: 0xc60f [unverified]
    [Checksum Status: Unverified]
    [Stream index: 1]
    [Stream Packet Number: 2]
    [Timestamps]
        [Time since first frame: 34.800 microseconds]
        [Time since previous frame: 34.800 microseconds]
    UDP payload (1250 bytes)
QUIC IETF
    QUIC Connection information
        [Connection Number: 1]
    [Packet Length: 1250]
    1... .... = Header Form: Long Header (1)
    .1.. .... = Fixed Bit: True
    ..00 .... = Packet Type: Initial (0)
    [.... 00.. = Reserved: 0]
    [.... ..01 = Packet Number Length: 2 bytes (1)]
    Version: 1 (0x00000001)
    Destination Connection ID Length: 8
    Destination Connection ID: 509b14f469e3cc63
    Source Connection ID Length: 0
    Token Length: 0
    Length: 1232
    [Packet Number: 2]
    Payload […]: dc9e6e9fa975f083d51af01fd29544504011a14e85dc5c9ad6084144883a40c2df4bc36dfa29ad094bb8fa6674a79449bf499db4096b0311f0287b11b167fcf067456689884789125deeae7e4f16da2641b03ce596001986b95d5d5e2e274f0c47ddef0d8c89cd870c74aa59517e45f4
    PADDING Length: 142
        Frame Type: PADDING (0x0000000000000000)
        [Padding Length: 142]
    PING
        Frame Type: PING (0x0000000000000001)
    PING
        Frame Type: PING (0x0000000000000001)
    CRYPTO
        Frame Type: CRYPTO (0x0000000000000006)
        Offset: 760
        Length: 25
        Crypto Data
    PADDING Length: 4
        Frame Type: PADDING (0x0000000000000000)
        [Padding Length: 4]
    CRYPTO
        Frame Type: CRYPTO (0x0000000000000006)
        Offset: 216
        Length: 157
        Crypto Data
    CRYPTO
        Frame Type: CRYPTO (0x0000000000000006)
        Offset: 793
        Length: 148
        Crypto Data
    CRYPTO
        Frame Type: CRYPTO (0x0000000000000006)
        Offset: 521
        Length: 239
        Crypto Data
    CRYPTO
        Frame Type: CRYPTO (0x0000000000000006)
        Offset: 785
        Length: 8
        Crypto Data
    CRYPTO
        Frame Type: CRYPTO (0x0000000000000006)
        Offset: 82
        Length: 134
        Crypto Data
    CRYPTO
        Frame Type: CRYPTO (0x0000000000000006)
        Offset: 379
        Length: 142
        Crypto Data
    CRYPTO
        Frame Type: CRYPTO (0x0000000000000006)
        Offset: 373
        Length: 6
        Crypto Data
        [9 Reassembled QUIC CRYPTO Data Fragments (1632 bytes): #4(134), #4(157), #4(6), #4(142), #4(239), #4(25), #4(8), #4(148), #3(773)]
            [Frame: 4, payload: 0-133 (134 bytes)]
            [Frame: 4, payload: 134-290 (157 bytes)]
            [Frame: 4, payload: 291-296 (6 bytes)]
            [Frame: 4, payload: 297-438 (142 bytes)]
            [Frame: 4, payload: 439-677 (239 bytes)]
            [Frame: 4, payload: 678-702 (25 bytes)]
            [Frame: 4, payload: 703-710 (8 bytes)]
            [Frame: 4, payload: 711-858 (148 bytes)]
            [Frame: 3, payload: 859-1631 (773 bytes)]
            [Fragment count: 9]
        TLSv1.3 Record Layer: Handshake Protocol: Client Hello
            Handshake Protocol: Client Hello (last fragment)
            [2 Reassembled Handshake Fragments (1714 bytes): #3(82), #4(1632)]
                [Frame: 3, payload: 0-81 (82 bytes)]
                [Frame: 4, payload: 82-1713 (1632 bytes)]
                [Handshake Fragment count: 2]
            Handshake Protocol: Client Hello
                Handshake Type: Client Hello (1)
                Length: 1710
                Version: TLS 1.2 (0x0303)
                    [Expert Info (Chat/Deprecated): This legacy_version field MUST be ignored. The supported_versions extension is present and MUST be used instead.]
                        [This legacy_version field MUST be ignored. The supported_versions extension is present and MUST be used instead.]
                        [Severity level: Chat]
                        [Group: Deprecated]
                Random: 0ce8dfb8f7727df2661cbd991961865f6ff3f1a413981cb30a8a4b068fa02ab1
                Session ID Length: 0
                Cipher Suites Length: 6
                Cipher Suites (3 suites)
                    Cipher Suite: TLS_AES_128_GCM_SHA256 (0x1301)
                    Cipher Suite: TLS_AES_256_GCM_SHA384 (0x1302)
                    Cipher Suite: TLS_CHACHA20_POLY1305_SHA256 (0x1303)
                Compression Methods Length: 1
                Compression Methods (1 method)
                    Compression Method: null (0)
                Extensions Length: 1663
                Extension: signature_algorithms (len=20)
                    Type: signature_algorithms (13)
                    Length: 20
                    Signature Hash Algorithms Length: 18
                    Signature Hash Algorithms (9 algorithms)
                        Signature Algorithm: ecdsa_secp256r1_sha256 (0x0403)
                            Signature Hash Algorithm Hash: SHA256 (4)
                            Signature Hash Algorithm Signature: ECDSA (3)
                        Signature Algorithm: rsa_pss_rsae_sha256 (0x0804)
                            Signature Hash Algorithm Hash: Unknown (8)
                            Signature Hash Algorithm Signature: Unknown (4)
                        Signature Algorithm: rsa_pkcs1_sha256 (0x0401)
                            Signature Hash Algorithm Hash: SHA256 (4)
                            Signature Hash Algorithm Signature: RSA (1)
                        Signature Algorithm: ecdsa_secp384r1_sha384 (0x0503)
                            Signature Hash Algorithm Hash: SHA384 (5)
                            Signature Hash Algorithm Signature: ECDSA (3)
                        Signature Algorithm: rsa_pss_rsae_sha384 (0x0805)
                            Signature Hash Algorithm Hash: Unknown (8)
                            Signature Hash Algorithm Signature: Unknown (5)
                        Signature Algorithm: rsa_pkcs1_sha384 (0x0501)
                            Signature Hash Algorithm Hash: SHA384 (5)
                            Signature Hash Algorithm Signature: RSA (1)
                        Signature Algorithm: rsa_pss_rsae_sha512 (0x0806)
                            Signature Hash Algorithm Hash: Unknown (8)
                            Signature Hash Algorithm Signature: Unknown (6)
                        Signature Algorithm: rsa_pkcs1_sha512 (0x0601)
                            Signature Hash Algorithm Hash: SHA512 (6)
                            Signature Hash Algorithm Signature: RSA (1)
                        Signature Algorithm: rsa_pkcs1_sha1 (0x0201)
                            Signature Hash Algorithm Hash: SHA1 (2)
                            Signature Hash Algorithm Signature: RSA (1)
                Extension: server_name (len=20) name=mail.google.com
                    Type: server_name (0)
                    Length: 20
                    Server Name Indication extension
                        Server Name list length: 18
                        Server Name Type: host_name (0)
                        Server Name length: 15
                        Server Name: mail.google.com
                Extension: encrypted_client_hello (len=218)
                    Type: encrypted_client_hello (65037)
                    Length: 218
                    Client Hello type: Outer Client Hello (0)
                    Cipher Suite: HKDF-SHA256/AES-128-GCM
                        KDF Id: HKDF-SHA256 (1)
                        AEAD Id: AES-128-GCM (1)
                    Config Id: 237
                    Enc length: 32
                    Enc: 302ce0e9821f1995aeed330715970baf1f3f366aa334292675da80a47a67b47d
                    Payload length: 176
                    Payload […]: b1e7fefb4293a4578cf8b3ae0762b93aba306d07d658069a8a0030fbc8f71d7cab0262fb7130816041dcd15e2998f3674c9d91267211f53faa9f81fbe2804b79a849b55c798be0020049c5fed0cd6ce56b64738a5e921056ec08fe1f8194a8fe92025657195f3176a2e5a3bd10583010
                Extension: quic_transport_parameters (len=75)
                    Type: quic_transport_parameters (57)
                    Length: 75
                    Parameter: initial_source_connection_id (len=0)
                        Type: initial_source_connection_id (0x0f)
                        Length: 0
                        Initial Source Connection ID: <MISSING>
                    Parameter: max_datagram_frame_size (len=4) 65536
                        Type: max_datagram_frame_size (0x20)
                        Length: 4
                        Value: 80010000
                        max_datagram_frame_size: 65536
                    Parameter: initial_max_streams_uni (len=2) 103
                        Type: initial_max_streams_uni (0x09)
                        Length: 2
                        Value: 4067
                        initial_max_streams_uni: 103
                    Parameter: GREASE (len=2)
                        Type: GREASE (0xe018050bff21c77)
                        Length: 2
                        Value: e2c4
                    Parameter: initial_max_stream_data_bidi_local (len=4) 6291456
                        Type: initial_max_stream_data_bidi_local (0x05)
                        Length: 4
                        Value: 80600000
                        initial_max_stream_data_bidi_local: 6291456
                    Parameter: max_idle_timeout (len=4) 30000 ms
                        Type: max_idle_timeout (0x01)
                        Length: 4
                        Value: 80007530
                        max_idle_timeout: 30000
                    Parameter: version_information (len=12)
                        Type: version_information (0x11)
                        Length: 12
                        Value: 00000001000000016a5a9a2a
                        Chosen Version: 1 (0x00000001)
                        Other Version: 1 (0x00000001)
                        Other Version: Unknown (0x6a5a9a2a) (GREASE)
                    Parameter: initial_max_stream_data_uni (len=4) 6291456
                        Type: initial_max_stream_data_uni (0x07)
                        Length: 4
                        Value: 80600000
                        initial_max_stream_data_uni: 6291456
                    Parameter: initial_max_data (len=4) 15728640
                        Type: initial_max_data (0x04)
                        Length: 4
                        Value: 80f00000
                        initial_max_data: 15728640
                    Parameter: initial_max_stream_data_bidi_remote (len=4) 6291456
                        Type: initial_max_stream_data_bidi_remote (0x06)
                        Length: 4
                        Value: 80600000
                        initial_max_stream_data_bidi_remote: 6291456
                    Parameter: max_udp_payload_size (len=2) 1472
                        Type: max_udp_payload_size (0x03)
                        Length: 2
                        Value: 45c0
                        max_udp_payload_size: 1472
                    Parameter: initial_max_streams_bidi (len=2) 100
                        Type: initial_max_streams_bidi (0x08)
                        Length: 2
                        Value: 4064
                        initial_max_streams_bidi: 100
                Extension: supported_versions (len=3) TLS 1.3
                    Type: supported_versions (43)
                    Length: 3
                    Supported Versions length: 2
                    Supported Version: TLS 1.3 (0x0304)
                Extension: psk_key_exchange_modes (len=2)
                    Type: psk_key_exchange_modes (45)
                    Length: 2
                    PSK Key Exchange Modes Length: 1
                    PSK Key Exchange Mode: PSK with (EC)DHE key establishment (psk_dhe_ke) (1)
                Extension: application_settings (len=5)
                    Type: application_settings (17613)
                    Length: 5
                    ALPS Extension Length: 3
                    Supported ALPN List
                        Supported ALPN Length: 2
                        Supported ALPN: h3
                Extension: application_layer_protocol_negotiation (len=5)
                    Type: application_layer_protocol_negotiation (16)
                    Length: 5
                    ALPN Extension Length: 3
                    ALPN Protocol
                        ALPN string length: 2
                        ALPN Next Protocol: h3
                Extension: supported_groups (len=10)
                    Type: supported_groups (10)
                    Length: 10
                    Supported Groups List Length: 8
                    Supported Groups (4 groups)
                        Supported Group: X25519MLKEM768 (0x11ec)
                        Supported Group: x25519 (0x001d)
                        Supported Group: secp256r1 (0x0017)
                        Supported Group: secp384r1 (0x0018)
                Extension: key_share (len=1258) X25519MLKEM768, x25519
                    Type: key_share (51)
                    Length: 1258
                    Key Share extension
                        Client Key Share Length: 1256
                        Key Share Entry: Group: X25519MLKEM768, Key Exchange length: 1216
                            Group: X25519MLKEM768 (4588)
                            Key Exchange Length: 1216
                            Key Exchange […]: 56c1cdbe7304fd9953b743144c32389fea29fd02048afc3098126fa6a11edbf297d0dc2638f80b12a0635e17429871c285da17ae2c8521a35b30786f2a4a94001d2b0da8007506b23932988e8aa07be27e94b83456c187a65a7b809c1d32a992a08c4c054424effb8364c35baa1
                        Key Share Entry: Group: x25519, Key Exchange length: 32
                            Group: x25519 (29)
                            Key Exchange Length: 32
                            Key Exchange: c5a5b3d2a7d14c04942eaa73eb5abbf4fd03406a3a13d5e63370905f0cb19d70
                Extension: compress_certificate (len=3)
                    Type: compress_certificate (27)
                    Length: 3
                    Algorithms Length: 2
                    Algorithm: brotli (2)
                [JA4: q13d0311h3_55b375c5d22e_653d80c3fe9d]
                [JA4_r: q13d0311h3_1301,1302,1303_000a,000d,001b,002b,002d,0033,0039,44cd,fe0d_0403,0804,0401,0503,0805,0501,0806,0601,0201]
                [JA3 Fullstring: 771,4865-4866-4867,13-0-65037-57-43-45-17613-16-10-51-27,4588-29-23-24,]
                [JA3: fb3ea08099d6633fd8567cd4108a2592]
    PADDING Length: 88
        Frame Type: PADDING (0x0000000000000000)
        [Padding Length: 88]
    PING
        Frame Type: PING (0x0000000000000001)
    PING
        Frame Type: PING (0x0000000000000001)
    PADDING Length: 79
        Frame Type: PADDING (0x0000000000000000)
        [Padding Length: 79]
    PING
        Frame Type: PING (0x0000000000000001)

Frame 5: Packet, 86 bytes on wire (688 bits), 86 bytes captured (688 bits) on interface \Device\NPF_{9B9257DC-FAC1-4993-B12F-136D7BA5E874}, id 0
    Section number: 1
    Interface id: 0 (\Device\NPF_{9B9257DC-FAC1-4993-B12F-136D7BA5E874})
        Interface name: \Device\NPF_{9B9257DC-FAC1-4993-B12F-136D7BA5E874}
        Interface description: Wi-Fi
    Encapsulation type: Ethernet (1)
    Arrival Time: Apr  9, 2026 19:47:59.301104200 India Standard Time
    UTC Arrival Time: Apr  9, 2026 14:17:59.301104200 UTC
    Epoch Arrival Time: 1775744279.301104200
    [Time shift for this packet: 0.000000000 seconds]
    [Time delta from previous captured frame: 10.131100 milliseconds]
    [Time delta from previous displayed frame: 10.131100 milliseconds]
    [Time since reference or first frame: 11.139600 milliseconds]
    Frame Number: 5
    Frame Length: 86 bytes (688 bits)
    Capture Length: 86 bytes (688 bits)
    [Frame is marked: False]
    [Frame is ignored: False]
    [Protocols in frame: eth:ethertype:vlan:ethertype:ip:udp:quic]
    Character encoding: ASCII (0)
Ethernet II, Src: HewlettPacka_3a:cc:1d (28:92:4a:3a:cc:1d), Dst: 96:77:0b:05:d4:0b (96:77:0b:05:d4:0b)
    Destination: 96:77:0b:05:d4:0b (96:77:0b:05:d4:0b)
        .... ..1. .... .... .... .... = LG bit: Locally administered address (this is NOT the factory default)
        .... ...0 .... .... .... .... = IG bit: Individual address (unicast)
    Source: HewlettPacka_3a:cc:1d (28:92:4a:3a:cc:1d)
        .... ..0. .... .... .... .... = LG bit: Globally unique address (factory default)
        .... ...0 .... .... .... .... = IG bit: Individual address (unicast)
    Type: 802.1Q Virtual LAN (0x8100)
    [Stream index: 0]
802.1Q Virtual LAN, PRI: 0, DEI: 0, ID: 0
    000. .... .... .... = Priority: Best Effort (default) (0)
    ...0 .... .... .... = DEI: Ineligible
    .... 0000 0000 0000 = ID: 0
    Type: IPv4 (0x0800)
Internet Protocol Version 4, Src: 142.251.153.119, Dst: 172.16.90.227
    0100 .... = Version: 4
    .... 0101 = Header Length: 20 bytes (5)
    Differentiated Services Field: 0xb8 (DSCP: EF, ECN: Not-ECT)
        1011 10.. = Differentiated Services Codepoint: Expedited Forwarding (46)
        .... ..00 = Explicit Congestion Notification: Not ECN-Capable Transport (0)
    Total Length: 68
    Identification: 0x0000 (0)
    010. .... = Flags: 0x2, Don't fragment
        0... .... = Reserved bit: Not set
        .1.. .... = Don't fragment: Set
        ..0. .... = More fragments: Not set
    ...0 0000 0000 0000 = Fragment Offset: 0
    Time to Live: 57
    Protocol: UDP (17)
    Header Checksum: 0x118b [validation disabled]
    [Header checksum status: Unverified]
    Source Address: 142.251.153.119
    Destination Address: 172.16.90.227
    [Stream index: 0]
User Datagram Protocol, Src Port: 443, Dst Port: 49184
    Source Port: 443
    Destination Port: 49184
    Length: 48
    Checksum: 0xf519 [unverified]
    [Checksum Status: Unverified]
    [Stream index: 0]
    [Stream Packet Number: 3]
    [Timestamps]
        [Time since first frame: 11.139600 milliseconds]
        [Time since previous frame: 11.087100 milliseconds]
    UDP payload (40 bytes)
QUIC IETF
    QUIC Connection information
        [Connection Number: 0]
    [Packet Length: 40]
    1... .... = Header Form: Long Header (1)
    .1.. .... = Fixed Bit: True
    ..00 .... = Packet Type: Initial (0)
    [.... 00.. = Reserved: 0]
    [.... ..00 = Packet Number Length: 1 bytes (0)]
    Version: 1 (0x00000001)
    Destination Connection ID Length: 0
    Source Connection ID Length: 8
    Source Connection ID: e898f8a36167c06e
    Token Length: 0
    Length: 22
    [Packet Number: 1]
    Payload: b926fd7f8b2e39b0336bab9fad7bd8882284b6405e
    ACK
        Frame Type: ACK (0x0000000000000002)
        Largest Acknowledged: 1
        ACK Delay: 0
        ACK Range Count: 0
        First ACK Range: 0

Frame 6: Packet, 1296 bytes on wire (10368 bits), 1296 bytes captured (10368 bits) on interface \Device\NPF_{9B9257DC-FAC1-4993-B12F-136D7BA5E874}, id 0
    Section number: 1
    Interface id: 0 (\Device\NPF_{9B9257DC-FAC1-4993-B12F-136D7BA5E874})
        Interface name: \Device\NPF_{9B9257DC-FAC1-4993-B12F-136D7BA5E874}
        Interface description: Wi-Fi
    Encapsulation type: Ethernet (1)
    Arrival Time: Apr  9, 2026 19:47:59.301302200 India Standard Time
    UTC Arrival Time: Apr  9, 2026 14:17:59.301302200 UTC
    Epoch Arrival Time: 1775744279.301302200
    [Time shift for this packet: 0.000000000 seconds]
    [Time delta from previous captured frame: 198.000 microseconds]
    [Time delta from previous displayed frame: 198.000 microseconds]
    [Time since reference or first frame: 11.337600 milliseconds]
    Frame Number: 6
    Frame Length: 1296 bytes (10368 bits)
    Capture Length: 1296 bytes (10368 bits)
    [Frame is marked: False]
    [Frame is ignored: False]
    [Protocols in frame: eth:ethertype:vlan:ethertype:ip:udp:quic]
    Character encoding: ASCII (0)
Ethernet II, Src: HewlettPacka_3a:cc:1d (28:92:4a:3a:cc:1d), Dst: 96:77:0b:05:d4:0b (96:77:0b:05:d4:0b)
    Destination: 96:77:0b:05:d4:0b (96:77:0b:05:d4:0b)
        .... ..1. .... .... .... .... = LG bit: Locally administered address (this is NOT the factory default)
        .... ...0 .... .... .... .... = IG bit: Individual address (unicast)
    Source: HewlettPacka_3a:cc:1d (28:92:4a:3a:cc:1d)
        .... ..0. .... .... .... .... = LG bit: Globally unique address (factory default)
        .... ...0 .... .... .... .... = IG bit: Individual address (unicast)
    Type: 802.1Q Virtual LAN (0x8100)
    [Stream index: 0]
802.1Q Virtual LAN, PRI: 0, DEI: 0, ID: 0
    000. .... .... .... = Priority: Best Effort (default) (0)
    ...0 .... .... .... = DEI: Ineligible
    .... 0000 0000 0000 = ID: 0
    Type: IPv4 (0x0800)
Internet Protocol Version 4, Src: 142.251.153.119, Dst: 172.16.90.227
    0100 .... = Version: 4
    .... 0101 = Header Length: 20 bytes (5)
    Differentiated Services Field: 0xb8 (DSCP: EF, ECN: Not-ECT)
        1011 10.. = Differentiated Services Codepoint: Expedited Forwarding (46)
        .... ..00 = Explicit Congestion Notification: Not ECN-Capable Transport (0)
    Total Length: 1278
    Identification: 0x0000 (0)
    010. .... = Flags: 0x2, Don't fragment
        0... .... = Reserved bit: Not set
        .1.. .... = Don't fragment: Set
        ..0. .... = More fragments: Not set
    ...0 0000 0000 0000 = Fragment Offset: 0
    Time to Live: 57
    Protocol: UDP (17)
    Header Checksum: 0x0cd1 [validation disabled]
    [Header checksum status: Unverified]
    Source Address: 142.251.153.119
    Destination Address: 172.16.90.227
    [Stream index: 0]
User Datagram Protocol, Src Port: 443, Dst Port: 49184
    Source Port: 443
    Destination Port: 49184
    Length: 1258
    Checksum: 0xca9f [unverified]
    [Checksum Status: Unverified]
    [Stream index: 0]
    [Stream Packet Number: 4]
    [Timestamps]
        [Time since first frame: 11.337600 milliseconds]
        [Time since previous frame: 198.000 microseconds]
    UDP payload (1250 bytes)
QUIC IETF
    QUIC Connection information
        [Connection Number: 0]
    [Packet Length: 1250]
    1... .... = Header Form: Long Header (1)
    .1.. .... = Fixed Bit: True
    ..00 .... = Packet Type: Initial (0)
    [.... 00.. = Reserved: 0]
    [.... ..00 = Packet Number Length: 1 bytes (0)]
    Version: 1 (0x00000001)
    Destination Connection ID Length: 0
    Source Connection ID Length: 8
    Source Connection ID: e898f8a36167c06e
    Token Length: 0
    Length: 1232
    [Packet Number: 2]
    Payload […]: 090e0ff3dc82f864cf81458e8ca5b3b141e844b61d873550c7fb17e5d8555ff77c107f5db6b3ce3d7fabea1ad3ae4fadd46e33cde2eec70ae218d7b3257bbb3d1527a414a98760e0bf8a96f014b7365fed63c201726d93b2db3cac6707c960e7cf57c2a85089c6eda8e1b83293e26a15
    ACK
        Frame Type: ACK (0x0000000000000002)
        Largest Acknowledged: 2
        ACK Delay: 0
        ACK Range Count: 0
        First ACK Range: 1
    PADDING Length: 1210
        Frame Type: PADDING (0x0000000000000000)
        [Padding Length: 1210]

Frame 7: Packet, 86 bytes on wire (688 bits), 86 bytes captured (688 bits) on interface \Device\NPF_{9B9257DC-FAC1-4993-B12F-136D7BA5E874}, id 0
    Section number: 1
    Interface id: 0 (\Device\NPF_{9B9257DC-FAC1-4993-B12F-136D7BA5E874})
        Interface name: \Device\NPF_{9B9257DC-FAC1-4993-B12F-136D7BA5E874}
        Interface description: Wi-Fi
    Encapsulation type: Ethernet (1)
    Arrival Time: Apr  9, 2026 19:47:59.301375600 India Standard Time
    UTC Arrival Time: Apr  9, 2026 14:17:59.301375600 UTC
    Epoch Arrival Time: 1775744279.301375600
    [Time shift for this packet: 0.000000000 seconds]
    [Time delta from previous captured frame: 73.400 microseconds]
    [Time delta from previous displayed frame: 73.400 microseconds]
    [Time since reference or first frame: 11.411000 milliseconds]
    Frame Number: 7
    Frame Length: 86 bytes (688 bits)
    Capture Length: 86 bytes (688 bits)
    [Frame is marked: False]
    [Frame is ignored: False]
    [Protocols in frame: eth:ethertype:vlan:ethertype:ip:udp:quic]
    Character encoding: ASCII (0)
Ethernet II, Src: HewlettPacka_3a:cc:1d (28:92:4a:3a:cc:1d), Dst: 96:77:0b:05:d4:0b (96:77:0b:05:d4:0b)
    Destination: 96:77:0b:05:d4:0b (96:77:0b:05:d4:0b)
        .... ..1. .... .... .... .... = LG bit: Locally administered address (this is NOT the factory default)
        .... ...0 .... .... .... .... = IG bit: Individual address (unicast)
    Source: HewlettPacka_3a:cc:1d (28:92:4a:3a:cc:1d)
        .... ..0. .... .... .... .... = LG bit: Globally unique address (factory default)
        .... ...0 .... .... .... .... = IG bit: Individual address (unicast)
    Type: 802.1Q Virtual LAN (0x8100)
    [Stream index: 0]
802.1Q Virtual LAN, PRI: 0, DEI: 0, ID: 0
    000. .... .... .... = Priority: Best Effort (default) (0)
    ...0 .... .... .... = DEI: Ineligible
    .... 0000 0000 0000 = ID: 0
    Type: IPv4 (0x0800)
Internet Protocol Version 4, Src: 142.251.43.37, Dst: 172.16.90.227
    0100 .... = Version: 4
    .... 0101 = Header Length: 20 bytes (5)
    Differentiated Services Field: 0x80 (DSCP: CS4, ECN: Not-ECT)
        1000 00.. = Differentiated Services Codepoint: Class Selector 4 (32)
        .... ..00 = Explicit Congestion Notification: Not ECN-Capable Transport (0)
    Total Length: 68
    Identification: 0x0000 (0)
    010. .... = Flags: 0x2, Don't fragment
        0... .... = Reserved bit: Not set
        .1.. .... = Don't fragment: Set
        ..0. .... = More fragments: Not set
    ...0 0000 0000 0000 = Fragment Offset: 0
    Time to Live: 58
    Protocol: UDP (17)
    Header Checksum: 0x7f15 [validation disabled]
    [Header checksum status: Unverified]
    Source Address: 142.251.43.37
    Destination Address: 172.16.90.227
    [Stream index: 1]
User Datagram Protocol, Src Port: 443, Dst Port: 64271
    Source Port: 443
    Destination Port: 64271
    Length: 48
    Checksum: 0x8ae7 [unverified]
    [Checksum Status: Unverified]
    [Stream index: 1]
    [Stream Packet Number: 3]
    [Timestamps]
        [Time since first frame: 10.437300 milliseconds]
        [Time since previous frame: 10.402500 milliseconds]
    UDP payload (40 bytes)
QUIC IETF
    QUIC Connection information
        [Connection Number: 1]
    [Packet Length: 40]
    1... .... = Header Form: Long Header (1)
    .1.. .... = Fixed Bit: True
    ..00 .... = Packet Type: Initial (0)
    [.... 00.. = Reserved: 0]
    [.... ..00 = Packet Number Length: 1 bytes (0)]
    Version: 1 (0x00000001)
    Destination Connection ID Length: 0
    Source Connection ID Length: 8
    Source Connection ID: f09b14f469e3cc63
    Token Length: 0
    Length: 22
    [Packet Number: 1]
    Payload: a57e0c20143ad00755855c216bdf82a2e43db99da0
    ACK
        Frame Type: ACK (0x0000000000000002)
        Largest Acknowledged: 1
        ACK Delay: 0
        ACK Range Count: 0
        First ACK Range: 0

Frame 8: Packet, 1296 bytes on wire (10368 bits), 1296 bytes captured (10368 bits) on interface \Device\NPF_{9B9257DC-FAC1-4993-B12F-136D7BA5E874}, id 0
    Section number: 1
    Interface id: 0 (\Device\NPF_{9B9257DC-FAC1-4993-B12F-136D7BA5E874})
        Interface name: \Device\NPF_{9B9257DC-FAC1-4993-B12F-136D7BA5E874}
        Interface description: Wi-Fi
    Encapsulation type: Ethernet (1)
    Arrival Time: Apr  9, 2026 19:47:59.302476800 India Standard Time
    UTC Arrival Time: Apr  9, 2026 14:17:59.302476800 UTC
    Epoch Arrival Time: 1775744279.302476800
    [Time shift for this packet: 0.000000000 seconds]
    [Time delta from previous captured frame: 1.101200 milliseconds]
    [Time delta from previous displayed frame: 1.101200 milliseconds]
    [Time since reference or first frame: 12.512200 milliseconds]
    Frame Number: 8
    Frame Length: 1296 bytes (10368 bits)
    Capture Length: 1296 bytes (10368 bits)
    [Frame is marked: False]
    [Frame is ignored: False]
    [Protocols in frame: eth:ethertype:vlan:ethertype:ip:udp:quic:tls]
    Character encoding: ASCII (0)
Ethernet II, Src: HewlettPacka_3a:cc:1d (28:92:4a:3a:cc:1d), Dst: 96:77:0b:05:d4:0b (96:77:0b:05:d4:0b)
    Destination: 96:77:0b:05:d4:0b (96:77:0b:05:d4:0b)
        .... ..1. .... .... .... .... = LG bit: Locally administered address (this is NOT the factory default)
        .... ...0 .... .... .... .... = IG bit: Individual address (unicast)
    Source: HewlettPacka_3a:cc:1d (28:92:4a:3a:cc:1d)
        .... ..0. .... .... .... .... = LG bit: Globally unique address (factory default)
        .... ...0 .... .... .... .... = IG bit: Individual address (unicast)
    Type: 802.1Q Virtual LAN (0x8100)
    [Stream index: 0]
802.1Q Virtual LAN, PRI: 0, DEI: 0, ID: 0
    000. .... .... .... = Priority: Best Effort (default) (0)
    ...0 .... .... .... = DEI: Ineligible
    .... 0000 0000 0000 = ID: 0
    Type: IPv4 (0x0800)
Internet Protocol Version 4, Src: 142.251.153.119, Dst: 172.16.90.227
    0100 .... = Version: 4
    .... 0101 = Header Length: 20 bytes (5)
    Differentiated Services Field: 0xb8 (DSCP: EF, ECN: Not-ECT)
        1011 10.. = Differentiated Services Codepoint: Expedited Forwarding (46)
        .... ..00 = Explicit Congestion Notification: Not ECN-Capable Transport (0)
    Total Length: 1278
    Identification: 0x0000 (0)
    010. .... = Flags: 0x2, Don't fragment
        0... .... = Reserved bit: Not set
        .1.. .... = Don't fragment: Set
        ..0. .... = More fragments: Not set
    ...0 0000 0000 0000 = Fragment Offset: 0
    Time to Live: 57
    Protocol: UDP (17)
    Header Checksum: 0x0cd1 [validation disabled]
    [Header checksum status: Unverified]
    Source Address: 142.251.153.119
    Destination Address: 172.16.90.227
    [Stream index: 0]
User Datagram Protocol, Src Port: 443, Dst Port: 49184
    Source Port: 443
    Destination Port: 49184
    Length: 1258
    Checksum: 0x2437 [unverified]
    [Checksum Status: Unverified]
    [Stream index: 0]
    [Stream Packet Number: 5]
    [Timestamps]
        [Time since first frame: 12.512200 milliseconds]
        [Time since previous frame: 1.174600 milliseconds]
    UDP payload (1250 bytes)
QUIC IETF
    QUIC Connection information
        [Connection Number: 0]
    [Packet Length: 1250]
    1... .... = Header Form: Long Header (1)
    .1.. .... = Fixed Bit: True
    ..00 .... = Packet Type: Initial (0)
    [.... 00.. = Reserved: 0]
    [.... ..00 = Packet Number Length: 1 bytes (0)]
    Version: 1 (0x00000001)
    Destination Connection ID Length: 0
    Source Connection ID Length: 8
    Source Connection ID: e898f8a36167c06e
    Token Length: 0
    Length: 1232
    [Packet Number: 3]
    Payload […]: f5c05466aefa9c32469b07f4bc9a8539d9d313a2875d450c8439017ed45abfb7478ffa46a29d6cc5a57e649ed5bcb82364faa8615751679fff765b9da40684fe8502eca58a2d06709c38807368960f9220207ffe0d95701952de7dcc8e34d916b36ac63a18add98464e72d648095fea9
    CRYPTO
        Frame Type: CRYPTO (0x0000000000000006)
        Offset: 0
        Length: 1171
        Crypto Data
        TLSv1.3 Record Layer: Handshake Protocol: Server Hello (fragment)
            Handshake Protocol: Server Hello (fragment)
    PADDING Length: 40
        Frame Type: PADDING (0x0000000000000000)
        [Padding Length: 40]

Frame 9: Packet, 1296 bytes on wire (10368 bits), 1296 bytes captured (10368 bits) on interface \Device\NPF_{9B9257DC-FAC1-4993-B12F-136D7BA5E874}, id 0
    Section number: 1
    Interface id: 0 (\Device\NPF_{9B9257DC-FAC1-4993-B12F-136D7BA5E874})
        Interface name: \Device\NPF_{9B9257DC-FAC1-4993-B12F-136D7BA5E874}
        Interface description: Wi-Fi
    Encapsulation type: Ethernet (1)
    Arrival Time: Apr  9, 2026 19:47:59.303205200 India Standard Time
    UTC Arrival Time: Apr  9, 2026 14:17:59.303205200 UTC
    Epoch Arrival Time: 1775744279.303205200
    [Time shift for this packet: 0.000000000 seconds]
    [Time delta from previous captured frame: 728.400 microseconds]
    [Time delta from previous displayed frame: 728.400 microseconds]
    [Time since reference or first frame: 13.240600 milliseconds]
    Frame Number: 9
    Frame Length: 1296 bytes (10368 bits)
    Capture Length: 1296 bytes (10368 bits)
    [Frame is marked: False]
    [Frame is ignored: False]
    [Protocols in frame: eth:ethertype:vlan:ethertype:ip:udp:quic:tls]
    Character encoding: ASCII (0)
Ethernet II, Src: HewlettPacka_3a:cc:1d (28:92:4a:3a:cc:1d), Dst: 96:77:0b:05:d4:0b (96:77:0b:05:d4:0b)
    Destination: 96:77:0b:05:d4:0b (96:77:0b:05:d4:0b)
        .... ..1. .... .... .... .... = LG bit: Locally administered address (this is NOT the factory default)
        .... ...0 .... .... .... .... = IG bit: Individual address (unicast)
    Source: HewlettPacka_3a:cc:1d (28:92:4a:3a:cc:1d)
        .... ..0. .... .... .... .... = LG bit: Globally unique address (factory default)
        .... ...0 .... .... .... .... = IG bit: Individual address (unicast)
    Type: 802.1Q Virtual LAN (0x8100)
    [Stream index: 0]
802.1Q Virtual LAN, PRI: 0, DEI: 0, ID: 0
    000. .... .... .... = Priority: Best Effort (default) (0)
    ...0 .... .... .... = DEI: Ineligible
    .... 0000 0000 0000 = ID: 0
    Type: IPv4 (0x0800)
Internet Protocol Version 4, Src: 142.251.153.119, Dst: 172.16.90.227
    0100 .... = Version: 4
    .... 0101 = Header Length: 20 bytes (5)
    Differentiated Services Field: 0xb8 (DSCP: EF, ECN: Not-ECT)
        1011 10.. = Differentiated Services Codepoint: Expedited Forwarding (46)
        .... ..00 = Explicit Congestion Notification: Not ECN-Capable Transport (0)
    Total Length: 1278
    Identification: 0x0000 (0)
    010. .... = Flags: 0x2, Don't fragment
        0... .... = Reserved bit: Not set
        .1.. .... = Don't fragment: Set
        ..0. .... = More fragments: Not set
    ...0 0000 0000 0000 = Fragment Offset: 0
    Time to Live: 57
    Protocol: UDP (17)
    Header Checksum: 0x0cd1 [validation disabled]
    [Header checksum status: Unverified]
    Source Address: 142.251.153.119
    Destination Address: 172.16.90.227
    [Stream index: 0]
User Datagram Protocol, Src Port: 443, Dst Port: 49184
    Source Port: 443
    Destination Port: 49184
    Length: 1258
    Checksum: 0xc96c [unverified]
    [Checksum Status: Unverified]
    [Stream index: 0]
    [Stream Packet Number: 6]
    [Timestamps]
        [Time since first frame: 13.240600 milliseconds]
        [Time since previous frame: 728.400 microseconds]
    UDP payload (1250 bytes)
QUIC IETF
    QUIC Connection information
        [Connection Number: 0]
    [Packet Length: 1250]
    1... .... = Header Form: Long Header (1)
    .1.. .... = Fixed Bit: True
    ..00 .... = Packet Type: Initial (0)
    [.... 00.. = Reserved: 0]
    [.... ..01 = Packet Number Length: 2 bytes (1)]
    Version: 1 (0x00000001)
    Destination Connection ID Length: 0
    Source Connection ID Length: 8
    Source Connection ID: e898f8a36167c06e
    Token Length: 0
    Length: 1232
    [Packet Number: 4]
    Payload […]: 49fd2cdc441783af3035d001107af5324e8f4721ba6ae91ee295d2743bd1d3269fdff4f11db2ffbe00388a3d5a052b3e70b5a161addfbd8b1a522a5de7d4dd62fdc28e4137c63b8fdf58b7a4ae825b54cbf7c017202ffd496c82122bfc126aa77662c2d540ce6c979153f3450583fb3a
    CRYPTO
        Frame Type: CRYPTO (0x0000000000000006)
        Offset: 1171
        Length: 7
        Crypto Data
        TLSv1.3 Record Layer: Handshake Protocol: Server Hello
            Handshake Protocol: Server Hello (last fragment)
            [2 Reassembled Handshake Fragments (1178 bytes): #8(1171), #9(7)]
                [Frame: 8, payload: 0-1170 (1171 bytes)]
                [Frame: 9, payload: 1171-1177 (7 bytes)]
                [Handshake Fragment count: 2]
            Handshake Protocol: Server Hello
                Handshake Type: Server Hello (2)
                Length: 1174
                Version: TLS 1.2 (0x0303)
                    [Expert Info (Chat/Deprecated): This legacy_version field MUST be ignored. The supported_versions extension is present and MUST be used instead.]
                        [This legacy_version field MUST be ignored. The supported_versions extension is present and MUST be used instead.]
                        [Severity level: Chat]
                        [Group: Deprecated]
                Random: 857613dadb28e31ecba87023812816109252300122daecc07b6e29b0c5c627a2
                Session ID Length: 0
                Cipher Suite: TLS_AES_128_GCM_SHA256 (0x1301)
                Compression Method: null (0)
                Extensions Length: 1134
                Extension: key_share (len=1124) X25519MLKEM768
                    Type: key_share (51)
                    Length: 1124
                    Key Share extension
                        Key Share Entry: Group: X25519MLKEM768, Key Exchange length: 1120
                            Group: X25519MLKEM768 (4588)
                            Key Exchange Length: 1120
                            Key Exchange […]: e199c0f41c6f5377b97deb810ec510c4b99be7fa9398049b7f1f3a1a1adf8318b13442f5cbf7bf5cfc55e7fc6d773c988aaa1231a38069f8070bab6d944430197b100a9e1c28429c6de52590adf7a6771a3548f8ff01f9d48e0d68927dde0470ea46f160b9a69c8b241c7a460cc
                Extension: supported_versions (len=2) TLS 1.3
                    Type: supported_versions (43)
                    Length: 2
                    Supported Version: TLS 1.3 (0x0304)
                [JA3S Fullstring: 771,4865,51-43]
                [JA3S: eb1d94daa7e0344597e756a1fb6e7054]
    PADDING Length: 1203
        Frame Type: PADDING (0x0000000000000000)
        [Padding Length: 1203]

Frame 10: Packet, 1292 bytes on wire (10336 bits), 1292 bytes captured (10336 bits) on interface \Device\NPF_{9B9257DC-FAC1-4993-B12F-136D7BA5E874}, id 0
    Section number: 1
    Interface id: 0 (\Device\NPF_{9B9257DC-FAC1-4993-B12F-136D7BA5E874})
        Interface name: \Device\NPF_{9B9257DC-FAC1-4993-B12F-136D7BA5E874}
        Interface description: Wi-Fi
    Encapsulation type: Ethernet (1)
    Arrival Time: Apr  9, 2026 19:47:59.303888000 India Standard Time
    UTC Arrival Time: Apr  9, 2026 14:17:59.303888000 UTC
    Epoch Arrival Time: 1775744279.303888000
    [Time shift for this packet: 0.000000000 seconds]
    [Time delta from previous captured frame: 682.800 microseconds]
    [Time delta from previous displayed frame: 682.800 microseconds]
    [Time since reference or first frame: 13.923400 milliseconds]
    Frame Number: 10
    Frame Length: 1292 bytes (10336 bits)
    Capture Length: 1292 bytes (10336 bits)
    [Frame is marked: False]
    [Frame is ignored: False]
    [Protocols in frame: eth:ethertype:ip:udp:quic]
    Character encoding: ASCII (0)
Ethernet II, Src: 96:77:0b:05:d4:0b (96:77:0b:05:d4:0b), Dst: HewlettPacka_3a:cc:1d (28:92:4a:3a:cc:1d)
    Destination: HewlettPacka_3a:cc:1d (28:92:4a:3a:cc:1d)
        .... ..0. .... .... .... .... = LG bit: Globally unique address (factory default)
        .... ...0 .... .... .... .... = IG bit: Individual address (unicast)
    Source: 96:77:0b:05:d4:0b (96:77:0b:05:d4:0b)
        .... ..1. .... .... .... .... = LG bit: Locally administered address (this is NOT the factory default)
        .... ...0 .... .... .... .... = IG bit: Individual address (unicast)
    Type: IPv4 (0x0800)
    [Stream index: 0]
Internet Protocol Version 4, Src: 172.16.90.227, Dst: 142.251.153.119
    0100 .... = Version: 4
    .... 0101 = Header Length: 20 bytes (5)
    Differentiated Services Field: 0x00 (DSCP: CS0, ECN: Not-ECT)
        0000 00.. = Differentiated Services Codepoint: Default (0)
        .... ..00 = Explicit Congestion Notification: Not ECN-Capable Transport (0)
    Total Length: 1278
    Identification: 0xaf4e (44878)
    010. .... = Flags: 0x2, Don't fragment
        0... .... = Reserved bit: Not set
        .1.. .... = Don't fragment: Set
        ..0. .... = More fragments: Not set
    ...0 0000 0000 0000 = Fragment Offset: 0
    Time to Live: 128
    Protocol: UDP (17)
    Header Checksum: 0x0000 [validation disabled]
    [Header checksum status: Unverified]
    Source Address: 172.16.90.227
    Destination Address: 142.251.153.119
    [Stream index: 0]
User Datagram Protocol, Src Port: 49184, Dst Port: 443
    Source Port: 49184
    Destination Port: 443
    Length: 1258
    Checksum: 0x3462 [unverified]
    [Checksum Status: Unverified]
    [Stream index: 0]
    [Stream Packet Number: 7]
    [Timestamps]
        [Time since first frame: 13.923400 milliseconds]
        [Time since previous frame: 682.800 microseconds]
    UDP payload (1250 bytes)
QUIC IETF
    QUIC Connection information
        [Connection Number: 0]
    [Packet Length: 1250]
    1... .... = Header Form: Long Header (1)
    .1.. .... = Fixed Bit: True
    ..00 .... = Packet Type: Initial (0)
    [.... 00.. = Reserved: 0]
    [.... ..00 = Packet Number Length: 1 bytes (0)]
    Version: 1 (0x00000001)
    Destination Connection ID Length: 8
    Destination Connection ID: e898f8a36167c06e
    Source Connection ID Length: 0
    Token Length: 0
    Length: 1232
    [Packet Number: 3]
    Payload […]: a0de6a98e49ff7291c6b4b9478f118cbb7e96b052e3aa4cd6e9aeec9ee0b277a72a51f488609daf383d3f1df6a9c63cde6025dae33a04df09287465c3342b8b1554763d885687b7f818958925bc5c1f8d3bcf60af14309f66ab776a9250775446df1a59e7ebe31258c065e2520efb40b
    ACK
        Frame Type: ACK (0x0000000000000002)
        Largest Acknowledged: 4
        ACK Delay: 62
        ACK Range Count: 0
        First ACK Range: 3
    PADDING Length: 1210
        Frame Type: PADDING (0x0000000000000000)
        [Padding Length: 1210]

Frame 11: Packet, 106 bytes on wire (848 bits), 106 bytes captured (848 bits) on interface \Device\NPF_{9B9257DC-FAC1-4993-B12F-136D7BA5E874}, id 0
    Section number: 1
    Interface id: 0 (\Device\NPF_{9B9257DC-FAC1-4993-B12F-136D7BA5E874})
        Interface name: \Device\NPF_{9B9257DC-FAC1-4993-B12F-136D7BA5E874}
        Interface description: Wi-Fi
    Encapsulation type: Ethernet (1)
    Arrival Time: Apr  9, 2026 19:47:59.304004700 India Standard Time
    UTC Arrival Time: Apr  9, 2026 14:17:59.304004700 UTC
    Epoch Arrival Time: 1775744279.304004700
    [Time shift for this packet: 0.000000000 seconds]
    [Time delta from previous captured frame: 116.700 microseconds]
    [Time delta from previous displayed frame: 116.700 microseconds]
    [Time since reference or first frame: 14.040100 milliseconds]
    Frame Number: 11
    Frame Length: 106 bytes (848 bits)
    Capture Length: 106 bytes (848 bits)
    [Frame is marked: False]
    [Frame is ignored: False]
    [Protocols in frame: eth:ethertype:vlan:ethertype:ip:udp:quic]
    Character encoding: ASCII (0)
Ethernet II, Src: HewlettPacka_3a:cc:1d (28:92:4a:3a:cc:1d), Dst: 96:77:0b:05:d4:0b (96:77:0b:05:d4:0b)
    Destination: 96:77:0b:05:d4:0b (96:77:0b:05:d4:0b)
        .... ..1. .... .... .... .... = LG bit: Locally administered address (this is NOT the factory default)
        .... ...0 .... .... .... .... = IG bit: Individual address (unicast)
    Source: HewlettPacka_3a:cc:1d (28:92:4a:3a:cc:1d)
        .... ..0. .... .... .... .... = LG bit: Globally unique address (factory default)
        .... ...0 .... .... .... .... = IG bit: Individual address (unicast)
    Type: 802.1Q Virtual LAN (0x8100)
    [Stream index: 0]
802.1Q Virtual LAN, PRI: 0, DEI: 0, ID: 0
    000. .... .... .... = Priority: Best Effort (default) (0)
    ...0 .... .... .... = DEI: Ineligible
    .... 0000 0000 0000 = ID: 0
    Type: IPv4 (0x0800)
Internet Protocol Version 4, Src: 142.251.43.37, Dst: 172.16.90.227
    0100 .... = Version: 4
    .... 0101 = Header Length: 20 bytes (5)
    Differentiated Services Field: 0x80 (DSCP: CS4, ECN: Not-ECT)
        1000 00.. = Differentiated Services Codepoint: Class Selector 4 (32)
        .... ..00 = Explicit Congestion Notification: Not ECN-Capable Transport (0)
    Total Length: 88
    Identification: 0x0000 (0)
    010. .... = Flags: 0x2, Don't fragment
        0... .... = Reserved bit: Not set
        .1.. .... = Don't fragment: Set
        ..0. .... = More fragments: Not set
    ...0 0000 0000 0000 = Fragment Offset: 0
    Time to Live: 58
    Protocol: UDP (17)
    Header Checksum: 0x7f01 [validation disabled]
    [Header checksum status: Unverified]
    Source Address: 142.251.43.37
    Destination Address: 172.16.90.227
    [Stream index: 1]
User Datagram Protocol, Src Port: 443, Dst Port: 64271
    Source Port: 443
    Destination Port: 64271
    Length: 68
    Checksum: 0x9090 [unverified]
    [Checksum Status: Unverified]
    [Stream index: 1]
    [Stream Packet Number: 4]
    [Timestamps]
        [Time since first frame: 13.066400 milliseconds]
        [Time since previous frame: 2.629100 milliseconds]
    UDP payload (60 bytes)
QUIC IETF
    QUIC Connection information
        [Connection Number: 1]
    [Packet Length: 60]
    1... .... = Header Form: Long Header (1)
    .1.. .... = Fixed Bit: True
    ..00 .... = Packet Type: Initial (0)
    [.... 00.. = Reserved: 0]
    [.... ..00 = Packet Number Length: 1 bytes (0)]
    Version: 1 (0x00000001)
    Destination Connection ID Length: 0
    Source Connection ID Length: 8
    Source Connection ID: f09b14f469e3cc63
    Token Length: 0
    Length: 42
    [Packet Number: 2]
    Payload: 602bb85ca38586942359041e9217acb0bc5ae158a32b152501acccbffe1b298990ef01924aaf1ac1a2
    CONNECTION_CLOSE (Transport) Error code: NO_ERROR
        Frame Type: CONNECTION_CLOSE (Transport) (0x000000000000001c)
        Error code: NO_ERROR (0)
        Frame Type: 0
        Reason phrase Length: 21
        Reason phrase: 218:Reject connection

Frame 12: Packet, 1296 bytes on wire (10368 bits), 1296 bytes captured (10368 bits) on interface \Device\NPF_{9B9257DC-FAC1-4993-B12F-136D7BA5E874}, id 0
    Section number: 1
    Interface id: 0 (\Device\NPF_{9B9257DC-FAC1-4993-B12F-136D7BA5E874})
        Interface name: \Device\NPF_{9B9257DC-FAC1-4993-B12F-136D7BA5E874}
        Interface description: Wi-Fi
    Encapsulation type: Ethernet (1)
    Arrival Time: Apr  9, 2026 19:47:59.312514500 India Standard Time
    UTC Arrival Time: Apr  9, 2026 14:17:59.312514500 UTC
    Epoch Arrival Time: 1775744279.312514500
    [Time shift for this packet: 0.000000000 seconds]
    [Time delta from previous captured frame: 8.509800 milliseconds]
    [Time delta from previous displayed frame: 8.509800 milliseconds]
    [Time since reference or first frame: 22.549900 milliseconds]
    Frame Number: 12
    Frame Length: 1296 bytes (10368 bits)
    Capture Length: 1296 bytes (10368 bits)
    [Frame is marked: False]
    [Frame is ignored: False]
    [Protocols in frame: eth:ethertype:vlan:ethertype:ip:udp:quic]
    Character encoding: ASCII (0)
Ethernet II, Src: HewlettPacka_3a:cc:1d (28:92:4a:3a:cc:1d), Dst: 96:77:0b:05:d4:0b (96:77:0b:05:d4:0b)
    Destination: 96:77:0b:05:d4:0b (96:77:0b:05:d4:0b)
        .... ..1. .... .... .... .... = LG bit: Locally administered address (this is NOT the factory default)
        .... ...0 .... .... .... .... = IG bit: Individual address (unicast)
    Source: HewlettPacka_3a:cc:1d (28:92:4a:3a:cc:1d)
        .... ..0. .... .... .... .... = LG bit: Globally unique address (factory default)
        .... ...0 .... .... .... .... = IG bit: Individual address (unicast)
    Type: 802.1Q Virtual LAN (0x8100)
    [Stream index: 0]
802.1Q Virtual LAN, PRI: 0, DEI: 0, ID: 0
    000. .... .... .... = Priority: Best Effort (default) (0)
    ...0 .... .... .... = DEI: Ineligible
    .... 0000 0000 0000 = ID: 0
    Type: IPv4 (0x0800)
Internet Protocol Version 4, Src: 142.251.153.119, Dst: 172.16.90.227
    0100 .... = Version: 4
    .... 0101 = Header Length: 20 bytes (5)
    Differentiated Services Field: 0xb8 (DSCP: EF, ECN: Not-ECT)
        1011 10.. = Differentiated Services Codepoint: Expedited Forwarding (46)
        .... ..00 = Explicit Congestion Notification: Not ECN-Capable Transport (0)
    Total Length: 1278
    Identification: 0x0000 (0)
    010. .... = Flags: 0x2, Don't fragment
        0... .... = Reserved bit: Not set
        .1.. .... = Don't fragment: Set
        ..0. .... = More fragments: Not set
    ...0 0000 0000 0000 = Fragment Offset: 0
    Time to Live: 57
    Protocol: UDP (17)
    Header Checksum: 0x0cd1 [validation disabled]
    [Header checksum status: Unverified]
    Source Address: 142.251.153.119
    Destination Address: 172.16.90.227
    [Stream index: 0]
User Datagram Protocol, Src Port: 443, Dst Port: 49184
    Source Port: 443
    Destination Port: 49184
    Length: 1258
    Checksum: 0xa001 [unverified]
    [Checksum Status: Unverified]
    [Stream index: 0]
    [Stream Packet Number: 8]
    [Timestamps]
        [Time since first frame: 22.549900 milliseconds]
        [Time since previous frame: 8.626500 milliseconds]
    UDP payload (1250 bytes)
QUIC IETF
    QUIC Connection information
        [Connection Number: 0]
    [Packet Length: 1250]
    1... .... = Header Form: Long Header (1)
    .1.. .... = Fixed Bit: True
    ..10 .... = Packet Type: Handshake (2)
    Version: 1 (0x00000001)
    Destination Connection ID Length: 0
    Source Connection ID Length: 8
    Source Connection ID: e898f8a36167c06e
    Length: 1233
    [Expert Info (Warning/Decryption): Failed to create decryption context: Secrets are not available]
        [Failed to create decryption context: Secrets are not available]
        [Severity level: Warning]
        [Group: Decryption]
    Remaining Payload […]: 4f55652d869becc801fdcc2f245d2d479dfc69ac1bf7dc2d46a60d5a4146bade3bce28eedcfceec0ea56e65a2b6aa4fe03567dd4a938be415d7258a38fce135650f14318252b6c186d3d5fa32e227d07f84c1877759f17a392c107bf55a685b2e2d6850e83c62f26d9c4ec

Frame 13: Packet, 1296 bytes on wire (10368 bits), 1296 bytes captured (10368 bits) on interface \Device\NPF_{9B9257DC-FAC1-4993-B12F-136D7BA5E874}, id 0
    Section number: 1
    Interface id: 0 (\Device\NPF_{9B9257DC-FAC1-4993-B12F-136D7BA5E874})
        Interface name: \Device\NPF_{9B9257DC-FAC1-4993-B12F-136D7BA5E874}
        Interface description: Wi-Fi
    Encapsulation type: Ethernet (1)
    Arrival Time: Apr  9, 2026 19:47:59.312641200 India Standard Time
    UTC Arrival Time: Apr  9, 2026 14:17:59.312641200 UTC
    Epoch Arrival Time: 1775744279.312641200
    [Time shift for this packet: 0.000000000 seconds]
    [Time delta from previous captured frame: 126.700 microseconds]
    [Time delta from previous displayed frame: 126.700 microseconds]
    [Time since reference or first frame: 22.676600 milliseconds]
    Frame Number: 13
    Frame Length: 1296 bytes (10368 bits)
    Capture Length: 1296 bytes (10368 bits)
    [Frame is marked: False]
    [Frame is ignored: False]
    [Protocols in frame: eth:ethertype:vlan:ethertype:ip:udp:quic]
    Character encoding: ASCII (0)
Ethernet II, Src: HewlettPacka_3a:cc:1d (28:92:4a:3a:cc:1d), Dst: 96:77:0b:05:d4:0b (96:77:0b:05:d4:0b)
    Destination: 96:77:0b:05:d4:0b (96:77:0b:05:d4:0b)
        .... ..1. .... .... .... .... = LG bit: Locally administered address (this is NOT the factory default)
        .... ...0 .... .... .... .... = IG bit: Individual address (unicast)
    Source: HewlettPacka_3a:cc:1d (28:92:4a:3a:cc:1d)
        .... ..0. .... .... .... .... = LG bit: Globally unique address (factory default)
        .... ...0 .... .... .... .... = IG bit: Individual address (unicast)
    Type: 802.1Q Virtual LAN (0x8100)
    [Stream index: 0]
802.1Q Virtual LAN, PRI: 0, DEI: 0, ID: 0
    000. .... .... .... = Priority: Best Effort (default) (0)
    ...0 .... .... .... = DEI: Ineligible
    .... 0000 0000 0000 = ID: 0
    Type: IPv4 (0x0800)
Internet Protocol Version 4, Src: 142.251.153.119, Dst: 172.16.90.227
    0100 .... = Version: 4
    .... 0101 = Header Length: 20 bytes (5)
    Differentiated Services Field: 0xb8 (DSCP: EF, ECN: Not-ECT)
        1011 10.. = Differentiated Services Codepoint: Expedited Forwarding (46)
        .... ..00 = Explicit Congestion Notification: Not ECN-Capable Transport (0)
    Total Length: 1278
    Identification: 0x0000 (0)
    010. .... = Flags: 0x2, Don't fragment
        0... .... = Reserved bit: Not set
        .1.. .... = Don't fragment: Set
        ..0. .... = More fragments: Not set
    ...0 0000 0000 0000 = Fragment Offset: 0
    Time to Live: 57
    Protocol: UDP (17)
    Header Checksum: 0x0cd1 [validation disabled]
    [Header checksum status: Unverified]
    Source Address: 142.251.153.119
    Destination Address: 172.16.90.227
    [Stream index: 0]
User Datagram Protocol, Src Port: 443, Dst Port: 49184
    Source Port: 443
    Destination Port: 49184
    Length: 1258
    Checksum: 0x4393 [unverified]
    [Checksum Status: Unverified]
    [Stream index: 0]
    [Stream Packet Number: 9]
    [Timestamps]
        [Time since first frame: 22.676600 milliseconds]
        [Time since previous frame: 126.700 microseconds]
    UDP payload (1250 bytes)
QUIC IETF
    QUIC Connection information
        [Connection Number: 0]
    [Packet Length: 1250]
    1... .... = Header Form: Long Header (1)
    .1.. .... = Fixed Bit: True
    ..10 .... = Packet Type: Handshake (2)
    Version: 1 (0x00000001)
    Destination Connection ID Length: 0
    Source Connection ID Length: 8
    Source Connection ID: e898f8a36167c06e
    Length: 1233
    [Expert Info (Warning/Decryption): Failed to create decryption context: Secrets are not available]
        [Failed to create decryption context: Secrets are not available]
        [Severity level: Warning]
        [Group: Decryption]
    Remaining Payload […]: 83485d51e8db5988b89a624b06866aa9d7d0fd4ebfb6d620d6998375f5488282cb557845791df90c5be01c4bac6a9926f26bf37b8ba64510852338ecbdf6cfe361aac984158708ad7c14063c42b9b8f9c0c58320781b6335aa4db7d1433d8dfed9e8d9feb7013973adab6e

Frame 14: Packet, 81 bytes on wire (648 bits), 81 bytes captured (648 bits) on interface \Device\NPF_{9B9257DC-FAC1-4993-B12F-136D7BA5E874}, id 0
    Section number: 1
    Interface id: 0 (\Device\NPF_{9B9257DC-FAC1-4993-B12F-136D7BA5E874})
        Interface name: \Device\NPF_{9B9257DC-FAC1-4993-B12F-136D7BA5E874}
        Interface description: Wi-Fi
    Encapsulation type: Ethernet (1)
    Arrival Time: Apr  9, 2026 19:47:59.312787000 India Standard Time
    UTC Arrival Time: Apr  9, 2026 14:17:59.312787000 UTC
    Epoch Arrival Time: 1775744279.312787000
    [Time shift for this packet: 0.000000000 seconds]
    [Time delta from previous captured frame: 145.800 microseconds]
    [Time delta from previous displayed frame: 145.800 microseconds]
    [Time since reference or first frame: 22.822400 milliseconds]
    Frame Number: 14
    Frame Length: 81 bytes (648 bits)
    Capture Length: 81 bytes (648 bits)
    [Frame is marked: False]
    [Frame is ignored: False]
    [Protocols in frame: eth:ethertype:ip:udp:quic]
    Character encoding: ASCII (0)
Ethernet II, Src: 96:77:0b:05:d4:0b (96:77:0b:05:d4:0b), Dst: HewlettPacka_3a:cc:1d (28:92:4a:3a:cc:1d)
    Destination: HewlettPacka_3a:cc:1d (28:92:4a:3a:cc:1d)
        .... ..0. .... .... .... .... = LG bit: Globally unique address (factory default)
        .... ...0 .... .... .... .... = IG bit: Individual address (unicast)
    Source: 96:77:0b:05:d4:0b (96:77:0b:05:d4:0b)
        .... ..1. .... .... .... .... = LG bit: Locally administered address (this is NOT the factory default)
        .... ...0 .... .... .... .... = IG bit: Individual address (unicast)
    Type: IPv4 (0x0800)
    [Stream index: 0]
Internet Protocol Version 4, Src: 172.16.90.227, Dst: 142.251.153.119
    0100 .... = Version: 4
    .... 0101 = Header Length: 20 bytes (5)
    Differentiated Services Field: 0x00 (DSCP: CS0, ECN: Not-ECT)
        0000 00.. = Differentiated Services Codepoint: Default (0)
        .... ..00 = Explicit Congestion Notification: Not ECN-Capable Transport (0)
    Total Length: 67
    Identification: 0xaf4f (44879)
    010. .... = Flags: 0x2, Don't fragment
        0... .... = Reserved bit: Not set
        .1.. .... = Don't fragment: Set
        ..0. .... = More fragments: Not set
    ...0 0000 0000 0000 = Fragment Offset: 0
    Time to Live: 128
    Protocol: UDP (17)
    Header Checksum: 0x0000 [validation disabled]
    [Header checksum status: Unverified]
    Source Address: 172.16.90.227
    Destination Address: 142.251.153.119
    [Stream index: 0]
User Datagram Protocol, Src Port: 49184, Dst Port: 443
    Source Port: 49184
    Destination Port: 443
    Length: 47
    Checksum: 0x2fa7 [unverified]
    [Checksum Status: Unverified]
    [Stream index: 0]
    [Stream Packet Number: 10]
    [Timestamps]
        [Time since first frame: 22.822400 milliseconds]
        [Time since previous frame: 145.800 microseconds]
    UDP payload (39 bytes)
QUIC IETF
    QUIC Connection information
        [Connection Number: 0]
    [Packet Length: 39]
    1... .... = Header Form: Long Header (1)
    .1.. .... = Fixed Bit: True
    ..10 .... = Packet Type: Handshake (2)
    Version: 1 (0x00000001)
    Destination Connection ID Length: 8
    Destination Connection ID: e898f8a36167c06e
    Source Connection ID Length: 0
    Length: 22
    [Expert Info (Warning/Decryption): Failed to create decryption context: Secrets are not available]
        [Failed to create decryption context: Secrets are not available]
        [Severity level: Warning]
        [Group: Decryption]
    Remaining Payload: 4c1c1de48019b63ee536374453a2f553ccdb4c825160

Frame 15: Packet, 79 bytes on wire (632 bits), 79 bytes captured (632 bits) on interface \Device\NPF_{9B9257DC-FAC1-4993-B12F-136D7BA5E874}, id 0
    Section number: 1
    Interface id: 0 (\Device\NPF_{9B9257DC-FAC1-4993-B12F-136D7BA5E874})
        Interface name: \Device\NPF_{9B9257DC-FAC1-4993-B12F-136D7BA5E874}
        Interface description: Wi-Fi
    Encapsulation type: Ethernet (1)
    Arrival Time: Apr  9, 2026 19:47:59.313985600 India Standard Time
    UTC Arrival Time: Apr  9, 2026 14:17:59.313985600 UTC
    Epoch Arrival Time: 1775744279.313985600
    [Time shift for this packet: 0.000000000 seconds]
    [Time delta from previous captured frame: 1.198600 milliseconds]
    [Time delta from previous displayed frame: 1.198600 milliseconds]
    [Time since reference or first frame: 24.021000 milliseconds]
    Frame Number: 15
    Frame Length: 79 bytes (632 bits)
    Capture Length: 79 bytes (632 bits)
    [Frame is marked: False]
    [Frame is ignored: False]
    [Protocols in frame: eth:ethertype:ip:udp:quic]
    Character encoding: ASCII (0)
Ethernet II, Src: 96:77:0b:05:d4:0b (96:77:0b:05:d4:0b), Dst: HewlettPacka_3a:cc:1d (28:92:4a:3a:cc:1d)
    Destination: HewlettPacka_3a:cc:1d (28:92:4a:3a:cc:1d)
        .... ..0. .... .... .... .... = LG bit: Globally unique address (factory default)
        .... ...0 .... .... .... .... = IG bit: Individual address (unicast)
    Source: 96:77:0b:05:d4:0b (96:77:0b:05:d4:0b)
        .... ..1. .... .... .... .... = LG bit: Locally administered address (this is NOT the factory default)
        .... ...0 .... .... .... .... = IG bit: Individual address (unicast)
    Type: IPv4 (0x0800)
    [Stream index: 0]
Internet Protocol Version 4, Src: 172.16.90.227, Dst: 142.251.153.119
    0100 .... = Version: 4
    .... 0101 = Header Length: 20 bytes (5)
    Differentiated Services Field: 0x00 (DSCP: CS0, ECN: Not-ECT)
        0000 00.. = Differentiated Services Codepoint: Default (0)
        .... ..00 = Explicit Congestion Notification: Not ECN-Capable Transport (0)
    Total Length: 65
    Identification: 0xaf50 (44880)
    010. .... = Flags: 0x2, Don't fragment
        0... .... = Reserved bit: Not set
        .1.. .... = Don't fragment: Set
        ..0. .... = More fragments: Not set
    ...0 0000 0000 0000 = Fragment Offset: 0
    Time to Live: 128
    Protocol: UDP (17)
    Header Checksum: 0x0000 [validation disabled]
    [Header checksum status: Unverified]
    Source Address: 172.16.90.227
    Destination Address: 142.251.153.119
    [Stream index: 0]
User Datagram Protocol, Src Port: 49184, Dst Port: 443
    Source Port: 49184
    Destination Port: 443
    Length: 45
    Checksum: 0x2fa5 [unverified]
    [Checksum Status: Unverified]
    [Stream index: 0]
    [Stream Packet Number: 11]
    [Timestamps]
        [Time since first frame: 24.021000 milliseconds]
        [Time since previous frame: 1.198600 milliseconds]
    UDP payload (37 bytes)
QUIC IETF
    QUIC Connection information
        [Connection Number: 0]
    [Packet Length: 37]
    1... .... = Header Form: Long Header (1)
    .1.. .... = Fixed Bit: True
    ..10 .... = Packet Type: Handshake (2)
    Version: 1 (0x00000001)
    Destination Connection ID Length: 8
    Destination Connection ID: e898f8a36167c06e
    Source Connection ID Length: 0
    Length: 20
    [Expert Info (Warning/Decryption): Failed to create decryption context: Secrets are not available]
        [Failed to create decryption context: Secrets are not available]
        [Severity level: Warning]
        [Group: Decryption]
    Remaining Payload: f47829b374c0f6b78d6e11751c2eddac91266b53

Frame 16: Packet, 1292 bytes on wire (10336 bits), 1292 bytes captured (10336 bits) on interface \Device\NPF_{9B9257DC-FAC1-4993-B12F-136D7BA5E874}, id 0
    Section number: 1
    Interface id: 0 (\Device\NPF_{9B9257DC-FAC1-4993-B12F-136D7BA5E874})
        Interface name: \Device\NPF_{9B9257DC-FAC1-4993-B12F-136D7BA5E874}
        Interface description: Wi-Fi
    Encapsulation type: Ethernet (1)
    Arrival Time: Apr  9, 2026 19:47:59.314780800 India Standard Time
    UTC Arrival Time: Apr  9, 2026 14:17:59.314780800 UTC
    Epoch Arrival Time: 1775744279.314780800
    [Time shift for this packet: 0.000000000 seconds]
    [Time delta from previous captured frame: 795.200 microseconds]
    [Time delta from previous displayed frame: 795.200 microseconds]
    [Time since reference or first frame: 24.816200 milliseconds]
    Frame Number: 16
    Frame Length: 1292 bytes (10336 bits)
    Capture Length: 1292 bytes (10336 bits)
    [Frame is marked: False]
    [Frame is ignored: False]
    [Protocols in frame: eth:ethertype:ip:udp:quic]
    Character encoding: ASCII (0)
Ethernet II, Src: 96:77:0b:05:d4:0b (96:77:0b:05:d4:0b), Dst: HewlettPacka_3a:cc:1d (28:92:4a:3a:cc:1d)
    Destination: HewlettPacka_3a:cc:1d (28:92:4a:3a:cc:1d)
        .... ..0. .... .... .... .... = LG bit: Globally unique address (factory default)
        .... ...0 .... .... .... .... = IG bit: Individual address (unicast)
    Source: 96:77:0b:05:d4:0b (96:77:0b:05:d4:0b)
        .... ..1. .... .... .... .... = LG bit: Locally administered address (this is NOT the factory default)
        .... ...0 .... .... .... .... = IG bit: Individual address (unicast)
    Type: IPv4 (0x0800)
    [Stream index: 0]
Internet Protocol Version 4, Src: 172.16.90.227, Dst: 142.251.43.37
    0100 .... = Version: 4
    .... 0101 = Header Length: 20 bytes (5)
    Differentiated Services Field: 0x00 (DSCP: CS0, ECN: Not-ECT)
        0000 00.. = Differentiated Services Codepoint: Default (0)
        .... ..00 = Explicit Congestion Notification: Not ECN-Capable Transport (0)
    Total Length: 1278
    Identification: 0xc92d (51501)
    010. .... = Flags: 0x2, Don't fragment
        0... .... = Reserved bit: Not set
        .1.. .... = Don't fragment: Set
        ..0. .... = More fragments: Not set
    ...0 0000 0000 0000 = Fragment Offset: 0
    Time to Live: 128
    Protocol: UDP (17)
    Header Checksum: 0x0000 [validation disabled]
    [Header checksum status: Unverified]
    Source Address: 172.16.90.227
    Destination Address: 142.251.43.37
    [Stream index: 1]
User Datagram Protocol, Src Port: 61972, Dst Port: 443
    Source Port: 61972
    Destination Port: 443
    Length: 1258
    Checksum: 0xc60f [unverified]
    [Checksum Status: Unverified]
    [Stream index: 2]
    [Stream Packet Number: 1]
    [Timestamps]
        [Time since first frame: 0.000000000 seconds]
        [Time since previous frame: 0.000000000 seconds]
    UDP payload (1250 bytes)
QUIC IETF
    QUIC Connection information
        [Connection Number: 2]
    [Packet Length: 1250]
    1... .... = Header Form: Long Header (1)
    .1.. .... = Fixed Bit: True
    ..00 .... = Packet Type: Initial (0)
    [.... 00.. = Reserved: 0]
    [.... ..00 = Packet Number Length: 1 bytes (0)]
    Version: 1 (0x00000001)
    Destination Connection ID Length: 8
    Destination Connection ID: 1b72e5b30790b315
    Source Connection ID Length: 0
    Token Length: 0
    Length: 1232
    [Packet Number: 1]
    Payload […]: 6908e598ab7ce70dff94c7fd4fc543b463bff7efca2342540b03a276ea79841018edadbf9b41216530c1fe1ac156b62c569d5c68a53e815619e6b322400c69f900905ae18e5ace918e5705fea1816ecd39248f59a04eb3c9cb22deaea599b81269443d41a97efffd90f3753533ac7b28
    PADDING Length: 4
        Frame Type: PADDING (0x0000000000000000)
        [Padding Length: 4]
    CRYPTO
        Frame Type: CRYPTO (0x0000000000000006)
        Offset: 920
        Length: 17
        Crypto Data
    CRYPTO
        Frame Type: CRYPTO (0x0000000000000006)
        Offset: 1675
        Length: 48
        Crypto Data
    CRYPTO
        Frame Type: CRYPTO (0x0000000000000006)
        Offset: 11
        Length: 6
        Crypto Data
    PADDING Length: 4
        Frame Type: PADDING (0x0000000000000000)
        [Padding Length: 4]
    CRYPTO
        Frame Type: CRYPTO (0x0000000000000006)
        Offset: 0
        Length: 11
        Crypto Data
    PADDING Length: 15
        Frame Type: PADDING (0x0000000000000000)
        [Padding Length: 15]
    PING
        Frame Type: PING (0x0000000000000001)
    PADDING Length: 245
        Frame Type: PADDING (0x0000000000000000)
        [Padding Length: 245]
    CRYPTO
        Frame Type: CRYPTO (0x0000000000000006)
        Offset: 17
        Length: 11
        Crypto Data
    PADDING Length: 12
        Frame Type: PADDING (0x0000000000000000)
        [Padding Length: 12]
    CRYPTO
        Frame Type: CRYPTO (0x0000000000000006)
        Offset: 937
        Length: 738
        Crypto Data
    CRYPTO
        Frame Type: CRYPTO (0x0000000000000006)
        Offset: 28
        Length: 28
        Crypto Data
    PING
        Frame Type: PING (0x0000000000000001)
    PADDING Length: 49
        Frame Type: PADDING (0x0000000000000000)
        [Padding Length: 49]

Frame 17: Packet, 1292 bytes on wire (10336 bits), 1292 bytes captured (10336 bits) on interface \Device\NPF_{9B9257DC-FAC1-4993-B12F-136D7BA5E874}, id 0
    Section number: 1
    Interface id: 0 (\Device\NPF_{9B9257DC-FAC1-4993-B12F-136D7BA5E874})
        Interface name: \Device\NPF_{9B9257DC-FAC1-4993-B12F-136D7BA5E874}
        Interface description: Wi-Fi
    Encapsulation type: Ethernet (1)
    Arrival Time: Apr  9, 2026 19:47:59.314813600 India Standard Time
    UTC Arrival Time: Apr  9, 2026 14:17:59.314813600 UTC
    Epoch Arrival Time: 1775744279.314813600
    [Time shift for this packet: 0.000000000 seconds]
    [Time delta from previous captured frame: 32.800 microseconds]
    [Time delta from previous displayed frame: 32.800 microseconds]
    [Time since reference or first frame: 24.849000 milliseconds]
    Frame Number: 17
    Frame Length: 1292 bytes (10336 bits)
    Capture Length: 1292 bytes (10336 bits)
    [Frame is marked: False]
    [Frame is ignored: False]
    [Protocols in frame: eth:ethertype:ip:udp:quic:tls]
    Character encoding: ASCII (0)
Ethernet II, Src: 96:77:0b:05:d4:0b (96:77:0b:05:d4:0b), Dst: HewlettPacka_3a:cc:1d (28:92:4a:3a:cc:1d)
    Destination: HewlettPacka_3a:cc:1d (28:92:4a:3a:cc:1d)
        .... ..0. .... .... .... .... = LG bit: Globally unique address (factory default)
        .... ...0 .... .... .... .... = IG bit: Individual address (unicast)
    Source: 96:77:0b:05:d4:0b (96:77:0b:05:d4:0b)
        .... ..1. .... .... .... .... = LG bit: Locally administered address (this is NOT the factory default)
        .... ...0 .... .... .... .... = IG bit: Individual address (unicast)
    Type: IPv4 (0x0800)
    [Stream index: 0]
Internet Protocol Version 4, Src: 172.16.90.227, Dst: 142.251.43.37
    0100 .... = Version: 4
    .... 0101 = Header Length: 20 bytes (5)
    Differentiated Services Field: 0x00 (DSCP: CS0, ECN: Not-ECT)
        0000 00.. = Differentiated Services Codepoint: Default (0)
        .... ..00 = Explicit Congestion Notification: Not ECN-Capable Transport (0)
    Total Length: 1278
    Identification: 0xc92e (51502)
    010. .... = Flags: 0x2, Don't fragment
        0... .... = Reserved bit: Not set
        .1.. .... = Don't fragment: Set
        ..0. .... = More fragments: Not set
    ...0 0000 0000 0000 = Fragment Offset: 0
    Time to Live: 128
    Protocol: UDP (17)
    Header Checksum: 0x0000 [validation disabled]
    [Header checksum status: Unverified]
    Source Address: 172.16.90.227
    Destination Address: 142.251.43.37
    [Stream index: 1]
User Datagram Protocol, Src Port: 61972, Dst Port: 443
    Source Port: 61972
    Destination Port: 443
    Length: 1258
    Checksum: 0xc60f [unverified]
    [Checksum Status: Unverified]
    [Stream index: 2]
    [Stream Packet Number: 2]
    [Timestamps]
        [Time since first frame: 32.800 microseconds]
        [Time since previous frame: 32.800 microseconds]
    UDP payload (1250 bytes)
QUIC IETF
    QUIC Connection information
        [Connection Number: 2]
    [Packet Length: 1250]
    1... .... = Header Form: Long Header (1)
    .1.. .... = Fixed Bit: True
    ..00 .... = Packet Type: Initial (0)
    [.... 00.. = Reserved: 0]
    [.... ..01 = Packet Number Length: 2 bytes (1)]
    Version: 1 (0x00000001)
    Destination Connection ID Length: 8
    Destination Connection ID: 1b72e5b30790b315
    Source Connection ID Length: 0
    Token Length: 0
    Length: 1232
    [Packet Number: 2]
    Payload […]: 6721009e1839d37f74a19f3bdfb59150b76930ba05f28e220dc2078900c4d2391d3e996492f05ba43ae308e8d1051339a5917b86f6a39c18b41a83ef809e99e9742cfc606aacbdcb6bd33129f72014614939943633d798c5939e69487f49b9dbd9afffb516d9b5782518276afcee0cd1
    CRYPTO
        Frame Type: CRYPTO (0x0000000000000006)
        Offset: 253
        Length: 222
        Crypto Data
    PADDING Length: 3
        Frame Type: PADDING (0x0000000000000000)
        [Padding Length: 3]
    PING
        Frame Type: PING (0x0000000000000001)
    PADDING Length: 6
        Frame Type: PADDING (0x0000000000000000)
        [Padding Length: 6]
    CRYPTO
        Frame Type: CRYPTO (0x0000000000000006)
        Offset: 633
        Length: 125
        Crypto Data
    PING
        Frame Type: PING (0x0000000000000001)
    CRYPTO
        Frame Type: CRYPTO (0x0000000000000006)
        Offset: 56
        Length: 197
        Crypto Data
    PADDING Length: 2
        Frame Type: PADDING (0x0000000000000000)
        [Padding Length: 2]
    CRYPTO
        Frame Type: CRYPTO (0x0000000000000006)
        Offset: 475
        Length: 158
        Crypto Data
    PADDING Length: 305
        Frame Type: PADDING (0x0000000000000000)
        [Padding Length: 305]
    CRYPTO
        Frame Type: CRYPTO (0x0000000000000006)
        Offset: 758
        Length: 162
        Crypto Data
        [12 Reassembled QUIC CRYPTO Data Fragments (1723 bytes): #16(11), #16(6), #16(11), #16(28), #17(197), #17(222), #17(158), #17(125), #17(162), #16(17), #16(738), #16(48)]
            [Frame: 16, payload: 0-10 (11 bytes)]
            [Frame: 16, payload: 11-16 (6 bytes)]
            [Frame: 16, payload: 17-27 (11 bytes)]
            [Frame: 16, payload: 28-55 (28 bytes)]
            [Frame: 17, payload: 56-252 (197 bytes)]
            [Frame: 17, payload: 253-474 (222 bytes)]
            [Frame: 17, payload: 475-632 (158 bytes)]
            [Frame: 17, payload: 633-757 (125 bytes)]
            [Frame: 17, payload: 758-919 (162 bytes)]
            [Frame: 16, payload: 920-936 (17 bytes)]
            [Frame: 16, payload: 937-1674 (738 bytes)]
            [Frame: 16, payload: 1675-1722 (48 bytes)]
            [Fragment count: 12]
        TLSv1.3 Record Layer: Handshake Protocol: Client Hello
            Handshake Protocol: Client Hello
                Handshake Type: Client Hello (1)
                Length: 1719
                Version: TLS 1.2 (0x0303)
                    [Expert Info (Chat/Deprecated): This legacy_version field MUST be ignored. The supported_versions extension is present and MUST be used instead.]
                        [This legacy_version field MUST be ignored. The supported_versions extension is present and MUST be used instead.]
                        [Severity level: Chat]
                        [Group: Deprecated]
                Random: f73de8e76970eb69f0d09d4589ab39ec783446880903fa09a935e7e82e50c7a4
                Session ID Length: 0
                Cipher Suites Length: 6
                Cipher Suites (3 suites)
                    Cipher Suite: TLS_AES_128_GCM_SHA256 (0x1301)
                    Cipher Suite: TLS_AES_256_GCM_SHA384 (0x1302)
                    Cipher Suite: TLS_CHACHA20_POLY1305_SHA256 (0x1303)
                Compression Methods Length: 1
                Compression Methods (1 method)
                    Compression Method: null (0)
                Extensions Length: 1672
                Extension: quic_transport_parameters (len=84)
                    Type: quic_transport_parameters (57)
                    Length: 84
                    Parameter: max_udp_payload_size (len=2) 1472
                        Type: max_udp_payload_size (0x03)
                        Length: 2
                        Value: 45c0
                        max_udp_payload_size: 1472
                    Parameter: initial_max_stream_data_bidi_local (len=4) 6291456
                        Type: initial_max_stream_data_bidi_local (0x05)
                        Length: 4
                        Value: 80600000
                        initial_max_stream_data_bidi_local: 6291456
                    Parameter: max_datagram_frame_size (len=4) 65536
                        Type: max_datagram_frame_size (0x20)
                        Length: 4
                        Value: 80010000
                        max_datagram_frame_size: 65536
                    Parameter: initial_max_streams_uni (len=2) 103
                        Type: initial_max_streams_uni (0x09)
                        Length: 2
                        Value: 4067
                        initial_max_streams_uni: 103
                    Parameter: initial_max_stream_data_bidi_remote (len=4) 6291456
                        Type: initial_max_stream_data_bidi_remote (0x06)
                        Length: 4
                        Value: 80600000
                        initial_max_stream_data_bidi_remote: 6291456
                    Parameter: max_idle_timeout (len=4) 30000 ms
                        Type: max_idle_timeout (0x01)
                        Length: 4
                        Value: 80007530
                        max_idle_timeout: 30000
                    Parameter: version_information (len=12)
                        Type: version_information (0x11)
                        Length: 12
                        Value: 00000001000000012aeada0a
                        Chosen Version: 1 (0x00000001)
                        Other Version: 1 (0x00000001)
                        Other Version: Unknown (0x2aeada0a) (GREASE)
                    Parameter: initial_max_data (len=4) 15728640
                        Type: initial_max_data (0x04)
                        Length: 4
                        Value: 80f00000
                        initial_max_data: 15728640
                    Parameter: initial_max_streams_bidi (len=2) 100
                        Type: initial_max_streams_bidi (0x08)
                        Length: 2
                        Value: 4064
                        initial_max_streams_bidi: 100
                    Parameter: initial_source_connection_id (len=0)
                        Type: initial_source_connection_id (0x0f)
                        Length: 0
                        Initial Source Connection ID: <MISSING>
                    Parameter: initial_max_stream_data_uni (len=4) 6291456
                        Type: initial_max_stream_data_uni (0x07)
                        Length: 4
                        Value: 80600000
                        initial_max_stream_data_uni: 6291456
                    Parameter: GREASE (len=11)
                        Type: GREASE (0x369a44a6b8d4249e)
                        Length: 11
                        Value: e0c956c14d16c908e2dce5
                Extension: key_share (len=1258) X25519MLKEM768, x25519
                    Type: key_share (51)
                    Length: 1258
                    Key Share extension
                        Client Key Share Length: 1256
                        Key Share Entry: Group: X25519MLKEM768, Key Exchange length: 1216
                            Group: X25519MLKEM768 (4588)
                            Key Exchange Length: 1216
                            Key Exchange […]: 9c8c9f71186125e071b7f9804065911246acbcf2cf7f94aa1df5bd6727c31cd9a0bff78f4ae3aed1790cb389408910832311a2c80840318caf21614ab173a6f1b1609dec1f3e7a0a3d24cdfbbb9bf59a8f0072c9b1853f05839496c3850e9cbef771bd89ab93da85098a2ca0235
                        Key Share Entry: Group: x25519, Key Exchange length: 32
                            Group: x25519 (29)
                            Key Exchange Length: 32
                            Key Exchange: 4099cb9d51ffa92d4f3bd4d014ae768f55132d873cbbfb878d1655169474400f
                Extension: application_settings (len=5)
                    Type: application_settings (17613)
                    Length: 5
                    ALPS Extension Length: 3
                    Supported ALPN List
                        Supported ALPN Length: 2
                        Supported ALPN: h3
                Extension: supported_versions (len=3) TLS 1.3
                    Type: supported_versions (43)
                    Length: 3
                    Supported Versions length: 2
                    Supported Version: TLS 1.3 (0x0304)
                Extension: encrypted_client_hello (len=218)
                    Type: encrypted_client_hello (65037)
                    Length: 218
                    Client Hello type: Outer Client Hello (0)
                    Cipher Suite: HKDF-SHA256/AES-128-GCM
                        KDF Id: HKDF-SHA256 (1)
                        AEAD Id: AES-128-GCM (1)
                    Config Id: 27
                    Enc length: 32
                    Enc: 7e374270a45a5f00434630be119b19010cebf5e9ec9e4442b77f3219ec0fcd42
                    Payload length: 176
                    Payload […]: 790b0fd21b99256937a076031cb8711eceafb80e39a3f1ae5a5a50dc8ea7e7fb9ab2cedcc51880bdc03408436d65e059fb995acbd7ee13e3c0a1e56717083e5d27e928285a965c3a32f788da88aff024b2196c997d590700802e05be216662c822ad43c17c053705e83c42d71226a612
                Extension: supported_groups (len=10)
                    Type: supported_groups (10)
                    Length: 10
                    Supported Groups List Length: 8
                    Supported Groups (4 groups)
                        Supported Group: X25519MLKEM768 (0x11ec)
                        Supported Group: x25519 (0x001d)
                        Supported Group: secp256r1 (0x0017)
                        Supported Group: secp384r1 (0x0018)
                Extension: server_name (len=20) name=mail.google.com
                    Type: server_name (0)
                    Length: 20
                    Server Name Indication extension
                        Server Name list length: 18
                        Server Name Type: host_name (0)
                        Server Name length: 15
                        Server Name: mail.google.com
                Extension: psk_key_exchange_modes (len=2)
                    Type: psk_key_exchange_modes (45)
                    Length: 2
                    PSK Key Exchange Modes Length: 1
                    PSK Key Exchange Mode: PSK with (EC)DHE key establishment (psk_dhe_ke) (1)
                Extension: compress_certificate (len=3)
                    Type: compress_certificate (27)
                    Length: 3
                    Algorithms Length: 2
                    Algorithm: brotli (2)
                Extension: application_layer_protocol_negotiation (len=5)
                    Type: application_layer_protocol_negotiation (16)
                    Length: 5
                    ALPN Extension Length: 3
                    ALPN Protocol
                        ALPN string length: 2
                        ALPN Next Protocol: h3
                Extension: signature_algorithms (len=20)
                    Type: signature_algorithms (13)
                    Length: 20
                    Signature Hash Algorithms Length: 18
                    Signature Hash Algorithms (9 algorithms)
                        Signature Algorithm: ecdsa_secp256r1_sha256 (0x0403)
                            Signature Hash Algorithm Hash: SHA256 (4)
                            Signature Hash Algorithm Signature: ECDSA (3)
                        Signature Algorithm: rsa_pss_rsae_sha256 (0x0804)
                            Signature Hash Algorithm Hash: Unknown (8)
                            Signature Hash Algorithm Signature: Unknown (4)
                        Signature Algorithm: rsa_pkcs1_sha256 (0x0401)
                            Signature Hash Algorithm Hash: SHA256 (4)
                            Signature Hash Algorithm Signature: RSA (1)
                        Signature Algorithm: ecdsa_secp384r1_sha384 (0x0503)
                            Signature Hash Algorithm Hash: SHA384 (5)
                            Signature Hash Algorithm Signature: ECDSA (3)
                        Signature Algorithm: rsa_pss_rsae_sha384 (0x0805)
                            Signature Hash Algorithm Hash: Unknown (8)
                            Signature Hash Algorithm Signature: Unknown (5)
                        Signature Algorithm: rsa_pkcs1_sha384 (0x0501)
                            Signature Hash Algorithm Hash: SHA384 (5)
                            Signature Hash Algorithm Signature: RSA (1)
                        Signature Algorithm: rsa_pss_rsae_sha512 (0x0806)
                            Signature Hash Algorithm Hash: Unknown (8)
                            Signature Hash Algorithm Signature: Unknown (6)
                        Signature Algorithm: rsa_pkcs1_sha512 (0x0601)
                            Signature Hash Algorithm Hash: SHA512 (6)
                            Signature Hash Algorithm Signature: RSA (1)
                        Signature Algorithm: rsa_pkcs1_sha1 (0x0201)
                            Signature Hash Algorithm Hash: SHA1 (2)
                            Signature Hash Algorithm Signature: RSA (1)
                [JA4: q13d0311h3_55b375c5d22e_653d80c3fe9d]
                [JA4_r: q13d0311h3_1301,1302,1303_000a,000d,001b,002b,002d,0033,0039,44cd,fe0d_0403,0804,0401,0503,0805,0501,0806,0601,0201]
                [JA3 Fullstring: 771,4865-4866-4867,57-51-17613-43-65037-10-0-45-27-16-13,4588-29-23-24,]
                [JA3: 9125d44181e3f0ff660f6f35a451dc97]
    PADDING Length: 6
        Frame Type: PADDING (0x0000000000000000)
        [Padding Length: 6]
    PING
        Frame Type: PING (0x0000000000000001)
    PING
        Frame Type: PING (0x0000000000000001)

Frame 18: Packet, 831 bytes on wire (6648 bits), 831 bytes captured (6648 bits) on interface \Device\NPF_{9B9257DC-FAC1-4993-B12F-136D7BA5E874}, id 0
    Section number: 1
    Interface id: 0 (\Device\NPF_{9B9257DC-FAC1-4993-B12F-136D7BA5E874})
        Interface name: \Device\NPF_{9B9257DC-FAC1-4993-B12F-136D7BA5E874}
        Interface description: Wi-Fi
    Encapsulation type: Ethernet (1)
    Arrival Time: Apr  9, 2026 19:47:59.315297300 India Standard Time
    UTC Arrival Time: Apr  9, 2026 14:17:59.315297300 UTC
    Epoch Arrival Time: 1775744279.315297300
    [Time shift for this packet: 0.000000000 seconds]
    [Time delta from previous captured frame: 483.700 microseconds]
    [Time delta from previous displayed frame: 483.700 microseconds]
    [Time since reference or first frame: 25.332700 milliseconds]
    Frame Number: 18
    Frame Length: 831 bytes (6648 bits)
    Capture Length: 831 bytes (6648 bits)
    [Frame is marked: False]
    [Frame is ignored: False]
    [Protocols in frame: eth:ethertype:vlan:ethertype:ip:udp:quic]
    Character encoding: ASCII (0)
Ethernet II, Src: HewlettPacka_3a:cc:1d (28:92:4a:3a:cc:1d), Dst: 96:77:0b:05:d4:0b (96:77:0b:05:d4:0b)
    Destination: 96:77:0b:05:d4:0b (96:77:0b:05:d4:0b)
        .... ..1. .... .... .... .... = LG bit: Locally administered address (this is NOT the factory default)
        .... ...0 .... .... .... .... = IG bit: Individual address (unicast)
    Source: HewlettPacka_3a:cc:1d (28:92:4a:3a:cc:1d)
        .... ..0. .... .... .... .... = LG bit: Globally unique address (factory default)
        .... ...0 .... .... .... .... = IG bit: Individual address (unicast)
    Type: 802.1Q Virtual LAN (0x8100)
    [Stream index: 0]
802.1Q Virtual LAN, PRI: 0, DEI: 0, ID: 0
    000. .... .... .... = Priority: Best Effort (default) (0)
    ...0 .... .... .... = DEI: Ineligible
    .... 0000 0000 0000 = ID: 0
    Type: IPv4 (0x0800)
Internet Protocol Version 4, Src: 142.251.153.119, Dst: 172.16.90.227
    0100 .... = Version: 4
    .... 0101 = Header Length: 20 bytes (5)
    Differentiated Services Field: 0xb8 (DSCP: EF, ECN: Not-ECT)
        1011 10.. = Differentiated Services Codepoint: Expedited Forwarding (46)
        .... ..00 = Explicit Congestion Notification: Not ECN-Capable Transport (0)
    Total Length: 813
    Identification: 0x0000 (0)
    010. .... = Flags: 0x2, Don't fragment
        0... .... = Reserved bit: Not set
        .1.. .... = Don't fragment: Set
        ..0. .... = More fragments: Not set
    ...0 0000 0000 0000 = Fragment Offset: 0
    Time to Live: 57
    Protocol: UDP (17)
    Header Checksum: 0x0ea2 [validation disabled]
    [Header checksum status: Unverified]
    Source Address: 142.251.153.119
    Destination Address: 172.16.90.227
    [Stream index: 0]
User Datagram Protocol, Src Port: 443, Dst Port: 49184
    Source Port: 443
    Destination Port: 49184
    Length: 793
    Checksum: 0x9549 [unverified]
    [Checksum Status: Unverified]
    [Stream index: 0]
    [Stream Packet Number: 12]
    [Timestamps]
        [Time since first frame: 25.332700 milliseconds]
        [Time since previous frame: 1.311700 milliseconds]
    UDP payload (785 bytes)
QUIC IETF
    QUIC Connection information
        [Connection Number: 0]
    [Packet Length: 716]
    1... .... = Header Form: Long Header (1)
    .1.. .... = Fixed Bit: True
    ..10 .... = Packet Type: Handshake (2)
    Version: 1 (0x00000001)
    Destination Connection ID Length: 0
    Source Connection ID Length: 8
    Source Connection ID: e898f8a36167c06e
    Length: 699
    [Expert Info (Warning/Decryption): Failed to create decryption context: Secrets are not available]
        [Failed to create decryption context: Secrets are not available]
        [Severity level: Warning]
        [Group: Decryption]
    Remaining Payload […]: 7fc9d96eb4c5edaa21f0d8cb3ad87738fe7f93d739b401ec49730785027b27b61ce3c4261bd298c67c0bd4a4993106619dc57e7bb518bc7ba5f9a753d4efb0a95e537156026aebccb7d33922275ed4f2b65792e18accd76322aa4cdc8b57a0eec72a7ba1bbb71e5d37b4d7
QUIC IETF
    [Packet Length: 69]
    QUIC Short Header
        0... .... = Header Form: Short Header (0)
        .1.. .... = Fixed Bit: True
        ..0. .... = Spin Bit: False
    [Expert Info (Warning/Decryption): Failed to create decryption context: Secrets are not available]
        [Failed to create decryption context: Secrets are not available]
        [Severity level: Warning]
        [Group: Decryption]
    Remaining Payload: b0bc4692be0c90039c30fe4bf8ecca8392ec74522bb41e4d878f413bbb99a7b960c017b656919c3dba8859f78c9bb6208f25cadca8811e1b341b36139796c54ea3af7896

Frame 19: Packet, 82 bytes on wire (656 bits), 82 bytes captured (656 bits) on interface \Device\NPF_{9B9257DC-FAC1-4993-B12F-136D7BA5E874}, id 0
    Section number: 1
    Interface id: 0 (\Device\NPF_{9B9257DC-FAC1-4993-B12F-136D7BA5E874})
        Interface name: \Device\NPF_{9B9257DC-FAC1-4993-B12F-136D7BA5E874}
        Interface description: Wi-Fi
    Encapsulation type: Ethernet (1)
    Arrival Time: Apr  9, 2026 19:47:59.316457000 India Standard Time
    UTC Arrival Time: Apr  9, 2026 14:17:59.316457000 UTC
    Epoch Arrival Time: 1775744279.316457000
    [Time shift for this packet: 0.000000000 seconds]
    [Time delta from previous captured frame: 1.159700 milliseconds]
    [Time delta from previous displayed frame: 1.159700 milliseconds]
    [Time since reference or first frame: 26.492400 milliseconds]
    Frame Number: 19
    Frame Length: 82 bytes (656 bits)
    Capture Length: 82 bytes (656 bits)
    [Frame is marked: False]
    [Frame is ignored: False]
    [Protocols in frame: eth:ethertype:ip:udp:quic]
    Character encoding: ASCII (0)
Ethernet II, Src: 96:77:0b:05:d4:0b (96:77:0b:05:d4:0b), Dst: HewlettPacka_3a:cc:1d (28:92:4a:3a:cc:1d)
    Destination: HewlettPacka_3a:cc:1d (28:92:4a:3a:cc:1d)
        .... ..0. .... .... .... .... = LG bit: Globally unique address (factory default)
        .... ...0 .... .... .... .... = IG bit: Individual address (unicast)
    Source: 96:77:0b:05:d4:0b (96:77:0b:05:d4:0b)
        .... ..1. .... .... .... .... = LG bit: Locally administered address (this is NOT the factory default)
        .... ...0 .... .... .... .... = IG bit: Individual address (unicast)
    Type: IPv4 (0x0800)
    [Stream index: 0]
Internet Protocol Version 4, Src: 172.16.90.227, Dst: 142.251.153.119
    0100 .... = Version: 4
    .... 0101 = Header Length: 20 bytes (5)
    Differentiated Services Field: 0x00 (DSCP: CS0, ECN: Not-ECT)
        0000 00.. = Differentiated Services Codepoint: Default (0)
        .... ..00 = Explicit Congestion Notification: Not ECN-Capable Transport (0)
    Total Length: 68
    Identification: 0xaf52 (44882)
    010. .... = Flags: 0x2, Don't fragment
        0... .... = Reserved bit: Not set
        .1.. .... = Don't fragment: Set
        ..0. .... = More fragments: Not set
    ...0 0000 0000 0000 = Fragment Offset: 0
    Time to Live: 128
    Protocol: UDP (17)
    Header Checksum: 0x0000 [validation disabled]
    [Header checksum status: Unverified]
    Source Address: 172.16.90.227
    Destination Address: 142.251.153.119
    [Stream index: 0]
User Datagram Protocol, Src Port: 49184, Dst Port: 443
    Source Port: 49184
    Destination Port: 443
    Length: 48
    Checksum: 0x2fa8 [unverified]
    [Checksum Status: Unverified]
    [Stream index: 0]
    [Stream Packet Number: 13]
    [Timestamps]
        [Time since first frame: 26.492400 milliseconds]
        [Time since previous frame: 1.159700 milliseconds]
    UDP payload (40 bytes)
QUIC IETF
    QUIC Connection information
        [Connection Number: 0]
    [Packet Length: 40]
    1... .... = Header Form: Long Header (1)
    .1.. .... = Fixed Bit: True
    ..10 .... = Packet Type: Handshake (2)
    Version: 1 (0x00000001)
    Destination Connection ID Length: 8
    Destination Connection ID: e898f8a36167c06e
    Source Connection ID Length: 0
    Length: 23
    [Expert Info (Warning/Decryption): Failed to create decryption context: Secrets are not available]
        [Failed to create decryption context: Secrets are not available]
        [Severity level: Warning]
        [Group: Decryption]
    Remaining Payload: 210f8ed07694eef700db62e2ef2a36edbae9507fdd6561

Frame 20: Packet, 125 bytes on wire (1000 bits), 125 bytes captured (1000 bits) on interface \Device\NPF_{9B9257DC-FAC1-4993-B12F-136D7BA5E874}, id 0
    Section number: 1
    Interface id: 0 (\Device\NPF_{9B9257DC-FAC1-4993-B12F-136D7BA5E874})
        Interface name: \Device\NPF_{9B9257DC-FAC1-4993-B12F-136D7BA5E874}
        Interface description: Wi-Fi
    Encapsulation type: Ethernet (1)
    Arrival Time: Apr  9, 2026 19:47:59.316771400 India Standard Time
    UTC Arrival Time: Apr  9, 2026 14:17:59.316771400 UTC
    Epoch Arrival Time: 1775744279.316771400
    [Time shift for this packet: 0.000000000 seconds]
    [Time delta from previous captured frame: 314.400 microseconds]
    [Time delta from previous displayed frame: 314.400 microseconds]
    [Time since reference or first frame: 26.806800 milliseconds]
    Frame Number: 20
    Frame Length: 125 bytes (1000 bits)
    Capture Length: 125 bytes (1000 bits)
    [Frame is marked: False]
    [Frame is ignored: False]
    [Protocols in frame: eth:ethertype:ip:udp:quic]
    Character encoding: ASCII (0)
Ethernet II, Src: 96:77:0b:05:d4:0b (96:77:0b:05:d4:0b), Dst: HewlettPacka_3a:cc:1d (28:92:4a:3a:cc:1d)
    Destination: HewlettPacka_3a:cc:1d (28:92:4a:3a:cc:1d)
        .... ..0. .... .... .... .... = LG bit: Globally unique address (factory default)
        .... ...0 .... .... .... .... = IG bit: Individual address (unicast)
    Source: 96:77:0b:05:d4:0b (96:77:0b:05:d4:0b)
        .... ..1. .... .... .... .... = LG bit: Locally administered address (this is NOT the factory default)
        .... ...0 .... .... .... .... = IG bit: Individual address (unicast)
    Type: IPv4 (0x0800)
    [Stream index: 0]
Internet Protocol Version 4, Src: 172.16.90.227, Dst: 142.251.153.119
    0100 .... = Version: 4
    .... 0101 = Header Length: 20 bytes (5)
    Differentiated Services Field: 0x00 (DSCP: CS0, ECN: Not-ECT)
        0000 00.. = Differentiated Services Codepoint: Default (0)
        .... ..00 = Explicit Congestion Notification: Not ECN-Capable Transport (0)
    Total Length: 111
    Identification: 0xaf53 (44883)
    010. .... = Flags: 0x2, Don't fragment
        0... .... = Reserved bit: Not set
        .1.. .... = Don't fragment: Set
        ..0. .... = More fragments: Not set
    ...0 0000 0000 0000 = Fragment Offset: 0
    Time to Live: 128
    Protocol: UDP (17)
    Header Checksum: 0x0000 [validation disabled]
    [Header checksum status: Unverified]
    Source Address: 172.16.90.227
    Destination Address: 142.251.153.119
    [Stream index: 0]
User Datagram Protocol, Src Port: 49184, Dst Port: 443
    Source Port: 49184
    Destination Port: 443
    Length: 91
    Checksum: 0x2fd3 [unverified]
    [Checksum Status: Unverified]
    [Stream index: 0]
    [Stream Packet Number: 14]
    [Timestamps]
        [Time since first frame: 26.806800 milliseconds]
        [Time since previous frame: 314.400 microseconds]
    UDP payload (83 bytes)
QUIC IETF
    QUIC Connection information
        [Connection Number: 0]
    [Packet Length: 83]
    1... .... = Header Form: Long Header (1)
    .1.. .... = Fixed Bit: True
    ..10 .... = Packet Type: Handshake (2)
    Version: 1 (0x00000001)
    Destination Connection ID Length: 8
    Destination Connection ID: e898f8a36167c06e
    Source Connection ID Length: 0
    Length: 66
    [Expert Info (Warning/Decryption): Failed to create decryption context: Secrets are not available]
        [Failed to create decryption context: Secrets are not available]
        [Severity level: Warning]
        [Group: Decryption]
    Remaining Payload: 8377dde93e3eb8c01a3bb64ded5c6d0d8053272e1c0e7896a717f7bb914693c2cc9a176d227e0f516b3a38d150d4f0b9feb78034daeb6e6a5120925dafd88fa09b1c

Frame 21: Packet, 110 bytes on wire (880 bits), 110 bytes captured (880 bits) on interface \Device\NPF_{9B9257DC-FAC1-4993-B12F-136D7BA5E874}, id 0
    Section number: 1
    Interface id: 0 (\Device\NPF_{9B9257DC-FAC1-4993-B12F-136D7BA5E874})
        Interface name: \Device\NPF_{9B9257DC-FAC1-4993-B12F-136D7BA5E874}
        Interface description: Wi-Fi
    Encapsulation type: Ethernet (1)
    Arrival Time: Apr  9, 2026 19:47:59.316878300 India Standard Time
    UTC Arrival Time: Apr  9, 2026 14:17:59.316878300 UTC
    Epoch Arrival Time: 1775744279.316878300
    [Time shift for this packet: 0.000000000 seconds]
    [Time delta from previous captured frame: 106.900 microseconds]
    [Time delta from previous displayed frame: 106.900 microseconds]
    [Time since reference or first frame: 26.913700 milliseconds]
    Frame Number: 21
    Frame Length: 110 bytes (880 bits)
    Capture Length: 110 bytes (880 bits)
    [Frame is marked: False]
    [Frame is ignored: False]
    [Protocols in frame: eth:ethertype:ip:udp:quic]
    Character encoding: ASCII (0)
Ethernet II, Src: 96:77:0b:05:d4:0b (96:77:0b:05:d4:0b), Dst: HewlettPacka_3a:cc:1d (28:92:4a:3a:cc:1d)
    Destination: HewlettPacka_3a:cc:1d (28:92:4a:3a:cc:1d)
        .... ..0. .... .... .... .... = LG bit: Globally unique address (factory default)
        .... ...0 .... .... .... .... = IG bit: Individual address (unicast)
    Source: 96:77:0b:05:d4:0b (96:77:0b:05:d4:0b)
        .... ..1. .... .... .... .... = LG bit: Locally administered address (this is NOT the factory default)
        .... ...0 .... .... .... .... = IG bit: Individual address (unicast)
    Type: IPv4 (0x0800)
    [Stream index: 0]
Internet Protocol Version 4, Src: 172.16.90.227, Dst: 142.251.153.119
    0100 .... = Version: 4
    .... 0101 = Header Length: 20 bytes (5)
    Differentiated Services Field: 0x00 (DSCP: CS0, ECN: Not-ECT)
        0000 00.. = Differentiated Services Codepoint: Default (0)
        .... ..00 = Explicit Congestion Notification: Not ECN-Capable Transport (0)
    Total Length: 96
    Identification: 0xaf54 (44884)
    010. .... = Flags: 0x2, Don't fragment
        0... .... = Reserved bit: Not set
        .1.. .... = Don't fragment: Set
        ..0. .... = More fragments: Not set
    ...0 0000 0000 0000 = Fragment Offset: 0
    Time to Live: 128
    Protocol: UDP (17)
    Header Checksum: 0x0000 [validation disabled]
    [Header checksum status: Unverified]
    Source Address: 172.16.90.227
    Destination Address: 142.251.153.119
    [Stream index: 0]
User Datagram Protocol, Src Port: 49184, Dst Port: 443
    Source Port: 49184
    Destination Port: 443
    Length: 76
    Checksum: 0x2fc4 [unverified]
    [Checksum Status: Unverified]
    [Stream index: 0]
    [Stream Packet Number: 15]
    [Timestamps]
        [Time since first frame: 26.913700 milliseconds]
        [Time since previous frame: 106.900 microseconds]
    UDP payload (68 bytes)
QUIC IETF
    QUIC Connection information
        [Connection Number: 0]
    [Packet Length: 68]
    QUIC Short Header DCID=e898f8a36167c06e
        0... .... = Header Form: Short Header (0)
        .1.. .... = Fixed Bit: True
        ..0. .... = Spin Bit: False
        Destination Connection ID: e898f8a36167c06e
    Remaining Payload: fe2de5b8a97b9deb547a8a827caec4c5ac470009ef297d86bd566890cad6229e6d3a22ead1d0edb5b61ac84052b828531edc605a7d3ec4b3bf05a6

Frame 22: Packet, 71 bytes on wire (568 bits), 71 bytes captured (568 bits) on interface \Device\NPF_{9B9257DC-FAC1-4993-B12F-136D7BA5E874}, id 0
    Section number: 1
    Interface id: 0 (\Device\NPF_{9B9257DC-FAC1-4993-B12F-136D7BA5E874})
        Interface name: \Device\NPF_{9B9257DC-FAC1-4993-B12F-136D7BA5E874}
        Interface description: Wi-Fi
    Encapsulation type: Ethernet (1)
    Arrival Time: Apr  9, 2026 19:47:59.316973000 India Standard Time
    UTC Arrival Time: Apr  9, 2026 14:17:59.316973000 UTC
    Epoch Arrival Time: 1775744279.316973000
    [Time shift for this packet: 0.000000000 seconds]
    [Time delta from previous captured frame: 94.700 microseconds]
    [Time delta from previous displayed frame: 94.700 microseconds]
    [Time since reference or first frame: 27.008400 milliseconds]
    Frame Number: 22
    Frame Length: 71 bytes (568 bits)
    Capture Length: 71 bytes (568 bits)
    [Frame is marked: False]
    [Frame is ignored: False]
    [Protocols in frame: eth:ethertype:ip:udp:quic]
    Character encoding: ASCII (0)
Ethernet II, Src: 96:77:0b:05:d4:0b (96:77:0b:05:d4:0b), Dst: HewlettPacka_3a:cc:1d (28:92:4a:3a:cc:1d)
    Destination: HewlettPacka_3a:cc:1d (28:92:4a:3a:cc:1d)
        .... ..0. .... .... .... .... = LG bit: Globally unique address (factory default)
        .... ...0 .... .... .... .... = IG bit: Individual address (unicast)
    Source: 96:77:0b:05:d4:0b (96:77:0b:05:d4:0b)
        .... ..1. .... .... .... .... = LG bit: Locally administered address (this is NOT the factory default)
        .... ...0 .... .... .... .... = IG bit: Individual address (unicast)
    Type: IPv4 (0x0800)
    [Stream index: 0]
Internet Protocol Version 4, Src: 172.16.90.227, Dst: 142.251.153.119
    0100 .... = Version: 4
    .... 0101 = Header Length: 20 bytes (5)
    Differentiated Services Field: 0x00 (DSCP: CS0, ECN: Not-ECT)
        0000 00.. = Differentiated Services Codepoint: Default (0)
        .... ..00 = Explicit Congestion Notification: Not ECN-Capable Transport (0)
    Total Length: 57
    Identification: 0xaf55 (44885)
    010. .... = Flags: 0x2, Don't fragment
        0... .... = Reserved bit: Not set
        .1.. .... = Don't fragment: Set
        ..0. .... = More fragments: Not set
    ...0 0000 0000 0000 = Fragment Offset: 0
    Time to Live: 128
    Protocol: UDP (17)
    Header Checksum: 0x0000 [validation disabled]
    [Header checksum status: Unverified]
    Source Address: 172.16.90.227
    Destination Address: 142.251.153.119
    [Stream index: 0]
User Datagram Protocol, Src Port: 49184, Dst Port: 443
    Source Port: 49184
    Destination Port: 443
    Length: 37
    Checksum: 0x2f9d [unverified]
    [Checksum Status: Unverified]
    [Stream index: 0]
    [Stream Packet Number: 16]
    [Timestamps]
        [Time since first frame: 27.008400 milliseconds]
        [Time since previous frame: 94.700 microseconds]
    UDP payload (29 bytes)
QUIC IETF
    QUIC Connection information
        [Connection Number: 0]
    [Packet Length: 29]
    QUIC Short Header DCID=e898f8a36167c06e
        0... .... = Header Form: Short Header (0)
        .1.. .... = Fixed Bit: True
        ..0. .... = Spin Bit: False
        Destination Connection ID: e898f8a36167c06e
    Remaining Payload: 061fb9f9d47bf56295af1605cd6e119c25fed3ef

Frame 23: Packet, 373 bytes on wire (2984 bits), 373 bytes captured (2984 bits) on interface \Device\NPF_{9B9257DC-FAC1-4993-B12F-136D7BA5E874}, id 0
    Section number: 1
    Interface id: 0 (\Device\NPF_{9B9257DC-FAC1-4993-B12F-136D7BA5E874})
        Interface name: \Device\NPF_{9B9257DC-FAC1-4993-B12F-136D7BA5E874}
        Interface description: Wi-Fi
    Encapsulation type: Ethernet (1)
    Arrival Time: Apr  9, 2026 19:47:59.317246900 India Standard Time
    UTC Arrival Time: Apr  9, 2026 14:17:59.317246900 UTC
    Epoch Arrival Time: 1775744279.317246900
    [Time shift for this packet: 0.000000000 seconds]
    [Time delta from previous captured frame: 273.900 microseconds]
    [Time delta from previous displayed frame: 273.900 microseconds]
    [Time since reference or first frame: 27.282300 milliseconds]
    Frame Number: 23
    Frame Length: 373 bytes (2984 bits)
    Capture Length: 373 bytes (2984 bits)
    [Frame is marked: False]
    [Frame is ignored: False]
    [Protocols in frame: eth:ethertype:ip:udp:quic]
    Character encoding: ASCII (0)
Ethernet II, Src: 96:77:0b:05:d4:0b (96:77:0b:05:d4:0b), Dst: HewlettPacka_3a:cc:1d (28:92:4a:3a:cc:1d)
    Destination: HewlettPacka_3a:cc:1d (28:92:4a:3a:cc:1d)
        .... ..0. .... .... .... .... = LG bit: Globally unique address (factory default)
        .... ...0 .... .... .... .... = IG bit: Individual address (unicast)
    Source: 96:77:0b:05:d4:0b (96:77:0b:05:d4:0b)
        .... ..1. .... .... .... .... = LG bit: Locally administered address (this is NOT the factory default)
        .... ...0 .... .... .... .... = IG bit: Individual address (unicast)
    Type: IPv4 (0x0800)
    [Stream index: 0]
Internet Protocol Version 4, Src: 172.16.90.227, Dst: 142.251.153.119
    0100 .... = Version: 4
    .... 0101 = Header Length: 20 bytes (5)
    Differentiated Services Field: 0x00 (DSCP: CS0, ECN: Not-ECT)
        0000 00.. = Differentiated Services Codepoint: Default (0)
        .... ..00 = Explicit Congestion Notification: Not ECN-Capable Transport (0)
    Total Length: 359
    Identification: 0xaf56 (44886)
    010. .... = Flags: 0x2, Don't fragment
        0... .... = Reserved bit: Not set
        .1.. .... = Don't fragment: Set
        ..0. .... = More fragments: Not set
    ...0 0000 0000 0000 = Fragment Offset: 0
    Time to Live: 128
    Protocol: UDP (17)
    Header Checksum: 0x0000 [validation disabled]
    [Header checksum status: Unverified]
    Source Address: 172.16.90.227
    Destination Address: 142.251.153.119
    [Stream index: 0]
User Datagram Protocol, Src Port: 49184, Dst Port: 443
    Source Port: 49184
    Destination Port: 443
    Length: 339
    Checksum: 0x30cb [unverified]
    [Checksum Status: Unverified]
    [Stream index: 0]
    [Stream Packet Number: 17]
    [Timestamps]
        [Time since first frame: 27.282300 milliseconds]
        [Time since previous frame: 273.900 microseconds]
    UDP payload (331 bytes)
QUIC IETF
    QUIC Connection information
        [Connection Number: 0]
    [Packet Length: 331]
    QUIC Short Header DCID=e898f8a36167c06e
        0... .... = Header Form: Short Header (0)
        .1.. .... = Fixed Bit: True
        ..0. .... = Spin Bit: False
        Destination Connection ID: e898f8a36167c06e
    Remaining Payload […]: e418ea4910daffa3613f30d5c6917f04769aa3686800433a5cdcefa80ce5d052fd277b86cee4a31586b0b1b4ac381e645dbfc7231d495f2f37cf6e517540e6656a0292d72e991d0bc61c1574fa8a2ace309537803df9f3018b6859b0fea52da6cdf15ded927c272f1f2ba2

Frame 24: Packet, 838 bytes on wire (6704 bits), 838 bytes captured (6704 bits) on interface \Device\NPF_{9B9257DC-FAC1-4993-B12F-136D7BA5E874}, id 0
    Section number: 1
    Interface id: 0 (\Device\NPF_{9B9257DC-FAC1-4993-B12F-136D7BA5E874})
        Interface name: \Device\NPF_{9B9257DC-FAC1-4993-B12F-136D7BA5E874}
        Interface description: Wi-Fi
    Encapsulation type: Ethernet (1)
    Arrival Time: Apr  9, 2026 19:47:59.318759200 India Standard Time
    UTC Arrival Time: Apr  9, 2026 14:17:59.318759200 UTC
    Epoch Arrival Time: 1775744279.318759200
    [Time shift for this packet: 0.000000000 seconds]
    [Time delta from previous captured frame: 1.512300 milliseconds]
    [Time delta from previous displayed frame: 1.512300 milliseconds]
    [Time since reference or first frame: 28.794600 milliseconds]
    Frame Number: 24
    Frame Length: 838 bytes (6704 bits)
    Capture Length: 838 bytes (6704 bits)
    [Frame is marked: False]
    [Frame is ignored: False]
    [Protocols in frame: eth:ethertype:vlan:ethertype:ip:udp:quic]
    Character encoding: ASCII (0)
Ethernet II, Src: HewlettPacka_3a:cc:1d (28:92:4a:3a:cc:1d), Dst: 96:77:0b:05:d4:0b (96:77:0b:05:d4:0b)
    Destination: 96:77:0b:05:d4:0b (96:77:0b:05:d4:0b)
        .... ..1. .... .... .... .... = LG bit: Locally administered address (this is NOT the factory default)
        .... ...0 .... .... .... .... = IG bit: Individual address (unicast)
    Source: HewlettPacka_3a:cc:1d (28:92:4a:3a:cc:1d)
        .... ..0. .... .... .... .... = LG bit: Globally unique address (factory default)
        .... ...0 .... .... .... .... = IG bit: Individual address (unicast)
    Type: 802.1Q Virtual LAN (0x8100)
    [Stream index: 0]
802.1Q Virtual LAN, PRI: 0, DEI: 0, ID: 0
    000. .... .... .... = Priority: Best Effort (default) (0)
    ...0 .... .... .... = DEI: Ineligible
    .... 0000 0000 0000 = ID: 0
    Type: IPv4 (0x0800)
Internet Protocol Version 4, Src: 142.251.153.119, Dst: 172.16.90.227
    0100 .... = Version: 4
    .... 0101 = Header Length: 20 bytes (5)
    Differentiated Services Field: 0xb8 (DSCP: EF, ECN: Not-ECT)
        1011 10.. = Differentiated Services Codepoint: Expedited Forwarding (46)
        .... ..00 = Explicit Congestion Notification: Not ECN-Capable Transport (0)
    Total Length: 820
    Identification: 0x0000 (0)
    010. .... = Flags: 0x2, Don't fragment
        0... .... = Reserved bit: Not set
        .1.. .... = Don't fragment: Set
        ..0. .... = More fragments: Not set
    ...0 0000 0000 0000 = Fragment Offset: 0
    Time to Live: 57
    Protocol: UDP (17)
    Header Checksum: 0x0e9b [validation disabled]
    [Header checksum status: Unverified]
    Source Address: 142.251.153.119
    Destination Address: 172.16.90.227
    [Stream index: 0]
User Datagram Protocol, Src Port: 443, Dst Port: 49184
    Source Port: 443
    Destination Port: 49184
    Length: 800
    Checksum: 0xe070 [unverified]
    [Checksum Status: Unverified]
    [Stream index: 0]
    [Stream Packet Number: 18]
    [Timestamps]
        [Time since first frame: 28.794600 milliseconds]
        [Time since previous frame: 1.512300 milliseconds]
    UDP payload (792 bytes)
QUIC IETF
    QUIC Connection information
        [Connection Number: 0]
    [Packet Length: 723]
    1... .... = Header Form: Long Header (1)
    .1.. .... = Fixed Bit: True
    ..10 .... = Packet Type: Handshake (2)
    Version: 1 (0x00000001)
    Destination Connection ID Length: 0
    Source Connection ID Length: 8
    Source Connection ID: e898f8a36167c06e
    Length: 706
    [Expert Info (Warning/Decryption): Failed to create decryption context: Secrets are not available]
        [Failed to create decryption context: Secrets are not available]
        [Severity level: Warning]
        [Group: Decryption]
    Remaining Payload […]: 3e396ad82c02f9505276a74be4698474fc2d6a9363ca1526254cc6faa60dedac7c6e464f8b5ee25c6dedd63056df97ad06460355704910517507870473033d1aa7fa65d0d0f5b904c4798166c4f56a40c652ea3296e9c7c8967d321774e4e7d41ab959c0886969231383b7
QUIC IETF
    [Packet Length: 69]
    QUIC Short Header
        0... .... = Header Form: Short Header (0)
        .1.. .... = Fixed Bit: True
        ..0. .... = Spin Bit: False
    Remaining Payload: 9b4fbd3abbacc8af52deb4378321e43d19831f5d040b905e665a0a81c4bb351d63b4d487435738921776fbdf5b97a1afffdd1b8b2fbe34ea3cf3c906de3343ca4c12a7ef

Frame 25: Packet, 207 bytes on wire (1656 bits), 207 bytes captured (1656 bits) on interface \Device\NPF_{9B9257DC-FAC1-4993-B12F-136D7BA5E874}, id 0
    Section number: 1
    Interface id: 0 (\Device\NPF_{9B9257DC-FAC1-4993-B12F-136D7BA5E874})
        Interface name: \Device\NPF_{9B9257DC-FAC1-4993-B12F-136D7BA5E874}
        Interface description: Wi-Fi
    Encapsulation type: Ethernet (1)
    Arrival Time: Apr  9, 2026 19:47:59.318899800 India Standard Time
    UTC Arrival Time: Apr  9, 2026 14:17:59.318899800 UTC
    Epoch Arrival Time: 1775744279.318899800
    [Time shift for this packet: 0.000000000 seconds]
    [Time delta from previous captured frame: 140.600 microseconds]
    [Time delta from previous displayed frame: 140.600 microseconds]
    [Time since reference or first frame: 28.935200 milliseconds]
    Frame Number: 25
    Frame Length: 207 bytes (1656 bits)
    Capture Length: 207 bytes (1656 bits)
    [Frame is marked: False]
    [Frame is ignored: False]
    [Protocols in frame: eth:ethertype:ip:udp:quic]
    Character encoding: ASCII (0)
Ethernet II, Src: 96:77:0b:05:d4:0b (96:77:0b:05:d4:0b), Dst: HewlettPacka_3a:cc:1d (28:92:4a:3a:cc:1d)
    Destination: HewlettPacka_3a:cc:1d (28:92:4a:3a:cc:1d)
        .... ..0. .... .... .... .... = LG bit: Globally unique address (factory default)
        .... ...0 .... .... .... .... = IG bit: Individual address (unicast)
    Source: 96:77:0b:05:d4:0b (96:77:0b:05:d4:0b)
        .... ..1. .... .... .... .... = LG bit: Locally administered address (this is NOT the factory default)
        .... ...0 .... .... .... .... = IG bit: Individual address (unicast)
    Type: IPv4 (0x0800)
    [Stream index: 0]
Internet Protocol Version 4, Src: 172.16.90.227, Dst: 142.251.153.119
    0100 .... = Version: 4
    .... 0101 = Header Length: 20 bytes (5)
    Differentiated Services Field: 0x00 (DSCP: CS0, ECN: Not-ECT)
        0000 00.. = Differentiated Services Codepoint: Default (0)
        .... ..00 = Explicit Congestion Notification: Not ECN-Capable Transport (0)
    Total Length: 193
    Identification: 0xaf57 (44887)
    010. .... = Flags: 0x2, Don't fragment
        0... .... = Reserved bit: Not set
        .1.. .... = Don't fragment: Set
        ..0. .... = More fragments: Not set
    ...0 0000 0000 0000 = Fragment Offset: 0
    Time to Live: 128
    Protocol: UDP (17)
    Header Checksum: 0x0000 [validation disabled]
    [Header checksum status: Unverified]
    Source Address: 172.16.90.227
    Destination Address: 142.251.153.119
    [Stream index: 0]
User Datagram Protocol, Src Port: 49184, Dst Port: 443
    Source Port: 49184
    Destination Port: 443
    Length: 173
    Checksum: 0x3025 [unverified]
    [Checksum Status: Unverified]
    [Stream index: 0]
    [Stream Packet Number: 19]
    [Timestamps]
        [Time since first frame: 28.935200 milliseconds]
        [Time since previous frame: 140.600 microseconds]
    UDP payload (165 bytes)
QUIC IETF
    QUIC Connection information
        [Connection Number: 0]
    [Packet Length: 90]
    1... .... = Header Form: Long Header (1)
    .1.. .... = Fixed Bit: True
    ..10 .... = Packet Type: Handshake (2)
    Version: 1 (0x00000001)
    Destination Connection ID Length: 8
    Destination Connection ID: e898f8a36167c06e
    Source Connection ID Length: 0
    Length: 73
    [Expert Info (Warning/Decryption): Failed to create decryption context: Secrets are not available]
        [Failed to create decryption context: Secrets are not available]
        [Severity level: Warning]
        [Group: Decryption]
    Remaining Payload: 6c2265c933151ca987c74de3b780f4d4cb2c370535ba048670d1e7d848eb29967e475aee57537efe9e87271022afcda3717601753f66c0a9e068855ba0500ada9dfe62c6947a4a9d82
QUIC IETF
    [Packet Length: 75]
    QUIC Short Header DCID=e898f8a36167c06e
        0... .... = Header Form: Short Header (0)
        .1.. .... = Fixed Bit: True
        ..0. .... = Spin Bit: False
        Destination Connection ID: e898f8a36167c06e
    Remaining Payload: 6d1549b1a82405ccb40edc3929c3c93b463dfdb19bdc8e25e11ee395c83935edeaa837ead70032d346ac4f8895742a85487024ff44562cbc06dfb4308f9133f64e87

Frame 26: Packet, 86 bytes on wire (688 bits), 86 bytes captured (688 bits) on interface \Device\NPF_{9B9257DC-FAC1-4993-B12F-136D7BA5E874}, id 0
    Section number: 1
    Interface id: 0 (\Device\NPF_{9B9257DC-FAC1-4993-B12F-136D7BA5E874})
        Interface name: \Device\NPF_{9B9257DC-FAC1-4993-B12F-136D7BA5E874}
        Interface description: Wi-Fi
    Encapsulation type: Ethernet (1)
    Arrival Time: Apr  9, 2026 19:47:59.320163000 India Standard Time
    UTC Arrival Time: Apr  9, 2026 14:17:59.320163000 UTC
    Epoch Arrival Time: 1775744279.320163000
    [Time shift for this packet: 0.000000000 seconds]
    [Time delta from previous captured frame: 1.263200 milliseconds]
    [Time delta from previous displayed frame: 1.263200 milliseconds]
    [Time since reference or first frame: 30.198400 milliseconds]
    Frame Number: 26
    Frame Length: 86 bytes (688 bits)
    Capture Length: 86 bytes (688 bits)
    [Frame is marked: False]
    [Frame is ignored: False]
    [Protocols in frame: eth:ethertype:vlan:ethertype:ip:udp:quic]
    Character encoding: ASCII (0)
Ethernet II, Src: HewlettPacka_3a:cc:1d (28:92:4a:3a:cc:1d), Dst: 96:77:0b:05:d4:0b (96:77:0b:05:d4:0b)
    Destination: 96:77:0b:05:d4:0b (96:77:0b:05:d4:0b)
        .... ..1. .... .... .... .... = LG bit: Locally administered address (this is NOT the factory default)
        .... ...0 .... .... .... .... = IG bit: Individual address (unicast)
    Source: HewlettPacka_3a:cc:1d (28:92:4a:3a:cc:1d)
        .... ..0. .... .... .... .... = LG bit: Globally unique address (factory default)
        .... ...0 .... .... .... .... = IG bit: Individual address (unicast)
    Type: 802.1Q Virtual LAN (0x8100)
    [Stream index: 0]
802.1Q Virtual LAN, PRI: 0, DEI: 0, ID: 0
    000. .... .... .... = Priority: Best Effort (default) (0)
    ...0 .... .... .... = DEI: Ineligible
    .... 0000 0000 0000 = ID: 0
    Type: IPv4 (0x0800)
Internet Protocol Version 4, Src: 142.251.43.37, Dst: 172.16.90.227
    0100 .... = Version: 4
    .... 0101 = Header Length: 20 bytes (5)
    Differentiated Services Field: 0xb8 (DSCP: EF, ECN: Not-ECT)
        1011 10.. = Differentiated Services Codepoint: Expedited Forwarding (46)
        .... ..00 = Explicit Congestion Notification: Not ECN-Capable Transport (0)
    Total Length: 68
    Identification: 0x0000 (0)
    010. .... = Flags: 0x2, Don't fragment
        0... .... = Reserved bit: Not set
        .1.. .... = Don't fragment: Set
        ..0. .... = More fragments: Not set
    ...0 0000 0000 0000 = Fragment Offset: 0
    Time to Live: 57
    Protocol: UDP (17)
    Header Checksum: 0x7fdd [validation disabled]
    [Header checksum status: Unverified]
    Source Address: 142.251.43.37
    Destination Address: 172.16.90.227
    [Stream index: 1]
User Datagram Protocol, Src Port: 443, Dst Port: 61972
    Source Port: 443
    Destination Port: 61972
    Length: 48
    Checksum: 0x2209 [unverified]
    [Checksum Status: Unverified]
    [Stream index: 2]
    [Stream Packet Number: 3]
    [Timestamps]
        [Time since first frame: 5.382200 milliseconds]
        [Time since previous frame: 5.349400 milliseconds]
    UDP payload (40 bytes)
QUIC IETF
    QUIC Connection information
        [Connection Number: 2]
    [Packet Length: 40]
    1... .... = Header Form: Long Header (1)
    .1.. .... = Fixed Bit: True
    ..00 .... = Packet Type: Initial (0)
    [.... 00.. = Reserved: 0]
    [.... ..00 = Packet Number Length: 1 bytes (0)]
    Version: 1 (0x00000001)
    Destination Connection ID Length: 0
    Source Connection ID Length: 8
    Source Connection ID: fb72e5b30790b315
    Token Length: 0
    Length: 22
    [Packet Number: 1]
    Payload: f0747000ecda25d9e37d6683de44f85b62a9e07c17
    ACK
        Frame Type: ACK (0x0000000000000002)
        Largest Acknowledged: 1
        ACK Delay: 0
        ACK Range Count: 0
        First ACK Range: 0

Frame 27: Packet, 106 bytes on wire (848 bits), 106 bytes captured (848 bits) on interface \Device\NPF_{9B9257DC-FAC1-4993-B12F-136D7BA5E874}, id 0
    Section number: 1
    Interface id: 0 (\Device\NPF_{9B9257DC-FAC1-4993-B12F-136D7BA5E874})
        Interface name: \Device\NPF_{9B9257DC-FAC1-4993-B12F-136D7BA5E874}
        Interface description: Wi-Fi
    Encapsulation type: Ethernet (1)
    Arrival Time: Apr  9, 2026 19:47:59.320163000 India Standard Time
    UTC Arrival Time: Apr  9, 2026 14:17:59.320163000 UTC
    Epoch Arrival Time: 1775744279.320163000
    [Time shift for this packet: 0.000000000 seconds]
    [Time delta from previous captured frame: 0.000000000 seconds]
    [Time delta from previous displayed frame: 0.000000000 seconds]
    [Time since reference or first frame: 30.198400 milliseconds]
    Frame Number: 27
    Frame Length: 106 bytes (848 bits)
    Capture Length: 106 bytes (848 bits)
    [Frame is marked: False]
    [Frame is ignored: False]
    [Protocols in frame: eth:ethertype:vlan:ethertype:ip:udp:quic]
    Character encoding: ASCII (0)
Ethernet II, Src: HewlettPacka_3a:cc:1d (28:92:4a:3a:cc:1d), Dst: 96:77:0b:05:d4:0b (96:77:0b:05:d4:0b)
    Destination: 96:77:0b:05:d4:0b (96:77:0b:05:d4:0b)
        .... ..1. .... .... .... .... = LG bit: Locally administered address (this is NOT the factory default)
        .... ...0 .... .... .... .... = IG bit: Individual address (unicast)
    Source: HewlettPacka_3a:cc:1d (28:92:4a:3a:cc:1d)
        .... ..0. .... .... .... .... = LG bit: Globally unique address (factory default)
        .... ...0 .... .... .... .... = IG bit: Individual address (unicast)
    Type: 802.1Q Virtual LAN (0x8100)
    [Stream index: 0]
802.1Q Virtual LAN, PRI: 0, DEI: 0, ID: 0
    000. .... .... .... = Priority: Best Effort (default) (0)
    ...0 .... .... .... = DEI: Ineligible
    .... 0000 0000 0000 = ID: 0
    Type: IPv4 (0x0800)
Internet Protocol Version 4, Src: 142.251.43.37, Dst: 172.16.90.227
    0100 .... = Version: 4
    .... 0101 = Header Length: 20 bytes (5)
    Differentiated Services Field: 0xb8 (DSCP: EF, ECN: Not-ECT)
        1011 10.. = Differentiated Services Codepoint: Expedited Forwarding (46)
        .... ..00 = Explicit Congestion Notification: Not ECN-Capable Transport (0)
    Total Length: 88
    Identification: 0x0000 (0)
    010. .... = Flags: 0x2, Don't fragment
        0... .... = Reserved bit: Not set
        .1.. .... = Don't fragment: Set
        ..0. .... = More fragments: Not set
    ...0 0000 0000 0000 = Fragment Offset: 0
    Time to Live: 57
    Protocol: UDP (17)
    Header Checksum: 0x7fc9 [validation disabled]
    [Header checksum status: Unverified]
    Source Address: 142.251.43.37
    Destination Address: 172.16.90.227
    [Stream index: 1]
User Datagram Protocol, Src Port: 443, Dst Port: 61972
    Source Port: 443
    Destination Port: 61972
    Length: 68
    Checksum: 0x02e5 [unverified]
    [Checksum Status: Unverified]
    [Stream index: 2]
    [Stream Packet Number: 4]
    [Timestamps]
        [Time since first frame: 5.382200 milliseconds]
        [Time since previous frame: 0.000000000 seconds]
    UDP payload (60 bytes)
QUIC IETF
    QUIC Connection information
        [Connection Number: 2]
    [Packet Length: 60]
    1... .... = Header Form: Long Header (1)
    .1.. .... = Fixed Bit: True
    ..00 .... = Packet Type: Initial (0)
    [.... 00.. = Reserved: 0]
    [.... ..00 = Packet Number Length: 1 bytes (0)]
    Version: 1 (0x00000001)
    Destination Connection ID Length: 0
    Source Connection ID Length: 8
    Source Connection ID: fb72e5b30790b315
    Token Length: 0
    Length: 42
    [Packet Number: 2]
    Payload: a537d9b3c7960da37cb43967ed97585e905efdb8678e9d3ec1db9d55b651c3c38ce0bba88f47e8325a
    CONNECTION_CLOSE (Transport) Error code: NO_ERROR
        Frame Type: CONNECTION_CLOSE (Transport) (0x000000000000001c)
        Error code: NO_ERROR (0)
        Frame Type: 0
        Reason phrase Length: 21
        Reason phrase: 218:Reject connection

Frame 28: Packet, 1047 bytes on wire (8376 bits), 1047 bytes captured (8376 bits) on interface \Device\NPF_{9B9257DC-FAC1-4993-B12F-136D7BA5E874}, id 0
    Section number: 1
    Interface id: 0 (\Device\NPF_{9B9257DC-FAC1-4993-B12F-136D7BA5E874})
        Interface name: \Device\NPF_{9B9257DC-FAC1-4993-B12F-136D7BA5E874}
        Interface description: Wi-Fi
    Encapsulation type: Ethernet (1)
    Arrival Time: Apr  9, 2026 19:47:59.321648500 India Standard Time
    UTC Arrival Time: Apr  9, 2026 14:17:59.321648500 UTC
    Epoch Arrival Time: 1775744279.321648500
    [Time shift for this packet: 0.000000000 seconds]
    [Time delta from previous captured frame: 1.485500 milliseconds]
    [Time delta from previous displayed frame: 1.485500 milliseconds]
    [Time since reference or first frame: 31.683900 milliseconds]
    Frame Number: 28
    Frame Length: 1047 bytes (8376 bits)
    Capture Length: 1047 bytes (8376 bits)
    [Frame is marked: False]
    [Frame is ignored: False]
    [Protocols in frame: eth:ethertype:vlan:ethertype:ip:udp:quic]
    Character encoding: ASCII (0)
Ethernet II, Src: HewlettPacka_3a:cc:1d (28:92:4a:3a:cc:1d), Dst: 96:77:0b:05:d4:0b (96:77:0b:05:d4:0b)
    Destination: 96:77:0b:05:d4:0b (96:77:0b:05:d4:0b)
        .... ..1. .... .... .... .... = LG bit: Locally administered address (this is NOT the factory default)
        .... ...0 .... .... .... .... = IG bit: Individual address (unicast)
    Source: HewlettPacka_3a:cc:1d (28:92:4a:3a:cc:1d)
        .... ..0. .... .... .... .... = LG bit: Globally unique address (factory default)
        .... ...0 .... .... .... .... = IG bit: Individual address (unicast)
    Type: 802.1Q Virtual LAN (0x8100)
    [Stream index: 0]
802.1Q Virtual LAN, PRI: 0, DEI: 0, ID: 0
    000. .... .... .... = Priority: Best Effort (default) (0)
    ...0 .... .... .... = DEI: Ineligible
    .... 0000 0000 0000 = ID: 0
    Type: IPv4 (0x0800)
Internet Protocol Version 4, Src: 142.251.153.119, Dst: 172.16.90.227
    0100 .... = Version: 4
    .... 0101 = Header Length: 20 bytes (5)
    Differentiated Services Field: 0xb8 (DSCP: EF, ECN: Not-ECT)
        1011 10.. = Differentiated Services Codepoint: Expedited Forwarding (46)
        .... ..00 = Explicit Congestion Notification: Not ECN-Capable Transport (0)
    Total Length: 1029
    Identification: 0x0000 (0)
    010. .... = Flags: 0x2, Don't fragment
        0... .... = Reserved bit: Not set
        .1.. .... = Don't fragment: Set
        ..0. .... = More fragments: Not set
    ...0 0000 0000 0000 = Fragment Offset: 0
    Time to Live: 57
    Protocol: UDP (17)
    Header Checksum: 0x0dca [validation disabled]
    [Header checksum status: Unverified]
    Source Address: 142.251.153.119
    Destination Address: 172.16.90.227
    [Stream index: 0]
User Datagram Protocol, Src Port: 443, Dst Port: 49184
    Source Port: 443
    Destination Port: 49184
    Length: 1009
    Checksum: 0x1a79 [unverified]
    [Checksum Status: Unverified]
    [Stream index: 0]
    [Stream Packet Number: 20]
    [Timestamps]
        [Time since first frame: 31.683900 milliseconds]
        [Time since previous frame: 2.748700 milliseconds]
    UDP payload (1001 bytes)
QUIC IETF
    QUIC Connection information
        [Connection Number: 0]
    [Packet Length: 1001]
    QUIC Short Header
        0... .... = Header Form: Short Header (0)
        .1.. .... = Fixed Bit: True
        ..0. .... = Spin Bit: False
    Remaining Payload […]: a13608ed2a8faf95c59cf366cd4144c1f3a6f0c35b6b72a92d694aa4169021359a07bdf93f8ba67be0ea87690898ef2371a89a1ef06410f1d17ac49d59df26deac31ff58ac8546496fbd785bed892e2965250550d881afdfbc1393f6bf926bbe4a6eaf4fe3149fb54311d1

Frame 29: Packet, 75 bytes on wire (600 bits), 75 bytes captured (600 bits) on interface \Device\NPF_{9B9257DC-FAC1-4993-B12F-136D7BA5E874}, id 0
    Section number: 1
    Interface id: 0 (\Device\NPF_{9B9257DC-FAC1-4993-B12F-136D7BA5E874})
        Interface name: \Device\NPF_{9B9257DC-FAC1-4993-B12F-136D7BA5E874}
        Interface description: Wi-Fi
    Encapsulation type: Ethernet (1)
    Arrival Time: Apr  9, 2026 19:47:59.321825900 India Standard Time
    UTC Arrival Time: Apr  9, 2026 14:17:59.321825900 UTC
    Epoch Arrival Time: 1775744279.321825900
    [Time shift for this packet: 0.000000000 seconds]
    [Time delta from previous captured frame: 177.400 microseconds]
    [Time delta from previous displayed frame: 177.400 microseconds]
    [Time since reference or first frame: 31.861300 milliseconds]
    Frame Number: 29
    Frame Length: 75 bytes (600 bits)
    Capture Length: 75 bytes (600 bits)
    [Frame is marked: False]
    [Frame is ignored: False]
    [Protocols in frame: eth:ethertype:ip:udp:quic]
    Character encoding: ASCII (0)
Ethernet II, Src: 96:77:0b:05:d4:0b (96:77:0b:05:d4:0b), Dst: HewlettPacka_3a:cc:1d (28:92:4a:3a:cc:1d)
    Destination: HewlettPacka_3a:cc:1d (28:92:4a:3a:cc:1d)
        .... ..0. .... .... .... .... = LG bit: Globally unique address (factory default)
        .... ...0 .... .... .... .... = IG bit: Individual address (unicast)
    Source: 96:77:0b:05:d4:0b (96:77:0b:05:d4:0b)
        .... ..1. .... .... .... .... = LG bit: Locally administered address (this is NOT the factory default)
        .... ...0 .... .... .... .... = IG bit: Individual address (unicast)
    Type: IPv4 (0x0800)
    [Stream index: 0]
Internet Protocol Version 4, Src: 172.16.90.227, Dst: 142.251.153.119
    0100 .... = Version: 4
    .... 0101 = Header Length: 20 bytes (5)
    Differentiated Services Field: 0x00 (DSCP: CS0, ECN: Not-ECT)
        0000 00.. = Differentiated Services Codepoint: Default (0)
        .... ..00 = Explicit Congestion Notification: Not ECN-Capable Transport (0)
    Total Length: 61
    Identification: 0xaf5b (44891)
    010. .... = Flags: 0x2, Don't fragment
        0... .... = Reserved bit: Not set
        .1.. .... = Don't fragment: Set
        ..0. .... = More fragments: Not set
    ...0 0000 0000 0000 = Fragment Offset: 0
    Time to Live: 128
    Protocol: UDP (17)
    Header Checksum: 0x0000 [validation disabled]
    [Header checksum status: Unverified]
    Source Address: 172.16.90.227
    Destination Address: 142.251.153.119
    [Stream index: 0]
User Datagram Protocol, Src Port: 49184, Dst Port: 443
    Source Port: 49184
    Destination Port: 443
    Length: 41
    Checksum: 0x2fa1 [unverified]
    [Checksum Status: Unverified]
    [Stream index: 0]
    [Stream Packet Number: 21]
    [Timestamps]
        [Time since first frame: 31.861300 milliseconds]
        [Time since previous frame: 177.400 microseconds]
    UDP payload (33 bytes)
QUIC IETF
    QUIC Connection information
        [Connection Number: 0]
    [Packet Length: 33]
    QUIC Short Header DCID=e898f8a36167c06e
        0... .... = Header Form: Short Header (0)
        .1.. .... = Fixed Bit: True
        ..0. .... = Spin Bit: False
        Destination Connection ID: e898f8a36167c06e
    Remaining Payload: 30e3e19acb42796a240164d4cae332eeef94609f933450f7

Frame 30: Packet, 167 bytes on wire (1336 bits), 167 bytes captured (1336 bits) on interface \Device\NPF_{9B9257DC-FAC1-4993-B12F-136D7BA5E874}, id 0
    Section number: 1
    Interface id: 0 (\Device\NPF_{9B9257DC-FAC1-4993-B12F-136D7BA5E874})
        Interface name: \Device\NPF_{9B9257DC-FAC1-4993-B12F-136D7BA5E874}
        Interface description: Wi-Fi
    Encapsulation type: Ethernet (1)
    Arrival Time: Apr  9, 2026 19:47:59.321951300 India Standard Time
    UTC Arrival Time: Apr  9, 2026 14:17:59.321951300 UTC
    Epoch Arrival Time: 1775744279.321951300
    [Time shift for this packet: 0.000000000 seconds]
    [Time delta from previous captured frame: 125.400 microseconds]
    [Time delta from previous displayed frame: 125.400 microseconds]
    [Time since reference or first frame: 31.986700 milliseconds]
    Frame Number: 30
    Frame Length: 167 bytes (1336 bits)
    Capture Length: 167 bytes (1336 bits)
    [Frame is marked: False]
    [Frame is ignored: False]
    [Protocols in frame: eth:ethertype:vlan:ethertype:ip:udp:quic]
    Character encoding: ASCII (0)
Ethernet II, Src: HewlettPacka_3a:cc:1d (28:92:4a:3a:cc:1d), Dst: 96:77:0b:05:d4:0b (96:77:0b:05:d4:0b)
    Destination: 96:77:0b:05:d4:0b (96:77:0b:05:d4:0b)
        .... ..1. .... .... .... .... = LG bit: Locally administered address (this is NOT the factory default)
        .... ...0 .... .... .... .... = IG bit: Individual address (unicast)
    Source: HewlettPacka_3a:cc:1d (28:92:4a:3a:cc:1d)
        .... ..0. .... .... .... .... = LG bit: Globally unique address (factory default)
        .... ...0 .... .... .... .... = IG bit: Individual address (unicast)
    Type: 802.1Q Virtual LAN (0x8100)
    [Stream index: 0]
802.1Q Virtual LAN, PRI: 0, DEI: 0, ID: 0
    000. .... .... .... = Priority: Best Effort (default) (0)
    ...0 .... .... .... = DEI: Ineligible
    .... 0000 0000 0000 = ID: 0
    Type: IPv4 (0x0800)
Internet Protocol Version 4, Src: 142.251.153.119, Dst: 172.16.90.227
    0100 .... = Version: 4
    .... 0101 = Header Length: 20 bytes (5)
    Differentiated Services Field: 0xb8 (DSCP: EF, ECN: Not-ECT)
        1011 10.. = Differentiated Services Codepoint: Expedited Forwarding (46)
        .... ..00 = Explicit Congestion Notification: Not ECN-Capable Transport (0)
    Total Length: 149
    Identification: 0x0000 (0)
    010. .... = Flags: 0x2, Don't fragment
        0... .... = Reserved bit: Not set
        .1.. .... = Don't fragment: Set
        ..0. .... = More fragments: Not set
    ...0 0000 0000 0000 = Fragment Offset: 0
    Time to Live: 57
    Protocol: UDP (17)
    Header Checksum: 0x113a [validation disabled]
    [Header checksum status: Unverified]
    Source Address: 142.251.153.119
    Destination Address: 172.16.90.227
    [Stream index: 0]
User Datagram Protocol, Src Port: 443, Dst Port: 49184
    Source Port: 443
    Destination Port: 49184
    Length: 129
    Checksum: 0x0942 [unverified]
    [Checksum Status: Unverified]
    [Stream index: 0]
    [Stream Packet Number: 22]
    [Timestamps]
        [Time since first frame: 31.986700 milliseconds]
        [Time since previous frame: 125.400 microseconds]
    UDP payload (121 bytes)
QUIC IETF
    QUIC Connection information
        [Connection Number: 0]
    [Packet Length: 121]
    QUIC Short Header
        0... .... = Header Form: Short Header (0)
        .1.. .... = Fixed Bit: True
        ..0. .... = Spin Bit: False
    Remaining Payload […]: b0707765922065dc3ce757fc4f7192c24baa9adb85d54f65e58c44685da28f1b8d2261dea5aca3fdadb91a7bb979bebf82ea66573d9fd2bfbb95c1f33bdec4b21735e5ecb379c16edb7f8316cf01bb101874db3b4072be2592abb0023e62eee5ed8d805414a31c0bd0e104

Frame 31: Packet, 69 bytes on wire (552 bits), 69 bytes captured (552 bits) on interface \Device\NPF_{9B9257DC-FAC1-4993-B12F-136D7BA5E874}, id 0
    Section number: 1
    Interface id: 0 (\Device\NPF_{9B9257DC-FAC1-4993-B12F-136D7BA5E874})
        Interface name: \Device\NPF_{9B9257DC-FAC1-4993-B12F-136D7BA5E874}
        Interface description: Wi-Fi
    Encapsulation type: Ethernet (1)
    Arrival Time: Apr  9, 2026 19:47:59.321951300 India Standard Time
    UTC Arrival Time: Apr  9, 2026 14:17:59.321951300 UTC
    Epoch Arrival Time: 1775744279.321951300
    [Time shift for this packet: 0.000000000 seconds]
    [Time delta from previous captured frame: 0.000000000 seconds]
    [Time delta from previous displayed frame: 0.000000000 seconds]
    [Time since reference or first frame: 31.986700 milliseconds]
    Frame Number: 31
    Frame Length: 69 bytes (552 bits)
    Capture Length: 69 bytes (552 bits)
    [Frame is marked: False]
    [Frame is ignored: False]
    [Protocols in frame: eth:ethertype:vlan:ethertype:ip:udp:quic]
    Character encoding: ASCII (0)
Ethernet II, Src: HewlettPacka_3a:cc:1d (28:92:4a:3a:cc:1d), Dst: 96:77:0b:05:d4:0b (96:77:0b:05:d4:0b)
    Destination: 96:77:0b:05:d4:0b (96:77:0b:05:d4:0b)
        .... ..1. .... .... .... .... = LG bit: Locally administered address (this is NOT the factory default)
        .... ...0 .... .... .... .... = IG bit: Individual address (unicast)
    Source: HewlettPacka_3a:cc:1d (28:92:4a:3a:cc:1d)
        .... ..0. .... .... .... .... = LG bit: Globally unique address (factory default)
        .... ...0 .... .... .... .... = IG bit: Individual address (unicast)
    Type: 802.1Q Virtual LAN (0x8100)
    [Stream index: 0]
802.1Q Virtual LAN, PRI: 0, DEI: 0, ID: 0
    000. .... .... .... = Priority: Best Effort (default) (0)
    ...0 .... .... .... = DEI: Ineligible
    .... 0000 0000 0000 = ID: 0
    Type: IPv4 (0x0800)
Internet Protocol Version 4, Src: 142.251.153.119, Dst: 172.16.90.227
    0100 .... = Version: 4
    .... 0101 = Header Length: 20 bytes (5)
    Differentiated Services Field: 0xb8 (DSCP: EF, ECN: Not-ECT)
        1011 10.. = Differentiated Services Codepoint: Expedited Forwarding (46)
        .... ..00 = Explicit Congestion Notification: Not ECN-Capable Transport (0)
    Total Length: 51
    Identification: 0x0000 (0)
    010. .... = Flags: 0x2, Don't fragment
        0... .... = Reserved bit: Not set
        .1.. .... = Don't fragment: Set
        ..0. .... = More fragments: Not set
    ...0 0000 0000 0000 = Fragment Offset: 0
    Time to Live: 57
    Protocol: UDP (17)
    Header Checksum: 0x119c [validation disabled]
    [Header checksum status: Unverified]
    Source Address: 142.251.153.119
    Destination Address: 172.16.90.227
    [Stream index: 0]
User Datagram Protocol, Src Port: 443, Dst Port: 49184
    Source Port: 443
    Destination Port: 49184
    Length: 31
    Checksum: 0xa8a5 [unverified]
    [Checksum Status: Unverified]
    [Stream index: 0]
    [Stream Packet Number: 23]
    [Timestamps]
        [Time since first frame: 31.986700 milliseconds]
        [Time since previous frame: 0.000000000 seconds]
    UDP payload (23 bytes)
QUIC IETF
    QUIC Connection information
        [Connection Number: 0]
    [Packet Length: 23]
    QUIC Short Header
        0... .... = Header Form: Short Header (0)
        .1.. .... = Fixed Bit: True
        ..0. .... = Spin Bit: False
    Remaining Payload: 1d99cee7411f6cb6e479e48bbcbcd827b1825427ca24

Frame 32: Packet, 75 bytes on wire (600 bits), 75 bytes captured (600 bits) on interface \Device\NPF_{9B9257DC-FAC1-4993-B12F-136D7BA5E874}, id 0
    Section number: 1
    Interface id: 0 (\Device\NPF_{9B9257DC-FAC1-4993-B12F-136D7BA5E874})
        Interface name: \Device\NPF_{9B9257DC-FAC1-4993-B12F-136D7BA5E874}
        Interface description: Wi-Fi
    Encapsulation type: Ethernet (1)
    Arrival Time: Apr  9, 2026 19:47:59.322033300 India Standard Time
    UTC Arrival Time: Apr  9, 2026 14:17:59.322033300 UTC
    Epoch Arrival Time: 1775744279.322033300
    [Time shift for this packet: 0.000000000 seconds]
    [Time delta from previous captured frame: 82.000 microseconds]
    [Time delta from previous displayed frame: 82.000 microseconds]
    [Time since reference or first frame: 32.068700 milliseconds]
    Frame Number: 32
    Frame Length: 75 bytes (600 bits)
    Capture Length: 75 bytes (600 bits)
    [Frame is marked: False]
    [Frame is ignored: False]
    [Protocols in frame: eth:ethertype:ip:udp:quic]
    Character encoding: ASCII (0)
Ethernet II, Src: 96:77:0b:05:d4:0b (96:77:0b:05:d4:0b), Dst: HewlettPacka_3a:cc:1d (28:92:4a:3a:cc:1d)
    Destination: HewlettPacka_3a:cc:1d (28:92:4a:3a:cc:1d)
        .... ..0. .... .... .... .... = LG bit: Globally unique address (factory default)
        .... ...0 .... .... .... .... = IG bit: Individual address (unicast)
    Source: 96:77:0b:05:d4:0b (96:77:0b:05:d4:0b)
        .... ..1. .... .... .... .... = LG bit: Locally administered address (this is NOT the factory default)
        .... ...0 .... .... .... .... = IG bit: Individual address (unicast)
    Type: IPv4 (0x0800)
    [Stream index: 0]
Internet Protocol Version 4, Src: 172.16.90.227, Dst: 142.251.153.119
    0100 .... = Version: 4
    .... 0101 = Header Length: 20 bytes (5)
    Differentiated Services Field: 0x00 (DSCP: CS0, ECN: Not-ECT)
        0000 00.. = Differentiated Services Codepoint: Default (0)
        .... ..00 = Explicit Congestion Notification: Not ECN-Capable Transport (0)
    Total Length: 61
    Identification: 0xaf5c (44892)
    010. .... = Flags: 0x2, Don't fragment
        0... .... = Reserved bit: Not set
        .1.. .... = Don't fragment: Set
        ..0. .... = More fragments: Not set
    ...0 0000 0000 0000 = Fragment Offset: 0
    Time to Live: 128
    Protocol: UDP (17)
    Header Checksum: 0x0000 [validation disabled]
    [Header checksum status: Unverified]
    Source Address: 172.16.90.227
    Destination Address: 142.251.153.119
    [Stream index: 0]
User Datagram Protocol, Src Port: 49184, Dst Port: 443
    Source Port: 49184
    Destination Port: 443
    Length: 41
    Checksum: 0x2fa1 [unverified]
    [Checksum Status: Unverified]
    [Stream index: 0]
    [Stream Packet Number: 24]
    [Timestamps]
        [Time since first frame: 32.068700 milliseconds]
        [Time since previous frame: 82.000 microseconds]
    UDP payload (33 bytes)
QUIC IETF
    QUIC Connection information
        [Connection Number: 0]
    [Packet Length: 33]
    QUIC Short Header DCID=e898f8a36167c06e
        0... .... = Header Form: Short Header (0)
        .1.. .... = Fixed Bit: True
        ..0. .... = Spin Bit: False
        Destination Connection ID: e898f8a36167c06e
    Remaining Payload: cc5b402f4c7e243240b24350d5260bbc12d7deaccff6351e

Frame 33: Packet, 75 bytes on wire (600 bits), 75 bytes captured (600 bits) on interface \Device\NPF_{9B9257DC-FAC1-4993-B12F-136D7BA5E874}, id 0
    Section number: 1
    Interface id: 0 (\Device\NPF_{9B9257DC-FAC1-4993-B12F-136D7BA5E874})
        Interface name: \Device\NPF_{9B9257DC-FAC1-4993-B12F-136D7BA5E874}
        Interface description: Wi-Fi
    Encapsulation type: Ethernet (1)
    Arrival Time: Apr  9, 2026 19:47:59.323371500 India Standard Time
    UTC Arrival Time: Apr  9, 2026 14:17:59.323371500 UTC
    Epoch Arrival Time: 1775744279.323371500
    [Time shift for this packet: 0.000000000 seconds]
    [Time delta from previous captured frame: 1.338200 milliseconds]
    [Time delta from previous displayed frame: 1.338200 milliseconds]
    [Time since reference or first frame: 33.406900 milliseconds]
    Frame Number: 33
    Frame Length: 75 bytes (600 bits)
    Capture Length: 75 bytes (600 bits)
    [Frame is marked: False]
    [Frame is ignored: False]
    [Protocols in frame: eth:ethertype:vlan:ethertype:ip:udp:quic]
    Character encoding: ASCII (0)
Ethernet II, Src: HewlettPacka_3a:cc:1d (28:92:4a:3a:cc:1d), Dst: 96:77:0b:05:d4:0b (96:77:0b:05:d4:0b)
    Destination: 96:77:0b:05:d4:0b (96:77:0b:05:d4:0b)
        .... ..1. .... .... .... .... = LG bit: Locally administered address (this is NOT the factory default)
        .... ...0 .... .... .... .... = IG bit: Individual address (unicast)
    Source: HewlettPacka_3a:cc:1d (28:92:4a:3a:cc:1d)
        .... ..0. .... .... .... .... = LG bit: Globally unique address (factory default)
        .... ...0 .... .... .... .... = IG bit: Individual address (unicast)
    Type: 802.1Q Virtual LAN (0x8100)
    [Stream index: 0]
802.1Q Virtual LAN, PRI: 0, DEI: 0, ID: 0
    000. .... .... .... = Priority: Best Effort (default) (0)
    ...0 .... .... .... = DEI: Ineligible
    .... 0000 0000 0000 = ID: 0
    Type: IPv4 (0x0800)
Internet Protocol Version 4, Src: 142.251.153.119, Dst: 172.16.90.227
    0100 .... = Version: 4
    .... 0101 = Header Length: 20 bytes (5)
    Differentiated Services Field: 0xb8 (DSCP: EF, ECN: Not-ECT)
        1011 10.. = Differentiated Services Codepoint: Expedited Forwarding (46)
        .... ..00 = Explicit Congestion Notification: Not ECN-Capable Transport (0)
    Total Length: 57
    Identification: 0x0000 (0)
    010. .... = Flags: 0x2, Don't fragment
        0... .... = Reserved bit: Not set
        .1.. .... = Don't fragment: Set
        ..0. .... = More fragments: Not set
    ...0 0000 0000 0000 = Fragment Offset: 0
    Time to Live: 57
    Protocol: UDP (17)
    Header Checksum: 0x1196 [validation disabled]
    [Header checksum status: Unverified]
    Source Address: 142.251.153.119
    Destination Address: 172.16.90.227
    [Stream index: 0]
User Datagram Protocol, Src Port: 443, Dst Port: 49184
    Source Port: 443
    Destination Port: 49184
    Length: 37
    Checksum: 0x08e3 [unverified]
    [Checksum Status: Unverified]
    [Stream index: 0]
    [Stream Packet Number: 25]
    [Timestamps]
        [Time since first frame: 33.406900 milliseconds]
        [Time since previous frame: 1.338200 milliseconds]
    UDP payload (29 bytes)
QUIC IETF
    QUIC Connection information
        [Connection Number: 0]
    [Packet Length: 29]
    QUIC Short Header
        0... .... = Header Form: Short Header (0)
        .1.. .... = Fixed Bit: True
        ..0. .... = Spin Bit: False
    Remaining Payload: d0236061ff511019204d9b0e477fb3644825ecd0f652b3f6f4b5b496

Frame 34: Packet, 75 bytes on wire (600 bits), 75 bytes captured (600 bits) on interface \Device\NPF_{9B9257DC-FAC1-4993-B12F-136D7BA5E874}, id 0
    Section number: 1
    Interface id: 0 (\Device\NPF_{9B9257DC-FAC1-4993-B12F-136D7BA5E874})
        Interface name: \Device\NPF_{9B9257DC-FAC1-4993-B12F-136D7BA5E874}
        Interface description: Wi-Fi
    Encapsulation type: Ethernet (1)
    Arrival Time: Apr  9, 2026 19:47:59.334385300 India Standard Time
    UTC Arrival Time: Apr  9, 2026 14:17:59.334385300 UTC
    Epoch Arrival Time: 1775744279.334385300
    [Time shift for this packet: 0.000000000 seconds]
    [Time delta from previous captured frame: 11.013800 milliseconds]
    [Time delta from previous displayed frame: 11.013800 milliseconds]
    [Time since reference or first frame: 44.420700 milliseconds]
    Frame Number: 34
    Frame Length: 75 bytes (600 bits)
    Capture Length: 75 bytes (600 bits)
    [Frame is marked: False]
    [Frame is ignored: False]
    [Protocols in frame: eth:ethertype:ip:udp:quic]
    Character encoding: ASCII (0)
Ethernet II, Src: 96:77:0b:05:d4:0b (96:77:0b:05:d4:0b), Dst: HewlettPacka_3a:cc:1d (28:92:4a:3a:cc:1d)
    Destination: HewlettPacka_3a:cc:1d (28:92:4a:3a:cc:1d)
        .... ..0. .... .... .... .... = LG bit: Globally unique address (factory default)
        .... ...0 .... .... .... .... = IG bit: Individual address (unicast)
    Source: 96:77:0b:05:d4:0b (96:77:0b:05:d4:0b)
        .... ..1. .... .... .... .... = LG bit: Locally administered address (this is NOT the factory default)
        .... ...0 .... .... .... .... = IG bit: Individual address (unicast)
    Type: IPv4 (0x0800)
    [Stream index: 0]
Internet Protocol Version 4, Src: 172.16.90.227, Dst: 142.251.153.119
    0100 .... = Version: 4
    .... 0101 = Header Length: 20 bytes (5)
    Differentiated Services Field: 0x00 (DSCP: CS0, ECN: Not-ECT)
        0000 00.. = Differentiated Services Codepoint: Default (0)
        .... ..00 = Explicit Congestion Notification: Not ECN-Capable Transport (0)
    Total Length: 61
    Identification: 0xaf5d (44893)
    010. .... = Flags: 0x2, Don't fragment
        0... .... = Reserved bit: Not set
        .1.. .... = Don't fragment: Set
        ..0. .... = More fragments: Not set
    ...0 0000 0000 0000 = Fragment Offset: 0
    Time to Live: 128
    Protocol: UDP (17)
    Header Checksum: 0x0000 [validation disabled]
    [Header checksum status: Unverified]
    Source Address: 172.16.90.227
    Destination Address: 142.251.153.119
    [Stream index: 0]
User Datagram Protocol, Src Port: 49184, Dst Port: 443
    Source Port: 49184
    Destination Port: 443
    Length: 41
    Checksum: 0x2fa1 [unverified]
    [Checksum Status: Unverified]
    [Stream index: 0]
    [Stream Packet Number: 26]
    [Timestamps]
        [Time since first frame: 44.420700 milliseconds]
        [Time since previous frame: 11.013800 milliseconds]
    UDP payload (33 bytes)
QUIC IETF
    QUIC Connection information
        [Connection Number: 0]
    [Packet Length: 33]
    QUIC Short Header DCID=e898f8a36167c06e
        0... .... = Header Form: Short Header (0)
        .1.. .... = Fixed Bit: True
        ..0. .... = Spin Bit: False
        Destination Connection ID: e898f8a36167c06e
    Remaining Payload: c48790cad994047cc82f5273d2f7459700da7de4084999e7

Frame 35: Packet, 70 bytes on wire (560 bits), 70 bytes captured (560 bits) on interface \Device\NPF_{9B9257DC-FAC1-4993-B12F-136D7BA5E874}, id 0
    Section number: 1
    Interface id: 0 (\Device\NPF_{9B9257DC-FAC1-4993-B12F-136D7BA5E874})
        Interface name: \Device\NPF_{9B9257DC-FAC1-4993-B12F-136D7BA5E874}
        Interface description: Wi-Fi
    Encapsulation type: Ethernet (1)
    Arrival Time: Apr  9, 2026 19:47:59.364440900 India Standard Time
    UTC Arrival Time: Apr  9, 2026 14:17:59.364440900 UTC
    Epoch Arrival Time: 1775744279.364440900
    [Time shift for this packet: 0.000000000 seconds]
    [Time delta from previous captured frame: 30.055600 milliseconds]
    [Time delta from previous displayed frame: 30.055600 milliseconds]
    [Time since reference or first frame: 74.476300 milliseconds]
    Frame Number: 35
    Frame Length: 70 bytes (560 bits)
    Capture Length: 70 bytes (560 bits)
    [Frame is marked: False]
    [Frame is ignored: False]
    [Protocols in frame: eth:ethertype:vlan:ethertype:ip:udp:quic]
    Character encoding: ASCII (0)
Ethernet II, Src: HewlettPacka_3a:cc:1d (28:92:4a:3a:cc:1d), Dst: 96:77:0b:05:d4:0b (96:77:0b:05:d4:0b)
    Destination: 96:77:0b:05:d4:0b (96:77:0b:05:d4:0b)
        .... ..1. .... .... .... .... = LG bit: Locally administered address (this is NOT the factory default)
        .... ...0 .... .... .... .... = IG bit: Individual address (unicast)
    Source: HewlettPacka_3a:cc:1d (28:92:4a:3a:cc:1d)
        .... ..0. .... .... .... .... = LG bit: Globally unique address (factory default)
        .... ...0 .... .... .... .... = IG bit: Individual address (unicast)
    Type: 802.1Q Virtual LAN (0x8100)
    [Stream index: 0]
802.1Q Virtual LAN, PRI: 0, DEI: 0, ID: 0
    000. .... .... .... = Priority: Best Effort (default) (0)
    ...0 .... .... .... = DEI: Ineligible
    .... 0000 0000 0000 = ID: 0
    Type: IPv4 (0x0800)
Internet Protocol Version 4, Src: 142.251.153.119, Dst: 172.16.90.227
    0100 .... = Version: 4
    .... 0101 = Header Length: 20 bytes (5)
    Differentiated Services Field: 0xb8 (DSCP: EF, ECN: Not-ECT)
        1011 10.. = Differentiated Services Codepoint: Expedited Forwarding (46)
        .... ..00 = Explicit Congestion Notification: Not ECN-Capable Transport (0)
    Total Length: 52
    Identification: 0x0000 (0)
    010. .... = Flags: 0x2, Don't fragment
        0... .... = Reserved bit: Not set
        .1.. .... = Don't fragment: Set
        ..0. .... = More fragments: Not set
    ...0 0000 0000 0000 = Fragment Offset: 0
    Time to Live: 57
    Protocol: UDP (17)
    Header Checksum: 0x119b [validation disabled]
    [Header checksum status: Unverified]
    Source Address: 142.251.153.119
    Destination Address: 172.16.90.227
    [Stream index: 0]
User Datagram Protocol, Src Port: 443, Dst Port: 49184
    Source Port: 443
    Destination Port: 49184
    Length: 32
    Checksum: 0xe86f [unverified]
    [Checksum Status: Unverified]
    [Stream index: 0]
    [Stream Packet Number: 27]
    [Timestamps]
        [Time since first frame: 74.476300 milliseconds]
        [Time since previous frame: 30.055600 milliseconds]
    UDP payload (24 bytes)
QUIC IETF
    QUIC Connection information
        [Connection Number: 0]
    [Packet Length: 24]
    QUIC Short Header
        0... .... = Header Form: Short Header (0)
        .1.. .... = Fixed Bit: True
        ..0. .... = Spin Bit: False
    Remaining Payload: ffeeffd6dc0bd4f299854ec8c7fc375ee15ccacdaf4908

Frame 36: Packet, 1292 bytes on wire (10336 bits), 1292 bytes captured (10336 bits) on interface \Device\NPF_{9B9257DC-FAC1-4993-B12F-136D7BA5E874}, id 0
    Section number: 1
    Interface id: 0 (\Device\NPF_{9B9257DC-FAC1-4993-B12F-136D7BA5E874})
        Interface name: \Device\NPF_{9B9257DC-FAC1-4993-B12F-136D7BA5E874}
        Interface description: Wi-Fi
    Encapsulation type: Ethernet (1)
    Arrival Time: Apr  9, 2026 19:47:59.371417000 India Standard Time
    UTC Arrival Time: Apr  9, 2026 14:17:59.371417000 UTC
    Epoch Arrival Time: 1775744279.371417000
    [Time shift for this packet: 0.000000000 seconds]
    [Time delta from previous captured frame: 6.976100 milliseconds]
    [Time delta from previous displayed frame: 6.976100 milliseconds]
    [Time since reference or first frame: 81.452400 milliseconds]
    Frame Number: 36
    Frame Length: 1292 bytes (10336 bits)
    Capture Length: 1292 bytes (10336 bits)
    [Frame is marked: False]
    [Frame is ignored: False]
    [Protocols in frame: eth:ethertype:ip:udp:quic]
    Character encoding: ASCII (0)
Ethernet II, Src: 96:77:0b:05:d4:0b (96:77:0b:05:d4:0b), Dst: HewlettPacka_3a:cc:1d (28:92:4a:3a:cc:1d)
    Destination: HewlettPacka_3a:cc:1d (28:92:4a:3a:cc:1d)
        .... ..0. .... .... .... .... = LG bit: Globally unique address (factory default)
        .... ...0 .... .... .... .... = IG bit: Individual address (unicast)
    Source: 96:77:0b:05:d4:0b (96:77:0b:05:d4:0b)
        .... ..1. .... .... .... .... = LG bit: Locally administered address (this is NOT the factory default)
        .... ...0 .... .... .... .... = IG bit: Individual address (unicast)
    Type: IPv4 (0x0800)
    [Stream index: 0]
Internet Protocol Version 4, Src: 172.16.90.227, Dst: 142.251.153.119
    0100 .... = Version: 4
    .... 0101 = Header Length: 20 bytes (5)
    Differentiated Services Field: 0x00 (DSCP: CS0, ECN: Not-ECT)
        0000 00.. = Differentiated Services Codepoint: Default (0)
        .... ..00 = Explicit Congestion Notification: Not ECN-Capable Transport (0)
    Total Length: 1278
    Identification: 0xaf60 (44896)
    010. .... = Flags: 0x2, Don't fragment
        0... .... = Reserved bit: Not set
        .1.. .... = Don't fragment: Set
        ..0. .... = More fragments: Not set
    ...0 0000 0000 0000 = Fragment Offset: 0
    Time to Live: 128
    Protocol: UDP (17)
    Header Checksum: 0x0000 [validation disabled]
    [Header checksum status: Unverified]
    Source Address: 172.16.90.227
    Destination Address: 142.251.153.119
    [Stream index: 0]
User Datagram Protocol, Src Port: 64301, Dst Port: 443
    Source Port: 64301
    Destination Port: 443
    Length: 1258
    Checksum: 0x3462 [unverified]
    [Checksum Status: Unverified]
    [Stream index: 3]
    [Stream Packet Number: 1]
    [Timestamps]
        [Time since first frame: 0.000000000 seconds]
        [Time since previous frame: 0.000000000 seconds]
    UDP payload (1250 bytes)
QUIC IETF
    QUIC Connection information
        [Connection Number: 3]
    [Packet Length: 1250]
    1... .... = Header Form: Long Header (1)
    .1.. .... = Fixed Bit: True
    ..00 .... = Packet Type: Initial (0)
    [.... 00.. = Reserved: 0]
    [.... ..00 = Packet Number Length: 1 bytes (0)]
    Version: 1 (0x00000001)
    Destination Connection ID Length: 8
    Destination Connection ID: 8a0f425fa24c03a2
    Source Connection ID Length: 0
    Token Length: 70
    Token: 00c9988bda2ac7d804e10981426c9f5ce5c8df8b87bc8a703c915be023735ffcbc1144e02cf9a9d881f82364ee6aa94804add0f34de5c5b4b80c0820c2f73aa8b7b489577195
    Length: 1161
    [Packet Number: 1]
    Payload […]: c38ec4a083d1ac9abccebb726d4d54b25611171b7ebd922833ad0376fc7180acab118b33fa63408c012465de19c89bc47c5ce13a489cf83a883be2692502c5face2a961dd8bbf946befe495d7a6a5a0c70f49ec3eca9bd11750e6cd8499dddd6e152c298342f06edf608c4426c61dc12
    CRYPTO
        Frame Type: CRYPTO (0x0000000000000006)
        Offset: 1223
        Length: 1047
        Crypto Data
    PING
        Frame Type: PING (0x0000000000000001)
    CRYPTO
        Frame Type: CRYPTO (0x0000000000000006)
        Offset: 0
        Length: 86
        Crypto Data
    PING
        Frame Type: PING (0x0000000000000001)

Frame 37: Packet, 1292 bytes on wire (10336 bits), 1292 bytes captured (10336 bits) on interface \Device\NPF_{9B9257DC-FAC1-4993-B12F-136D7BA5E874}, id 0
    Section number: 1
    Interface id: 0 (\Device\NPF_{9B9257DC-FAC1-4993-B12F-136D7BA5E874})
        Interface name: \Device\NPF_{9B9257DC-FAC1-4993-B12F-136D7BA5E874}
        Interface description: Wi-Fi
    Encapsulation type: Ethernet (1)
    Arrival Time: Apr  9, 2026 19:47:59.371492800 India Standard Time
    UTC Arrival Time: Apr  9, 2026 14:17:59.371492800 UTC
    Epoch Arrival Time: 1775744279.371492800
    [Time shift for this packet: 0.000000000 seconds]
    [Time delta from previous captured frame: 75.800 microseconds]
    [Time delta from previous displayed frame: 75.800 microseconds]
    [Time since reference or first frame: 81.528200 milliseconds]
    Frame Number: 37
    Frame Length: 1292 bytes (10336 bits)
    Capture Length: 1292 bytes (10336 bits)
    [Frame is marked: False]
    [Frame is ignored: False]
    [Protocols in frame: eth:ethertype:ip:udp:quic:tls]
    Character encoding: ASCII (0)
Ethernet II, Src: 96:77:0b:05:d4:0b (96:77:0b:05:d4:0b), Dst: HewlettPacka_3a:cc:1d (28:92:4a:3a:cc:1d)
    Destination: HewlettPacka_3a:cc:1d (28:92:4a:3a:cc:1d)
        .... ..0. .... .... .... .... = LG bit: Globally unique address (factory default)
        .... ...0 .... .... .... .... = IG bit: Individual address (unicast)
    Source: 96:77:0b:05:d4:0b (96:77:0b:05:d4:0b)
        .... ..1. .... .... .... .... = LG bit: Locally administered address (this is NOT the factory default)
        .... ...0 .... .... .... .... = IG bit: Individual address (unicast)
    Type: IPv4 (0x0800)
    [Stream index: 0]
Internet Protocol Version 4, Src: 172.16.90.227, Dst: 142.251.153.119
    0100 .... = Version: 4
    .... 0101 = Header Length: 20 bytes (5)
    Differentiated Services Field: 0x00 (DSCP: CS0, ECN: Not-ECT)
        0000 00.. = Differentiated Services Codepoint: Default (0)
        .... ..00 = Explicit Congestion Notification: Not ECN-Capable Transport (0)
    Total Length: 1278
    Identification: 0xaf61 (44897)
    010. .... = Flags: 0x2, Don't fragment
        0... .... = Reserved bit: Not set
        .1.. .... = Don't fragment: Set
        ..0. .... = More fragments: Not set
    ...0 0000 0000 0000 = Fragment Offset: 0
    Time to Live: 128
    Protocol: UDP (17)
    Header Checksum: 0x0000 [validation disabled]
    [Header checksum status: Unverified]
    Source Address: 172.16.90.227
    Destination Address: 142.251.153.119
    [Stream index: 0]
User Datagram Protocol, Src Port: 64301, Dst Port: 443
    Source Port: 64301
    Destination Port: 443
    Length: 1258
    Checksum: 0x3462 [unverified]
    [Checksum Status: Unverified]
    [Stream index: 3]
    [Stream Packet Number: 2]
    [Timestamps]
        [Time since first frame: 75.800 microseconds]
        [Time since previous frame: 75.800 microseconds]
    UDP payload (1250 bytes)
QUIC IETF
    QUIC Connection information
        [Connection Number: 3]
    [Packet Length: 1250]
    1... .... = Header Form: Long Header (1)
    .1.. .... = Fixed Bit: True
    ..00 .... = Packet Type: Initial (0)
    [.... 00.. = Reserved: 0]
    [.... ..00 = Packet Number Length: 1 bytes (0)]
    Version: 1 (0x00000001)
    Destination Connection ID Length: 8
    Destination Connection ID: 8a0f425fa24c03a2
    Source Connection ID Length: 0
    Token Length: 70
    Token: 00c9988bda2ac7d804e10981426c9f5ce5c8df8b87bc8a703c915be023735ffcbc1144e02cf9a9d881f82364ee6aa94804add0f34de5c5b4b80c0820c2f73aa8b7b489577195
    Length: 1161
    [Packet Number: 2]
    Payload […]: 3e85505a7d525c65fe317c9c6769cff9aae09e84b9aeed5afb3fd9a91ac61251fd8ad5f17e81f4996e135e99b0e50d4690cc05b54b4a45d0d0c32f528ccee9c026b62b5bab4203c2441cab172d47ccd9db6b14b7e43bdf45e5ddc8b5b47b0b201b77109111492ee90eee2a0e36d086ad
    CRYPTO
        Frame Type: CRYPTO (0x0000000000000006)
        Offset: 86
        Length: 1137
        Crypto Data
        [3 Reassembled QUIC CRYPTO Data Fragments (2270 bytes): #36(86), #37(1137), #36(1047)]
            [Frame: 36, payload: 0-85 (86 bytes)]
            [Frame: 37, payload: 86-1222 (1137 bytes)]
            [Frame: 36, payload: 1223-2269 (1047 bytes)]
            [Fragment count: 3]
        TLSv1.3 Record Layer: Handshake Protocol: Client Hello
            Handshake Protocol: Client Hello
                Handshake Type: Client Hello (1)
                Length: 2266
                Version: TLS 1.2 (0x0303)
                    [Expert Info (Chat/Deprecated): This legacy_version field MUST be ignored. The supported_versions extension is present and MUST be used instead.]
                        [This legacy_version field MUST be ignored. The supported_versions extension is present and MUST be used instead.]
                        [Severity level: Chat]
                        [Group: Deprecated]
                Random: 7603583ce94abf6896165a0f8e6a37a36ef6c1b15f0187ba05372c4a0195d971
                Session ID Length: 0
                Cipher Suites Length: 6
                Cipher Suites (3 suites)
                    Cipher Suite: TLS_AES_128_GCM_SHA256 (0x1301)
                    Cipher Suite: TLS_AES_256_GCM_SHA384 (0x1302)
                    Cipher Suite: TLS_CHACHA20_POLY1305_SHA256 (0x1303)
                Compression Methods Length: 1
                Compression Methods (1 method)
                    Compression Method: null (0)
                Extensions Length: 2219
                Extension: application_settings (len=5)
                    Type: application_settings (17613)
                    Length: 5
                    ALPS Extension Length: 3
                    Supported ALPN List
                        Supported ALPN Length: 2
                        Supported ALPN: h3
                Extension: encrypted_client_hello (len=250)
                    Type: encrypted_client_hello (65037)
                    Length: 250
                    Client Hello type: Outer Client Hello (0)
                    Cipher Suite: HKDF-SHA256/AES-128-GCM
                        KDF Id: HKDF-SHA256 (1)
                        AEAD Id: AES-128-GCM (1)
                    Config Id: 237
                    Enc length: 32
                    Enc: 37567b8f5339824ead99e4f4c083e37ee8049a4fc6b7a9ecd01e4d8525d7d976
                    Payload length: 208
                    Payload […]: 08a4c0a9e69182a4ce7c1b91c92a03e4845507a6ea19c01a3bfc1413d576be5b1e126787d95e56156054784f36fdc65fae6187ed19279185cedcf9b0635db284476cc48eb0dd9e49c74ba5c572ed8282aae9bdf1747d7a5af9b618981e51f1aa7db258304dab21db7d3fc713010d6c98
                Extension: quic_transport_parameters (len=90)
                    Type: quic_transport_parameters (57)
                    Length: 90
                    Parameter: initial_max_stream_data_bidi_remote (len=4) 6291456
                        Type: initial_max_stream_data_bidi_remote (0x06)
                        Length: 4
                        Value: 80600000
                        initial_max_stream_data_bidi_remote: 6291456
                    Parameter: initial_max_data (len=4) 15728640
                        Type: initial_max_data (0x04)
                        Length: 4
                        Value: 80f00000
                        initial_max_data: 15728640
                    Parameter: GREASE (len=5)
                        Type: GREASE (0x2aa9baebde3da105)
                        Length: 5
                        Value: 9e83fb2247
                    Parameter: initial_max_streams_uni (len=2) 103
                        Type: initial_max_streams_uni (0x09)
                        Length: 2
                        Value: 4067
                        initial_max_streams_uni: 103
                    Parameter: initial_max_stream_data_bidi_local (len=4) 6291456
                        Type: initial_max_stream_data_bidi_local (0x05)
                        Length: 4
                        Value: 80600000
                        initial_max_stream_data_bidi_local: 6291456
                    Parameter: google_connection_options (len=4)
                        Type: google_connection_options (0x3128)
                        Length: 4
                        Value: 45434350
                        Google Connection options: 45434350
                    Parameter: initial_source_connection_id (len=0)
                        Type: initial_source_connection_id (0x0f)
                        Length: 0
                        Initial Source Connection ID: <MISSING>
                    Parameter: max_idle_timeout (len=4) 30000 ms
                        Type: max_idle_timeout (0x01)
                        Length: 4
                        Value: 80007530
                        max_idle_timeout: 30000
                    Parameter: initial_max_streams_bidi (len=2) 100
                        Type: initial_max_streams_bidi (0x08)
                        Length: 2
                        Value: 4064
                        initial_max_streams_bidi: 100
                    Parameter: max_datagram_frame_size (len=4) 65536
                        Type: max_datagram_frame_size (0x20)
                        Length: 4
                        Value: 80010000
                        max_datagram_frame_size: 65536
                    Parameter: version_information (len=12)
                        Type: version_information (0x11)
                        Length: 12
                        Value: 0000000100000001daaaaa9a
                        Chosen Version: 1 (0x00000001)
                        Other Version: 1 (0x00000001)
                        Other Version: Unknown (0xdaaaaa9a) (GREASE)
                    Parameter: initial_max_stream_data_uni (len=4) 6291456
                        Type: initial_max_stream_data_uni (0x07)
                        Length: 4
                        Value: 80600000
                        initial_max_stream_data_uni: 6291456
                    Parameter: max_udp_payload_size (len=2) 1472
                        Type: max_udp_payload_size (0x03)
                        Length: 2
                        Value: 45c0
                        max_udp_payload_size: 1472
                    Parameter: google_initial_rtt (len=2) 9422 us
                        Type: google_initial_rtt (0x3127)
                        Length: 2
                        Value: 64ce
                        Google Initial RTT: 9422
                Extension: early_data (len=0)
                    Type: early_data (42)
                    Length: 0
                Extension: supported_groups (len=10)
                    Type: supported_groups (10)
                    Length: 10
                    Supported Groups List Length: 8
                    Supported Groups (4 groups)
                        Supported Group: X25519MLKEM768 (0x11ec)
                        Supported Group: x25519 (0x001d)
                        Supported Group: secp256r1 (0x0017)
                        Supported Group: secp384r1 (0x0018)
                Extension: key_share (len=1258) X25519MLKEM768, x25519
                    Type: key_share (51)
                    Length: 1258
                    Key Share extension
                        Client Key Share Length: 1256
                        Key Share Entry: Group: X25519MLKEM768, Key Exchange length: 1216
                            Group: X25519MLKEM768 (4588)
                            Key Exchange Length: 1216
                            Key Exchange […]: 6517052a2b8d206395b558748a1a73720ac77103c966884be6062f51f3680ee3462b3b0ea5c768edf50e3a39235826858719c5e7c631e8137fbd9a0550822ee6d2a6a551b1e433060966c29fe4cf88926f936a0883a93b2dd2c5ae745270f4a187b54a79685b11720e29252faa4
                        Key Share Entry: Group: x25519, Key Exchange length: 32
                            Group: x25519 (29)
                            Key Exchange Length: 32
                            Key Exchange: 9ebdb1c68b3cb3355198b8990530b247dbe5e34967732f1d1b8d283d9ed84327
                Extension: psk_key_exchange_modes (len=2)
                    Type: psk_key_exchange_modes (45)
                    Length: 2
                    PSK Key Exchange Modes Length: 1
                    PSK Key Exchange Mode: PSK with (EC)DHE key establishment (psk_dhe_ke) (1)
                Extension: compress_certificate (len=3)
                    Type: compress_certificate (27)
                    Length: 3
                    Algorithms Length: 2
                    Algorithm: brotli (2)
                Extension: server_name (len=19) name=www.google.com
                    Type: server_name (0)
                    Length: 19
                    Server Name Indication extension
                        Server Name list length: 17
                        Server Name Type: host_name (0)
                        Server Name length: 14
                        Server Name: www.google.com
                Extension: application_layer_protocol_negotiation (len=5)
                    Type: application_layer_protocol_negotiation (16)
                    Length: 5
                    ALPN Extension Length: 3
                    ALPN Protocol
                        ALPN string length: 2
                        ALPN Next Protocol: h3
                Extension: supported_versions (len=3) TLS 1.3
                    Type: supported_versions (43)
                    Length: 3
                    Supported Versions length: 2
                    Supported Version: TLS 1.3 (0x0304)
                Extension: signature_algorithms (len=20)
                    Type: signature_algorithms (13)
                    Length: 20
                    Signature Hash Algorithms Length: 18
                    Signature Hash Algorithms (9 algorithms)
                        Signature Algorithm: ecdsa_secp256r1_sha256 (0x0403)
                            Signature Hash Algorithm Hash: SHA256 (4)
                            Signature Hash Algorithm Signature: ECDSA (3)
                        Signature Algorithm: rsa_pss_rsae_sha256 (0x0804)
                            Signature Hash Algorithm Hash: Unknown (8)
                            Signature Hash Algorithm Signature: Unknown (4)
                        Signature Algorithm: rsa_pkcs1_sha256 (0x0401)
                            Signature Hash Algorithm Hash: SHA256 (4)
                            Signature Hash Algorithm Signature: RSA (1)
                        Signature Algorithm: ecdsa_secp384r1_sha384 (0x0503)
                            Signature Hash Algorithm Hash: SHA384 (5)
                            Signature Hash Algorithm Signature: ECDSA (3)
                        Signature Algorithm: rsa_pss_rsae_sha384 (0x0805)
                            Signature Hash Algorithm Hash: Unknown (8)
                            Signature Hash Algorithm Signature: Unknown (5)
                        Signature Algorithm: rsa_pkcs1_sha384 (0x0501)
                            Signature Hash Algorithm Hash: SHA384 (5)
                            Signature Hash Algorithm Signature: RSA (1)
                        Signature Algorithm: rsa_pss_rsae_sha512 (0x0806)
                            Signature Hash Algorithm Hash: Unknown (8)
                            Signature Hash Algorithm Signature: Unknown (6)
                        Signature Algorithm: rsa_pkcs1_sha512 (0x0601)
                            Signature Hash Algorithm Hash: SHA512 (6)
                            Signature Hash Algorithm Signature: RSA (1)
                        Signature Algorithm: rsa_pkcs1_sha1 (0x0201)
                            Signature Hash Algorithm Hash: SHA1 (2)
                            Signature Hash Algorithm Signature: RSA (1)
                Extension: pre_shared_key (len=502)
                    Type: pre_shared_key (41)
                    Length: 502
                    Pre-Shared Key extension
                        Identities Length: 465
                        PSK Identity (length: 459)
                            Identity Length: 459
                            Identity […]: 02eff90c2bcbd5691b18f53f1b0c9244dedfc852a916b2ed4fcfee83e551fa13b1be54d6f8bd5c3b2e4a8834fbe5282676073b60bd1cd62492154813f3b2d256734aee19e470c8f8b64a2ef9ce85f07b9cc7b83401dd5192119512e6c75f96ed8c8c360baf4fc35f650c833e30b2e09
                            Obfuscated Ticket Age: 3520423443
                        PSK Binders length: 33
                        PSK Binders
                            PSK Binder (length: 32)
                                Binder Length: 32
                                Binder: c86c150fb10abb4f72d5a1a3f22918904377ddedf64da15594a29313553edd1e
                [JA4: q13d0313h3_55b375c5d22e_226f3f127bbe]
                [JA4_r: q13d0313h3_1301,1302,1303_000a,000d,001b,0029,002a,002b,002d,0033,0039,44cd,fe0d_0403,0804,0401,0503,0805,0501,0806,0601,0201]
                [JA3 Fullstring: 771,4865-4866-4867,17613-65037-57-42-10-51-45-27-0-16-43-13-41,4588-29-23-24,]
                [JA3: bfc6d486e307c0ca9a23dce5264989b5]
    PING
        Frame Type: PING (0x0000000000000001)
    PING
        Frame Type: PING (0x0000000000000001)

Frame 38: Packet, 86 bytes on wire (688 bits), 86 bytes captured (688 bits) on interface \Device\NPF_{9B9257DC-FAC1-4993-B12F-136D7BA5E874}, id 0
    Section number: 1
    Interface id: 0 (\Device\NPF_{9B9257DC-FAC1-4993-B12F-136D7BA5E874})
        Interface name: \Device\NPF_{9B9257DC-FAC1-4993-B12F-136D7BA5E874}
        Interface description: Wi-Fi
    Encapsulation type: Ethernet (1)
    Arrival Time: Apr  9, 2026 19:47:59.377355300 India Standard Time
    UTC Arrival Time: Apr  9, 2026 14:17:59.377355300 UTC
    Epoch Arrival Time: 1775744279.377355300
    [Time shift for this packet: 0.000000000 seconds]
    [Time delta from previous captured frame: 5.862500 milliseconds]
    [Time delta from previous displayed frame: 5.862500 milliseconds]
    [Time since reference or first frame: 87.390700 milliseconds]
    Frame Number: 38
    Frame Length: 86 bytes (688 bits)
    Capture Length: 86 bytes (688 bits)
    [Frame is marked: False]
    [Frame is ignored: False]
    [Protocols in frame: eth:ethertype:vlan:ethertype:ip:udp:quic]
    Character encoding: ASCII (0)
Ethernet II, Src: HewlettPacka_3a:cc:1d (28:92:4a:3a:cc:1d), Dst: 96:77:0b:05:d4:0b (96:77:0b:05:d4:0b)
    Destination: 96:77:0b:05:d4:0b (96:77:0b:05:d4:0b)
        .... ..1. .... .... .... .... = LG bit: Locally administered address (this is NOT the factory default)
        .... ...0 .... .... .... .... = IG bit: Individual address (unicast)
    Source: HewlettPacka_3a:cc:1d (28:92:4a:3a:cc:1d)
        .... ..0. .... .... .... .... = LG bit: Globally unique address (factory default)
        .... ...0 .... .... .... .... = IG bit: Individual address (unicast)
    Type: 802.1Q Virtual LAN (0x8100)
    [Stream index: 0]
802.1Q Virtual LAN, PRI: 0, DEI: 0, ID: 0
    000. .... .... .... = Priority: Best Effort (default) (0)
    ...0 .... .... .... = DEI: Ineligible
    .... 0000 0000 0000 = ID: 0
    Type: IPv4 (0x0800)
Internet Protocol Version 4, Src: 142.251.153.119, Dst: 172.16.90.227
    0100 .... = Version: 4
    .... 0101 = Header Length: 20 bytes (5)
    Differentiated Services Field: 0xb8 (DSCP: EF, ECN: Not-ECT)
        1011 10.. = Differentiated Services Codepoint: Expedited Forwarding (46)
        .... ..00 = Explicit Congestion Notification: Not ECN-Capable Transport (0)
    Total Length: 68
    Identification: 0x0000 (0)
    010. .... = Flags: 0x2, Don't fragment
        0... .... = Reserved bit: Not set
        .1.. .... = Don't fragment: Set
        ..0. .... = More fragments: Not set
    ...0 0000 0000 0000 = Fragment Offset: 0
    Time to Live: 58
    Protocol: UDP (17)
    Header Checksum: 0x108b [validation disabled]
    [Header checksum status: Unverified]
    Source Address: 142.251.153.119
    Destination Address: 172.16.90.227
    [Stream index: 0]
User Datagram Protocol, Src Port: 443, Dst Port: 64301
    Source Port: 443
    Destination Port: 64301
    Length: 48
    Checksum: 0x563a [unverified]
    [Checksum Status: Unverified]
    [Stream index: 3]
    [Stream Packet Number: 3]
    [Timestamps]
        [Time since first frame: 5.938300 milliseconds]
        [Time since previous frame: 5.862500 milliseconds]
    UDP payload (40 bytes)
QUIC IETF
    QUIC Connection information
        [Connection Number: 3]
    [Packet Length: 40]
    1... .... = Header Form: Long Header (1)
    .1.. .... = Fixed Bit: True
    ..00 .... = Packet Type: Initial (0)
    [.... 00.. = Reserved: 0]
    [.... ..00 = Packet Number Length: 1 bytes (0)]
    Version: 1 (0x00000001)
    Destination Connection ID Length: 0
    Source Connection ID Length: 8
    Source Connection ID: ea0f425fa24c03a2
    Token Length: 0
    Length: 22
    [Packet Number: 1]
    Payload: 5242c877999e038e6cd1fa01a1afb1063c536a9f02
    ACK
        Frame Type: ACK (0x0000000000000002)
        Largest Acknowledged: 1
        ACK Delay: 0
        ACK Range Count: 0
        First ACK Range: 0

Frame 39: Packet, 1296 bytes on wire (10368 bits), 1296 bytes captured (10368 bits) on interface \Device\NPF_{9B9257DC-FAC1-4993-B12F-136D7BA5E874}, id 0
    Section number: 1
    Interface id: 0 (\Device\NPF_{9B9257DC-FAC1-4993-B12F-136D7BA5E874})
        Interface name: \Device\NPF_{9B9257DC-FAC1-4993-B12F-136D7BA5E874}
        Interface description: Wi-Fi
    Encapsulation type: Ethernet (1)
    Arrival Time: Apr  9, 2026 19:47:59.377649800 India Standard Time
    UTC Arrival Time: Apr  9, 2026 14:17:59.377649800 UTC
    Epoch Arrival Time: 1775744279.377649800
    [Time shift for this packet: 0.000000000 seconds]
    [Time delta from previous captured frame: 294.500 microseconds]
    [Time delta from previous displayed frame: 294.500 microseconds]
    [Time since reference or first frame: 87.685200 milliseconds]
    Frame Number: 39
    Frame Length: 1296 bytes (10368 bits)
    Capture Length: 1296 bytes (10368 bits)
    [Frame is marked: False]
    [Frame is ignored: False]
    [Protocols in frame: eth:ethertype:vlan:ethertype:ip:udp:quic]
    Character encoding: ASCII (0)
Ethernet II, Src: HewlettPacka_3a:cc:1d (28:92:4a:3a:cc:1d), Dst: 96:77:0b:05:d4:0b (96:77:0b:05:d4:0b)
    Destination: 96:77:0b:05:d4:0b (96:77:0b:05:d4:0b)
        .... ..1. .... .... .... .... = LG bit: Locally administered address (this is NOT the factory default)
        .... ...0 .... .... .... .... = IG bit: Individual address (unicast)
    Source: HewlettPacka_3a:cc:1d (28:92:4a:3a:cc:1d)
        .... ..0. .... .... .... .... = LG bit: Globally unique address (factory default)
        .... ...0 .... .... .... .... = IG bit: Individual address (unicast)
    Type: 802.1Q Virtual LAN (0x8100)
    [Stream index: 0]
802.1Q Virtual LAN, PRI: 0, DEI: 0, ID: 0
    000. .... .... .... = Priority: Best Effort (default) (0)
    ...0 .... .... .... = DEI: Ineligible
    .... 0000 0000 0000 = ID: 0
    Type: IPv4 (0x0800)
Internet Protocol Version 4, Src: 142.251.153.119, Dst: 172.16.90.227
    0100 .... = Version: 4
    .... 0101 = Header Length: 20 bytes (5)
    Differentiated Services Field: 0xb8 (DSCP: EF, ECN: Not-ECT)
        1011 10.. = Differentiated Services Codepoint: Expedited Forwarding (46)
        .... ..00 = Explicit Congestion Notification: Not ECN-Capable Transport (0)
    Total Length: 1278
    Identification: 0x0000 (0)
    010. .... = Flags: 0x2, Don't fragment
        0... .... = Reserved bit: Not set
        .1.. .... = Don't fragment: Set
        ..0. .... = More fragments: Not set
    ...0 0000 0000 0000 = Fragment Offset: 0
    Time to Live: 58
    Protocol: UDP (17)
    Header Checksum: 0x0bd1 [validation disabled]
    [Header checksum status: Unverified]
    Source Address: 142.251.153.119
    Destination Address: 172.16.90.227
    [Stream index: 0]
User Datagram Protocol, Src Port: 443, Dst Port: 64301
    Source Port: 443
    Destination Port: 64301
    Length: 1258
    Checksum: 0xa02d [unverified]
    [Checksum Status: Unverified]
    [Stream index: 3]
    [Stream Packet Number: 4]
    [Timestamps]
        [Time since first frame: 6.232800 milliseconds]
        [Time since previous frame: 294.500 microseconds]
    UDP payload (1250 bytes)
QUIC IETF
    QUIC Connection information
        [Connection Number: 3]
    [Packet Length: 1250]
    1... .... = Header Form: Long Header (1)
    .1.. .... = Fixed Bit: True
    ..00 .... = Packet Type: Initial (0)
    [.... 00.. = Reserved: 0]
    [.... ..00 = Packet Number Length: 1 bytes (0)]
    Version: 1 (0x00000001)
    Destination Connection ID Length: 0
    Source Connection ID Length: 8
    Source Connection ID: ea0f425fa24c03a2
    Token Length: 0
    Length: 1232
    [Packet Number: 2]
    Payload […]: 54d03b6d5fe30803396c677dc7f020cf77a5edd8ca9e0c618eee3a923ae45747f019553fb7b5903578a1add6d50bdcdb3bdfa7b98e9d88410a0217638781392b74ebabba1dfb2102b3874c680dae753cbd5f5068a44621e334802d795759536c55956421042a5041ca5c694a9cc1b545
    ACK
        Frame Type: ACK (0x0000000000000002)
        Largest Acknowledged: 2
        ACK Delay: 0
        ACK Range Count: 0
        First ACK Range: 1
    PADDING Length: 1210
        Frame Type: PADDING (0x0000000000000000)
        [Padding Length: 1210]

Frame 40: Packet, 671 bytes on wire (5368 bits), 671 bytes captured (5368 bits) on interface \Device\NPF_{9B9257DC-FAC1-4993-B12F-136D7BA5E874}, id 0
    Section number: 1
    Interface id: 0 (\Device\NPF_{9B9257DC-FAC1-4993-B12F-136D7BA5E874})
        Interface name: \Device\NPF_{9B9257DC-FAC1-4993-B12F-136D7BA5E874}
        Interface description: Wi-Fi
    Encapsulation type: Ethernet (1)
    Arrival Time: Apr  9, 2026 19:47:59.378265500 India Standard Time
    UTC Arrival Time: Apr  9, 2026 14:17:59.378265500 UTC
    Epoch Arrival Time: 1775744279.378265500
    [Time shift for this packet: 0.000000000 seconds]
    [Time delta from previous captured frame: 615.700 microseconds]
    [Time delta from previous displayed frame: 615.700 microseconds]
    [Time since reference or first frame: 88.300900 milliseconds]
    Frame Number: 40
    Frame Length: 671 bytes (5368 bits)
    Capture Length: 671 bytes (5368 bits)
    [Frame is marked: False]
    [Frame is ignored: False]
    [Protocols in frame: eth:ethertype:vlan:ethertype:ip:udp:quic]
    Character encoding: ASCII (0)
Ethernet II, Src: HewlettPacka_3a:cc:1d (28:92:4a:3a:cc:1d), Dst: 96:77:0b:05:d4:0b (96:77:0b:05:d4:0b)
    Destination: 96:77:0b:05:d4:0b (96:77:0b:05:d4:0b)
        .... ..1. .... .... .... .... = LG bit: Locally administered address (this is NOT the factory default)
        .... ...0 .... .... .... .... = IG bit: Individual address (unicast)
    Source: HewlettPacka_3a:cc:1d (28:92:4a:3a:cc:1d)
        .... ..0. .... .... .... .... = LG bit: Globally unique address (factory default)
        .... ...0 .... .... .... .... = IG bit: Individual address (unicast)
    Type: 802.1Q Virtual LAN (0x8100)
    [Stream index: 0]
802.1Q Virtual LAN, PRI: 0, DEI: 0, ID: 0
    000. .... .... .... = Priority: Best Effort (default) (0)
    ...0 .... .... .... = DEI: Ineligible
    .... 0000 0000 0000 = ID: 0
    Type: IPv4 (0x0800)
Internet Protocol Version 4, Src: 142.251.153.119, Dst: 172.16.90.227
    0100 .... = Version: 4
    .... 0101 = Header Length: 20 bytes (5)
    Differentiated Services Field: 0xb8 (DSCP: EF, ECN: Not-ECT)
        1011 10.. = Differentiated Services Codepoint: Expedited Forwarding (46)
        .... ..00 = Explicit Congestion Notification: Not ECN-Capable Transport (0)
    Total Length: 653
    Identification: 0x0000 (0)
    010. .... = Flags: 0x2, Don't fragment
        0... .... = Reserved bit: Not set
        .1.. .... = Don't fragment: Set
        ..0. .... = More fragments: Not set
    ...0 0000 0000 0000 = Fragment Offset: 0
    Time to Live: 57
    Protocol: UDP (17)
    Header Checksum: 0x0f42 [validation disabled]
    [Header checksum status: Unverified]
    Source Address: 142.251.153.119
    Destination Address: 172.16.90.227
    [Stream index: 0]
User Datagram Protocol, Src Port: 443, Dst Port: 49184
    Source Port: 443
    Destination Port: 49184
    Length: 633
    Checksum: 0x5d17 [unverified]
    [Checksum Status: Unverified]
    [Stream index: 0]
    [Stream Packet Number: 28]
    [Timestamps]
        [Time since first frame: 88.300900 milliseconds]
        [Time since previous frame: 13.824600 milliseconds]
    UDP payload (625 bytes)
QUIC IETF
    QUIC Connection information
        [Connection Number: 0]
    [Packet Length: 625]
    QUIC Short Header
        0... .... = Header Form: Short Header (0)
        .1.. .... = Fixed Bit: True
        ..0. .... = Spin Bit: False
    Remaining Payload […]: 13b33dbfc11d1aaa4a6d98d1f2dd078283b3ec0a40e86379f9c8d1b6cfe20786d7dc6ffd14803cebb4064efc242e868ec6c8876f1d9fc2234ab97cc259f35583dfd11366ec3448a6697aa9961bee69308c2f781372bf1dae8320e5a95c14ff0fa929df4f767b5fc54c8eaa

Frame 41: Packet, 254 bytes on wire (2032 bits), 254 bytes captured (2032 bits) on interface \Device\NPF_{9B9257DC-FAC1-4993-B12F-136D7BA5E874}, id 0
    Section number: 1
    Interface id: 0 (\Device\NPF_{9B9257DC-FAC1-4993-B12F-136D7BA5E874})
        Interface name: \Device\NPF_{9B9257DC-FAC1-4993-B12F-136D7BA5E874}
        Interface description: Wi-Fi
    Encapsulation type: Ethernet (1)
    Arrival Time: Apr  9, 2026 19:47:59.378691300 India Standard Time
    UTC Arrival Time: Apr  9, 2026 14:17:59.378691300 UTC
    Epoch Arrival Time: 1775744279.378691300
    [Time shift for this packet: 0.000000000 seconds]
    [Time delta from previous captured frame: 425.800 microseconds]
    [Time delta from previous displayed frame: 425.800 microseconds]
    [Time since reference or first frame: 88.726700 milliseconds]
    Frame Number: 41
    Frame Length: 254 bytes (2032 bits)
    Capture Length: 254 bytes (2032 bits)
    [Frame is marked: False]
    [Frame is ignored: False]
    [Protocols in frame: eth:ethertype:vlan:ethertype:ip:udp:quic]
    Character encoding: ASCII (0)
Ethernet II, Src: HewlettPacka_3a:cc:1d (28:92:4a:3a:cc:1d), Dst: 96:77:0b:05:d4:0b (96:77:0b:05:d4:0b)
    Destination: 96:77:0b:05:d4:0b (96:77:0b:05:d4:0b)
        .... ..1. .... .... .... .... = LG bit: Locally administered address (this is NOT the factory default)
        .... ...0 .... .... .... .... = IG bit: Individual address (unicast)
    Source: HewlettPacka_3a:cc:1d (28:92:4a:3a:cc:1d)
        .... ..0. .... .... .... .... = LG bit: Globally unique address (factory default)
        .... ...0 .... .... .... .... = IG bit: Individual address (unicast)
    Type: 802.1Q Virtual LAN (0x8100)
    [Stream index: 0]
802.1Q Virtual LAN, PRI: 0, DEI: 0, ID: 0
    000. .... .... .... = Priority: Best Effort (default) (0)
    ...0 .... .... .... = DEI: Ineligible
    .... 0000 0000 0000 = ID: 0
    Type: IPv4 (0x0800)
Internet Protocol Version 4, Src: 142.251.153.119, Dst: 172.16.90.227
    0100 .... = Version: 4
    .... 0101 = Header Length: 20 bytes (5)
    Differentiated Services Field: 0xb8 (DSCP: EF, ECN: Not-ECT)
        1011 10.. = Differentiated Services Codepoint: Expedited Forwarding (46)
        .... ..00 = Explicit Congestion Notification: Not ECN-Capable Transport (0)
    Total Length: 236
    Identification: 0x0000 (0)
    010. .... = Flags: 0x2, Don't fragment
        0... .... = Reserved bit: Not set
        .1.. .... = Don't fragment: Set
        ..0. .... = More fragments: Not set
    ...0 0000 0000 0000 = Fragment Offset: 0
    Time to Live: 57
    Protocol: UDP (17)
    Header Checksum: 0x10e3 [validation disabled]
    [Header checksum status: Unverified]
    Source Address: 142.251.153.119
    Destination Address: 172.16.90.227
    [Stream index: 0]
User Datagram Protocol, Src Port: 443, Dst Port: 49184
    Source Port: 443
    Destination Port: 49184
    Length: 216
    Checksum: 0xf70d [unverified]
    [Checksum Status: Unverified]
    [Stream index: 0]
    [Stream Packet Number: 29]
    [Timestamps]
        [Time since first frame: 88.726700 milliseconds]
        [Time since previous frame: 425.800 microseconds]
    UDP payload (208 bytes)
QUIC IETF
    QUIC Connection information
        [Connection Number: 0]
    [Packet Length: 208]
    QUIC Short Header
        0... .... = Header Form: Short Header (0)
        .1.. .... = Fixed Bit: True
        ..0. .... = Spin Bit: False
    Remaining Payload […]: 377a7dc30fd92832fcef4547245dbadc17b2b93df525bdf818797f76c62c8f90890adc5d214732fc9a3ec34bc6e936059c56653b80abc38d1362fcda9d637fb55d26cdc2384b4ed7925caf009a7f30a1202276d159c7d8c9ca6fab3a9dafe0a68b21d06ae1821d6ed2a31f

Frame 42: Packet, 89 bytes on wire (712 bits), 89 bytes captured (712 bits) on interface \Device\NPF_{9B9257DC-FAC1-4993-B12F-136D7BA5E874}, id 0
    Section number: 1
    Interface id: 0 (\Device\NPF_{9B9257DC-FAC1-4993-B12F-136D7BA5E874})
        Interface name: \Device\NPF_{9B9257DC-FAC1-4993-B12F-136D7BA5E874}
        Interface description: Wi-Fi
    Encapsulation type: Ethernet (1)
    Arrival Time: Apr  9, 2026 19:47:59.378994500 India Standard Time
    UTC Arrival Time: Apr  9, 2026 14:17:59.378994500 UTC
    Epoch Arrival Time: 1775744279.378994500
    [Time shift for this packet: 0.000000000 seconds]
    [Time delta from previous captured frame: 303.200 microseconds]
    [Time delta from previous displayed frame: 303.200 microseconds]
    [Time since reference or first frame: 89.029900 milliseconds]
    Frame Number: 42
    Frame Length: 89 bytes (712 bits)
    Capture Length: 89 bytes (712 bits)
    [Frame is marked: False]
    [Frame is ignored: False]
    [Protocols in frame: eth:ethertype:ip:udp:quic]
    Character encoding: ASCII (0)
Ethernet II, Src: 96:77:0b:05:d4:0b (96:77:0b:05:d4:0b), Dst: HewlettPacka_3a:cc:1d (28:92:4a:3a:cc:1d)
    Destination: HewlettPacka_3a:cc:1d (28:92:4a:3a:cc:1d)
        .... ..0. .... .... .... .... = LG bit: Globally unique address (factory default)
        .... ...0 .... .... .... .... = IG bit: Individual address (unicast)
    Source: 96:77:0b:05:d4:0b (96:77:0b:05:d4:0b)
        .... ..1. .... .... .... .... = LG bit: Locally administered address (this is NOT the factory default)
        .... ...0 .... .... .... .... = IG bit: Individual address (unicast)
    Type: IPv4 (0x0800)
    [Stream index: 0]
Internet Protocol Version 4, Src: 172.16.90.227, Dst: 142.251.153.119
    0100 .... = Version: 4
    .... 0101 = Header Length: 20 bytes (5)
    Differentiated Services Field: 0x00 (DSCP: CS0, ECN: Not-ECT)
        0000 00.. = Differentiated Services Codepoint: Default (0)
        .... ..00 = Explicit Congestion Notification: Not ECN-Capable Transport (0)
    Total Length: 75
    Identification: 0xaf62 (44898)
    010. .... = Flags: 0x2, Don't fragment
        0... .... = Reserved bit: Not set
        .1.. .... = Don't fragment: Set
        ..0. .... = More fragments: Not set
    ...0 0000 0000 0000 = Fragment Offset: 0
    Time to Live: 128
    Protocol: UDP (17)
    Header Checksum: 0x0000 [validation disabled]
    [Header checksum status: Unverified]
    Source Address: 172.16.90.227
    Destination Address: 142.251.153.119
    [Stream index: 0]
User Datagram Protocol, Src Port: 49184, Dst Port: 443
    Source Port: 49184
    Destination Port: 443
    Length: 55
    Checksum: 0x2faf [unverified]
    [Checksum Status: Unverified]
    [Stream index: 0]
    [Stream Packet Number: 30]
    [Timestamps]
        [Time since first frame: 89.029900 milliseconds]
        [Time since previous frame: 303.200 microseconds]
    UDP payload (47 bytes)
QUIC IETF
    QUIC Connection information
        [Connection Number: 0]
    [Packet Length: 47]
    QUIC Short Header DCID=e898f8a36167c06e
        0... .... = Header Form: Short Header (0)
        .1.. .... = Fixed Bit: True
        ..0. .... = Spin Bit: False
        Destination Connection ID: e898f8a36167c06e
    Remaining Payload: 95289336c93d29924458d97217029ef5e2665d0b91e073814a1af6c1dc177155c65644459b74

Frame 43: Packet, 1292 bytes on wire (10336 bits), 1292 bytes captured (10336 bits) on interface \Device\NPF_{9B9257DC-FAC1-4993-B12F-136D7BA5E874}, id 0
    Section number: 1
    Interface id: 0 (\Device\NPF_{9B9257DC-FAC1-4993-B12F-136D7BA5E874})
        Interface name: \Device\NPF_{9B9257DC-FAC1-4993-B12F-136D7BA5E874}
        Interface description: Wi-Fi
    Encapsulation type: Ethernet (1)
    Arrival Time: Apr  9, 2026 19:47:59.379986400 India Standard Time
    UTC Arrival Time: Apr  9, 2026 14:17:59.379986400 UTC
    Epoch Arrival Time: 1775744279.379986400
    [Time shift for this packet: 0.000000000 seconds]
    [Time delta from previous captured frame: 991.900 microseconds]
    [Time delta from previous displayed frame: 991.900 microseconds]
    [Time since reference or first frame: 90.021800 milliseconds]
    Frame Number: 43
    Frame Length: 1292 bytes (10336 bits)
    Capture Length: 1292 bytes (10336 bits)
    [Frame is marked: False]
    [Frame is ignored: False]
    [Protocols in frame: eth:ethertype:ip:udp:quic]
    Character encoding: ASCII (0)
Ethernet II, Src: 96:77:0b:05:d4:0b (96:77:0b:05:d4:0b), Dst: HewlettPacka_3a:cc:1d (28:92:4a:3a:cc:1d)
    Destination: HewlettPacka_3a:cc:1d (28:92:4a:3a:cc:1d)
        .... ..0. .... .... .... .... = LG bit: Globally unique address (factory default)
        .... ...0 .... .... .... .... = IG bit: Individual address (unicast)
    Source: 96:77:0b:05:d4:0b (96:77:0b:05:d4:0b)
        .... ..1. .... .... .... .... = LG bit: Locally administered address (this is NOT the factory default)
        .... ...0 .... .... .... .... = IG bit: Individual address (unicast)
    Type: IPv4 (0x0800)
    [Stream index: 0]
Internet Protocol Version 4, Src: 172.16.90.227, Dst: 142.251.153.119
    0100 .... = Version: 4
    .... 0101 = Header Length: 20 bytes (5)
    Differentiated Services Field: 0x00 (DSCP: CS0, ECN: Not-ECT)
        0000 00.. = Differentiated Services Codepoint: Default (0)
        .... ..00 = Explicit Congestion Notification: Not ECN-Capable Transport (0)
    Total Length: 1278
    Identification: 0xaf63 (44899)
    010. .... = Flags: 0x2, Don't fragment
        0... .... = Reserved bit: Not set
        .1.. .... = Don't fragment: Set
        ..0. .... = More fragments: Not set
    ...0 0000 0000 0000 = Fragment Offset: 0
    Time to Live: 128
    Protocol: UDP (17)
    Header Checksum: 0x0000 [validation disabled]
    [Header checksum status: Unverified]
    Source Address: 172.16.90.227
    Destination Address: 142.251.153.119
    [Stream index: 0]
User Datagram Protocol, Src Port: 64301, Dst Port: 443
    Source Port: 64301
    Destination Port: 443
    Length: 1258
    Checksum: 0x3462 [unverified]
    [Checksum Status: Unverified]
    [Stream index: 3]
    [Stream Packet Number: 5]
    [Timestamps]
        [Time since first frame: 8.569400 milliseconds]
        [Time since previous frame: 2.336600 milliseconds]
    UDP payload (1250 bytes)
QUIC IETF
    QUIC Connection information
        [Connection Number: 3]
    [Packet Length: 1250]
    1... .... = Header Form: Long Header (1)
    .1.. .... = Fixed Bit: True
    ..00 .... = Packet Type: Initial (0)
    [.... 00.. = Reserved: 0]
    [.... ..00 = Packet Number Length: 1 bytes (0)]
    Version: 1 (0x00000001)
    Destination Connection ID Length: 8
    Destination Connection ID: ea0f425fa24c03a2
    Source Connection ID Length: 0
    Token Length: 70
    Token: 00c9988bda2ac7d804e10981426c9f5ce5c8df8b87bc8a703c915be023735ffcbc1144e02cf9a9d881f82364ee6aa94804add0f34de5c5b4b80c0820c2f73aa8b7b489577195
    Length: 1161
    [Packet Number: 3]
    Payload […]: e81eea44fa9f704876f341c515ff2d3345dd6d77e5362291b9249dd4d327ece556b838f3141436e568246a78451ac652a6897dbefca0ff649a6d763fa1d1dd4b1eae0f099163a6140c7b94b8d3bc435b3189151cfb27ef662892acfc9ce3be775a8c253ab17b83504687fbdf3ef2e3ac
    ACK
        Frame Type: ACK (0x0000000000000002)
        Largest Acknowledged: 2
        ACK Delay: 260
        ACK Range Count: 0
        First ACK Range: 1
    CONNECTION_CLOSE (Transport) Error code: NO_ERROR
        Frame Type: CONNECTION_CLOSE (Transport) (0x000000000000001c)
        Error code: NO_ERROR (0)
        Frame Type: 0
        Reason phrase Length: 12
        Reason phrase: 70:net error
    PADDING Length: 1122
        Frame Type: PADDING (0x0000000000000000)
        [Padding Length: 1122]

Frame 44: Packet, 90 bytes on wire (720 bits), 90 bytes captured (720 bits) on interface \Device\NPF_{9B9257DC-FAC1-4993-B12F-136D7BA5E874}, id 0
    Section number: 1
    Interface id: 0 (\Device\NPF_{9B9257DC-FAC1-4993-B12F-136D7BA5E874})
        Interface name: \Device\NPF_{9B9257DC-FAC1-4993-B12F-136D7BA5E874}
        Interface description: Wi-Fi
    Encapsulation type: Ethernet (1)
    Arrival Time: Apr  9, 2026 19:47:59.380161300 India Standard Time
    UTC Arrival Time: Apr  9, 2026 14:17:59.380161300 UTC
    Epoch Arrival Time: 1775744279.380161300
    [Time shift for this packet: 0.000000000 seconds]
    [Time delta from previous captured frame: 174.900 microseconds]
    [Time delta from previous displayed frame: 174.900 microseconds]
    [Time since reference or first frame: 90.196700 milliseconds]
    Frame Number: 44
    Frame Length: 90 bytes (720 bits)
    Capture Length: 90 bytes (720 bits)
    [Frame is marked: False]
    [Frame is ignored: False]
    [Protocols in frame: eth:ethertype:ip:udp:quic]
    Character encoding: ASCII (0)
Ethernet II, Src: 96:77:0b:05:d4:0b (96:77:0b:05:d4:0b), Dst: HewlettPacka_3a:cc:1d (28:92:4a:3a:cc:1d)
    Destination: HewlettPacka_3a:cc:1d (28:92:4a:3a:cc:1d)
        .... ..0. .... .... .... .... = LG bit: Globally unique address (factory default)
        .... ...0 .... .... .... .... = IG bit: Individual address (unicast)
    Source: 96:77:0b:05:d4:0b (96:77:0b:05:d4:0b)
        .... ..1. .... .... .... .... = LG bit: Locally administered address (this is NOT the factory default)
        .... ...0 .... .... .... .... = IG bit: Individual address (unicast)
    Type: IPv4 (0x0800)
    [Stream index: 0]
Internet Protocol Version 4, Src: 172.16.90.227, Dst: 142.251.153.119
    0100 .... = Version: 4
    .... 0101 = Header Length: 20 bytes (5)
    Differentiated Services Field: 0x00 (DSCP: CS0, ECN: Not-ECT)
        0000 00.. = Differentiated Services Codepoint: Default (0)
        .... ..00 = Explicit Congestion Notification: Not ECN-Capable Transport (0)
    Total Length: 76
    Identification: 0xaf64 (44900)
    010. .... = Flags: 0x2, Don't fragment
        0... .... = Reserved bit: Not set
        .1.. .... = Don't fragment: Set
        ..0. .... = More fragments: Not set
    ...0 0000 0000 0000 = Fragment Offset: 0
    Time to Live: 128
    Protocol: UDP (17)
    Header Checksum: 0x0000 [validation disabled]
    [Header checksum status: Unverified]
    Source Address: 172.16.90.227
    Destination Address: 142.251.153.119
    [Stream index: 0]
User Datagram Protocol, Src Port: 49184, Dst Port: 443
    Source Port: 49184
    Destination Port: 443
    Length: 56
    Checksum: 0x2fb0 [unverified]
    [Checksum Status: Unverified]
    [Stream index: 0]
    [Stream Packet Number: 31]
    [Timestamps]
        [Time since first frame: 90.196700 milliseconds]
        [Time since previous frame: 1.166800 milliseconds]
    UDP payload (48 bytes)
QUIC IETF
    QUIC Connection information
        [Connection Number: 0]
    [Packet Length: 48]
    QUIC Short Header DCID=e898f8a36167c06e
        0... .... = Header Form: Short Header (0)
        .1.. .... = Fixed Bit: True
        ..0. .... = Spin Bit: False
        Destination Connection ID: e898f8a36167c06e
    Remaining Payload: 83669e17761d3f0c6d692ff36783e5547a293ee93bcee19fa6ae2b42f48a61c6a06eb655f3bf3e

Frame 45: Packet, 75 bytes on wire (600 bits), 75 bytes captured (600 bits) on interface \Device\NPF_{9B9257DC-FAC1-4993-B12F-136D7BA5E874}, id 0
    Section number: 1
    Interface id: 0 (\Device\NPF_{9B9257DC-FAC1-4993-B12F-136D7BA5E874})
        Interface name: \Device\NPF_{9B9257DC-FAC1-4993-B12F-136D7BA5E874}
        Interface description: Wi-Fi
    Encapsulation type: Ethernet (1)
    Arrival Time: Apr  9, 2026 19:47:59.384886700 India Standard Time
    UTC Arrival Time: Apr  9, 2026 14:17:59.384886700 UTC
    Epoch Arrival Time: 1775744279.384886700
    [Time shift for this packet: 0.000000000 seconds]
    [Time delta from previous captured frame: 4.725400 milliseconds]
    [Time delta from previous displayed frame: 4.725400 milliseconds]
    [Time since reference or first frame: 94.922100 milliseconds]
    Frame Number: 45
    Frame Length: 75 bytes (600 bits)
    Capture Length: 75 bytes (600 bits)
    [Frame is marked: False]
    [Frame is ignored: False]
    [Protocols in frame: eth:ethertype:vlan:ethertype:ip:udp:quic]
    Character encoding: ASCII (0)
Ethernet II, Src: HewlettPacka_3a:cc:1d (28:92:4a:3a:cc:1d), Dst: 96:77:0b:05:d4:0b (96:77:0b:05:d4:0b)
    Destination: 96:77:0b:05:d4:0b (96:77:0b:05:d4:0b)
        .... ..1. .... .... .... .... = LG bit: Locally administered address (this is NOT the factory default)
        .... ...0 .... .... .... .... = IG bit: Individual address (unicast)
    Source: HewlettPacka_3a:cc:1d (28:92:4a:3a:cc:1d)
        .... ..0. .... .... .... .... = LG bit: Globally unique address (factory default)
        .... ...0 .... .... .... .... = IG bit: Individual address (unicast)
    Type: 802.1Q Virtual LAN (0x8100)
    [Stream index: 0]
802.1Q Virtual LAN, PRI: 0, DEI: 0, ID: 0
    000. .... .... .... = Priority: Best Effort (default) (0)
    ...0 .... .... .... = DEI: Ineligible
    .... 0000 0000 0000 = ID: 0
    Type: IPv4 (0x0800)
Internet Protocol Version 4, Src: 142.251.153.119, Dst: 172.16.90.227
    0100 .... = Version: 4
    .... 0101 = Header Length: 20 bytes (5)
    Differentiated Services Field: 0xb8 (DSCP: EF, ECN: Not-ECT)
        1011 10.. = Differentiated Services Codepoint: Expedited Forwarding (46)
        .... ..00 = Explicit Congestion Notification: Not ECN-Capable Transport (0)
    Total Length: 57
    Identification: 0x0000 (0)
    010. .... = Flags: 0x2, Don't fragment
        0... .... = Reserved bit: Not set
        .1.. .... = Don't fragment: Set
        ..0. .... = More fragments: Not set
    ...0 0000 0000 0000 = Fragment Offset: 0
    Time to Live: 57
    Protocol: UDP (17)
    Header Checksum: 0x1196 [validation disabled]
    [Header checksum status: Unverified]
    Source Address: 142.251.153.119
    Destination Address: 172.16.90.227
    [Stream index: 0]
User Datagram Protocol, Src Port: 443, Dst Port: 49184
    Source Port: 443
    Destination Port: 49184
    Length: 37
    Checksum: 0xa2a3 [unverified]
    [Checksum Status: Unverified]
    [Stream index: 0]
    [Stream Packet Number: 32]
    [Timestamps]
        [Time since first frame: 94.922100 milliseconds]
        [Time since previous frame: 4.725400 milliseconds]
    UDP payload (29 bytes)
QUIC IETF
    QUIC Connection information
        [Connection Number: 0]
    [Packet Length: 29]
    QUIC Short Header
        0... .... = Header Form: Short Header (0)
        .1.. .... = Fixed Bit: True
        ..0. .... = Spin Bit: False
    Remaining Payload: 8db1d8708fa893b4c492768966f636d48e9cd16b98898cd53181a4dc

Frame 46: Packet, 1292 bytes on wire (10336 bits), 1292 bytes captured (10336 bits) on interface \Device\NPF_{9B9257DC-FAC1-4993-B12F-136D7BA5E874}, id 0
    Section number: 1
    Interface id: 0 (\Device\NPF_{9B9257DC-FAC1-4993-B12F-136D7BA5E874})
        Interface name: \Device\NPF_{9B9257DC-FAC1-4993-B12F-136D7BA5E874}
        Interface description: Wi-Fi
    Encapsulation type: Ethernet (1)
    Arrival Time: Apr  9, 2026 19:48:00.764803400 India Standard Time
    UTC Arrival Time: Apr  9, 2026 14:18:00.764803400 UTC
    Epoch Arrival Time: 1775744280.764803400
    [Time shift for this packet: 0.000000000 seconds]
    [Time delta from previous captured frame: 1.379916700 seconds]
    [Time delta from previous displayed frame: 1.379916700 seconds]
    [Time since reference or first frame: 1.474838800 seconds]
    Frame Number: 46
    Frame Length: 1292 bytes (10336 bits)
    Capture Length: 1292 bytes (10336 bits)
    [Frame is marked: False]
    [Frame is ignored: False]
    [Protocols in frame: eth:ethertype:ip:udp:quic]
    Character encoding: ASCII (0)
Ethernet II, Src: 96:77:0b:05:d4:0b (96:77:0b:05:d4:0b), Dst: HewlettPacka_3a:cc:1d (28:92:4a:3a:cc:1d)
    Destination: HewlettPacka_3a:cc:1d (28:92:4a:3a:cc:1d)
        .... ..0. .... .... .... .... = LG bit: Globally unique address (factory default)
        .... ...0 .... .... .... .... = IG bit: Individual address (unicast)
    Source: 96:77:0b:05:d4:0b (96:77:0b:05:d4:0b)
        .... ..1. .... .... .... .... = LG bit: Locally administered address (this is NOT the factory default)
        .... ...0 .... .... .... .... = IG bit: Individual address (unicast)
    Type: IPv4 (0x0800)
    [Stream index: 0]
Internet Protocol Version 4, Src: 172.16.90.227, Dst: 40.104.134.82
    0100 .... = Version: 4
    .... 0101 = Header Length: 20 bytes (5)
    Differentiated Services Field: 0x00 (DSCP: CS0, ECN: Not-ECT)
        0000 00.. = Differentiated Services Codepoint: Default (0)
        .... ..00 = Explicit Congestion Notification: Not ECN-Capable Transport (0)
    Total Length: 1278
    Identification: 0xec43 (60483)
    010. .... = Flags: 0x2, Don't fragment
        0... .... = Reserved bit: Not set
        .1.. .... = Don't fragment: Set
        ..0. .... = More fragments: Not set
    ...0 0000 0000 0000 = Fragment Offset: 0
    Time to Live: 128
    Protocol: UDP (17)
    Header Checksum: 0x0000 [validation disabled]
    [Header checksum status: Unverified]
    Source Address: 172.16.90.227
    Destination Address: 40.104.134.82
    [Stream index: 2]
User Datagram Protocol, Src Port: 62688, Dst Port: 443
    Source Port: 62688
    Destination Port: 443
    Length: 1258
    Checksum: 0xbaa9 [unverified]
    [Checksum Status: Unverified]
    [Stream index: 4]
    [Stream Packet Number: 1]
    [Timestamps]
        [Time since first frame: 0.000000000 seconds]
        [Time since previous frame: 0.000000000 seconds]
    UDP payload (1250 bytes)
QUIC IETF
    QUIC Connection information
        [Connection Number: 4]
    [Packet Length: 1250]
    1... .... = Header Form: Long Header (1)
    .1.. .... = Fixed Bit: True
    ..00 .... = Packet Type: Initial (0)
    [.... 00.. = Reserved: 0]
    [.... ..00 = Packet Number Length: 1 bytes (0)]
    Version: 1 (0x00000001)
    Destination Connection ID Length: 8
    Destination Connection ID: 973f34af77435164
    Source Connection ID Length: 0
    Token Length: 0
    Length: 1232
    [Packet Number: 1]
    Payload […]: e31255442272e1e608c9cec927d06101bf356579cf32a0a6afc5465725d9fc0e5e51683ca7faccb4fed8274254d2b00baf13f5731fe00c32a013eb64e5346f204526f364668d19549d849d3a2a1f6f91fdf94787511cd25e9fed43e8de8769502017de9a6e1521114fbdbf50f2ef8498
    PADDING Length: 9
        Frame Type: PADDING (0x0000000000000000)
        [Padding Length: 9]
    CRYPTO
        Frame Type: CRYPTO (0x0000000000000006)
        Offset: 1
        Length: 20
        Crypto Data
    CRYPTO
        Frame Type: CRYPTO (0x0000000000000006)
        Offset: 21
        Length: 59
        Crypto Data
    PADDING Length: 200
        Frame Type: PADDING (0x0000000000000000)
        [Padding Length: 200]
    PING
        Frame Type: PING (0x0000000000000001)
    PING
        Frame Type: PING (0x0000000000000001)
    PADDING Length: 77
        Frame Type: PADDING (0x0000000000000000)
        [Padding Length: 77]
    CRYPTO
        Frame Type: CRYPTO (0x0000000000000006)
        Offset: 983
        Length: 818
        Crypto Data
    PADDING Length: 9
        Frame Type: PADDING (0x0000000000000000)
        [Padding Length: 9]
    CRYPTO
        Frame Type: CRYPTO (0x0000000000000006)
        Offset: 0
        Length: 1
        Crypto Data
    PADDING Length: 6
        Frame Type: PADDING (0x0000000000000000)
        [Padding Length: 6]

Frame 47: Packet, 1292 bytes on wire (10336 bits), 1292 bytes captured (10336 bits) on interface \Device\NPF_{9B9257DC-FAC1-4993-B12F-136D7BA5E874}, id 0
    Section number: 1
    Interface id: 0 (\Device\NPF_{9B9257DC-FAC1-4993-B12F-136D7BA5E874})
        Interface name: \Device\NPF_{9B9257DC-FAC1-4993-B12F-136D7BA5E874}
        Interface description: Wi-Fi
    Encapsulation type: Ethernet (1)
    Arrival Time: Apr  9, 2026 19:48:00.764838700 India Standard Time
    UTC Arrival Time: Apr  9, 2026 14:18:00.764838700 UTC
    Epoch Arrival Time: 1775744280.764838700
    [Time shift for this packet: 0.000000000 seconds]
    [Time delta from previous captured frame: 35.300 microseconds]
    [Time delta from previous displayed frame: 35.300 microseconds]
    [Time since reference or first frame: 1.474874100 seconds]
    Frame Number: 47
    Frame Length: 1292 bytes (10336 bits)
    Capture Length: 1292 bytes (10336 bits)
    [Frame is marked: False]
    [Frame is ignored: False]
    [Protocols in frame: eth:ethertype:ip:udp:quic:tls]
    Character encoding: ASCII (0)
Ethernet II, Src: 96:77:0b:05:d4:0b (96:77:0b:05:d4:0b), Dst: HewlettPacka_3a:cc:1d (28:92:4a:3a:cc:1d)
    Destination: HewlettPacka_3a:cc:1d (28:92:4a:3a:cc:1d)
        .... ..0. .... .... .... .... = LG bit: Globally unique address (factory default)
        .... ...0 .... .... .... .... = IG bit: Individual address (unicast)
    Source: 96:77:0b:05:d4:0b (96:77:0b:05:d4:0b)
        .... ..1. .... .... .... .... = LG bit: Locally administered address (this is NOT the factory default)
        .... ...0 .... .... .... .... = IG bit: Individual address (unicast)
    Type: IPv4 (0x0800)
    [Stream index: 0]
Internet Protocol Version 4, Src: 172.16.90.227, Dst: 40.104.134.82
    0100 .... = Version: 4
    .... 0101 = Header Length: 20 bytes (5)
    Differentiated Services Field: 0x00 (DSCP: CS0, ECN: Not-ECT)
        0000 00.. = Differentiated Services Codepoint: Default (0)
        .... ..00 = Explicit Congestion Notification: Not ECN-Capable Transport (0)
    Total Length: 1278
    Identification: 0xec44 (60484)
    010. .... = Flags: 0x2, Don't fragment
        0... .... = Reserved bit: Not set
        .1.. .... = Don't fragment: Set
        ..0. .... = More fragments: Not set
    ...0 0000 0000 0000 = Fragment Offset: 0
    Time to Live: 128
    Protocol: UDP (17)
    Header Checksum: 0x0000 [validation disabled]
    [Header checksum status: Unverified]
    Source Address: 172.16.90.227
    Destination Address: 40.104.134.82
    [Stream index: 2]
User Datagram Protocol, Src Port: 62688, Dst Port: 443
    Source Port: 62688
    Destination Port: 443
    Length: 1258
    Checksum: 0xbaa9 [unverified]
    [Checksum Status: Unverified]
    [Stream index: 4]
    [Stream Packet Number: 2]
    [Timestamps]
        [Time since first frame: 35.300 microseconds]
        [Time since previous frame: 35.300 microseconds]
    UDP payload (1250 bytes)
QUIC IETF
    QUIC Connection information
        [Connection Number: 4]
    [Packet Length: 1250]
    1... .... = Header Form: Long Header (1)
    .1.. .... = Fixed Bit: True
    ..00 .... = Packet Type: Initial (0)
    [.... 00.. = Reserved: 0]
    [.... ..01 = Packet Number Length: 2 bytes (1)]
    Version: 1 (0x00000001)
    Destination Connection ID Length: 8
    Destination Connection ID: 973f34af77435164
    Source Connection ID Length: 0
    Token Length: 0
    Length: 1232
    [Packet Number: 2]
    Payload […]: e0d6221be9f101a3e34cf7240db774fdea31dbf4942d76b34d0e18ad7fe50a34726e67bd2cbe51c7a6bd1869bb390fa1a12e7a5c0985e2f9eea5d97ca1d2630b4eb8b66a11f49dea353118b0d782b02f83d2c4bfdbcadc7dae5a02cf6c04655aaeb09e16263e7cb5e806eab30a5f01be
    PING
        Frame Type: PING (0x0000000000000001)
    CRYPTO
        Frame Type: CRYPTO (0x0000000000000006)
        Offset: 80
        Length: 9
        Crypto Data
    PADDING Length: 2
        Frame Type: PADDING (0x0000000000000000)
        [Padding Length: 2]
    PING
        Frame Type: PING (0x0000000000000001)
    CRYPTO
        Frame Type: CRYPTO (0x0000000000000006)
        Offset: 168
        Length: 14
        Crypto Data
    PING
        Frame Type: PING (0x0000000000000001)
    PADDING Length: 4
        Frame Type: PADDING (0x0000000000000000)
        [Padding Length: 4]
    PING
        Frame Type: PING (0x0000000000000001)
    PADDING Length: 1
        Frame Type: PADDING (0x0000000000000000)
        [Padding Length: 1]
    CRYPTO
        Frame Type: CRYPTO (0x0000000000000006)
        Offset: 89
        Length: 64
        Crypto Data
    PING
        Frame Type: PING (0x0000000000000001)
    PADDING Length: 92
        Frame Type: PADDING (0x0000000000000000)
        [Padding Length: 92]
    CRYPTO
        Frame Type: CRYPTO (0x0000000000000006)
        Offset: 182
        Length: 3
        Crypto Data
    CRYPTO
        Frame Type: CRYPTO (0x0000000000000006)
        Offset: 189
        Length: 794
        Crypto Data
    PADDING Length: 33
        Frame Type: PADDING (0x0000000000000000)
        [Padding Length: 33]
    PING
        Frame Type: PING (0x0000000000000001)
    PING
        Frame Type: PING (0x0000000000000001)
    PADDING Length: 142
        Frame Type: PADDING (0x0000000000000000)
        [Padding Length: 142]
    CRYPTO
        Frame Type: CRYPTO (0x0000000000000006)
        Offset: 185
        Length: 4
        Crypto Data
    CRYPTO
        Frame Type: CRYPTO (0x0000000000000006)
        Offset: 153
        Length: 15
        Crypto Data
        [11 Reassembled QUIC CRYPTO Data Fragments (1801 bytes): #46(1), #46(20), #46(59), #47(9), #47(64), #47(15), #47(14), #47(3), #47(4), #47(794), #46(818)]
            [Frame: 46, payload: 0-0 (1 byte)]
            [Frame: 46, payload: 1-20 (20 bytes)]
            [Frame: 46, payload: 21-79 (59 bytes)]
            [Frame: 47, payload: 80-88 (9 bytes)]
            [Frame: 47, payload: 89-152 (64 bytes)]
            [Frame: 47, payload: 153-167 (15 bytes)]
            [Frame: 47, payload: 168-181 (14 bytes)]
            [Frame: 47, payload: 182-184 (3 bytes)]
            [Frame: 47, payload: 185-188 (4 bytes)]
            [Frame: 47, payload: 189-982 (794 bytes)]
            [Frame: 46, payload: 983-1800 (818 bytes)]
            [Fragment count: 11]
        TLSv1.3 Record Layer: Handshake Protocol: Client Hello
            Handshake Protocol: Client Hello
                Handshake Type: Client Hello (1)
                Length: 1797
                Version: TLS 1.2 (0x0303)
                    [Expert Info (Chat/Deprecated): This legacy_version field MUST be ignored. The supported_versions extension is present and MUST be used instead.]
                        [This legacy_version field MUST be ignored. The supported_versions extension is present and MUST be used instead.]
                        [Severity level: Chat]
                        [Group: Deprecated]
                Random: e40e63ab21b6875401f1e9a5b7eb16257260ca5c0976c0b887fca0704f485294
                Session ID Length: 0
                Cipher Suites Length: 6
                Cipher Suites (3 suites)
                    Cipher Suite: TLS_AES_128_GCM_SHA256 (0x1301)
                    Cipher Suite: TLS_AES_256_GCM_SHA384 (0x1302)
                    Cipher Suite: TLS_CHACHA20_POLY1305_SHA256 (0x1303)
                Compression Methods Length: 1
                Compression Methods (1 method)
                    Compression Method: null (0)
                Extensions Length: 1750
                Extension: compress_certificate (len=3)
                    Type: compress_certificate (27)
                    Length: 3
                    Algorithms Length: 2
                    Algorithm: brotli (2)
                Extension: server_name (len=25) name=substrate.office.com
                    Type: server_name (0)
                    Length: 25
                    Server Name Indication extension
                        Server Name list length: 23
                        Server Name Type: host_name (0)
                        Server Name length: 20
                        Server Name: substrate.office.com
                Extension: application_settings (len=5)
                    Type: application_settings (17613)
                    Length: 5
                    ALPS Extension Length: 3
                    Supported ALPN List
                        Supported ALPN Length: 2
                        Supported ALPN: h3
                Extension: psk_key_exchange_modes (len=2)
                    Type: psk_key_exchange_modes (45)
                    Length: 2
                    PSK Key Exchange Modes Length: 1
                    PSK Key Exchange Mode: PSK with (EC)DHE key establishment (psk_dhe_ke) (1)
                Extension: signature_algorithms (len=20)
                    Type: signature_algorithms (13)
                    Length: 20
                    Signature Hash Algorithms Length: 18
                    Signature Hash Algorithms (9 algorithms)
                        Signature Algorithm: ecdsa_secp256r1_sha256 (0x0403)
                            Signature Hash Algorithm Hash: SHA256 (4)
                            Signature Hash Algorithm Signature: ECDSA (3)
                        Signature Algorithm: rsa_pss_rsae_sha256 (0x0804)
                            Signature Hash Algorithm Hash: Unknown (8)
                            Signature Hash Algorithm Signature: Unknown (4)
                        Signature Algorithm: rsa_pkcs1_sha256 (0x0401)
                            Signature Hash Algorithm Hash: SHA256 (4)
                            Signature Hash Algorithm Signature: RSA (1)
                        Signature Algorithm: ecdsa_secp384r1_sha384 (0x0503)
                            Signature Hash Algorithm Hash: SHA384 (5)
                            Signature Hash Algorithm Signature: ECDSA (3)
                        Signature Algorithm: rsa_pss_rsae_sha384 (0x0805)
                            Signature Hash Algorithm Hash: Unknown (8)
                            Signature Hash Algorithm Signature: Unknown (5)
                        Signature Algorithm: rsa_pkcs1_sha384 (0x0501)
                            Signature Hash Algorithm Hash: SHA384 (5)
                            Signature Hash Algorithm Signature: RSA (1)
                        Signature Algorithm: rsa_pss_rsae_sha512 (0x0806)
                            Signature Hash Algorithm Hash: Unknown (8)
                            Signature Hash Algorithm Signature: Unknown (6)
                        Signature Algorithm: rsa_pkcs1_sha512 (0x0601)
                            Signature Hash Algorithm Hash: SHA512 (6)
                            Signature Hash Algorithm Signature: RSA (1)
                        Signature Algorithm: rsa_pkcs1_sha1 (0x0201)
                            Signature Hash Algorithm Hash: SHA1 (2)
                            Signature Hash Algorithm Signature: RSA (1)
                Extension: supported_groups (len=10)
                    Type: supported_groups (10)
                    Length: 10
                    Supported Groups List Length: 8
                    Supported Groups (4 groups)
                        Supported Group: X25519MLKEM768 (0x11ec)
                        Supported Group: x25519 (0x001d)
                        Supported Group: secp256r1 (0x0017)
                        Supported Group: secp384r1 (0x0018)
                Extension: encrypted_client_hello (len=282)
                    Type: encrypted_client_hello (65037)
                    Length: 282
                    Client Hello type: Outer Client Hello (0)
                    Cipher Suite: HKDF-SHA256/AES-128-GCM
                        KDF Id: HKDF-SHA256 (1)
                        AEAD Id: AES-128-GCM (1)
                    Config Id: 236
                    Enc length: 32
                    Enc: 1a6c3abaa8efa135a9f3ff513b8ad58a1562255312eea510bc6f1f54cf12d446
                    Payload length: 240
                    Payload […]: a1a8a67645ea36326c2c8b03e803c34a50d8d28093f45ddcf98ed3c148c31395844135ef63b4236e30b16f669be194a04418f681b32ab028a49a0caf97e3e13014398c377f564aae3e5bcec80d7ae61328c09f189d54a03f227e242230f5d62f66445015a2566bf88348417597d446be
                Extension: application_layer_protocol_negotiation (len=5)
                    Type: application_layer_protocol_negotiation (16)
                    Length: 5
                    ALPN Extension Length: 3
                    ALPN Protocol
                        ALPN string length: 2
                        ALPN Next Protocol: h3
                Extension: supported_versions (len=3) TLS 1.3
                    Type: supported_versions (43)
                    Length: 3
                    Supported Versions length: 2
                    Supported Version: TLS 1.3 (0x0304)
                Extension: quic_transport_parameters (len=93)
                    Type: quic_transport_parameters (57)
                    Length: 93
                    Parameter: google_initial_rtt (len=2) 7635 us
                        Type: google_initial_rtt (0x3127)
                        Length: 2
                        Value: 5dd3
                        Google Initial RTT: 7635
                    Parameter: initial_max_stream_data_uni (len=4) 6291456
                        Type: initial_max_stream_data_uni (0x07)
                        Length: 4
                        Value: 80600000
                        initial_max_stream_data_uni: 6291456
                    Parameter: version_information (len=12)
                        Type: version_information (0x11)
                        Length: 12
                        Value: 00000001000000010a9a1afa
                        Chosen Version: 1 (0x00000001)
                        Other Version: 1 (0x00000001)
                        Other Version: Unknown (0x0a9a1afa) (GREASE)
                    Parameter: initial_max_stream_data_bidi_remote (len=4) 6291456
                        Type: initial_max_stream_data_bidi_remote (0x06)
                        Length: 4
                        Value: 80600000
                        initial_max_stream_data_bidi_remote: 6291456
                    Parameter: max_datagram_frame_size (len=4) 65536
                        Type: max_datagram_frame_size (0x20)
                        Length: 4
                        Value: 80010000
                        max_datagram_frame_size: 65536
                    Parameter: max_idle_timeout (len=4) 30000 ms
                        Type: max_idle_timeout (0x01)
                        Length: 4
                        Value: 80007530
                        max_idle_timeout: 30000
                    Parameter: initial_max_streams_bidi (len=2) 100
                        Type: initial_max_streams_bidi (0x08)
                        Length: 2
                        Value: 4064
                        initial_max_streams_bidi: 100
                    Parameter: initial_max_stream_data_bidi_local (len=4) 6291456
                        Type: initial_max_stream_data_bidi_local (0x05)
                        Length: 4
                        Value: 80600000
                        initial_max_stream_data_bidi_local: 6291456
                    Parameter: initial_max_data (len=4) 15728640
                        Type: initial_max_data (0x04)
                        Length: 4
                        Value: 80f00000
                        initial_max_data: 15728640
                    Parameter: initial_source_connection_id (len=0)
                        Type: initial_source_connection_id (0x0f)
                        Length: 0
                        Initial Source Connection ID: <MISSING>
                    Parameter: max_udp_payload_size (len=2) 1472
                        Type: max_udp_payload_size (0x03)
                        Length: 2
                        Value: 45c0
                        max_udp_payload_size: 1472
                    Parameter: initial_max_streams_uni (len=2) 103
                        Type: initial_max_streams_uni (0x09)
                        Length: 2
                        Value: 4067
                        initial_max_streams_uni: 103
                    Parameter: GREASE (len=15)
                        Type: GREASE (0x292e6712725094ca)
                        Length: 15
                        Value: 700690391b801a63d25b94b9811421
                Extension: key_share (len=1258) X25519MLKEM768, x25519
                    Type: key_share (51)
                    Length: 1258
                    Key Share extension
                        Client Key Share Length: 1256
                        Key Share Entry: Group: X25519MLKEM768, Key Exchange length: 1216
                            Group: X25519MLKEM768 (4588)
                            Key Exchange Length: 1216
                            Key Exchange […]: 26890113da7eda60b22c496782ba10cff9746895bd81691015a11319b6558766892749ccd92ac75baa36943386d4637e413a0a6a53a17f0c18c1d47d587879a0304f2a9c789801972a9c8ef069c8a81496661834c639bcf1bb9ca0234cba5c4fb24b3b30e16ff26b8270f2cbad5
                        Key Share Entry: Group: x25519, Key Exchange length: 32
                            Group: x25519 (29)
                            Key Exchange Length: 32
                            Key Exchange: ff73df4405cf57e49cc1241c9673f679d7ce2d906e60fa0a9c42c29391c14334
                [JA4: q13d0311h3_55b375c5d22e_653d80c3fe9d]
                [JA4_r: q13d0311h3_1301,1302,1303_000a,000d,001b,002b,002d,0033,0039,44cd,fe0d_0403,0804,0401,0503,0805,0501,0806,0601,0201]
                [JA3 Fullstring: 771,4865-4866-4867,27-0-17613-45-13-10-65037-16-43-57-51,4588-29-23-24,]
                [JA3: 60ba03ec9789a6c7035edb4b8b13f6c7]

Frame 48: Packet, 1266 bytes on wire (10128 bits), 1266 bytes captured (10128 bits) on interface \Device\NPF_{9B9257DC-FAC1-4993-B12F-136D7BA5E874}, id 0
    Section number: 1
    Interface id: 0 (\Device\NPF_{9B9257DC-FAC1-4993-B12F-136D7BA5E874})
        Interface name: \Device\NPF_{9B9257DC-FAC1-4993-B12F-136D7BA5E874}
        Interface description: Wi-Fi
    Encapsulation type: Ethernet (1)
    Arrival Time: Apr  9, 2026 19:48:00.773390000 India Standard Time
    UTC Arrival Time: Apr  9, 2026 14:18:00.773390000 UTC
    Epoch Arrival Time: 1775744280.773390000
    [Time shift for this packet: 0.000000000 seconds]
    [Time delta from previous captured frame: 8.551300 milliseconds]
    [Time delta from previous displayed frame: 8.551300 milliseconds]
    [Time since reference or first frame: 1.483425400 seconds]
    Frame Number: 48
    Frame Length: 1266 bytes (10128 bits)
    Capture Length: 1266 bytes (10128 bits)
    [Frame is marked: False]
    [Frame is ignored: False]
    [Protocols in frame: eth:ethertype:vlan:ethertype:ip:udp:quic:tls]
    Character encoding: ASCII (0)
Ethernet II, Src: HewlettPacka_3a:cc:1d (28:92:4a:3a:cc:1d), Dst: 96:77:0b:05:d4:0b (96:77:0b:05:d4:0b)
    Destination: 96:77:0b:05:d4:0b (96:77:0b:05:d4:0b)
        .... ..1. .... .... .... .... = LG bit: Locally administered address (this is NOT the factory default)
        .... ...0 .... .... .... .... = IG bit: Individual address (unicast)
    Source: HewlettPacka_3a:cc:1d (28:92:4a:3a:cc:1d)
        .... ..0. .... .... .... .... = LG bit: Globally unique address (factory default)
        .... ...0 .... .... .... .... = IG bit: Individual address (unicast)
    Type: 802.1Q Virtual LAN (0x8100)
    [Stream index: 0]
802.1Q Virtual LAN, PRI: 0, DEI: 0, ID: 0
    000. .... .... .... = Priority: Best Effort (default) (0)
    ...0 .... .... .... = DEI: Ineligible
    .... 0000 0000 0000 = ID: 0
    Type: IPv4 (0x0800)
Internet Protocol Version 4, Src: 40.104.134.82, Dst: 172.16.90.227
    0100 .... = Version: 4
    .... 0101 = Header Length: 20 bytes (5)
    Differentiated Services Field: 0xb8 (DSCP: EF, ECN: Not-ECT)
        1011 10.. = Differentiated Services Codepoint: Expedited Forwarding (46)
        .... ..00 = Explicit Congestion Notification: Not ECN-Capable Transport (0)
    Total Length: 1248
    Identification: 0x771a (30490)
    010. .... = Flags: 0x2, Don't fragment
        0... .... = Reserved bit: Not set
        .1.. .... = Don't fragment: Set
        ..0. .... = More fragments: Not set
    ...0 0000 0000 0000 = Fragment Offset: 0
    Time to Live: 116
    Protocol: UDP (17)
    Header Checksum: 0xd48c [validation disabled]
    [Header checksum status: Unverified]
    Source Address: 40.104.134.82
    Destination Address: 172.16.90.227
    [Stream index: 2]
User Datagram Protocol, Src Port: 443, Dst Port: 62688
    Source Port: 443
    Destination Port: 62688
    Length: 1228
    Checksum: 0x6feb [unverified]
    [Checksum Status: Unverified]
    [Stream index: 4]
    [Stream Packet Number: 3]
    [Timestamps]
        [Time since first frame: 8.586600 milliseconds]
        [Time since previous frame: 8.551300 milliseconds]
    UDP payload (1220 bytes)
QUIC IETF
    QUIC Connection information
        [Connection Number: 4]
    [Packet Length: 1220]
    1... .... = Header Form: Long Header (1)
    .1.. .... = Fixed Bit: True
    ..00 .... = Packet Type: Initial (0)
    [.... 00.. = Reserved: 0]
    [.... ..11 = Packet Number Length: 4 bytes (3)]
    Version: 1 (0x00000001)
    Destination Connection ID Length: 0
    Source Connection ID Length: 14
    Source Connection ID: 1e286886528e335e80b5d552ea30
    Token Length: 0
    Length: 1196
    [Packet Number: 0]
    Payload […]: 5a06e8bdd9ef5342097d2ed09c3ef9f8a3e4a73f382490e11c5bc42eb1aacf61188508db4d337f9789b678273b1562be534ad976d462c69aed0be07fdf3c1756696bfc21be36eba5786e2f13434edee48516f929bbf8639294a63358568214f670d1cfaa71dce2034a0b3126058fb826
    ACK
        Frame Type: ACK (0x0000000000000002)
        Largest Acknowledged: 2
        ACK Delay: 1
        ACK Range Count: 0
        First ACK Range: 1
    CRYPTO
        Frame Type: CRYPTO (0x0000000000000006)
        Offset: 0
        Length: 56
        Crypto Data
        TLSv1.3 Record Layer: Handshake Protocol: Hello Retry Request
            Handshake Protocol: Hello Retry Request
                Handshake Type: Server Hello (2)
                Length: 52
                Version: TLS 1.2 (0x0303)
                    [Expert Info (Chat/Deprecated): This legacy_version field MUST be ignored. The supported_versions extension is present and MUST be used instead.]
                        [This legacy_version field MUST be ignored. The supported_versions extension is present and MUST be used instead.]
                        [Severity level: Chat]
                        [Group: Deprecated]
                Random: cf21ad74e59a6111be1d8c021e65b891c2a211167abb8c5e079e09e2c8a8339c (HelloRetryRequest magic)
                Session ID Length: 0
                Cipher Suite: TLS_AES_256_GCM_SHA384 (0x1302)
                Compression Method: null (0)
                Extensions Length: 12
                Extension: supported_versions (len=2) TLS 1.3
                    Type: supported_versions (43)
                    Length: 2
                    Supported Version: TLS 1.3 (0x0304)
                Extension: key_share (len=2) secp384r1
                    Type: key_share (51)
                    Length: 2
                    Key Share extension
                        Selected Group: secp384r1 (24)
                [JA3S Fullstring: 771,4866,43-51]
                [JA3S: 15af977ce25de452b96affa2addb1036]
    PADDING Length: 1112
        Frame Type: PADDING (0x0000000000000000)
        [Padding Length: 1112]

Frame 49: Packet, 1292 bytes on wire (10336 bits), 1292 bytes captured (10336 bits) on interface \Device\NPF_{9B9257DC-FAC1-4993-B12F-136D7BA5E874}, id 0
    Section number: 1
    Interface id: 0 (\Device\NPF_{9B9257DC-FAC1-4993-B12F-136D7BA5E874})
        Interface name: \Device\NPF_{9B9257DC-FAC1-4993-B12F-136D7BA5E874}
        Interface description: Wi-Fi
    Encapsulation type: Ethernet (1)
    Arrival Time: Apr  9, 2026 19:48:00.773918900 India Standard Time
    UTC Arrival Time: Apr  9, 2026 14:18:00.773918900 UTC
    Epoch Arrival Time: 1775744280.773918900
    [Time shift for this packet: 0.000000000 seconds]
    [Time delta from previous captured frame: 528.900 microseconds]
    [Time delta from previous displayed frame: 528.900 microseconds]
    [Time since reference or first frame: 1.483954300 seconds]
    Frame Number: 49
    Frame Length: 1292 bytes (10336 bits)
    Capture Length: 1292 bytes (10336 bits)
    [Frame is marked: False]
    [Frame is ignored: False]
    [Protocols in frame: eth:ethertype:ip:udp:quic:tls:tls:tls:tls]
    Character encoding: ASCII (0)
Ethernet II, Src: 96:77:0b:05:d4:0b (96:77:0b:05:d4:0b), Dst: HewlettPacka_3a:cc:1d (28:92:4a:3a:cc:1d)
    Destination: HewlettPacka_3a:cc:1d (28:92:4a:3a:cc:1d)
        .... ..0. .... .... .... .... = LG bit: Globally unique address (factory default)
        .... ...0 .... .... .... .... = IG bit: Individual address (unicast)
    Source: 96:77:0b:05:d4:0b (96:77:0b:05:d4:0b)
        .... ..1. .... .... .... .... = LG bit: Locally administered address (this is NOT the factory default)
        .... ...0 .... .... .... .... = IG bit: Individual address (unicast)
    Type: IPv4 (0x0800)
    [Stream index: 0]
Internet Protocol Version 4, Src: 172.16.90.227, Dst: 40.104.134.82
    0100 .... = Version: 4
    .... 0101 = Header Length: 20 bytes (5)
    Differentiated Services Field: 0x00 (DSCP: CS0, ECN: Not-ECT)
        0000 00.. = Differentiated Services Codepoint: Default (0)
        .... ..00 = Explicit Congestion Notification: Not ECN-Capable Transport (0)
    Total Length: 1278
    Identification: 0xec45 (60485)
    010. .... = Flags: 0x2, Don't fragment
        0... .... = Reserved bit: Not set
        .1.. .... = Don't fragment: Set
        ..0. .... = More fragments: Not set
    ...0 0000 0000 0000 = Fragment Offset: 0
    Time to Live: 128
    Protocol: UDP (17)
    Header Checksum: 0x0000 [validation disabled]
    [Header checksum status: Unverified]
    Source Address: 172.16.90.227
    Destination Address: 40.104.134.82
    [Stream index: 2]
User Datagram Protocol, Src Port: 62688, Dst Port: 443
    Source Port: 62688
    Destination Port: 443
    Length: 1258
    Checksum: 0xbaa9 [unverified]
    [Checksum Status: Unverified]
    [Stream index: 4]
    [Stream Packet Number: 4]
    [Timestamps]
        [Time since first frame: 9.115500 milliseconds]
        [Time since previous frame: 528.900 microseconds]
    UDP payload (1250 bytes)
QUIC IETF
    QUIC Connection information
        [Connection Number: 4]
    [Packet Length: 1250]
    1... .... = Header Form: Long Header (1)
    .1.. .... = Fixed Bit: True
    ..00 .... = Packet Type: Initial (0)
    [.... 00.. = Reserved: 0]
    [.... ..01 = Packet Number Length: 2 bytes (1)]
    Version: 1 (0x00000001)
    Destination Connection ID Length: 14
    Destination Connection ID: 1e286886528e335e80b5d552ea30
    Source Connection ID Length: 0
    Token Length: 0
    Length: 1226
    [Packet Number: 3]
    Payload […]: e751af5c791e0fd8c7d4adec9d93e29d924a482a4a1103ec3a0444df31558051a89c71d427857876dd24d4e41551440a10c0d45a960abc4bb9dc876d74c66580a2e4b83fd4bd938cb12feff90cd3fd2265272fccaa17a14f1f08c268babc1d257ba3818776f35acc10a07e74c6e1fd2d
    ACK
        Frame Type: ACK (0x0000000000000002)
        Largest Acknowledged: 0
        ACK Delay: 50
        ACK Range Count: 0
        First ACK Range: 0
    PADDING Length: 193
        Frame Type: PADDING (0x0000000000000000)
        [Padding Length: 193]
    PING
        Frame Type: PING (0x0000000000000001)
    CRYPTO
        Frame Type: CRYPTO (0x0000000000000006)
        Offset: 1801
        Length: 25
        Crypto Data
        TLSv1.3 Record Layer: Handshake Protocol: Client Hello (fragment)
            Handshake Protocol: Client Hello (fragment)
    CRYPTO
        Frame Type: CRYPTO (0x0000000000000006)
        Offset: 1826
        Length: 64
        Crypto Data
        TLSv1.3 Record Layer: Handshake Protocol: Client Hello (fragment)
            Handshake Protocol: Client Hello (fragment)
    PING
        Frame Type: PING (0x0000000000000001)
    CRYPTO
        Frame Type: CRYPTO (0x0000000000000006)
        Offset: 1890
        Length: 248
        Crypto Data
        TLSv1.3 Record Layer: Handshake Protocol: Client Hello (fragment)
            Handshake Protocol: Client Hello (fragment)
    PING
        Frame Type: PING (0x0000000000000001)
    CRYPTO
        Frame Type: CRYPTO (0x0000000000000006)
        Offset: 2157
        Length: 4
        Crypto Data
    PADDING Length: 154
        Frame Type: PADDING (0x0000000000000000)
        [Padding Length: 154]
    CRYPTO
        Frame Type: CRYPTO (0x0000000000000006)
        Offset: 2332
        Length: 115
        Crypto Data
    CRYPTO
        Frame Type: CRYPTO (0x0000000000000006)
        Offset: 2161
        Length: 171
        Crypto Data
    PING
        Frame Type: PING (0x0000000000000001)
    PADDING Length: 32
        Frame Type: PADDING (0x0000000000000000)
        [Padding Length: 32]
    PING
        Frame Type: PING (0x0000000000000001)
    CRYPTO
        Frame Type: CRYPTO (0x0000000000000006)
        Offset: 2138
        Length: 19
        Crypto Data
        [4 Reassembled QUIC CRYPTO Data Fragments (309 bytes): #49(19), #49(4), #49(171), #49(115)]
            [Frame: 49, payload: 0-18 (19 bytes)]
            [Frame: 49, payload: 19-22 (4 bytes)]
            [Frame: 49, payload: 23-193 (171 bytes)]
            [Frame: 49, payload: 194-308 (115 bytes)]
            [Fragment count: 4]
        TLSv1.3 Record Layer: Handshake Protocol: Client Hello
            Handshake Protocol: Client Hello (last fragment)
            [4 Reassembled Handshake Fragments (646 bytes): #49(25), #49(64), #49(248), #49(309)]
                [Frame: 49, payload: 0-24 (25 bytes)]
                [Frame: 49, payload: 25-88 (64 bytes)]
                [Frame: 49, payload: 89-336 (248 bytes)]
                [Frame: 49, payload: 337-645 (309 bytes)]
                [Handshake Fragment count: 4]
            Handshake Protocol: Client Hello
                Handshake Type: Client Hello (1)
                Length: 642
                Version: TLS 1.2 (0x0303)
                    [Expert Info (Chat/Deprecated): This legacy_version field MUST be ignored. The supported_versions extension is present and MUST be used instead.]
                        [This legacy_version field MUST be ignored. The supported_versions extension is present and MUST be used instead.]
                        [Severity level: Chat]
                        [Group: Deprecated]
                Random: e40e63ab21b6875401f1e9a5b7eb16257260ca5c0976c0b887fca0704f485294
                Session ID Length: 0
                Cipher Suites Length: 6
                Cipher Suites (3 suites)
                    Cipher Suite: TLS_AES_128_GCM_SHA256 (0x1301)
                    Cipher Suite: TLS_AES_256_GCM_SHA384 (0x1302)
                    Cipher Suite: TLS_CHACHA20_POLY1305_SHA256 (0x1303)
                Compression Methods Length: 1
                Compression Methods (1 method)
                    Compression Method: null (0)
                Extensions Length: 595
                Extension: compress_certificate (len=3)
                    Type: compress_certificate (27)
                    Length: 3
                    Algorithms Length: 2
                    Algorithm: brotli (2)
                Extension: server_name (len=25) name=substrate.office.com
                    Type: server_name (0)
                    Length: 25
                    Server Name Indication extension
                        Server Name list length: 23
                        Server Name Type: host_name (0)
                        Server Name length: 20
                        Server Name: substrate.office.com
                Extension: application_settings (len=5)
                    Type: application_settings (17613)
                    Length: 5
                    ALPS Extension Length: 3
                    Supported ALPN List
                        Supported ALPN Length: 2
                        Supported ALPN: h3
                Extension: psk_key_exchange_modes (len=2)
                    Type: psk_key_exchange_modes (45)
                    Length: 2
                    PSK Key Exchange Modes Length: 1
                    PSK Key Exchange Mode: PSK with (EC)DHE key establishment (psk_dhe_ke) (1)
                Extension: signature_algorithms (len=20)
                    Type: signature_algorithms (13)
                    Length: 20
                    Signature Hash Algorithms Length: 18
                    Signature Hash Algorithms (9 algorithms)
                        Signature Algorithm: ecdsa_secp256r1_sha256 (0x0403)
                            Signature Hash Algorithm Hash: SHA256 (4)
                            Signature Hash Algorithm Signature: ECDSA (3)
                        Signature Algorithm: rsa_pss_rsae_sha256 (0x0804)
                            Signature Hash Algorithm Hash: Unknown (8)
                            Signature Hash Algorithm Signature: Unknown (4)
                        Signature Algorithm: rsa_pkcs1_sha256 (0x0401)
                            Signature Hash Algorithm Hash: SHA256 (4)
                            Signature Hash Algorithm Signature: RSA (1)
                        Signature Algorithm: ecdsa_secp384r1_sha384 (0x0503)
                            Signature Hash Algorithm Hash: SHA384 (5)
                            Signature Hash Algorithm Signature: ECDSA (3)
                        Signature Algorithm: rsa_pss_rsae_sha384 (0x0805)
                            Signature Hash Algorithm Hash: Unknown (8)
                            Signature Hash Algorithm Signature: Unknown (5)
                        Signature Algorithm: rsa_pkcs1_sha384 (0x0501)
                            Signature Hash Algorithm Hash: SHA384 (5)
                            Signature Hash Algorithm Signature: RSA (1)
                        Signature Algorithm: rsa_pss_rsae_sha512 (0x0806)
                            Signature Hash Algorithm Hash: Unknown (8)
                            Signature Hash Algorithm Signature: Unknown (6)
                        Signature Algorithm: rsa_pkcs1_sha512 (0x0601)
                            Signature Hash Algorithm Hash: SHA512 (6)
                            Signature Hash Algorithm Signature: RSA (1)
                        Signature Algorithm: rsa_pkcs1_sha1 (0x0201)
                            Signature Hash Algorithm Hash: SHA1 (2)
                            Signature Hash Algorithm Signature: RSA (1)
                Extension: supported_groups (len=10)
                    Type: supported_groups (10)
                    Length: 10
                    Supported Groups List Length: 8
                    Supported Groups (4 groups)
                        Supported Group: X25519MLKEM768 (0x11ec)
                        Supported Group: x25519 (0x001d)
                        Supported Group: secp256r1 (0x0017)
                        Supported Group: secp384r1 (0x0018)
                Extension: encrypted_client_hello (len=282)
                    Type: encrypted_client_hello (65037)
                    Length: 282
                    Client Hello type: Outer Client Hello (0)
                    Cipher Suite: HKDF-SHA256/AES-128-GCM
                        KDF Id: HKDF-SHA256 (1)
                        AEAD Id: AES-128-GCM (1)
                    Config Id: 236
                    Enc length: 32
                    Enc: 1a6c3abaa8efa135a9f3ff513b8ad58a1562255312eea510bc6f1f54cf12d446
                    Payload length: 240
                    Payload […]: a1a8a67645ea36326c2c8b03e803c34a50d8d28093f45ddcf98ed3c148c31395844135ef63b4236e30b16f669be194a04418f681b32ab028a49a0caf97e3e13014398c377f564aae3e5bcec80d7ae61328c09f189d54a03f227e242230f5d62f66445015a2566bf88348417597d446be
                Extension: application_layer_protocol_negotiation (len=5)
                    Type: application_layer_protocol_negotiation (16)
                    Length: 5
                    ALPN Extension Length: 3
                    ALPN Protocol
                        ALPN string length: 2
                        ALPN Next Protocol: h3
                Extension: supported_versions (len=3) TLS 1.3
                    Type: supported_versions (43)
                    Length: 3
                    Supported Versions length: 2
                    Supported Version: TLS 1.3 (0x0304)
                Extension: quic_transport_parameters (len=93)
                    Type: quic_transport_parameters (57)
                    Length: 93
                    Parameter: google_initial_rtt (len=2) 7635 us
                        Type: google_initial_rtt (0x3127)
                        Length: 2
                        Value: 5dd3
                        Google Initial RTT: 7635
                    Parameter: initial_max_stream_data_uni (len=4) 6291456
                        Type: initial_max_stream_data_uni (0x07)
                        Length: 4
                        Value: 80600000
                        initial_max_stream_data_uni: 6291456
                    Parameter: version_information (len=12)
                        Type: version_information (0x11)
                        Length: 12
                        Value: 00000001000000010a9a1afa
                        Chosen Version: 1 (0x00000001)
                        Other Version: 1 (0x00000001)
                        Other Version: Unknown (0x0a9a1afa) (GREASE)
                    Parameter: initial_max_stream_data_bidi_remote (len=4) 6291456
                        Type: initial_max_stream_data_bidi_remote (0x06)
                        Length: 4
                        Value: 80600000
                        initial_max_stream_data_bidi_remote: 6291456
                    Parameter: max_datagram_frame_size (len=4) 65536
                        Type: max_datagram_frame_size (0x20)
                        Length: 4
                        Value: 80010000
                        max_datagram_frame_size: 65536
                    Parameter: max_idle_timeout (len=4) 30000 ms
                        Type: max_idle_timeout (0x01)
                        Length: 4
                        Value: 80007530
                        max_idle_timeout: 30000
                    Parameter: initial_max_streams_bidi (len=2) 100
                        Type: initial_max_streams_bidi (0x08)
                        Length: 2
                        Value: 4064
                        initial_max_streams_bidi: 100
                    Parameter: initial_max_stream_data_bidi_local (len=4) 6291456
                        Type: initial_max_stream_data_bidi_local (0x05)
                        Length: 4
                        Value: 80600000
                        initial_max_stream_data_bidi_local: 6291456
                    Parameter: initial_max_data (len=4) 15728640
                        Type: initial_max_data (0x04)
                        Length: 4
                        Value: 80f00000
                        initial_max_data: 15728640
                    Parameter: initial_source_connection_id (len=0)
                        Type: initial_source_connection_id (0x0f)
                        Length: 0
                        Initial Source Connection ID: <MISSING>
                    Parameter: max_udp_payload_size (len=2) 1472
                        Type: max_udp_payload_size (0x03)
                        Length: 2
                        Value: 45c0
                        max_udp_payload_size: 1472
                    Parameter: initial_max_streams_uni (len=2) 103
                        Type: initial_max_streams_uni (0x09)
                        Length: 2
                        Value: 4067
                        initial_max_streams_uni: 103
                    Parameter: GREASE (len=15)
                        Type: GREASE (0x292e6712725094ca)
                        Length: 15
                        Value: 700690391b801a63d25b94b9811421
                Extension: key_share (len=103) secp384r1
                    Type: key_share (51)
                    Length: 103
                    Key Share extension
                        Client Key Share Length: 101
                        Key Share Entry: Group: secp384r1, Key Exchange length: 97
                            Group: secp384r1 (24)
                            Key Exchange Length: 97
                            Key Exchange: 04853d07f757979e1647f4929e00de20703ab5ed8a957f8fb6f7204472cc53daedde6211e9cd74fd66d9fdbf40f1228263258dbf7fc9026421fdcf73df45c414b1fc6f0fb2fd920782e246c83d1b28809ba4701f9ad3cd98b40124b918bad60c8f
                [JA4: q13d0311h3_55b375c5d22e_653d80c3fe9d]
                [JA4_r: q13d0311h3_1301,1302,1303_000a,000d,001b,002b,002d,0033,0039,44cd,fe0d_0403,0804,0401,0503,0805,0501,0806,0601,0201]
                [JA3 Fullstring: 771,4865-4866-4867,27-0-17613-45-13-10-65037-16-43-57-51,4588-29-23-24,]
                [JA3: 60ba03ec9789a6c7035edb4b8b13f6c7]
    PADDING Length: 136
        Frame Type: PADDING (0x0000000000000000)
        [Padding Length: 136]
    PING
        Frame Type: PING (0x0000000000000001)
    PADDING Length: 4
        Frame Type: PADDING (0x0000000000000000)
        [Padding Length: 4]

Frame 50: Packet, 1266 bytes on wire (10128 bits), 1266 bytes captured (10128 bits) on interface \Device\NPF_{9B9257DC-FAC1-4993-B12F-136D7BA5E874}, id 0
    Section number: 1
    Interface id: 0 (\Device\NPF_{9B9257DC-FAC1-4993-B12F-136D7BA5E874})
        Interface name: \Device\NPF_{9B9257DC-FAC1-4993-B12F-136D7BA5E874}
        Interface description: Wi-Fi
    Encapsulation type: Ethernet (1)
    Arrival Time: Apr  9, 2026 19:48:00.788504600 India Standard Time
    UTC Arrival Time: Apr  9, 2026 14:18:00.788504600 UTC
    Epoch Arrival Time: 1775744280.788504600
    [Time shift for this packet: 0.000000000 seconds]
    [Time delta from previous captured frame: 14.585700 milliseconds]
    [Time delta from previous displayed frame: 14.585700 milliseconds]
    [Time since reference or first frame: 1.498540000 seconds]
    Frame Number: 50
    Frame Length: 1266 bytes (10128 bits)
    Capture Length: 1266 bytes (10128 bits)
    [Frame is marked: False]
    [Frame is ignored: False]
    [Protocols in frame: eth:ethertype:vlan:ethertype:ip:udp:quic:tls]
    Character encoding: ASCII (0)
Ethernet II, Src: HewlettPacka_3a:cc:1d (28:92:4a:3a:cc:1d), Dst: 96:77:0b:05:d4:0b (96:77:0b:05:d4:0b)
    Destination: 96:77:0b:05:d4:0b (96:77:0b:05:d4:0b)
        .... ..1. .... .... .... .... = LG bit: Locally administered address (this is NOT the factory default)
        .... ...0 .... .... .... .... = IG bit: Individual address (unicast)
    Source: HewlettPacka_3a:cc:1d (28:92:4a:3a:cc:1d)
        .... ..0. .... .... .... .... = LG bit: Globally unique address (factory default)
        .... ...0 .... .... .... .... = IG bit: Individual address (unicast)
    Type: 802.1Q Virtual LAN (0x8100)
    [Stream index: 0]
802.1Q Virtual LAN, PRI: 0, DEI: 0, ID: 0
    000. .... .... .... = Priority: Best Effort (default) (0)
    ...0 .... .... .... = DEI: Ineligible
    .... 0000 0000 0000 = ID: 0
    Type: IPv4 (0x0800)
Internet Protocol Version 4, Src: 40.104.134.82, Dst: 172.16.90.227
    0100 .... = Version: 4
    .... 0101 = Header Length: 20 bytes (5)
    Differentiated Services Field: 0xb8 (DSCP: EF, ECN: Not-ECT)
        1011 10.. = Differentiated Services Codepoint: Expedited Forwarding (46)
        .... ..00 = Explicit Congestion Notification: Not ECN-Capable Transport (0)
    Total Length: 1248
    Identification: 0x771b (30491)
    010. .... = Flags: 0x2, Don't fragment
        0... .... = Reserved bit: Not set
        .1.. .... = Don't fragment: Set
        ..0. .... = More fragments: Not set
    ...0 0000 0000 0000 = Fragment Offset: 0
    Time to Live: 116
    Protocol: UDP (17)
    Header Checksum: 0xd48b [validation disabled]
    [Header checksum status: Unverified]
    Source Address: 40.104.134.82
    Destination Address: 172.16.90.227
    [Stream index: 2]
User Datagram Protocol, Src Port: 443, Dst Port: 62688
    Source Port: 443
    Destination Port: 62688
    Length: 1228
    Checksum: 0x20fd [unverified]
    [Checksum Status: Unverified]
    [Stream index: 4]
    [Stream Packet Number: 5]
    [Timestamps]
        [Time since first frame: 23.701200 milliseconds]
        [Time since previous frame: 14.585700 milliseconds]
    UDP payload (1220 bytes)
QUIC IETF
    QUIC Connection information
        [Connection Number: 4]
    [Packet Length: 208]
    1... .... = Header Form: Long Header (1)
    .1.. .... = Fixed Bit: True
    ..00 .... = Packet Type: Initial (0)
    [.... 00.. = Reserved: 0]
    [.... ..11 = Packet Number Length: 4 bytes (3)]
    Version: 1 (0x00000001)
    Destination Connection ID Length: 0
    Source Connection ID Length: 14
    Source Connection ID: 1e286886528e335e80b5d552ea30
    Token Length: 0
    Length: 184
    [Packet Number: 1]
    Payload […]: 1fbb3b3f0b1c05e178ded137054af57ee4a65ff1cd22e47022dca94cd3a865160d3122637bbd63006d2a1281244a75fedccacb332adddef853552f4b2f052b9dd722ff3ed54013230fd105ee88457dead038adf894e3bb386cb7cc7f8f0a1b280f75fe46204da7c9ab4f81b95fe45d94
    ACK
        Frame Type: ACK (0x0000000000000002)
        Largest Acknowledged: 3
        ACK Delay: 5
        ACK Range Count: 0
        First ACK Range: 0
    CRYPTO
        Frame Type: CRYPTO (0x0000000000000006)
        Offset: 56
        Length: 155
        Crypto Data
        TLSv1.3 Record Layer: Handshake Protocol: Server Hello
            Handshake Protocol: Server Hello
                Handshake Type: Server Hello (2)
                Length: 151
                Version: TLS 1.2 (0x0303)
                    [Expert Info (Chat/Deprecated): This legacy_version field MUST be ignored. The supported_versions extension is present and MUST be used instead.]
                        [This legacy_version field MUST be ignored. The supported_versions extension is present and MUST be used instead.]
                        [Severity level: Chat]
                        [Group: Deprecated]
                Random: 86f1d95a90360e579ee481a66fe4216a88705cc6dfbfda9216e45252ed7fe152
                Session ID Length: 0
                Cipher Suite: TLS_AES_256_GCM_SHA384 (0x1302)
                Compression Method: null (0)
                Extensions Length: 111
                Extension: supported_versions (len=2) TLS 1.3
                    Type: supported_versions (43)
                    Length: 2
                    Supported Version: TLS 1.3 (0x0304)
                Extension: key_share (len=101) secp384r1
                    Type: key_share (51)
                    Length: 101
                    Key Share extension
                        Key Share Entry: Group: secp384r1, Key Exchange length: 97
                            Group: secp384r1 (24)
                            Key Exchange Length: 97
                            Key Exchange: 046422ded9fa49ca1110c7460f73206d9d191ae175792291ec8b702a96ecd4f12bc7ec41fe056854418da93411b88aeabd8dee6d3c685f752b75e8a0e2e0f75c4db9b9a05c72e6a862a77301d0237c81c354184af98f98c68c68d8db650bdf0576
                [JA3S Fullstring: 771,4866,43-51]
                [JA3S: 15af977ce25de452b96affa2addb1036]
QUIC IETF
    [Packet Length: 1012]
    1... .... = Header Form: Long Header (1)
    .1.. .... = Fixed Bit: True
    ..10 .... = Packet Type: Handshake (2)
    Version: 1 (0x00000001)
    Destination Connection ID Length: 0
    Source Connection ID Length: 14
    Source Connection ID: 1e286886528e335e80b5d552ea30
    Length: 989
    [Expert Info (Warning/Decryption): Failed to create decryption context: Secrets are not available]
        [Failed to create decryption context: Secrets are not available]
        [Severity level: Warning]
        [Group: Decryption]
    Remaining Payload […]: 3e85ad1b5aa3ab57c3ac24357d1bf199147d60ead35edd4aa88fab7a149f8d949469ec455876d16f9075d897e374f88cbf904a2a53228768f66acbedd3982b50b2c2bcc3243bc2165551a6019b1b426383a686d1e7d0ede988b79a95923a973a896a8da3f0df2143a3fbd6

Frame 51: Packet, 1266 bytes on wire (10128 bits), 1266 bytes captured (10128 bits) on interface \Device\NPF_{9B9257DC-FAC1-4993-B12F-136D7BA5E874}, id 0
    Section number: 1
    Interface id: 0 (\Device\NPF_{9B9257DC-FAC1-4993-B12F-136D7BA5E874})
        Interface name: \Device\NPF_{9B9257DC-FAC1-4993-B12F-136D7BA5E874}
        Interface description: Wi-Fi
    Encapsulation type: Ethernet (1)
    Arrival Time: Apr  9, 2026 19:48:00.788504600 India Standard Time
    UTC Arrival Time: Apr  9, 2026 14:18:00.788504600 UTC
    Epoch Arrival Time: 1775744280.788504600
    [Time shift for this packet: 0.000000000 seconds]
    [Time delta from previous captured frame: 0.000000000 seconds]
    [Time delta from previous displayed frame: 0.000000000 seconds]
    [Time since reference or first frame: 1.498540000 seconds]
    Frame Number: 51
    Frame Length: 1266 bytes (10128 bits)
    Capture Length: 1266 bytes (10128 bits)
    [Frame is marked: False]
    [Frame is ignored: False]
    [Protocols in frame: eth:ethertype:vlan:ethertype:ip:udp:quic]
    Character encoding: ASCII (0)
Ethernet II, Src: HewlettPacka_3a:cc:1d (28:92:4a:3a:cc:1d), Dst: 96:77:0b:05:d4:0b (96:77:0b:05:d4:0b)
    Destination: 96:77:0b:05:d4:0b (96:77:0b:05:d4:0b)
        .... ..1. .... .... .... .... = LG bit: Locally administered address (this is NOT the factory default)
        .... ...0 .... .... .... .... = IG bit: Individual address (unicast)
    Source: HewlettPacka_3a:cc:1d (28:92:4a:3a:cc:1d)
        .... ..0. .... .... .... .... = LG bit: Globally unique address (factory default)
        .... ...0 .... .... .... .... = IG bit: Individual address (unicast)
    Type: 802.1Q Virtual LAN (0x8100)
    [Stream index: 0]
802.1Q Virtual LAN, PRI: 0, DEI: 0, ID: 0
    000. .... .... .... = Priority: Best Effort (default) (0)
    ...0 .... .... .... = DEI: Ineligible
    .... 0000 0000 0000 = ID: 0
    Type: IPv4 (0x0800)
Internet Protocol Version 4, Src: 40.104.134.82, Dst: 172.16.90.227
    0100 .... = Version: 4
    .... 0101 = Header Length: 20 bytes (5)
    Differentiated Services Field: 0xb8 (DSCP: EF, ECN: Not-ECT)
        1011 10.. = Differentiated Services Codepoint: Expedited Forwarding (46)
        .... ..00 = Explicit Congestion Notification: Not ECN-Capable Transport (0)
    Total Length: 1248
    Identification: 0x771c (30492)
    010. .... = Flags: 0x2, Don't fragment
        0... .... = Reserved bit: Not set
        .1.. .... = Don't fragment: Set
        ..0. .... = More fragments: Not set
    ...0 0000 0000 0000 = Fragment Offset: 0
    Time to Live: 116
    Protocol: UDP (17)
    Header Checksum: 0xd48a [validation disabled]
    [Header checksum status: Unverified]
    Source Address: 40.104.134.82
    Destination Address: 172.16.90.227
    [Stream index: 2]
User Datagram Protocol, Src Port: 443, Dst Port: 62688
    Source Port: 443
    Destination Port: 62688
    Length: 1228
    Checksum: 0x0a33 [unverified]
    [Checksum Status: Unverified]
    [Stream index: 4]
    [Stream Packet Number: 6]
    [Timestamps]
        [Time since first frame: 23.701200 milliseconds]
        [Time since previous frame: 0.000000000 seconds]
    UDP payload (1220 bytes)
QUIC IETF
    QUIC Connection information
        [Connection Number: 4]
    [Packet Length: 1220]
    1... .... = Header Form: Long Header (1)
    .1.. .... = Fixed Bit: True
    ..10 .... = Packet Type: Handshake (2)
    Version: 1 (0x00000001)
    Destination Connection ID Length: 0
    Source Connection ID Length: 14
    Source Connection ID: 1e286886528e335e80b5d552ea30
    Length: 1197
    [Expert Info (Warning/Decryption): Failed to create decryption context: Secrets are not available]
        [Failed to create decryption context: Secrets are not available]
        [Severity level: Warning]
        [Group: Decryption]
    Remaining Payload […]: b323e9a0aed4cacda482b2d4d406e5378e4d8e6b2bbf46347edad6245606798b9bbba49da6791688d4ed851f58bb7e84d0dda7395e417773668e29ff1a98b5a51216bfefab9940bf094a67f1ecc731df111a9f637ab81c6865fcf1a662e692c3517b7ecd567b6a779dd754

Frame 52: Packet, 1266 bytes on wire (10128 bits), 1266 bytes captured (10128 bits) on interface \Device\NPF_{9B9257DC-FAC1-4993-B12F-136D7BA5E874}, id 0
    Section number: 1
    Interface id: 0 (\Device\NPF_{9B9257DC-FAC1-4993-B12F-136D7BA5E874})
        Interface name: \Device\NPF_{9B9257DC-FAC1-4993-B12F-136D7BA5E874}
        Interface description: Wi-Fi
    Encapsulation type: Ethernet (1)
    Arrival Time: Apr  9, 2026 19:48:00.788504600 India Standard Time
    UTC Arrival Time: Apr  9, 2026 14:18:00.788504600 UTC
    Epoch Arrival Time: 1775744280.788504600
    [Time shift for this packet: 0.000000000 seconds]
    [Time delta from previous captured frame: 0.000000000 seconds]
    [Time delta from previous displayed frame: 0.000000000 seconds]
    [Time since reference or first frame: 1.498540000 seconds]
    Frame Number: 52
    Frame Length: 1266 bytes (10128 bits)
    Capture Length: 1266 bytes (10128 bits)
    [Frame is marked: False]
    [Frame is ignored: False]
    [Protocols in frame: eth:ethertype:vlan:ethertype:ip:udp:quic]
    Character encoding: ASCII (0)
Ethernet II, Src: HewlettPacka_3a:cc:1d (28:92:4a:3a:cc:1d), Dst: 96:77:0b:05:d4:0b (96:77:0b:05:d4:0b)
    Destination: 96:77:0b:05:d4:0b (96:77:0b:05:d4:0b)
        .... ..1. .... .... .... .... = LG bit: Locally administered address (this is NOT the factory default)
        .... ...0 .... .... .... .... = IG bit: Individual address (unicast)
    Source: HewlettPacka_3a:cc:1d (28:92:4a:3a:cc:1d)
        .... ..0. .... .... .... .... = LG bit: Globally unique address (factory default)
        .... ...0 .... .... .... .... = IG bit: Individual address (unicast)
    Type: 802.1Q Virtual LAN (0x8100)
    [Stream index: 0]
802.1Q Virtual LAN, PRI: 0, DEI: 0, ID: 0
    000. .... .... .... = Priority: Best Effort (default) (0)
    ...0 .... .... .... = DEI: Ineligible
    .... 0000 0000 0000 = ID: 0
    Type: IPv4 (0x0800)
Internet Protocol Version 4, Src: 40.104.134.82, Dst: 172.16.90.227
    0100 .... = Version: 4
    .... 0101 = Header Length: 20 bytes (5)
    Differentiated Services Field: 0xb8 (DSCP: EF, ECN: Not-ECT)
        1011 10.. = Differentiated Services Codepoint: Expedited Forwarding (46)
        .... ..00 = Explicit Congestion Notification: Not ECN-Capable Transport (0)
    Total Length: 1248
    Identification: 0x771d (30493)
    010. .... = Flags: 0x2, Don't fragment
        0... .... = Reserved bit: Not set
        .1.. .... = Don't fragment: Set
        ..0. .... = More fragments: Not set
    ...0 0000 0000 0000 = Fragment Offset: 0
    Time to Live: 116
    Protocol: UDP (17)
    Header Checksum: 0xd489 [validation disabled]
    [Header checksum status: Unverified]
    Source Address: 40.104.134.82
    Destination Address: 172.16.90.227
    [Stream index: 2]
User Datagram Protocol, Src Port: 443, Dst Port: 62688
    Source Port: 443
    Destination Port: 62688
    Length: 1228
    Checksum: 0x3a79 [unverified]
    [Checksum Status: Unverified]
    [Stream index: 4]
    [Stream Packet Number: 7]
    [Timestamps]
        [Time since first frame: 23.701200 milliseconds]
        [Time since previous frame: 0.000000000 seconds]
    UDP payload (1220 bytes)
QUIC IETF
    QUIC Connection information
        [Connection Number: 4]
    [Packet Length: 1220]
    1... .... = Header Form: Long Header (1)
    .1.. .... = Fixed Bit: True
    ..10 .... = Packet Type: Handshake (2)
    Version: 1 (0x00000001)
    Destination Connection ID Length: 0
    Source Connection ID Length: 14
    Source Connection ID: 1e286886528e335e80b5d552ea30
    Length: 1197
    [Expert Info (Warning/Decryption): Failed to create decryption context: Secrets are not available]
        [Failed to create decryption context: Secrets are not available]
        [Severity level: Warning]
        [Group: Decryption]
    Remaining Payload […]: 3ad4b18902c944b90db9f31e4982ac5ea5e12ed0a4195a3f5a570e8fd685f688fd996a0995bcb14efaa70455c3db74271883cb668d65f98b074bebac08354b260d022c816fe62911e8883fe46f8f3ec18a0ac57ac473ed354a43716e3cf28d7beae31f9dd382d13193caa3

Frame 53: Packet, 678 bytes on wire (5424 bits), 678 bytes captured (5424 bits) on interface \Device\NPF_{9B9257DC-FAC1-4993-B12F-136D7BA5E874}, id 0
    Section number: 1
    Interface id: 0 (\Device\NPF_{9B9257DC-FAC1-4993-B12F-136D7BA5E874})
        Interface name: \Device\NPF_{9B9257DC-FAC1-4993-B12F-136D7BA5E874}
        Interface description: Wi-Fi
    Encapsulation type: Ethernet (1)
    Arrival Time: Apr  9, 2026 19:48:00.788504600 India Standard Time
    UTC Arrival Time: Apr  9, 2026 14:18:00.788504600 UTC
    Epoch Arrival Time: 1775744280.788504600
    [Time shift for this packet: 0.000000000 seconds]
    [Time delta from previous captured frame: 0.000000000 seconds]
    [Time delta from previous displayed frame: 0.000000000 seconds]
    [Time since reference or first frame: 1.498540000 seconds]
    Frame Number: 53
    Frame Length: 678 bytes (5424 bits)
    Capture Length: 678 bytes (5424 bits)
    [Frame is marked: False]
    [Frame is ignored: False]
    [Protocols in frame: eth:ethertype:vlan:ethertype:ip:udp:quic]
    Character encoding: ASCII (0)
Ethernet II, Src: HewlettPacka_3a:cc:1d (28:92:4a:3a:cc:1d), Dst: 96:77:0b:05:d4:0b (96:77:0b:05:d4:0b)
    Destination: 96:77:0b:05:d4:0b (96:77:0b:05:d4:0b)
        .... ..1. .... .... .... .... = LG bit: Locally administered address (this is NOT the factory default)
        .... ...0 .... .... .... .... = IG bit: Individual address (unicast)
    Source: HewlettPacka_3a:cc:1d (28:92:4a:3a:cc:1d)
        .... ..0. .... .... .... .... = LG bit: Globally unique address (factory default)
        .... ...0 .... .... .... .... = IG bit: Individual address (unicast)
    Type: 802.1Q Virtual LAN (0x8100)
    [Stream index: 0]
802.1Q Virtual LAN, PRI: 0, DEI: 0, ID: 0
    000. .... .... .... = Priority: Best Effort (default) (0)
    ...0 .... .... .... = DEI: Ineligible
    .... 0000 0000 0000 = ID: 0
    Type: IPv4 (0x0800)
Internet Protocol Version 4, Src: 40.104.134.82, Dst: 172.16.90.227
    0100 .... = Version: 4
    .... 0101 = Header Length: 20 bytes (5)
    Differentiated Services Field: 0xb8 (DSCP: EF, ECN: Not-ECT)
        1011 10.. = Differentiated Services Codepoint: Expedited Forwarding (46)
        .... ..00 = Explicit Congestion Notification: Not ECN-Capable Transport (0)
    Total Length: 660
    Identification: 0x771e (30494)
    010. .... = Flags: 0x2, Don't fragment
        0... .... = Reserved bit: Not set
        .1.. .... = Don't fragment: Set
        ..0. .... = More fragments: Not set
    ...0 0000 0000 0000 = Fragment Offset: 0
    Time to Live: 116
    Protocol: UDP (17)
    Header Checksum: 0xd6d4 [validation disabled]
    [Header checksum status: Unverified]
    Source Address: 40.104.134.82
    Destination Address: 172.16.90.227
    [Stream index: 2]
User Datagram Protocol, Src Port: 443, Dst Port: 62688
    Source Port: 443
    Destination Port: 62688
    Length: 640
    Checksum: 0xd20b [unverified]
    [Checksum Status: Unverified]
    [Stream index: 4]
    [Stream Packet Number: 8]
    [Timestamps]
        [Time since first frame: 23.701200 milliseconds]
        [Time since previous frame: 0.000000000 seconds]
    UDP payload (632 bytes)
QUIC IETF
    QUIC Connection information
        [Connection Number: 4]
    [Packet Length: 588]
    1... .... = Header Form: Long Header (1)
    .1.. .... = Fixed Bit: True
    ..10 .... = Packet Type: Handshake (2)
    Version: 1 (0x00000001)
    Destination Connection ID Length: 0
    Source Connection ID Length: 14
    Source Connection ID: 1e286886528e335e80b5d552ea30
    Length: 565
    [Expert Info (Warning/Decryption): Failed to create decryption context: Secrets are not available]
        [Failed to create decryption context: Secrets are not available]
        [Severity level: Warning]
        [Group: Decryption]
    Remaining Payload […]: f1e22d5e5fcdf5afb0e5d746cc4cf6d0044d9755c1959d8d1be4e6fa106f5057e480f6e8a011d33aa903a88f7caab1de9e420e617eeac2710371f75cd82c6551075e7d55b1d2ed4ed74c20f4332880d577805bdf55d889891d3989dbcbb8f57eefecba1d59b6fb349bd9bd
QUIC IETF
    [Packet Length: 44]
    QUIC Short Header
        0... .... = Header Form: Short Header (0)
        .1.. .... = Fixed Bit: True
        ..0. .... = Spin Bit: False
    [Expert Info (Warning/Decryption): Failed to create decryption context: Secrets are not available]
        [Failed to create decryption context: Secrets are not available]
        [Severity level: Warning]
        [Group: Decryption]
    Remaining Payload: e30cc4fd773aaf802a4230294c90321b7f97ab2906183836204dd983e7e263e1d56e121352efed37bc1aeb

Frame 54: Packet, 87 bytes on wire (696 bits), 87 bytes captured (696 bits) on interface \Device\NPF_{9B9257DC-FAC1-4993-B12F-136D7BA5E874}, id 0
    Section number: 1
    Interface id: 0 (\Device\NPF_{9B9257DC-FAC1-4993-B12F-136D7BA5E874})
        Interface name: \Device\NPF_{9B9257DC-FAC1-4993-B12F-136D7BA5E874}
        Interface description: Wi-Fi
    Encapsulation type: Ethernet (1)
    Arrival Time: Apr  9, 2026 19:48:00.789340000 India Standard Time
    UTC Arrival Time: Apr  9, 2026 14:18:00.789340000 UTC
    Epoch Arrival Time: 1775744280.789340000
    [Time shift for this packet: 0.000000000 seconds]
    [Time delta from previous captured frame: 835.400 microseconds]
    [Time delta from previous displayed frame: 835.400 microseconds]
    [Time since reference or first frame: 1.499375400 seconds]
    Frame Number: 54
    Frame Length: 87 bytes (696 bits)
    Capture Length: 87 bytes (696 bits)
    [Frame is marked: False]
    [Frame is ignored: False]
    [Protocols in frame: eth:ethertype:ip:udp:quic]
    Character encoding: ASCII (0)
Ethernet II, Src: 96:77:0b:05:d4:0b (96:77:0b:05:d4:0b), Dst: HewlettPacka_3a:cc:1d (28:92:4a:3a:cc:1d)
    Destination: HewlettPacka_3a:cc:1d (28:92:4a:3a:cc:1d)
        .... ..0. .... .... .... .... = LG bit: Globally unique address (factory default)
        .... ...0 .... .... .... .... = IG bit: Individual address (unicast)
    Source: 96:77:0b:05:d4:0b (96:77:0b:05:d4:0b)
        .... ..1. .... .... .... .... = LG bit: Locally administered address (this is NOT the factory default)
        .... ...0 .... .... .... .... = IG bit: Individual address (unicast)
    Type: IPv4 (0x0800)
    [Stream index: 0]
Internet Protocol Version 4, Src: 172.16.90.227, Dst: 40.104.134.82
    0100 .... = Version: 4
    .... 0101 = Header Length: 20 bytes (5)
    Differentiated Services Field: 0x00 (DSCP: CS0, ECN: Not-ECT)
        0000 00.. = Differentiated Services Codepoint: Default (0)
        .... ..00 = Explicit Congestion Notification: Not ECN-Capable Transport (0)
    Total Length: 73
    Identification: 0xec47 (60487)
    010. .... = Flags: 0x2, Don't fragment
        0... .... = Reserved bit: Not set
        .1.. .... = Don't fragment: Set
        ..0. .... = More fragments: Not set
    ...0 0000 0000 0000 = Fragment Offset: 0
    Time to Live: 128
    Protocol: UDP (17)
    Header Checksum: 0x0000 [validation disabled]
    [Header checksum status: Unverified]
    Source Address: 172.16.90.227
    Destination Address: 40.104.134.82
    [Stream index: 2]
User Datagram Protocol, Src Port: 62688, Dst Port: 443
    Source Port: 62688
    Destination Port: 443
    Length: 53
    Checksum: 0xb5f4 [unverified]
    [Checksum Status: Unverified]
    [Stream index: 4]
    [Stream Packet Number: 9]
    [Timestamps]
        [Time since first frame: 24.536600 milliseconds]
        [Time since previous frame: 835.400 microseconds]
    UDP payload (45 bytes)
QUIC IETF
    QUIC Connection information
        [Connection Number: 4]
    [Packet Length: 45]
    1... .... = Header Form: Long Header (1)
    .1.. .... = Fixed Bit: True
    ..10 .... = Packet Type: Handshake (2)
    Version: 1 (0x00000001)
    Destination Connection ID Length: 14
    Destination Connection ID: 1e286886528e335e80b5d552ea30
    Source Connection ID Length: 0
    Length: 22
    [Expert Info (Warning/Decryption): Failed to create decryption context: Secrets are not available]
        [Failed to create decryption context: Secrets are not available]
        [Severity level: Warning]
        [Group: Decryption]
    Remaining Payload: 0acf8de56bdda735613eeaa6ccbf318be6ced4599c2b

Frame 55: Packet, 87 bytes on wire (696 bits), 87 bytes captured (696 bits) on interface \Device\NPF_{9B9257DC-FAC1-4993-B12F-136D7BA5E874}, id 0
    Section number: 1
    Interface id: 0 (\Device\NPF_{9B9257DC-FAC1-4993-B12F-136D7BA5E874})
        Interface name: \Device\NPF_{9B9257DC-FAC1-4993-B12F-136D7BA5E874}
        Interface description: Wi-Fi
    Encapsulation type: Ethernet (1)
    Arrival Time: Apr  9, 2026 19:48:00.789490400 India Standard Time
    UTC Arrival Time: Apr  9, 2026 14:18:00.789490400 UTC
    Epoch Arrival Time: 1775744280.789490400
    [Time shift for this packet: 0.000000000 seconds]
    [Time delta from previous captured frame: 150.400 microseconds]
    [Time delta from previous displayed frame: 150.400 microseconds]
    [Time since reference or first frame: 1.499525800 seconds]
    Frame Number: 55
    Frame Length: 87 bytes (696 bits)
    Capture Length: 87 bytes (696 bits)
    [Frame is marked: False]
    [Frame is ignored: False]
    [Protocols in frame: eth:ethertype:ip:udp:quic]
    Character encoding: ASCII (0)
Ethernet II, Src: 96:77:0b:05:d4:0b (96:77:0b:05:d4:0b), Dst: HewlettPacka_3a:cc:1d (28:92:4a:3a:cc:1d)
    Destination: HewlettPacka_3a:cc:1d (28:92:4a:3a:cc:1d)
        .... ..0. .... .... .... .... = LG bit: Globally unique address (factory default)
        .... ...0 .... .... .... .... = IG bit: Individual address (unicast)
    Source: 96:77:0b:05:d4:0b (96:77:0b:05:d4:0b)
        .... ..1. .... .... .... .... = LG bit: Locally administered address (this is NOT the factory default)
        .... ...0 .... .... .... .... = IG bit: Individual address (unicast)
    Type: IPv4 (0x0800)
    [Stream index: 0]
Internet Protocol Version 4, Src: 172.16.90.227, Dst: 40.104.134.82
    0100 .... = Version: 4
    .... 0101 = Header Length: 20 bytes (5)
    Differentiated Services Field: 0x00 (DSCP: CS0, ECN: Not-ECT)
        0000 00.. = Differentiated Services Codepoint: Default (0)
        .... ..00 = Explicit Congestion Notification: Not ECN-Capable Transport (0)
    Total Length: 73
    Identification: 0xec48 (60488)
    010. .... = Flags: 0x2, Don't fragment
        0... .... = Reserved bit: Not set
        .1.. .... = Don't fragment: Set
        ..0. .... = More fragments: Not set
    ...0 0000 0000 0000 = Fragment Offset: 0
    Time to Live: 128
    Protocol: UDP (17)
    Header Checksum: 0x0000 [validation disabled]
    [Header checksum status: Unverified]
    Source Address: 172.16.90.227
    Destination Address: 40.104.134.82
    [Stream index: 2]
User Datagram Protocol, Src Port: 62688, Dst Port: 443
    Source Port: 62688
    Destination Port: 443
    Length: 53
    Checksum: 0xb5f4 [unverified]
    [Checksum Status: Unverified]
    [Stream index: 4]
    [Stream Packet Number: 10]
    [Timestamps]
        [Time since first frame: 24.687000 milliseconds]
        [Time since previous frame: 150.400 microseconds]
    UDP payload (45 bytes)
QUIC IETF
    QUIC Connection information
        [Connection Number: 4]
    [Packet Length: 45]
    1... .... = Header Form: Long Header (1)
    .1.. .... = Fixed Bit: True
    ..10 .... = Packet Type: Handshake (2)
    Version: 1 (0x00000001)
    Destination Connection ID Length: 14
    Destination Connection ID: 1e286886528e335e80b5d552ea30
    Source Connection ID Length: 0
    Length: 22
    [Expert Info (Warning/Decryption): Failed to create decryption context: Secrets are not available]
        [Failed to create decryption context: Secrets are not available]
        [Severity level: Warning]
        [Group: Decryption]
    Remaining Payload: 4a1b908c9a892d6095af03ee0cbdc951156a16b6c691

Frame 56: Packet, 137 bytes on wire (1096 bits), 137 bytes captured (1096 bits) on interface \Device\NPF_{9B9257DC-FAC1-4993-B12F-136D7BA5E874}, id 0
    Section number: 1
    Interface id: 0 (\Device\NPF_{9B9257DC-FAC1-4993-B12F-136D7BA5E874})
        Interface name: \Device\NPF_{9B9257DC-FAC1-4993-B12F-136D7BA5E874}
        Interface description: Wi-Fi
    Encapsulation type: Ethernet (1)
    Arrival Time: Apr  9, 2026 19:48:00.790540500 India Standard Time
    UTC Arrival Time: Apr  9, 2026 14:18:00.790540500 UTC
    Epoch Arrival Time: 1775744280.790540500
    [Time shift for this packet: 0.000000000 seconds]
    [Time delta from previous captured frame: 1.050100 milliseconds]
    [Time delta from previous displayed frame: 1.050100 milliseconds]
    [Time since reference or first frame: 1.500575900 seconds]
    Frame Number: 56
    Frame Length: 137 bytes (1096 bits)
    Capture Length: 137 bytes (1096 bits)
    [Frame is marked: False]
    [Frame is ignored: False]
    [Protocols in frame: eth:ethertype:ip:udp:quic]
    Character encoding: ASCII (0)
Ethernet II, Src: 96:77:0b:05:d4:0b (96:77:0b:05:d4:0b), Dst: HewlettPacka_3a:cc:1d (28:92:4a:3a:cc:1d)
    Destination: HewlettPacka_3a:cc:1d (28:92:4a:3a:cc:1d)
        .... ..0. .... .... .... .... = LG bit: Globally unique address (factory default)
        .... ...0 .... .... .... .... = IG bit: Individual address (unicast)
    Source: 96:77:0b:05:d4:0b (96:77:0b:05:d4:0b)
        .... ..1. .... .... .... .... = LG bit: Locally administered address (this is NOT the factory default)
        .... ...0 .... .... .... .... = IG bit: Individual address (unicast)
    Type: IPv4 (0x0800)
    [Stream index: 0]
Internet Protocol Version 4, Src: 172.16.90.227, Dst: 40.104.134.82
    0100 .... = Version: 4
    .... 0101 = Header Length: 20 bytes (5)
    Differentiated Services Field: 0x00 (DSCP: CS0, ECN: Not-ECT)
        0000 00.. = Differentiated Services Codepoint: Default (0)
        .... ..00 = Explicit Congestion Notification: Not ECN-Capable Transport (0)
    Total Length: 123
    Identification: 0xec49 (60489)
    010. .... = Flags: 0x2, Don't fragment
        0... .... = Reserved bit: Not set
        .1.. .... = Don't fragment: Set
        ..0. .... = More fragments: Not set
    ...0 0000 0000 0000 = Fragment Offset: 0
    Time to Live: 128
    Protocol: UDP (17)
    Header Checksum: 0x0000 [validation disabled]
    [Header checksum status: Unverified]
    Source Address: 172.16.90.227
    Destination Address: 40.104.134.82
    [Stream index: 2]
User Datagram Protocol, Src Port: 62688, Dst Port: 443
    Source Port: 62688
    Destination Port: 443
    Length: 103
    Checksum: 0xb626 [unverified]
    [Checksum Status: Unverified]
    [Stream index: 4]
    [Stream Packet Number: 11]
    [Timestamps]
        [Time since first frame: 25.737100 milliseconds]
        [Time since previous frame: 1.050100 milliseconds]
    UDP payload (95 bytes)
QUIC IETF
    QUIC Connection information
        [Connection Number: 4]
    [Packet Length: 95]
    1... .... = Header Form: Long Header (1)
    .1.. .... = Fixed Bit: True
    ..10 .... = Packet Type: Handshake (2)
    Version: 1 (0x00000001)
    Destination Connection ID Length: 14
    Destination Connection ID: 1e286886528e335e80b5d552ea30
    Source Connection ID Length: 0
    Length: 72
    [Expert Info (Warning/Decryption): Failed to create decryption context: Secrets are not available]
        [Failed to create decryption context: Secrets are not available]
        [Severity level: Warning]
        [Group: Decryption]
    Remaining Payload: ab442efbf7f1bfddd77610c0d59bcc86ff992d86d70736b6ba0721ccf225ca958295dd1f3c1984470275c7a2ce824536f77569859dfddf181c495bc8625408dcd28a0fedef8b3dcc

Frame 57: Packet, 120 bytes on wire (960 bits), 120 bytes captured (960 bits) on interface \Device\NPF_{9B9257DC-FAC1-4993-B12F-136D7BA5E874}, id 0
    Section number: 1
    Interface id: 0 (\Device\NPF_{9B9257DC-FAC1-4993-B12F-136D7BA5E874})
        Interface name: \Device\NPF_{9B9257DC-FAC1-4993-B12F-136D7BA5E874}
        Interface description: Wi-Fi
    Encapsulation type: Ethernet (1)
    Arrival Time: Apr  9, 2026 19:48:00.790655100 India Standard Time
    UTC Arrival Time: Apr  9, 2026 14:18:00.790655100 UTC
    Epoch Arrival Time: 1775744280.790655100
    [Time shift for this packet: 0.000000000 seconds]
    [Time delta from previous captured frame: 114.600 microseconds]
    [Time delta from previous displayed frame: 114.600 microseconds]
    [Time since reference or first frame: 1.500690500 seconds]
    Frame Number: 57
    Frame Length: 120 bytes (960 bits)
    Capture Length: 120 bytes (960 bits)
    [Frame is marked: False]
    [Frame is ignored: False]
    [Protocols in frame: eth:ethertype:ip:udp:quic]
    Character encoding: ASCII (0)
Ethernet II, Src: 96:77:0b:05:d4:0b (96:77:0b:05:d4:0b), Dst: HewlettPacka_3a:cc:1d (28:92:4a:3a:cc:1d)
    Destination: HewlettPacka_3a:cc:1d (28:92:4a:3a:cc:1d)
        .... ..0. .... .... .... .... = LG bit: Globally unique address (factory default)
        .... ...0 .... .... .... .... = IG bit: Individual address (unicast)
    Source: 96:77:0b:05:d4:0b (96:77:0b:05:d4:0b)
        .... ..1. .... .... .... .... = LG bit: Locally administered address (this is NOT the factory default)
        .... ...0 .... .... .... .... = IG bit: Individual address (unicast)
    Type: IPv4 (0x0800)
    [Stream index: 0]
Internet Protocol Version 4, Src: 172.16.90.227, Dst: 40.104.134.82
    0100 .... = Version: 4
    .... 0101 = Header Length: 20 bytes (5)
    Differentiated Services Field: 0x00 (DSCP: CS0, ECN: Not-ECT)
        0000 00.. = Differentiated Services Codepoint: Default (0)
        .... ..00 = Explicit Congestion Notification: Not ECN-Capable Transport (0)
    Total Length: 106
    Identification: 0xec4a (60490)
    010. .... = Flags: 0x2, Don't fragment
        0... .... = Reserved bit: Not set
        .1.. .... = Don't fragment: Set
        ..0. .... = More fragments: Not set
    ...0 0000 0000 0000 = Fragment Offset: 0
    Time to Live: 128
    Protocol: UDP (17)
    Header Checksum: 0x0000 [validation disabled]
    [Header checksum status: Unverified]
    Source Address: 172.16.90.227
    Destination Address: 40.104.134.82
    [Stream index: 2]
User Datagram Protocol, Src Port: 62688, Dst Port: 443
    Source Port: 62688
    Destination Port: 443
    Length: 86
    Checksum: 0xb615 [unverified]
    [Checksum Status: Unverified]
    [Stream index: 4]
    [Stream Packet Number: 12]
    [Timestamps]
        [Time since first frame: 25.851700 milliseconds]
        [Time since previous frame: 114.600 microseconds]
    UDP payload (78 bytes)
QUIC IETF
    QUIC Connection information
        [Connection Number: 4]
    [Packet Length: 78]
    QUIC Short Header DCID=1e286886528e335e80b5d552ea30
        0... .... = Header Form: Short Header (0)
        .1.. .... = Fixed Bit: True
        ..0. .... = Spin Bit: False
        Destination Connection ID: 1e286886528e335e80b5d552ea30
    Remaining Payload: d4ca901f6a041a7ece64d6febad559058c7d93dddb97c65a7502e9112da06273524e9922f8ee02923a54b7f97474f2332ee9a272dc87326b263303f93302d8

Frame 58: Packet, 477 bytes on wire (3816 bits), 477 bytes captured (3816 bits) on interface \Device\NPF_{9B9257DC-FAC1-4993-B12F-136D7BA5E874}, id 0
    Section number: 1
    Interface id: 0 (\Device\NPF_{9B9257DC-FAC1-4993-B12F-136D7BA5E874})
        Interface name: \Device\NPF_{9B9257DC-FAC1-4993-B12F-136D7BA5E874}
        Interface description: Wi-Fi
    Encapsulation type: Ethernet (1)
    Arrival Time: Apr  9, 2026 19:48:00.790979000 India Standard Time
    UTC Arrival Time: Apr  9, 2026 14:18:00.790979000 UTC
    Epoch Arrival Time: 1775744280.790979000
    [Time shift for this packet: 0.000000000 seconds]
    [Time delta from previous captured frame: 323.900 microseconds]
    [Time delta from previous displayed frame: 323.900 microseconds]
    [Time since reference or first frame: 1.501014400 seconds]
    Frame Number: 58
    Frame Length: 477 bytes (3816 bits)
    Capture Length: 477 bytes (3816 bits)
    [Frame is marked: False]
    [Frame is ignored: False]
    [Protocols in frame: eth:ethertype:ip:udp:quic]
    Character encoding: ASCII (0)
Ethernet II, Src: 96:77:0b:05:d4:0b (96:77:0b:05:d4:0b), Dst: HewlettPacka_3a:cc:1d (28:92:4a:3a:cc:1d)
    Destination: HewlettPacka_3a:cc:1d (28:92:4a:3a:cc:1d)
        .... ..0. .... .... .... .... = LG bit: Globally unique address (factory default)
        .... ...0 .... .... .... .... = IG bit: Individual address (unicast)
    Source: 96:77:0b:05:d4:0b (96:77:0b:05:d4:0b)
        .... ..1. .... .... .... .... = LG bit: Locally administered address (this is NOT the factory default)
        .... ...0 .... .... .... .... = IG bit: Individual address (unicast)
    Type: IPv4 (0x0800)
    [Stream index: 0]
Internet Protocol Version 4, Src: 172.16.90.227, Dst: 40.104.134.82
    0100 .... = Version: 4
    .... 0101 = Header Length: 20 bytes (5)
    Differentiated Services Field: 0x00 (DSCP: CS0, ECN: Not-ECT)
        0000 00.. = Differentiated Services Codepoint: Default (0)
        .... ..00 = Explicit Congestion Notification: Not ECN-Capable Transport (0)
    Total Length: 463
    Identification: 0xec4b (60491)
    010. .... = Flags: 0x2, Don't fragment
        0... .... = Reserved bit: Not set
        .1.. .... = Don't fragment: Set
        ..0. .... = More fragments: Not set
    ...0 0000 0000 0000 = Fragment Offset: 0
    Time to Live: 128
    Protocol: UDP (17)
    Header Checksum: 0x0000 [validation disabled]
    [Header checksum status: Unverified]
    Source Address: 172.16.90.227
    Destination Address: 40.104.134.82
    [Stream index: 2]
User Datagram Protocol, Src Port: 62688, Dst Port: 443
    Source Port: 62688
    Destination Port: 443
    Length: 443
    Checksum: 0xb77a [unverified]
    [Checksum Status: Unverified]
    [Stream index: 4]
    [Stream Packet Number: 13]
    [Timestamps]
        [Time since first frame: 26.175600 milliseconds]
        [Time since previous frame: 323.900 microseconds]
    UDP payload (435 bytes)
QUIC IETF
    QUIC Connection information
        [Connection Number: 4]
    [Packet Length: 435]
    QUIC Short Header DCID=1e286886528e335e80b5d552ea30
        0... .... = Header Form: Short Header (0)
        .1.. .... = Fixed Bit: True
        ..0. .... = Spin Bit: False
        Destination Connection ID: 1e286886528e335e80b5d552ea30
    Remaining Payload […]: 1ef5d39ce4f6ff0ea3968c73e663979e6de9c1b833897a748e3465a883d32f5fb7895d4c96eb79ff33dc9bf0bfbf47d70fb1aacdafaafe9dd6591cabc2a83ed3a74e96cb48579a388b94aa63add3c87e7808d793d43316f5c3c8eb1d22337ed087d6644347ad0a80258f91

Frame 59: Packet, 1266 bytes on wire (10128 bits), 1266 bytes captured (10128 bits) on interface \Device\NPF_{9B9257DC-FAC1-4993-B12F-136D7BA5E874}, id 0
    Section number: 1
    Interface id: 0 (\Device\NPF_{9B9257DC-FAC1-4993-B12F-136D7BA5E874})
        Interface name: \Device\NPF_{9B9257DC-FAC1-4993-B12F-136D7BA5E874}
        Interface description: Wi-Fi
    Encapsulation type: Ethernet (1)
    Arrival Time: Apr  9, 2026 19:48:00.802381000 India Standard Time
    UTC Arrival Time: Apr  9, 2026 14:18:00.802381000 UTC
    Epoch Arrival Time: 1775744280.802381000
    [Time shift for this packet: 0.000000000 seconds]
    [Time delta from previous captured frame: 11.402000 milliseconds]
    [Time delta from previous displayed frame: 11.402000 milliseconds]
    [Time since reference or first frame: 1.512416400 seconds]
    Frame Number: 59
    Frame Length: 1266 bytes (10128 bits)
    Capture Length: 1266 bytes (10128 bits)
    [Frame is marked: False]
    [Frame is ignored: False]
    [Protocols in frame: eth:ethertype:vlan:ethertype:ip:udp:quic]
    Character encoding: ASCII (0)
Ethernet II, Src: HewlettPacka_3a:cc:1d (28:92:4a:3a:cc:1d), Dst: 96:77:0b:05:d4:0b (96:77:0b:05:d4:0b)
    Destination: 96:77:0b:05:d4:0b (96:77:0b:05:d4:0b)
        .... ..1. .... .... .... .... = LG bit: Locally administered address (this is NOT the factory default)
        .... ...0 .... .... .... .... = IG bit: Individual address (unicast)
    Source: HewlettPacka_3a:cc:1d (28:92:4a:3a:cc:1d)
        .... ..0. .... .... .... .... = LG bit: Globally unique address (factory default)
        .... ...0 .... .... .... .... = IG bit: Individual address (unicast)
    Type: 802.1Q Virtual LAN (0x8100)
    [Stream index: 0]
802.1Q Virtual LAN, PRI: 0, DEI: 0, ID: 0
    000. .... .... .... = Priority: Best Effort (default) (0)
    ...0 .... .... .... = DEI: Ineligible
    .... 0000 0000 0000 = ID: 0
    Type: IPv4 (0x0800)
Internet Protocol Version 4, Src: 40.104.134.82, Dst: 172.16.90.227
    0100 .... = Version: 4
    .... 0101 = Header Length: 20 bytes (5)
    Differentiated Services Field: 0xb8 (DSCP: EF, ECN: Not-ECT)
        1011 10.. = Differentiated Services Codepoint: Expedited Forwarding (46)
        .... ..00 = Explicit Congestion Notification: Not ECN-Capable Transport (0)
    Total Length: 1248
    Identification: 0x771f (30495)
    010. .... = Flags: 0x2, Don't fragment
        0... .... = Reserved bit: Not set
        .1.. .... = Don't fragment: Set
        ..0. .... = More fragments: Not set
    ...0 0000 0000 0000 = Fragment Offset: 0
    Time to Live: 116
    Protocol: UDP (17)
    Header Checksum: 0xd487 [validation disabled]
    [Header checksum status: Unverified]
    Source Address: 40.104.134.82
    Destination Address: 172.16.90.227
    [Stream index: 2]
User Datagram Protocol, Src Port: 443, Dst Port: 62688
    Source Port: 443
    Destination Port: 62688
    Length: 1228
    Checksum: 0x8d0e [unverified]
    [Checksum Status: Unverified]
    [Stream index: 4]
    [Stream Packet Number: 14]
    [Timestamps]
        [Time since first frame: 37.577600 milliseconds]
        [Time since previous frame: 11.402000 milliseconds]
    UDP payload (1220 bytes)
QUIC IETF
    QUIC Connection information
        [Connection Number: 4]
    [Packet Length: 1220]
    QUIC Short Header
        0... .... = Header Form: Short Header (0)
        .1.. .... = Fixed Bit: True
        ..0. .... = Spin Bit: False
    Remaining Payload […]: 5a20181124bbe5ae4991ee4a2a9679d2435217c3cd938d25029e21e47b7d1d77ad80fca0842dcab339f2f88de4b4879c0d20d1bc784def5509708549c09dfedbd755b515bfa226793fee153734753c69a261b518629944df05913450cf36a9d2c6da316541f28d38ffe633

Frame 60: Packet, 1298 bytes on wire (10384 bits), 1298 bytes captured (10384 bits) on interface \Device\NPF_{9B9257DC-FAC1-4993-B12F-136D7BA5E874}, id 0
    Section number: 1
    Interface id: 0 (\Device\NPF_{9B9257DC-FAC1-4993-B12F-136D7BA5E874})
        Interface name: \Device\NPF_{9B9257DC-FAC1-4993-B12F-136D7BA5E874}
        Interface description: Wi-Fi
    Encapsulation type: Ethernet (1)
    Arrival Time: Apr  9, 2026 19:48:00.803401200 India Standard Time
    UTC Arrival Time: Apr  9, 2026 14:18:00.803401200 UTC
    Epoch Arrival Time: 1775744280.803401200
    [Time shift for this packet: 0.000000000 seconds]
    [Time delta from previous captured frame: 1.020200 milliseconds]
    [Time delta from previous displayed frame: 1.020200 milliseconds]
    [Time since reference or first frame: 1.513436600 seconds]
    Frame Number: 60
    Frame Length: 1298 bytes (10384 bits)
    Capture Length: 1298 bytes (10384 bits)
    [Frame is marked: False]
    [Frame is ignored: False]
    [Protocols in frame: eth:ethertype:vlan:ethertype:ip:udp:quic]
    Character encoding: ASCII (0)
Ethernet II, Src: HewlettPacka_3a:cc:1d (28:92:4a:3a:cc:1d), Dst: 96:77:0b:05:d4:0b (96:77:0b:05:d4:0b)
    Destination: 96:77:0b:05:d4:0b (96:77:0b:05:d4:0b)
        .... ..1. .... .... .... .... = LG bit: Locally administered address (this is NOT the factory default)
        .... ...0 .... .... .... .... = IG bit: Individual address (unicast)
    Source: HewlettPacka_3a:cc:1d (28:92:4a:3a:cc:1d)
        .... ..0. .... .... .... .... = LG bit: Globally unique address (factory default)
        .... ...0 .... .... .... .... = IG bit: Individual address (unicast)
    Type: 802.1Q Virtual LAN (0x8100)
    [Stream index: 0]
802.1Q Virtual LAN, PRI: 0, DEI: 0, ID: 0
    000. .... .... .... = Priority: Best Effort (default) (0)
    ...0 .... .... .... = DEI: Ineligible
    .... 0000 0000 0000 = ID: 0
    Type: IPv4 (0x0800)
Internet Protocol Version 4, Src: 40.104.134.82, Dst: 172.16.90.227
    0100 .... = Version: 4
    .... 0101 = Header Length: 20 bytes (5)
    Differentiated Services Field: 0xb8 (DSCP: EF, ECN: Not-ECT)
        1011 10.. = Differentiated Services Codepoint: Expedited Forwarding (46)
        .... ..00 = Explicit Congestion Notification: Not ECN-Capable Transport (0)
    Total Length: 1280
    Identification: 0x7720 (30496)
    010. .... = Flags: 0x2, Don't fragment
        0... .... = Reserved bit: Not set
        .1.. .... = Don't fragment: Set
        ..0. .... = More fragments: Not set
    ...0 0000 0000 0000 = Fragment Offset: 0
    Time to Live: 116
    Protocol: UDP (17)
    Header Checksum: 0xd466 [validation disabled]
    [Header checksum status: Unverified]
    Source Address: 40.104.134.82
    Destination Address: 172.16.90.227
    [Stream index: 2]
User Datagram Protocol, Src Port: 443, Dst Port: 62688
    Source Port: 443
    Destination Port: 62688
    Length: 1260
    Checksum: 0x2844 [unverified]
    [Checksum Status: Unverified]
    [Stream index: 4]
    [Stream Packet Number: 15]
    [Timestamps]
        [Time since first frame: 38.597800 milliseconds]
        [Time since previous frame: 1.020200 milliseconds]
    UDP payload (1252 bytes)
QUIC IETF
    QUIC Connection information
        [Connection Number: 4]
    [Packet Length: 1252]
    QUIC Short Header
        0... .... = Header Form: Short Header (0)
        .1.. .... = Fixed Bit: True
        ..0. .... = Spin Bit: False
    Remaining Payload […]: bd82e09249295cd256343ce92e9e0cfd7d69652aa1865037e3affac0e65e373978d0d2a943bcac9cdd3624faf40bdc457572a8534aadd41c4440281fc8a4a9de08f088d3a8b36b64971eceee049fc72f340fa3ce0fd9a1085b26826a5d7295115f801966edb74f133ca216

Frame 61: Packet, 79 bytes on wire (632 bits), 79 bytes captured (632 bits) on interface \Device\NPF_{9B9257DC-FAC1-4993-B12F-136D7BA5E874}, id 0
    Section number: 1
    Interface id: 0 (\Device\NPF_{9B9257DC-FAC1-4993-B12F-136D7BA5E874})
        Interface name: \Device\NPF_{9B9257DC-FAC1-4993-B12F-136D7BA5E874}
        Interface description: Wi-Fi
    Encapsulation type: Ethernet (1)
    Arrival Time: Apr  9, 2026 19:48:00.803489700 India Standard Time
    UTC Arrival Time: Apr  9, 2026 14:18:00.803489700 UTC
    Epoch Arrival Time: 1775744280.803489700
    [Time shift for this packet: 0.000000000 seconds]
    [Time delta from previous captured frame: 88.500 microseconds]
    [Time delta from previous displayed frame: 88.500 microseconds]
    [Time since reference or first frame: 1.513525100 seconds]
    Frame Number: 61
    Frame Length: 79 bytes (632 bits)
    Capture Length: 79 bytes (632 bits)
    [Frame is marked: False]
    [Frame is ignored: False]
    [Protocols in frame: eth:ethertype:ip:udp:quic]
    Character encoding: ASCII (0)
Ethernet II, Src: 96:77:0b:05:d4:0b (96:77:0b:05:d4:0b), Dst: HewlettPacka_3a:cc:1d (28:92:4a:3a:cc:1d)
    Destination: HewlettPacka_3a:cc:1d (28:92:4a:3a:cc:1d)
        .... ..0. .... .... .... .... = LG bit: Globally unique address (factory default)
        .... ...0 .... .... .... .... = IG bit: Individual address (unicast)
    Source: 96:77:0b:05:d4:0b (96:77:0b:05:d4:0b)
        .... ..1. .... .... .... .... = LG bit: Locally administered address (this is NOT the factory default)
        .... ...0 .... .... .... .... = IG bit: Individual address (unicast)
    Type: IPv4 (0x0800)
    [Stream index: 0]
Internet Protocol Version 4, Src: 172.16.90.227, Dst: 40.104.134.82
    0100 .... = Version: 4
    .... 0101 = Header Length: 20 bytes (5)
    Differentiated Services Field: 0x00 (DSCP: CS0, ECN: Not-ECT)
        0000 00.. = Differentiated Services Codepoint: Default (0)
        .... ..00 = Explicit Congestion Notification: Not ECN-Capable Transport (0)
    Total Length: 65
    Identification: 0xec4f (60495)
    010. .... = Flags: 0x2, Don't fragment
        0... .... = Reserved bit: Not set
        .1.. .... = Don't fragment: Set
        ..0. .... = More fragments: Not set
    ...0 0000 0000 0000 = Fragment Offset: 0
    Time to Live: 128
    Protocol: UDP (17)
    Header Checksum: 0x0000 [validation disabled]
    [Header checksum status: Unverified]
    Source Address: 172.16.90.227
    Destination Address: 40.104.134.82
    [Stream index: 2]
User Datagram Protocol, Src Port: 62688, Dst Port: 443
    Source Port: 62688
    Destination Port: 443
    Length: 45
    Checksum: 0xb5ec [unverified]
    [Checksum Status: Unverified]
    [Stream index: 4]
    [Stream Packet Number: 16]
    [Timestamps]
        [Time since first frame: 38.686300 milliseconds]
        [Time since previous frame: 88.500 microseconds]
    UDP payload (37 bytes)
QUIC IETF
    QUIC Connection information
        [Connection Number: 4]
    [Packet Length: 37]
    QUIC Short Header DCID=1e286886528e335e80b5d552ea30
        0... .... = Header Form: Short Header (0)
        .1.. .... = Fixed Bit: True
        ..0. .... = Spin Bit: False
        Destination Connection ID: 1e286886528e335e80b5d552ea30
    Remaining Payload: b8c12ba3f5f738e66a54e222ed1770a244e98b7d29fe

Frame 62: Packet, 74 bytes on wire (592 bits), 74 bytes captured (592 bits) on interface \Device\NPF_{9B9257DC-FAC1-4993-B12F-136D7BA5E874}, id 0
    Section number: 1
    Interface id: 0 (\Device\NPF_{9B9257DC-FAC1-4993-B12F-136D7BA5E874})
        Interface name: \Device\NPF_{9B9257DC-FAC1-4993-B12F-136D7BA5E874}
        Interface description: Wi-Fi
    Encapsulation type: Ethernet (1)
    Arrival Time: Apr  9, 2026 19:48:00.804158500 India Standard Time
    UTC Arrival Time: Apr  9, 2026 14:18:00.804158500 UTC
    Epoch Arrival Time: 1775744280.804158500
    [Time shift for this packet: 0.000000000 seconds]
    [Time delta from previous captured frame: 668.800 microseconds]
    [Time delta from previous displayed frame: 668.800 microseconds]
    [Time since reference or first frame: 1.514193900 seconds]
    Frame Number: 62
    Frame Length: 74 bytes (592 bits)
    Capture Length: 74 bytes (592 bits)
    [Frame is marked: False]
    [Frame is ignored: False]
    [Protocols in frame: eth:ethertype:vlan:ethertype:ip:udp:quic]
    Character encoding: ASCII (0)
Ethernet II, Src: HewlettPacka_3a:cc:1d (28:92:4a:3a:cc:1d), Dst: 96:77:0b:05:d4:0b (96:77:0b:05:d4:0b)
    Destination: 96:77:0b:05:d4:0b (96:77:0b:05:d4:0b)
        .... ..1. .... .... .... .... = LG bit: Locally administered address (this is NOT the factory default)
        .... ...0 .... .... .... .... = IG bit: Individual address (unicast)
    Source: HewlettPacka_3a:cc:1d (28:92:4a:3a:cc:1d)
        .... ..0. .... .... .... .... = LG bit: Globally unique address (factory default)
        .... ...0 .... .... .... .... = IG bit: Individual address (unicast)
    Type: 802.1Q Virtual LAN (0x8100)
    [Stream index: 0]
802.1Q Virtual LAN, PRI: 0, DEI: 0, ID: 0
    000. .... .... .... = Priority: Best Effort (default) (0)
    ...0 .... .... .... = DEI: Ineligible
    .... 0000 0000 0000 = ID: 0
    Type: IPv4 (0x0800)
Internet Protocol Version 4, Src: 40.104.134.82, Dst: 172.16.90.227
    0100 .... = Version: 4
    .... 0101 = Header Length: 20 bytes (5)
    Differentiated Services Field: 0xb8 (DSCP: EF, ECN: Not-ECT)
        1011 10.. = Differentiated Services Codepoint: Expedited Forwarding (46)
        .... ..00 = Explicit Congestion Notification: Not ECN-Capable Transport (0)
    Total Length: 56
    Identification: 0x7721 (30497)
    010. .... = Flags: 0x2, Don't fragment
        0... .... = Reserved bit: Not set
        .1.. .... = Don't fragment: Set
        ..0. .... = More fragments: Not set
    ...0 0000 0000 0000 = Fragment Offset: 0
    Time to Live: 116
    Protocol: UDP (17)
    Header Checksum: 0xd92d [validation disabled]
    [Header checksum status: Unverified]
    Source Address: 40.104.134.82
    Destination Address: 172.16.90.227
    [Stream index: 2]
User Datagram Protocol, Src Port: 443, Dst Port: 62688
    Source Port: 443
    Destination Port: 62688
    Length: 36
    Checksum: 0x4473 [unverified]
    [Checksum Status: Unverified]
    [Stream index: 4]
    [Stream Packet Number: 17]
    [Timestamps]
        [Time since first frame: 39.355100 milliseconds]
        [Time since previous frame: 668.800 microseconds]
    UDP payload (28 bytes)
QUIC IETF
    QUIC Connection information
        [Connection Number: 4]
    [Packet Length: 28]
    QUIC Short Header
        0... .... = Header Form: Short Header (0)
        .1.. .... = Fixed Bit: True
        ..0. .... = Spin Bit: False
    Remaining Payload: aef6dc3249223a4ba5cfc6d1b6cf5d8a4afbfb8f423fa9c6f29934

Frame 63: Packet, 1378 bytes on wire (11024 bits), 1378 bytes captured (11024 bits) on interface \Device\NPF_{9B9257DC-FAC1-4993-B12F-136D7BA5E874}, id 0
    Section number: 1
    Interface id: 0 (\Device\NPF_{9B9257DC-FAC1-4993-B12F-136D7BA5E874})
        Interface name: \Device\NPF_{9B9257DC-FAC1-4993-B12F-136D7BA5E874}
        Interface description: Wi-Fi
    Encapsulation type: Ethernet (1)
    Arrival Time: Apr  9, 2026 19:48:00.815458400 India Standard Time
    UTC Arrival Time: Apr  9, 2026 14:18:00.815458400 UTC
    Epoch Arrival Time: 1775744280.815458400
    [Time shift for this packet: 0.000000000 seconds]
    [Time delta from previous captured frame: 11.299900 milliseconds]
    [Time delta from previous displayed frame: 11.299900 milliseconds]
    [Time since reference or first frame: 1.525493800 seconds]
    Frame Number: 63
    Frame Length: 1378 bytes (11024 bits)
    Capture Length: 1378 bytes (11024 bits)
    [Frame is marked: False]
    [Frame is ignored: False]
    [Protocols in frame: eth:ethertype:vlan:ethertype:ip:udp:quic]
    Character encoding: ASCII (0)
Ethernet II, Src: HewlettPacka_3a:cc:1d (28:92:4a:3a:cc:1d), Dst: 96:77:0b:05:d4:0b (96:77:0b:05:d4:0b)
    Destination: 96:77:0b:05:d4:0b (96:77:0b:05:d4:0b)
        .... ..1. .... .... .... .... = LG bit: Locally administered address (this is NOT the factory default)
        .... ...0 .... .... .... .... = IG bit: Individual address (unicast)
    Source: HewlettPacka_3a:cc:1d (28:92:4a:3a:cc:1d)
        .... ..0. .... .... .... .... = LG bit: Globally unique address (factory default)
        .... ...0 .... .... .... .... = IG bit: Individual address (unicast)
    Type: 802.1Q Virtual LAN (0x8100)
    [Stream index: 0]
802.1Q Virtual LAN, PRI: 0, DEI: 0, ID: 0
    000. .... .... .... = Priority: Best Effort (default) (0)
    ...0 .... .... .... = DEI: Ineligible
    .... 0000 0000 0000 = ID: 0
    Type: IPv4 (0x0800)
Internet Protocol Version 4, Src: 40.104.134.82, Dst: 172.16.90.227
    0100 .... = Version: 4
    .... 0101 = Header Length: 20 bytes (5)
    Differentiated Services Field: 0xb8 (DSCP: EF, ECN: Not-ECT)
        1011 10.. = Differentiated Services Codepoint: Expedited Forwarding (46)
        .... ..00 = Explicit Congestion Notification: Not ECN-Capable Transport (0)
    Total Length: 1360
    Identification: 0x7722 (30498)
    010. .... = Flags: 0x2, Don't fragment
        0... .... = Reserved bit: Not set
        .1.. .... = Don't fragment: Set
        ..0. .... = More fragments: Not set
    ...0 0000 0000 0000 = Fragment Offset: 0
    Time to Live: 116
    Protocol: UDP (17)
    Header Checksum: 0xd414 [validation disabled]
    [Header checksum status: Unverified]
    Source Address: 40.104.134.82
    Destination Address: 172.16.90.227
    [Stream index: 2]
User Datagram Protocol, Src Port: 443, Dst Port: 62688
    Source Port: 443
    Destination Port: 62688
    Length: 1340
    Checksum: 0xbf4d [unverified]
    [Checksum Status: Unverified]
    [Stream index: 4]
    [Stream Packet Number: 18]
    [Timestamps]
        [Time since first frame: 50.655000 milliseconds]
        [Time since previous frame: 11.299900 milliseconds]
    UDP payload (1332 bytes)
QUIC IETF
    QUIC Connection information
        [Connection Number: 4]
    [Packet Length: 1332]
    QUIC Short Header
        0... .... = Header Form: Short Header (0)
        .1.. .... = Fixed Bit: True
        ..0. .... = Spin Bit: False
    Remaining Payload […]: 279d6ddf0917b47d3611abbf6ae531562234948417176d7f3ecc2885a7dcd9cd5892fe034d42587cd48b267860356b068648a6b7f5929046a29017cb3709f45b976350e403bbbea86db941ab049c1ea9d4c00230441c1c2798f257c017d354972109d97c249708512db537

Frame 64: Packet, 79 bytes on wire (632 bits), 79 bytes captured (632 bits) on interface \Device\NPF_{9B9257DC-FAC1-4993-B12F-136D7BA5E874}, id 0
    Section number: 1
    Interface id: 0 (\Device\NPF_{9B9257DC-FAC1-4993-B12F-136D7BA5E874})
        Interface name: \Device\NPF_{9B9257DC-FAC1-4993-B12F-136D7BA5E874}
        Interface description: Wi-Fi
    Encapsulation type: Ethernet (1)
    Arrival Time: Apr  9, 2026 19:48:00.815561700 India Standard Time
    UTC Arrival Time: Apr  9, 2026 14:18:00.815561700 UTC
    Epoch Arrival Time: 1775744280.815561700
    [Time shift for this packet: 0.000000000 seconds]
    [Time delta from previous captured frame: 103.300 microseconds]
    [Time delta from previous displayed frame: 103.300 microseconds]
    [Time since reference or first frame: 1.525597100 seconds]
    Frame Number: 64
    Frame Length: 79 bytes (632 bits)
    Capture Length: 79 bytes (632 bits)
    [Frame is marked: False]
    [Frame is ignored: False]
    [Protocols in frame: eth:ethertype:ip:udp:quic]
    Character encoding: ASCII (0)
Ethernet II, Src: 96:77:0b:05:d4:0b (96:77:0b:05:d4:0b), Dst: HewlettPacka_3a:cc:1d (28:92:4a:3a:cc:1d)
    Destination: HewlettPacka_3a:cc:1d (28:92:4a:3a:cc:1d)
        .... ..0. .... .... .... .... = LG bit: Globally unique address (factory default)
        .... ...0 .... .... .... .... = IG bit: Individual address (unicast)
    Source: 96:77:0b:05:d4:0b (96:77:0b:05:d4:0b)
        .... ..1. .... .... .... .... = LG bit: Locally administered address (this is NOT the factory default)
        .... ...0 .... .... .... .... = IG bit: Individual address (unicast)
    Type: IPv4 (0x0800)
    [Stream index: 0]
Internet Protocol Version 4, Src: 172.16.90.227, Dst: 40.104.134.82
    0100 .... = Version: 4
    .... 0101 = Header Length: 20 bytes (5)
    Differentiated Services Field: 0x00 (DSCP: CS0, ECN: Not-ECT)
        0000 00.. = Differentiated Services Codepoint: Default (0)
        .... ..00 = Explicit Congestion Notification: Not ECN-Capable Transport (0)
    Total Length: 65
    Identification: 0xec51 (60497)
    010. .... = Flags: 0x2, Don't fragment
        0... .... = Reserved bit: Not set
        .1.. .... = Don't fragment: Set
        ..0. .... = More fragments: Not set
    ...0 0000 0000 0000 = Fragment Offset: 0
    Time to Live: 128
    Protocol: UDP (17)
    Header Checksum: 0x0000 [validation disabled]
    [Header checksum status: Unverified]
    Source Address: 172.16.90.227
    Destination Address: 40.104.134.82
    [Stream index: 2]
User Datagram Protocol, Src Port: 62688, Dst Port: 443
    Source Port: 62688
    Destination Port: 443
    Length: 45
    Checksum: 0xb5ec [unverified]
    [Checksum Status: Unverified]
    [Stream index: 4]
    [Stream Packet Number: 19]
    [Timestamps]
        [Time since first frame: 50.758300 milliseconds]
        [Time since previous frame: 103.300 microseconds]
    UDP payload (37 bytes)
QUIC IETF
    QUIC Connection information
        [Connection Number: 4]
    [Packet Length: 37]
    QUIC Short Header DCID=1e286886528e335e80b5d552ea30
        0... .... = Header Form: Short Header (0)
        .1.. .... = Fixed Bit: True
        ..0. .... = Spin Bit: False
        Destination Connection ID: 1e286886528e335e80b5d552ea30
    Remaining Payload: 6f3f395f27b87f037f38cfe619f6080a4bae332ae562

Frame 65: Packet, 1458 bytes on wire (11664 bits), 1458 bytes captured (11664 bits) on interface \Device\NPF_{9B9257DC-FAC1-4993-B12F-136D7BA5E874}, id 0
    Section number: 1
    Interface id: 0 (\Device\NPF_{9B9257DC-FAC1-4993-B12F-136D7BA5E874})
        Interface name: \Device\NPF_{9B9257DC-FAC1-4993-B12F-136D7BA5E874}
        Interface description: Wi-Fi
    Encapsulation type: Ethernet (1)
    Arrival Time: Apr  9, 2026 19:48:00.830809700 India Standard Time
    UTC Arrival Time: Apr  9, 2026 14:18:00.830809700 UTC
    Epoch Arrival Time: 1775744280.830809700
    [Time shift for this packet: 0.000000000 seconds]
    [Time delta from previous captured frame: 15.248000 milliseconds]
    [Time delta from previous displayed frame: 15.248000 milliseconds]
    [Time since reference or first frame: 1.540845100 seconds]
    Frame Number: 65
    Frame Length: 1458 bytes (11664 bits)
    Capture Length: 1458 bytes (11664 bits)
    [Frame is marked: False]
    [Frame is ignored: False]
    [Protocols in frame: eth:ethertype:vlan:ethertype:ip:udp:quic]
    Character encoding: ASCII (0)
Ethernet II, Src: HewlettPacka_3a:cc:1d (28:92:4a:3a:cc:1d), Dst: 96:77:0b:05:d4:0b (96:77:0b:05:d4:0b)
    Destination: 96:77:0b:05:d4:0b (96:77:0b:05:d4:0b)
        .... ..1. .... .... .... .... = LG bit: Locally administered address (this is NOT the factory default)
        .... ...0 .... .... .... .... = IG bit: Individual address (unicast)
    Source: HewlettPacka_3a:cc:1d (28:92:4a:3a:cc:1d)
        .... ..0. .... .... .... .... = LG bit: Globally unique address (factory default)
        .... ...0 .... .... .... .... = IG bit: Individual address (unicast)
    Type: 802.1Q Virtual LAN (0x8100)
    [Stream index: 0]
802.1Q Virtual LAN, PRI: 0, DEI: 0, ID: 0
    000. .... .... .... = Priority: Best Effort (default) (0)
    ...0 .... .... .... = DEI: Ineligible
    .... 0000 0000 0000 = ID: 0
    Type: IPv4 (0x0800)
Internet Protocol Version 4, Src: 40.104.134.82, Dst: 172.16.90.227
    0100 .... = Version: 4
    .... 0101 = Header Length: 20 bytes (5)
    Differentiated Services Field: 0xb8 (DSCP: EF, ECN: Not-ECT)
        1011 10.. = Differentiated Services Codepoint: Expedited Forwarding (46)
        .... ..00 = Explicit Congestion Notification: Not ECN-Capable Transport (0)
    Total Length: 1440
    Identification: 0x7723 (30499)
    010. .... = Flags: 0x2, Don't fragment
        0... .... = Reserved bit: Not set
        .1.. .... = Don't fragment: Set
        ..0. .... = More fragments: Not set
    ...0 0000 0000 0000 = Fragment Offset: 0
    Time to Live: 116
    Protocol: UDP (17)
    Header Checksum: 0xd3c3 [validation disabled]
    [Header checksum status: Unverified]
    Source Address: 40.104.134.82
    Destination Address: 172.16.90.227
    [Stream index: 2]
User Datagram Protocol, Src Port: 443, Dst Port: 62688
    Source Port: 443
    Destination Port: 62688
    Length: 1420
    Checksum: 0x4c8c [unverified]
    [Checksum Status: Unverified]
    [Stream index: 4]
    [Stream Packet Number: 20]
    [Timestamps]
        [Time since first frame: 66.006300 milliseconds]
        [Time since previous frame: 15.248000 milliseconds]
    UDP payload (1412 bytes)
QUIC IETF
    QUIC Connection information
        [Connection Number: 4]
    [Packet Length: 1412]
    QUIC Short Header
        0... .... = Header Form: Short Header (0)
        .1.. .... = Fixed Bit: True
        ..0. .... = Spin Bit: False
    Remaining Payload […]: 8e9773ef36eac73406619e5e211c4c00fc21b576be08c369871397def1e1bc12351a8d897796c5f01c7da1f6557996776b77fa4d6b8c782a7d55f30f977fe19486025a7ce039254cdb551a56fc724cc1c96dcc257a00c2b664dd8c8b12b82b1001fe5ad8fa5bfca805b251

Frame 66: Packet, 80 bytes on wire (640 bits), 80 bytes captured (640 bits) on interface \Device\NPF_{9B9257DC-FAC1-4993-B12F-136D7BA5E874}, id 0
    Section number: 1
    Interface id: 0 (\Device\NPF_{9B9257DC-FAC1-4993-B12F-136D7BA5E874})
        Interface name: \Device\NPF_{9B9257DC-FAC1-4993-B12F-136D7BA5E874}
        Interface description: Wi-Fi
    Encapsulation type: Ethernet (1)
    Arrival Time: Apr  9, 2026 19:48:00.866041000 India Standard Time
    UTC Arrival Time: Apr  9, 2026 14:18:00.866041000 UTC
    Epoch Arrival Time: 1775744280.866041000
    [Time shift for this packet: 0.000000000 seconds]
    [Time delta from previous captured frame: 35.231300 milliseconds]
    [Time delta from previous displayed frame: 35.231300 milliseconds]
    [Time since reference or first frame: 1.576076400 seconds]
    Frame Number: 66
    Frame Length: 80 bytes (640 bits)
    Capture Length: 80 bytes (640 bits)
    [Frame is marked: False]
    [Frame is ignored: False]
    [Protocols in frame: eth:ethertype:ip:udp:quic]
    Character encoding: ASCII (0)
Ethernet II, Src: 96:77:0b:05:d4:0b (96:77:0b:05:d4:0b), Dst: HewlettPacka_3a:cc:1d (28:92:4a:3a:cc:1d)
    Destination: HewlettPacka_3a:cc:1d (28:92:4a:3a:cc:1d)
        .... ..0. .... .... .... .... = LG bit: Globally unique address (factory default)
        .... ...0 .... .... .... .... = IG bit: Individual address (unicast)
    Source: 96:77:0b:05:d4:0b (96:77:0b:05:d4:0b)
        .... ..1. .... .... .... .... = LG bit: Locally administered address (this is NOT the factory default)
        .... ...0 .... .... .... .... = IG bit: Individual address (unicast)
    Type: IPv4 (0x0800)
    [Stream index: 0]
Internet Protocol Version 4, Src: 172.16.90.227, Dst: 40.104.134.82
    0100 .... = Version: 4
    .... 0101 = Header Length: 20 bytes (5)
    Differentiated Services Field: 0x00 (DSCP: CS0, ECN: Not-ECT)
        0000 00.. = Differentiated Services Codepoint: Default (0)
        .... ..00 = Explicit Congestion Notification: Not ECN-Capable Transport (0)
    Total Length: 66
    Identification: 0xec55 (60501)
    010. .... = Flags: 0x2, Don't fragment
        0... .... = Reserved bit: Not set
        .1.. .... = Don't fragment: Set
        ..0. .... = More fragments: Not set
    ...0 0000 0000 0000 = Fragment Offset: 0
    Time to Live: 128
    Protocol: UDP (17)
    Header Checksum: 0x0000 [validation disabled]
    [Header checksum status: Unverified]
    Source Address: 172.16.90.227
    Destination Address: 40.104.134.82
    [Stream index: 2]
User Datagram Protocol, Src Port: 62688, Dst Port: 443
    Source Port: 62688
    Destination Port: 443
    Length: 46
    Checksum: 0xb5ed [unverified]
    [Checksum Status: Unverified]
    [Stream index: 4]
    [Stream Packet Number: 21]
    [Timestamps]
        [Time since first frame: 101.237600 milliseconds]
        [Time since previous frame: 35.231300 milliseconds]
    UDP payload (38 bytes)
QUIC IETF
    QUIC Connection information
        [Connection Number: 4]
    [Packet Length: 38]
    QUIC Short Header DCID=1e286886528e335e80b5d552ea30
        0... .... = Header Form: Short Header (0)
        .1.. .... = Fixed Bit: True
        ..0. .... = Spin Bit: False
        Destination Connection ID: 1e286886528e335e80b5d552ea30
    Remaining Payload: 09a9df9639c4884c6a5ffdae54dae51028131fa46204c4

Frame 67: Packet, 1518 bytes on wire (12144 bits), 1518 bytes captured (12144 bits) on interface \Device\NPF_{9B9257DC-FAC1-4993-B12F-136D7BA5E874}, id 0
    Section number: 1
    Interface id: 0 (\Device\NPF_{9B9257DC-FAC1-4993-B12F-136D7BA5E874})
        Interface name: \Device\NPF_{9B9257DC-FAC1-4993-B12F-136D7BA5E874}
        Interface description: Wi-Fi
    Encapsulation type: Ethernet (1)
    Arrival Time: Apr  9, 2026 19:48:00.901577700 India Standard Time
    UTC Arrival Time: Apr  9, 2026 14:18:00.901577700 UTC
    Epoch Arrival Time: 1775744280.901577700
    [Time shift for this packet: 0.000000000 seconds]
    [Time delta from previous captured frame: 35.536700 milliseconds]
    [Time delta from previous displayed frame: 35.536700 milliseconds]
    [Time since reference or first frame: 1.611613100 seconds]
    Frame Number: 67
    Frame Length: 1518 bytes (12144 bits)
    Capture Length: 1518 bytes (12144 bits)
    [Frame is marked: False]
    [Frame is ignored: False]
    [Protocols in frame: eth:ethertype:vlan:ethertype:ip:udp:quic]
    Character encoding: ASCII (0)
Ethernet II, Src: HewlettPacka_3a:cc:1d (28:92:4a:3a:cc:1d), Dst: 96:77:0b:05:d4:0b (96:77:0b:05:d4:0b)
    Destination: 96:77:0b:05:d4:0b (96:77:0b:05:d4:0b)
        .... ..1. .... .... .... .... = LG bit: Locally administered address (this is NOT the factory default)
        .... ...0 .... .... .... .... = IG bit: Individual address (unicast)
    Source: HewlettPacka_3a:cc:1d (28:92:4a:3a:cc:1d)
        .... ..0. .... .... .... .... = LG bit: Globally unique address (factory default)
        .... ...0 .... .... .... .... = IG bit: Individual address (unicast)
    Type: 802.1Q Virtual LAN (0x8100)
    [Stream index: 0]
802.1Q Virtual LAN, PRI: 0, DEI: 0, ID: 0
    000. .... .... .... = Priority: Best Effort (default) (0)
    ...0 .... .... .... = DEI: Ineligible
    .... 0000 0000 0000 = ID: 0
    Type: IPv4 (0x0800)
Internet Protocol Version 4, Src: 40.104.134.82, Dst: 172.16.90.227
    0100 .... = Version: 4
    .... 0101 = Header Length: 20 bytes (5)
    Differentiated Services Field: 0xb8 (DSCP: EF, ECN: Not-ECT)
        1011 10.. = Differentiated Services Codepoint: Expedited Forwarding (46)
        .... ..00 = Explicit Congestion Notification: Not ECN-Capable Transport (0)
    Total Length: 1500
    Identification: 0x7724 (30500)
    010. .... = Flags: 0x2, Don't fragment
        0... .... = Reserved bit: Not set
        .1.. .... = Don't fragment: Set
        ..0. .... = More fragments: Not set
    ...0 0000 0000 0000 = Fragment Offset: 0
    Time to Live: 116
    Protocol: UDP (17)
    Header Checksum: 0xd386 [validation disabled]
    [Header checksum status: Unverified]
    Source Address: 40.104.134.82
    Destination Address: 172.16.90.227
    [Stream index: 2]
User Datagram Protocol, Src Port: 443, Dst Port: 62688
    Source Port: 443
    Destination Port: 62688
    Length: 1480
    Checksum: 0xb331 [unverified]
    [Checksum Status: Unverified]
    [Stream index: 4]
    [Stream Packet Number: 22]
    [Timestamps]
        [Time since first frame: 136.774300 milliseconds]
        [Time since previous frame: 35.536700 milliseconds]
    UDP payload (1472 bytes)
QUIC IETF
    QUIC Connection information
        [Connection Number: 4]
    [Packet Length: 1472]
    QUIC Short Header
        0... .... = Header Form: Short Header (0)
        .1.. .... = Fixed Bit: True
        ..0. .... = Spin Bit: False
    Remaining Payload […]: 25b0b15db2e956f5a5fa2ef2c2759b2a8c71d56c8b8915828ab82bf318e92bb5ee0d703fc8b5c4a71cd3f5c9ad89fc1f35e0e28d1458221f127779eae7c73f38b6ed8bd2e66821d1bb91a22dfd23de7a60684339c2c8e65c9ae4e40ccc5fbb9e30a461a2068ab338d9896a

Frame 68: Packet, 80 bytes on wire (640 bits), 80 bytes captured (640 bits) on interface \Device\NPF_{9B9257DC-FAC1-4993-B12F-136D7BA5E874}, id 0
    Section number: 1
    Interface id: 0 (\Device\NPF_{9B9257DC-FAC1-4993-B12F-136D7BA5E874})
        Interface name: \Device\NPF_{9B9257DC-FAC1-4993-B12F-136D7BA5E874}
        Interface description: Wi-Fi
    Encapsulation type: Ethernet (1)
    Arrival Time: Apr  9, 2026 19:48:00.929725200 India Standard Time
    UTC Arrival Time: Apr  9, 2026 14:18:00.929725200 UTC
    Epoch Arrival Time: 1775744280.929725200
    [Time shift for this packet: 0.000000000 seconds]
    [Time delta from previous captured frame: 28.147500 milliseconds]
    [Time delta from previous displayed frame: 28.147500 milliseconds]
    [Time since reference or first frame: 1.639760600 seconds]
    Frame Number: 68
    Frame Length: 80 bytes (640 bits)
    Capture Length: 80 bytes (640 bits)
    [Frame is marked: False]
    [Frame is ignored: False]
    [Protocols in frame: eth:ethertype:ip:udp:quic]
    Character encoding: ASCII (0)
Ethernet II, Src: 96:77:0b:05:d4:0b (96:77:0b:05:d4:0b), Dst: HewlettPacka_3a:cc:1d (28:92:4a:3a:cc:1d)
    Destination: HewlettPacka_3a:cc:1d (28:92:4a:3a:cc:1d)
        .... ..0. .... .... .... .... = LG bit: Globally unique address (factory default)
        .... ...0 .... .... .... .... = IG bit: Individual address (unicast)
    Source: 96:77:0b:05:d4:0b (96:77:0b:05:d4:0b)
        .... ..1. .... .... .... .... = LG bit: Locally administered address (this is NOT the factory default)
        .... ...0 .... .... .... .... = IG bit: Individual address (unicast)
    Type: IPv4 (0x0800)
    [Stream index: 0]
Internet Protocol Version 4, Src: 172.16.90.227, Dst: 40.104.134.82
    0100 .... = Version: 4
    .... 0101 = Header Length: 20 bytes (5)
    Differentiated Services Field: 0x00 (DSCP: CS0, ECN: Not-ECT)
        0000 00.. = Differentiated Services Codepoint: Default (0)
        .... ..00 = Explicit Congestion Notification: Not ECN-Capable Transport (0)
    Total Length: 66
    Identification: 0xec57 (60503)
    010. .... = Flags: 0x2, Don't fragment
        0... .... = Reserved bit: Not set
        .1.. .... = Don't fragment: Set
        ..0. .... = More fragments: Not set
    ...0 0000 0000 0000 = Fragment Offset: 0
    Time to Live: 128
    Protocol: UDP (17)
    Header Checksum: 0x0000 [validation disabled]
    [Header checksum status: Unverified]
    Source Address: 172.16.90.227
    Destination Address: 40.104.134.82
    [Stream index: 2]
User Datagram Protocol, Src Port: 62688, Dst Port: 443
    Source Port: 62688
    Destination Port: 443
    Length: 46
    Checksum: 0xb5ed [unverified]
    [Checksum Status: Unverified]
    [Stream index: 4]
    [Stream Packet Number: 23]
    [Timestamps]
        [Time since first frame: 164.921800 milliseconds]
        [Time since previous frame: 28.147500 milliseconds]
    UDP payload (38 bytes)
QUIC IETF
    QUIC Connection information
        [Connection Number: 4]
    [Packet Length: 38]
    QUIC Short Header DCID=1e286886528e335e80b5d552ea30
        0... .... = Header Form: Short Header (0)
        .1.. .... = Fixed Bit: True
        ..0. .... = Spin Bit: False
        Destination Connection ID: 1e286886528e335e80b5d552ea30
    Remaining Payload: 9bd7b7a1b02eeedb818e827b4399ed0905543be5bd9b8d

Frame 69: Packet, 77 bytes on wire (616 bits), 77 bytes captured (616 bits) on interface \Device\NPF_{9B9257DC-FAC1-4993-B12F-136D7BA5E874}, id 0
    Section number: 1
    Interface id: 0 (\Device\NPF_{9B9257DC-FAC1-4993-B12F-136D7BA5E874})
        Interface name: \Device\NPF_{9B9257DC-FAC1-4993-B12F-136D7BA5E874}
        Interface description: Wi-Fi
    Encapsulation type: Ethernet (1)
    Arrival Time: Apr  9, 2026 19:48:01.006802700 India Standard Time
    UTC Arrival Time: Apr  9, 2026 14:18:01.006802700 UTC
    Epoch Arrival Time: 1775744281.006802700
    [Time shift for this packet: 0.000000000 seconds]
    [Time delta from previous captured frame: 77.077500 milliseconds]
    [Time delta from previous displayed frame: 77.077500 milliseconds]
    [Time since reference or first frame: 1.716838100 seconds]
    Frame Number: 69
    Frame Length: 77 bytes (616 bits)
    Capture Length: 77 bytes (616 bits)
    [Frame is marked: False]
    [Frame is ignored: False]
    [Protocols in frame: eth:ethertype:ip:udp:quic]
    Character encoding: ASCII (0)
Ethernet II, Src: 96:77:0b:05:d4:0b (96:77:0b:05:d4:0b), Dst: HewlettPacka_3a:cc:1d (28:92:4a:3a:cc:1d)
    Destination: HewlettPacka_3a:cc:1d (28:92:4a:3a:cc:1d)
        .... ..0. .... .... .... .... = LG bit: Globally unique address (factory default)
        .... ...0 .... .... .... .... = IG bit: Individual address (unicast)
    Source: 96:77:0b:05:d4:0b (96:77:0b:05:d4:0b)
        .... ..1. .... .... .... .... = LG bit: Locally administered address (this is NOT the factory default)
        .... ...0 .... .... .... .... = IG bit: Individual address (unicast)
    Type: IPv4 (0x0800)
    [Stream index: 0]
Internet Protocol Version 4, Src: 172.16.90.227, Dst: 40.104.134.82
    0100 .... = Version: 4
    .... 0101 = Header Length: 20 bytes (5)
    Differentiated Services Field: 0x00 (DSCP: CS0, ECN: Not-ECT)
        0000 00.. = Differentiated Services Codepoint: Default (0)
        .... ..00 = Explicit Congestion Notification: Not ECN-Capable Transport (0)
    Total Length: 63
    Identification: 0xec58 (60504)
    010. .... = Flags: 0x2, Don't fragment
        0... .... = Reserved bit: Not set
        .1.. .... = Don't fragment: Set
        ..0. .... = More fragments: Not set
    ...0 0000 0000 0000 = Fragment Offset: 0
    Time to Live: 128
    Protocol: UDP (17)
    Header Checksum: 0x0000 [validation disabled]
    [Header checksum status: Unverified]
    Source Address: 172.16.90.227
    Destination Address: 40.104.134.82
    [Stream index: 2]
User Datagram Protocol, Src Port: 62688, Dst Port: 443
    Source Port: 62688
    Destination Port: 443
    Length: 43
    Checksum: 0xb5ea [unverified]
    [Checksum Status: Unverified]
    [Stream index: 4]
    [Stream Packet Number: 24]
    [Timestamps]
        [Time since first frame: 241.999300 milliseconds]
        [Time since previous frame: 77.077500 milliseconds]
    UDP payload (35 bytes)
QUIC IETF
    QUIC Connection information
        [Connection Number: 4]
    [Packet Length: 35]
    QUIC Short Header DCID=1e286886528e335e80b5d552ea30
        0... .... = Header Form: Short Header (0)
        .1.. .... = Fixed Bit: True
        ..0. .... = Spin Bit: False
        Destination Connection ID: 1e286886528e335e80b5d552ea30
    Remaining Payload: 9d64b2a4dc4de22a00ed40d527f9f22416e2e98a

Frame 70: Packet, 77 bytes on wire (616 bits), 77 bytes captured (616 bits) on interface \Device\NPF_{9B9257DC-FAC1-4993-B12F-136D7BA5E874}, id 0
    Section number: 1
    Interface id: 0 (\Device\NPF_{9B9257DC-FAC1-4993-B12F-136D7BA5E874})
        Interface name: \Device\NPF_{9B9257DC-FAC1-4993-B12F-136D7BA5E874}
        Interface description: Wi-Fi
    Encapsulation type: Ethernet (1)
    Arrival Time: Apr  9, 2026 19:48:01.068267400 India Standard Time
    UTC Arrival Time: Apr  9, 2026 14:18:01.068267400 UTC
    Epoch Arrival Time: 1775744281.068267400
    [Time shift for this packet: 0.000000000 seconds]
    [Time delta from previous captured frame: 61.464700 milliseconds]
    [Time delta from previous displayed frame: 61.464700 milliseconds]
    [Time since reference or first frame: 1.778302800 seconds]
    Frame Number: 70
    Frame Length: 77 bytes (616 bits)
    Capture Length: 77 bytes (616 bits)
    [Frame is marked: False]
    [Frame is ignored: False]
    [Protocols in frame: eth:ethertype:ip:udp:quic]
    Character encoding: ASCII (0)
Ethernet II, Src: 96:77:0b:05:d4:0b (96:77:0b:05:d4:0b), Dst: HewlettPacka_3a:cc:1d (28:92:4a:3a:cc:1d)
    Destination: HewlettPacka_3a:cc:1d (28:92:4a:3a:cc:1d)
        .... ..0. .... .... .... .... = LG bit: Globally unique address (factory default)
        .... ...0 .... .... .... .... = IG bit: Individual address (unicast)
    Source: 96:77:0b:05:d4:0b (96:77:0b:05:d4:0b)
        .... ..1. .... .... .... .... = LG bit: Locally administered address (this is NOT the factory default)
        .... ...0 .... .... .... .... = IG bit: Individual address (unicast)
    Type: IPv4 (0x0800)
    [Stream index: 0]
Internet Protocol Version 4, Src: 172.16.90.227, Dst: 40.104.134.82
    0100 .... = Version: 4
    .... 0101 = Header Length: 20 bytes (5)
    Differentiated Services Field: 0x00 (DSCP: CS0, ECN: Not-ECT)
        0000 00.. = Differentiated Services Codepoint: Default (0)
        .... ..00 = Explicit Congestion Notification: Not ECN-Capable Transport (0)
    Total Length: 63
    Identification: 0xec59 (60505)
    010. .... = Flags: 0x2, Don't fragment
        0... .... = Reserved bit: Not set
        .1.. .... = Don't fragment: Set
        ..0. .... = More fragments: Not set
    ...0 0000 0000 0000 = Fragment Offset: 0
    Time to Live: 128
    Protocol: UDP (17)
    Header Checksum: 0x0000 [validation disabled]
    [Header checksum status: Unverified]
    Source Address: 172.16.90.227
    Destination Address: 40.104.134.82
    [Stream index: 2]
User Datagram Protocol, Src Port: 62688, Dst Port: 443
    Source Port: 62688
    Destination Port: 443
    Length: 43
    Checksum: 0xb5ea [unverified]
    [Checksum Status: Unverified]
    [Stream index: 4]
    [Stream Packet Number: 25]
    [Timestamps]
        [Time since first frame: 303.464000 milliseconds]
        [Time since previous frame: 61.464700 milliseconds]
    UDP payload (35 bytes)
QUIC IETF
    QUIC Connection information
        [Connection Number: 4]
    [Packet Length: 35]
    QUIC Short Header DCID=1e286886528e335e80b5d552ea30
        0... .... = Header Form: Short Header (0)
        .1.. .... = Fixed Bit: True
        ..0. .... = Spin Bit: False
        Destination Connection ID: 1e286886528e335e80b5d552ea30
    Remaining Payload: c63118519d59e7b23a37999403544299f98d7a05

Frame 71: Packet, 73 bytes on wire (584 bits), 73 bytes captured (584 bits) on interface \Device\NPF_{9B9257DC-FAC1-4993-B12F-136D7BA5E874}, id 0
    Section number: 1
    Interface id: 0 (\Device\NPF_{9B9257DC-FAC1-4993-B12F-136D7BA5E874})
        Interface name: \Device\NPF_{9B9257DC-FAC1-4993-B12F-136D7BA5E874}
        Interface description: Wi-Fi
    Encapsulation type: Ethernet (1)
    Arrival Time: Apr  9, 2026 19:48:01.097134100 India Standard Time
    UTC Arrival Time: Apr  9, 2026 14:18:01.097134100 UTC
    Epoch Arrival Time: 1775744281.097134100
    [Time shift for this packet: 0.000000000 seconds]
    [Time delta from previous captured frame: 28.866700 milliseconds]
    [Time delta from previous displayed frame: 28.866700 milliseconds]
    [Time since reference or first frame: 1.807169500 seconds]
    Frame Number: 71
    Frame Length: 73 bytes (584 bits)
    Capture Length: 73 bytes (584 bits)
    [Frame is marked: False]
    [Frame is ignored: False]
    [Protocols in frame: eth:ethertype:vlan:ethertype:ip:udp:quic]
    Character encoding: ASCII (0)
Ethernet II, Src: HewlettPacka_3a:cc:1d (28:92:4a:3a:cc:1d), Dst: 96:77:0b:05:d4:0b (96:77:0b:05:d4:0b)
    Destination: 96:77:0b:05:d4:0b (96:77:0b:05:d4:0b)
        .... ..1. .... .... .... .... = LG bit: Locally administered address (this is NOT the factory default)
        .... ...0 .... .... .... .... = IG bit: Individual address (unicast)
    Source: HewlettPacka_3a:cc:1d (28:92:4a:3a:cc:1d)
        .... ..0. .... .... .... .... = LG bit: Globally unique address (factory default)
        .... ...0 .... .... .... .... = IG bit: Individual address (unicast)
    Type: 802.1Q Virtual LAN (0x8100)
    [Stream index: 0]
802.1Q Virtual LAN, PRI: 0, DEI: 0, ID: 0
    000. .... .... .... = Priority: Best Effort (default) (0)
    ...0 .... .... .... = DEI: Ineligible
    .... 0000 0000 0000 = ID: 0
    Type: IPv4 (0x0800)
Internet Protocol Version 4, Src: 40.104.134.82, Dst: 172.16.90.227
    0100 .... = Version: 4
    .... 0101 = Header Length: 20 bytes (5)
    Differentiated Services Field: 0xb8 (DSCP: EF, ECN: Not-ECT)
        1011 10.. = Differentiated Services Codepoint: Expedited Forwarding (46)
        .... ..00 = Explicit Congestion Notification: Not ECN-Capable Transport (0)
    Total Length: 55
    Identification: 0x7725 (30501)
    010. .... = Flags: 0x2, Don't fragment
        0... .... = Reserved bit: Not set
        .1.. .... = Don't fragment: Set
        ..0. .... = More fragments: Not set
    ...0 0000 0000 0000 = Fragment Offset: 0
    Time to Live: 116
    Protocol: UDP (17)
    Header Checksum: 0xd92a [validation disabled]
    [Header checksum status: Unverified]
    Source Address: 40.104.134.82
    Destination Address: 172.16.90.227
    [Stream index: 2]
User Datagram Protocol, Src Port: 443, Dst Port: 62688
    Source Port: 443
    Destination Port: 62688
    Length: 35
    Checksum: 0xc6cb [unverified]
    [Checksum Status: Unverified]
    [Stream index: 4]
    [Stream Packet Number: 26]
    [Timestamps]
        [Time since first frame: 332.330700 milliseconds]
        [Time since previous frame: 28.866700 milliseconds]
    UDP payload (27 bytes)
QUIC IETF
    QUIC Connection information
        [Connection Number: 4]
    [Packet Length: 27]
    QUIC Short Header
        0... .... = Header Form: Short Header (0)
        .1.. .... = Fixed Bit: True
        ..0. .... = Spin Bit: False
    Remaining Payload: 9666e5acd2b0dc1aab305690f469afad2a5f3d5cfd65af8dacd7

Frame 72: Packet, 944 bytes on wire (7552 bits), 944 bytes captured (7552 bits) on interface \Device\NPF_{9B9257DC-FAC1-4993-B12F-136D7BA5E874}, id 0
    Section number: 1
    Interface id: 0 (\Device\NPF_{9B9257DC-FAC1-4993-B12F-136D7BA5E874})
        Interface name: \Device\NPF_{9B9257DC-FAC1-4993-B12F-136D7BA5E874}
        Interface description: Wi-Fi
    Encapsulation type: Ethernet (1)
    Arrival Time: Apr  9, 2026 19:48:01.097318600 India Standard Time
    UTC Arrival Time: Apr  9, 2026 14:18:01.097318600 UTC
    Epoch Arrival Time: 1775744281.097318600
    [Time shift for this packet: 0.000000000 seconds]
    [Time delta from previous captured frame: 184.500 microseconds]
    [Time delta from previous displayed frame: 184.500 microseconds]
    [Time since reference or first frame: 1.807354000 seconds]
    Frame Number: 72
    Frame Length: 944 bytes (7552 bits)
    Capture Length: 944 bytes (7552 bits)
    [Frame is marked: False]
    [Frame is ignored: False]
    [Protocols in frame: eth:ethertype:vlan:ethertype:ip:udp:quic]
    Character encoding: ASCII (0)
Ethernet II, Src: HewlettPacka_3a:cc:1d (28:92:4a:3a:cc:1d), Dst: 96:77:0b:05:d4:0b (96:77:0b:05:d4:0b)
    Destination: 96:77:0b:05:d4:0b (96:77:0b:05:d4:0b)
        .... ..1. .... .... .... .... = LG bit: Locally administered address (this is NOT the factory default)
        .... ...0 .... .... .... .... = IG bit: Individual address (unicast)
    Source: HewlettPacka_3a:cc:1d (28:92:4a:3a:cc:1d)
        .... ..0. .... .... .... .... = LG bit: Globally unique address (factory default)
        .... ...0 .... .... .... .... = IG bit: Individual address (unicast)
    Type: 802.1Q Virtual LAN (0x8100)
    [Stream index: 0]
802.1Q Virtual LAN, PRI: 0, DEI: 0, ID: 0
    000. .... .... .... = Priority: Best Effort (default) (0)
    ...0 .... .... .... = DEI: Ineligible
    .... 0000 0000 0000 = ID: 0
    Type: IPv4 (0x0800)
Internet Protocol Version 4, Src: 40.104.134.82, Dst: 172.16.90.227
    0100 .... = Version: 4
    .... 0101 = Header Length: 20 bytes (5)
    Differentiated Services Field: 0xb8 (DSCP: EF, ECN: Not-ECT)
        1011 10.. = Differentiated Services Codepoint: Expedited Forwarding (46)
        .... ..00 = Explicit Congestion Notification: Not ECN-Capable Transport (0)
    Total Length: 926
    Identification: 0x7726 (30502)
    010. .... = Flags: 0x2, Don't fragment
        0... .... = Reserved bit: Not set
        .1.. .... = Don't fragment: Set
        ..0. .... = More fragments: Not set
    ...0 0000 0000 0000 = Fragment Offset: 0
    Time to Live: 116
    Protocol: UDP (17)
    Header Checksum: 0xd5c2 [validation disabled]
    [Header checksum status: Unverified]
    Source Address: 40.104.134.82
    Destination Address: 172.16.90.227
    [Stream index: 2]
User Datagram Protocol, Src Port: 443, Dst Port: 62688
    Source Port: 443
    Destination Port: 62688
    Length: 906
    Checksum: 0x18d1 [unverified]
    [Checksum Status: Unverified]
    [Stream index: 4]
    [Stream Packet Number: 27]
    [Timestamps]
        [Time since first frame: 332.515200 milliseconds]
        [Time since previous frame: 184.500 microseconds]
    UDP payload (898 bytes)
QUIC IETF
    QUIC Connection information
        [Connection Number: 4]
    [Packet Length: 898]
    QUIC Short Header
        0... .... = Header Form: Short Header (0)
        .1.. .... = Fixed Bit: True
        ..0. .... = Spin Bit: False
    Remaining Payload […]: 9737f443196e1a676d36cb89a51b16eceed7ede241535985b98420e92d985dcc1f03a4f36def920103468f83b4811125c2b9c30ebd7256cb5eeba5144e268905e35b29b60fbc2523696ccf04ddc5f5785d8cb397ec8ede660644bc475ca7b2bbf7b79faed2f1bdee0d3e54

Frame 73: Packet, 1292 bytes on wire (10336 bits), 1292 bytes captured (10336 bits) on interface \Device\NPF_{9B9257DC-FAC1-4993-B12F-136D7BA5E874}, id 0
    Section number: 1
    Interface id: 0 (\Device\NPF_{9B9257DC-FAC1-4993-B12F-136D7BA5E874})
        Interface name: \Device\NPF_{9B9257DC-FAC1-4993-B12F-136D7BA5E874}
        Interface description: Wi-Fi
    Encapsulation type: Ethernet (1)
    Arrival Time: Apr  9, 2026 19:48:01.098681400 India Standard Time
    UTC Arrival Time: Apr  9, 2026 14:18:01.098681400 UTC
    Epoch Arrival Time: 1775744281.098681400
    [Time shift for this packet: 0.000000000 seconds]
    [Time delta from previous captured frame: 1.362800 milliseconds]
    [Time delta from previous displayed frame: 1.362800 milliseconds]
    [Time since reference or first frame: 1.808716800 seconds]
    Frame Number: 73
    Frame Length: 1292 bytes (10336 bits)
    Capture Length: 1292 bytes (10336 bits)
    [Frame is marked: False]
    [Frame is ignored: False]
    [Protocols in frame: eth:ethertype:ip:udp:quic]
    Character encoding: ASCII (0)
Ethernet II, Src: 96:77:0b:05:d4:0b (96:77:0b:05:d4:0b), Dst: HewlettPacka_3a:cc:1d (28:92:4a:3a:cc:1d)
    Destination: HewlettPacka_3a:cc:1d (28:92:4a:3a:cc:1d)
        .... ..0. .... .... .... .... = LG bit: Globally unique address (factory default)
        .... ...0 .... .... .... .... = IG bit: Individual address (unicast)
    Source: 96:77:0b:05:d4:0b (96:77:0b:05:d4:0b)
        .... ..1. .... .... .... .... = LG bit: Locally administered address (this is NOT the factory default)
        .... ...0 .... .... .... .... = IG bit: Individual address (unicast)
    Type: IPv4 (0x0800)
    [Stream index: 0]
Internet Protocol Version 4, Src: 172.16.90.227, Dst: 40.104.134.82
    0100 .... = Version: 4
    .... 0101 = Header Length: 20 bytes (5)
    Differentiated Services Field: 0x00 (DSCP: CS0, ECN: Not-ECT)
        0000 00.. = Differentiated Services Codepoint: Default (0)
        .... ..00 = Explicit Congestion Notification: Not ECN-Capable Transport (0)
    Total Length: 1278
    Identification: 0xec5a (60506)
    010. .... = Flags: 0x2, Don't fragment
        0... .... = Reserved bit: Not set
        .1.. .... = Don't fragment: Set
        ..0. .... = More fragments: Not set
    ...0 0000 0000 0000 = Fragment Offset: 0
    Time to Live: 128
    Protocol: UDP (17)
    Header Checksum: 0x0000 [validation disabled]
    [Header checksum status: Unverified]
    Source Address: 172.16.90.227
    Destination Address: 40.104.134.82
    [Stream index: 2]
User Datagram Protocol, Src Port: 62688, Dst Port: 443
    Source Port: 62688
    Destination Port: 443
    Length: 1258
    Checksum: 0xbaa9 [unverified]
    [Checksum Status: Unverified]
    [Stream index: 4]
    [Stream Packet Number: 28]
    [Timestamps]
        [Time since first frame: 333.878000 milliseconds]
        [Time since previous frame: 1.362800 milliseconds]
    UDP payload (1250 bytes)
QUIC IETF
    QUIC Connection information
        [Connection Number: 4]
    [Packet Length: 1250]
    QUIC Short Header DCID=1e286886528e335e80b5d552ea30
        0... .... = Header Form: Short Header (0)
        .1.. .... = Fixed Bit: True
        ..0. .... = Spin Bit: False
        Destination Connection ID: 1e286886528e335e80b5d552ea30
    Remaining Payload […]: 2c1b32416f73d10df8fe71f7453f95458bb99ecca2253947989208c87e94b8fc1bd00ad11591198792f279fe429d27288d87edeceac0d18215ccd38fc19b8acc7fc54e8fbf4ffd6d46d04e75ff67de506e2692c58b39979bfbbae23fb9be2b4fada83fad5a11f712aa7982

Frame 74: Packet, 1292 bytes on wire (10336 bits), 1292 bytes captured (10336 bits) on interface \Device\NPF_{9B9257DC-FAC1-4993-B12F-136D7BA5E874}, id 0
    Section number: 1
    Interface id: 0 (\Device\NPF_{9B9257DC-FAC1-4993-B12F-136D7BA5E874})
        Interface name: \Device\NPF_{9B9257DC-FAC1-4993-B12F-136D7BA5E874}
        Interface description: Wi-Fi
    Encapsulation type: Ethernet (1)
    Arrival Time: Apr  9, 2026 19:48:01.098718900 India Standard Time
    UTC Arrival Time: Apr  9, 2026 14:18:01.098718900 UTC
    Epoch Arrival Time: 1775744281.098718900
    [Time shift for this packet: 0.000000000 seconds]
    [Time delta from previous captured frame: 37.500 microseconds]
    [Time delta from previous displayed frame: 37.500 microseconds]
    [Time since reference or first frame: 1.808754300 seconds]
    Frame Number: 74
    Frame Length: 1292 bytes (10336 bits)
    Capture Length: 1292 bytes (10336 bits)
    [Frame is marked: False]
    [Frame is ignored: False]
    [Protocols in frame: eth:ethertype:ip:udp:quic]
    Character encoding: ASCII (0)
Ethernet II, Src: 96:77:0b:05:d4:0b (96:77:0b:05:d4:0b), Dst: HewlettPacka_3a:cc:1d (28:92:4a:3a:cc:1d)
    Destination: HewlettPacka_3a:cc:1d (28:92:4a:3a:cc:1d)
        .... ..0. .... .... .... .... = LG bit: Globally unique address (factory default)
        .... ...0 .... .... .... .... = IG bit: Individual address (unicast)
    Source: 96:77:0b:05:d4:0b (96:77:0b:05:d4:0b)
        .... ..1. .... .... .... .... = LG bit: Locally administered address (this is NOT the factory default)
        .... ...0 .... .... .... .... = IG bit: Individual address (unicast)
    Type: IPv4 (0x0800)
    [Stream index: 0]
Internet Protocol Version 4, Src: 172.16.90.227, Dst: 40.104.134.82
    0100 .... = Version: 4
    .... 0101 = Header Length: 20 bytes (5)
    Differentiated Services Field: 0x00 (DSCP: CS0, ECN: Not-ECT)
        0000 00.. = Differentiated Services Codepoint: Default (0)
        .... ..00 = Explicit Congestion Notification: Not ECN-Capable Transport (0)
    Total Length: 1278
    Identification: 0xec5b (60507)
    010. .... = Flags: 0x2, Don't fragment
        0... .... = Reserved bit: Not set
        .1.. .... = Don't fragment: Set
        ..0. .... = More fragments: Not set
    ...0 0000 0000 0000 = Fragment Offset: 0
    Time to Live: 128
    Protocol: UDP (17)
    Header Checksum: 0x0000 [validation disabled]
    [Header checksum status: Unverified]
    Source Address: 172.16.90.227
    Destination Address: 40.104.134.82
    [Stream index: 2]
User Datagram Protocol, Src Port: 62688, Dst Port: 443
    Source Port: 62688
    Destination Port: 443
    Length: 1258
    Checksum: 0xbaa9 [unverified]
    [Checksum Status: Unverified]
    [Stream index: 4]
    [Stream Packet Number: 29]
    [Timestamps]
        [Time since first frame: 333.915500 milliseconds]
        [Time since previous frame: 37.500 microseconds]
    UDP payload (1250 bytes)
QUIC IETF
    QUIC Connection information
        [Connection Number: 4]
    [Packet Length: 1250]
    QUIC Short Header DCID=1e286886528e335e80b5d552ea30
        0... .... = Header Form: Short Header (0)
        .1.. .... = Fixed Bit: True
        ..0. .... = Spin Bit: False
        Destination Connection ID: 1e286886528e335e80b5d552ea30
    Remaining Payload […]: bc04082ba3a7f0365f8ede6b6ac1e0491628087bb0b285dfb52c0ff91fcbb0a086941b992a83e954b41b84f7b2b07b57df925172484df035654f5e883820fe706623e6cee307cd9d037e8aa692842914ab81524988ba0be37629dc04ecda1ac49dbc15f80299219dc8b873

Frame 75: Packet, 683 bytes on wire (5464 bits), 683 bytes captured (5464 bits) on interface \Device\NPF_{9B9257DC-FAC1-4993-B12F-136D7BA5E874}, id 0
    Section number: 1
    Interface id: 0 (\Device\NPF_{9B9257DC-FAC1-4993-B12F-136D7BA5E874})
        Interface name: \Device\NPF_{9B9257DC-FAC1-4993-B12F-136D7BA5E874}
        Interface description: Wi-Fi
    Encapsulation type: Ethernet (1)
    Arrival Time: Apr  9, 2026 19:48:01.098732000 India Standard Time
    UTC Arrival Time: Apr  9, 2026 14:18:01.098732000 UTC
    Epoch Arrival Time: 1775744281.098732000
    [Time shift for this packet: 0.000000000 seconds]
    [Time delta from previous captured frame: 13.100 microseconds]
    [Time delta from previous displayed frame: 13.100 microseconds]
    [Time since reference or first frame: 1.808767400 seconds]
    Frame Number: 75
    Frame Length: 683 bytes (5464 bits)
    Capture Length: 683 bytes (5464 bits)
    [Frame is marked: False]
    [Frame is ignored: False]
    [Protocols in frame: eth:ethertype:ip:udp:quic]
    Character encoding: ASCII (0)
Ethernet II, Src: 96:77:0b:05:d4:0b (96:77:0b:05:d4:0b), Dst: HewlettPacka_3a:cc:1d (28:92:4a:3a:cc:1d)
    Destination: HewlettPacka_3a:cc:1d (28:92:4a:3a:cc:1d)
        .... ..0. .... .... .... .... = LG bit: Globally unique address (factory default)
        .... ...0 .... .... .... .... = IG bit: Individual address (unicast)
    Source: 96:77:0b:05:d4:0b (96:77:0b:05:d4:0b)
        .... ..1. .... .... .... .... = LG bit: Locally administered address (this is NOT the factory default)
        .... ...0 .... .... .... .... = IG bit: Individual address (unicast)
    Type: IPv4 (0x0800)
    [Stream index: 0]
Internet Protocol Version 4, Src: 172.16.90.227, Dst: 40.104.134.82
    0100 .... = Version: 4
    .... 0101 = Header Length: 20 bytes (5)
    Differentiated Services Field: 0x00 (DSCP: CS0, ECN: Not-ECT)
        0000 00.. = Differentiated Services Codepoint: Default (0)
        .... ..00 = Explicit Congestion Notification: Not ECN-Capable Transport (0)
    Total Length: 669
    Identification: 0xec5c (60508)
    010. .... = Flags: 0x2, Don't fragment
        0... .... = Reserved bit: Not set
        .1.. .... = Don't fragment: Set
        ..0. .... = More fragments: Not set
    ...0 0000 0000 0000 = Fragment Offset: 0
    Time to Live: 128
    Protocol: UDP (17)
    Header Checksum: 0x0000 [validation disabled]
    [Header checksum status: Unverified]
    Source Address: 172.16.90.227
    Destination Address: 40.104.134.82
    [Stream index: 2]
User Datagram Protocol, Src Port: 62688, Dst Port: 443
    Source Port: 62688
    Destination Port: 443
    Length: 649
    Checksum: 0xb848 [unverified]
    [Checksum Status: Unverified]
    [Stream index: 4]
    [Stream Packet Number: 30]
    [Timestamps]
        [Time since first frame: 333.928600 milliseconds]
        [Time since previous frame: 13.100 microseconds]
    UDP payload (641 bytes)
QUIC IETF
    QUIC Connection information
        [Connection Number: 4]
    [Packet Length: 641]
    QUIC Short Header DCID=1e286886528e335e80b5d552ea30
        0... .... = Header Form: Short Header (0)
        .1.. .... = Fixed Bit: True
        ..0. .... = Spin Bit: False
        Destination Connection ID: 1e286886528e335e80b5d552ea30
    Remaining Payload […]: 2e16923f47f90bbcfb983aed9e7585b4919fc6fa9bb206a4508deff290c45e38f99ef11d3d907ba4c196eec206d3f67a5b6abd54b3ef9714542ced3a8fc0d426c24cf8261ea0f98a4c5538d5cb5a0764d032160670a74fd82eeec450583c28cbfdf67171899a2b32ff227f

Frame 76: Packet, 74 bytes on wire (592 bits), 74 bytes captured (592 bits) on interface \Device\NPF_{9B9257DC-FAC1-4993-B12F-136D7BA5E874}, id 0
    Section number: 1
    Interface id: 0 (\Device\NPF_{9B9257DC-FAC1-4993-B12F-136D7BA5E874})
        Interface name: \Device\NPF_{9B9257DC-FAC1-4993-B12F-136D7BA5E874}
        Interface description: Wi-Fi
    Encapsulation type: Ethernet (1)
    Arrival Time: Apr  9, 2026 19:48:01.132741800 India Standard Time
    UTC Arrival Time: Apr  9, 2026 14:18:01.132741800 UTC
    Epoch Arrival Time: 1775744281.132741800
    [Time shift for this packet: 0.000000000 seconds]
    [Time delta from previous captured frame: 34.009800 milliseconds]
    [Time delta from previous displayed frame: 34.009800 milliseconds]
    [Time since reference or first frame: 1.842777200 seconds]
    Frame Number: 76
    Frame Length: 74 bytes (592 bits)
    Capture Length: 74 bytes (592 bits)
    [Frame is marked: False]
    [Frame is ignored: False]
    [Protocols in frame: eth:ethertype:vlan:ethertype:ip:udp:quic]
    Character encoding: ASCII (0)
Ethernet II, Src: HewlettPacka_3a:cc:1d (28:92:4a:3a:cc:1d), Dst: 96:77:0b:05:d4:0b (96:77:0b:05:d4:0b)
    Destination: 96:77:0b:05:d4:0b (96:77:0b:05:d4:0b)
        .... ..1. .... .... .... .... = LG bit: Locally administered address (this is NOT the factory default)
        .... ...0 .... .... .... .... = IG bit: Individual address (unicast)
    Source: HewlettPacka_3a:cc:1d (28:92:4a:3a:cc:1d)
        .... ..0. .... .... .... .... = LG bit: Globally unique address (factory default)
        .... ...0 .... .... .... .... = IG bit: Individual address (unicast)
    Type: 802.1Q Virtual LAN (0x8100)
    [Stream index: 0]
802.1Q Virtual LAN, PRI: 0, DEI: 0, ID: 0
    000. .... .... .... = Priority: Best Effort (default) (0)
    ...0 .... .... .... = DEI: Ineligible
    .... 0000 0000 0000 = ID: 0
    Type: IPv4 (0x0800)
Internet Protocol Version 4, Src: 40.104.134.82, Dst: 172.16.90.227
    0100 .... = Version: 4
    .... 0101 = Header Length: 20 bytes (5)
    Differentiated Services Field: 0xb8 (DSCP: EF, ECN: Not-ECT)
        1011 10.. = Differentiated Services Codepoint: Expedited Forwarding (46)
        .... ..00 = Explicit Congestion Notification: Not ECN-Capable Transport (0)
    Total Length: 56
    Identification: 0x7727 (30503)
    010. .... = Flags: 0x2, Don't fragment
        0... .... = Reserved bit: Not set
        .1.. .... = Don't fragment: Set
        ..0. .... = More fragments: Not set
    ...0 0000 0000 0000 = Fragment Offset: 0
    Time to Live: 116
    Protocol: UDP (17)
    Header Checksum: 0xd927 [validation disabled]
    [Header checksum status: Unverified]
    Source Address: 40.104.134.82
    Destination Address: 172.16.90.227
    [Stream index: 2]
User Datagram Protocol, Src Port: 443, Dst Port: 62688
    Source Port: 443
    Destination Port: 62688
    Length: 36
    Checksum: 0x464b [unverified]
    [Checksum Status: Unverified]
    [Stream index: 4]
    [Stream Packet Number: 31]
    [Timestamps]
        [Time since first frame: 367.938400 milliseconds]
        [Time since previous frame: 34.009800 milliseconds]
    UDP payload (28 bytes)
QUIC IETF
    QUIC Connection information
        [Connection Number: 4]
    [Packet Length: 28]
    QUIC Short Header
        0... .... = Header Form: Short Header (0)
        .1.. .... = Fixed Bit: True
        ..0. .... = Spin Bit: False
    Remaining Payload: ef909160880e68d10167890c5cce5770b7e66f9bafa8cf31aace0f

Frame 77: Packet, 75 bytes on wire (600 bits), 75 bytes captured (600 bits) on interface \Device\NPF_{9B9257DC-FAC1-4993-B12F-136D7BA5E874}, id 0
    Section number: 1
    Interface id: 0 (\Device\NPF_{9B9257DC-FAC1-4993-B12F-136D7BA5E874})
        Interface name: \Device\NPF_{9B9257DC-FAC1-4993-B12F-136D7BA5E874}
        Interface description: Wi-Fi
    Encapsulation type: Ethernet (1)
    Arrival Time: Apr  9, 2026 19:48:01.163534400 India Standard Time
    UTC Arrival Time: Apr  9, 2026 14:18:01.163534400 UTC
    Epoch Arrival Time: 1775744281.163534400
    [Time shift for this packet: 0.000000000 seconds]
    [Time delta from previous captured frame: 30.792600 milliseconds]
    [Time delta from previous displayed frame: 30.792600 milliseconds]
    [Time since reference or first frame: 1.873569800 seconds]
    Frame Number: 77
    Frame Length: 75 bytes (600 bits)
    Capture Length: 75 bytes (600 bits)
    [Frame is marked: False]
    [Frame is ignored: False]
    [Protocols in frame: eth:ethertype:vlan:ethertype:ip:udp:quic]
    Character encoding: ASCII (0)
Ethernet II, Src: HewlettPacka_3a:cc:1d (28:92:4a:3a:cc:1d), Dst: 96:77:0b:05:d4:0b (96:77:0b:05:d4:0b)
    Destination: 96:77:0b:05:d4:0b (96:77:0b:05:d4:0b)
        .... ..1. .... .... .... .... = LG bit: Locally administered address (this is NOT the factory default)
        .... ...0 .... .... .... .... = IG bit: Individual address (unicast)
    Source: HewlettPacka_3a:cc:1d (28:92:4a:3a:cc:1d)
        .... ..0. .... .... .... .... = LG bit: Globally unique address (factory default)
        .... ...0 .... .... .... .... = IG bit: Individual address (unicast)
    Type: 802.1Q Virtual LAN (0x8100)
    [Stream index: 0]
802.1Q Virtual LAN, PRI: 0, DEI: 0, ID: 0
    000. .... .... .... = Priority: Best Effort (default) (0)
    ...0 .... .... .... = DEI: Ineligible
    .... 0000 0000 0000 = ID: 0
    Type: IPv4 (0x0800)
Internet Protocol Version 4, Src: 40.104.134.82, Dst: 172.16.90.227
    0100 .... = Version: 4
    .... 0101 = Header Length: 20 bytes (5)
    Differentiated Services Field: 0xb8 (DSCP: EF, ECN: Not-ECT)
        1011 10.. = Differentiated Services Codepoint: Expedited Forwarding (46)
        .... ..00 = Explicit Congestion Notification: Not ECN-Capable Transport (0)
    Total Length: 57
    Identification: 0x7728 (30504)
    010. .... = Flags: 0x2, Don't fragment
        0... .... = Reserved bit: Not set
        .1.. .... = Don't fragment: Set
        ..0. .... = More fragments: Not set
    ...0 0000 0000 0000 = Fragment Offset: 0
    Time to Live: 116
    Protocol: UDP (17)
    Header Checksum: 0xd925 [validation disabled]
    [Header checksum status: Unverified]
    Source Address: 40.104.134.82
    Destination Address: 172.16.90.227
    [Stream index: 2]
User Datagram Protocol, Src Port: 443, Dst Port: 62688
    Source Port: 443
    Destination Port: 62688
    Length: 37
    Checksum: 0xc5a1 [unverified]
    [Checksum Status: Unverified]
    [Stream index: 4]
    [Stream Packet Number: 32]
    [Timestamps]
        [Time since first frame: 398.731000 milliseconds]
        [Time since previous frame: 30.792600 milliseconds]
    UDP payload (29 bytes)
QUIC IETF
    QUIC Connection information
        [Connection Number: 4]
    [Packet Length: 29]
    QUIC Short Header
        0... .... = Header Form: Short Header (0)
        .1.. .... = Fixed Bit: True
        ..0. .... = Spin Bit: False
    Remaining Payload: 802684c14192c36423a531caebfa7d7bf0921042e29e265e42a4a305

Frame 78: Packet, 77 bytes on wire (616 bits), 77 bytes captured (616 bits) on interface \Device\NPF_{9B9257DC-FAC1-4993-B12F-136D7BA5E874}, id 0
    Section number: 1
    Interface id: 0 (\Device\NPF_{9B9257DC-FAC1-4993-B12F-136D7BA5E874})
        Interface name: \Device\NPF_{9B9257DC-FAC1-4993-B12F-136D7BA5E874}
        Interface description: Wi-Fi
    Encapsulation type: Ethernet (1)
    Arrival Time: Apr  9, 2026 19:48:01.163563400 India Standard Time
    UTC Arrival Time: Apr  9, 2026 14:18:01.163563400 UTC
    Epoch Arrival Time: 1775744281.163563400
    [Time shift for this packet: 0.000000000 seconds]
    [Time delta from previous captured frame: 29.000 microseconds]
    [Time delta from previous displayed frame: 29.000 microseconds]
    [Time since reference or first frame: 1.873598800 seconds]
    Frame Number: 78
    Frame Length: 77 bytes (616 bits)
    Capture Length: 77 bytes (616 bits)
    [Frame is marked: False]
    [Frame is ignored: False]
    [Protocols in frame: eth:ethertype:vlan:ethertype:ip:udp:quic]
    Character encoding: ASCII (0)
Ethernet II, Src: HewlettPacka_3a:cc:1d (28:92:4a:3a:cc:1d), Dst: 96:77:0b:05:d4:0b (96:77:0b:05:d4:0b)
    Destination: 96:77:0b:05:d4:0b (96:77:0b:05:d4:0b)
        .... ..1. .... .... .... .... = LG bit: Locally administered address (this is NOT the factory default)
        .... ...0 .... .... .... .... = IG bit: Individual address (unicast)
    Source: HewlettPacka_3a:cc:1d (28:92:4a:3a:cc:1d)
        .... ..0. .... .... .... .... = LG bit: Globally unique address (factory default)
        .... ...0 .... .... .... .... = IG bit: Individual address (unicast)
    Type: 802.1Q Virtual LAN (0x8100)
    [Stream index: 0]
802.1Q Virtual LAN, PRI: 0, DEI: 0, ID: 0
    000. .... .... .... = Priority: Best Effort (default) (0)
    ...0 .... .... .... = DEI: Ineligible
    .... 0000 0000 0000 = ID: 0
    Type: IPv4 (0x0800)
Internet Protocol Version 4, Src: 40.104.134.82, Dst: 172.16.90.227
    0100 .... = Version: 4
    .... 0101 = Header Length: 20 bytes (5)
    Differentiated Services Field: 0xb8 (DSCP: EF, ECN: Not-ECT)
        1011 10.. = Differentiated Services Codepoint: Expedited Forwarding (46)
        .... ..00 = Explicit Congestion Notification: Not ECN-Capable Transport (0)
    Total Length: 59
    Identification: 0x7729 (30505)
    010. .... = Flags: 0x2, Don't fragment
        0... .... = Reserved bit: Not set
        .1.. .... = Don't fragment: Set
        ..0. .... = More fragments: Not set
    ...0 0000 0000 0000 = Fragment Offset: 0
    Time to Live: 116
    Protocol: UDP (17)
    Header Checksum: 0xd922 [validation disabled]
    [Header checksum status: Unverified]
    Source Address: 40.104.134.82
    Destination Address: 172.16.90.227
    [Stream index: 2]
User Datagram Protocol, Src Port: 443, Dst Port: 62688
    Source Port: 443
    Destination Port: 62688
    Length: 39
    Checksum: 0x06e5 [unverified]
    [Checksum Status: Unverified]
    [Stream index: 4]
    [Stream Packet Number: 33]
    [Timestamps]
        [Time since first frame: 398.760000 milliseconds]
        [Time since previous frame: 29.000 microseconds]
    UDP payload (31 bytes)
QUIC IETF
    QUIC Connection information
        [Connection Number: 4]
    [Packet Length: 31]
    QUIC Short Header
        0... .... = Header Form: Short Header (0)
        .1.. .... = Fixed Bit: True
        ..0. .... = Spin Bit: False
    Remaining Payload: 9415c7f095f48d8056df9f7f6222cb759f64ba4caaa0b5b28fb1a490df39

Frame 79: Packet, 73 bytes on wire (584 bits), 73 bytes captured (584 bits) on interface \Device\NPF_{9B9257DC-FAC1-4993-B12F-136D7BA5E874}, id 0
    Section number: 1
    Interface id: 0 (\Device\NPF_{9B9257DC-FAC1-4993-B12F-136D7BA5E874})
        Interface name: \Device\NPF_{9B9257DC-FAC1-4993-B12F-136D7BA5E874}
        Interface description: Wi-Fi
    Encapsulation type: Ethernet (1)
    Arrival Time: Apr  9, 2026 19:48:01.163563400 India Standard Time
    UTC Arrival Time: Apr  9, 2026 14:18:01.163563400 UTC
    Epoch Arrival Time: 1775744281.163563400
    [Time shift for this packet: 0.000000000 seconds]
    [Time delta from previous captured frame: 0.000000000 seconds]
    [Time delta from previous displayed frame: 0.000000000 seconds]
    [Time since reference or first frame: 1.873598800 seconds]
    Frame Number: 79
    Frame Length: 73 bytes (584 bits)
    Capture Length: 73 bytes (584 bits)
    [Frame is marked: False]
    [Frame is ignored: False]
    [Protocols in frame: eth:ethertype:vlan:ethertype:ip:udp:quic]
    Character encoding: ASCII (0)
Ethernet II, Src: HewlettPacka_3a:cc:1d (28:92:4a:3a:cc:1d), Dst: 96:77:0b:05:d4:0b (96:77:0b:05:d4:0b)
    Destination: 96:77:0b:05:d4:0b (96:77:0b:05:d4:0b)
        .... ..1. .... .... .... .... = LG bit: Locally administered address (this is NOT the factory default)
        .... ...0 .... .... .... .... = IG bit: Individual address (unicast)
    Source: HewlettPacka_3a:cc:1d (28:92:4a:3a:cc:1d)
        .... ..0. .... .... .... .... = LG bit: Globally unique address (factory default)
        .... ...0 .... .... .... .... = IG bit: Individual address (unicast)
    Type: 802.1Q Virtual LAN (0x8100)
    [Stream index: 0]
802.1Q Virtual LAN, PRI: 0, DEI: 0, ID: 0
    000. .... .... .... = Priority: Best Effort (default) (0)
    ...0 .... .... .... = DEI: Ineligible
    .... 0000 0000 0000 = ID: 0
    Type: IPv4 (0x0800)
Internet Protocol Version 4, Src: 40.104.134.82, Dst: 172.16.90.227
    0100 .... = Version: 4
    .... 0101 = Header Length: 20 bytes (5)
    Differentiated Services Field: 0xb8 (DSCP: EF, ECN: Not-ECT)
        1011 10.. = Differentiated Services Codepoint: Expedited Forwarding (46)
        .... ..00 = Explicit Congestion Notification: Not ECN-Capable Transport (0)
    Total Length: 55
    Identification: 0x772a (30506)
    010. .... = Flags: 0x2, Don't fragment
        0... .... = Reserved bit: Not set
        .1.. .... = Don't fragment: Set
        ..0. .... = More fragments: Not set
    ...0 0000 0000 0000 = Fragment Offset: 0
    Time to Live: 116
    Protocol: UDP (17)
    Header Checksum: 0xd925 [validation disabled]
    [Header checksum status: Unverified]
    Source Address: 40.104.134.82
    Destination Address: 172.16.90.227
    [Stream index: 2]
User Datagram Protocol, Src Port: 443, Dst Port: 62688
    Source Port: 443
    Destination Port: 62688
    Length: 35
    Checksum: 0xfdca [unverified]
    [Checksum Status: Unverified]
    [Stream index: 4]
    [Stream Packet Number: 34]
    [Timestamps]
        [Time since first frame: 398.760000 milliseconds]
        [Time since previous frame: 0.000000000 seconds]
    UDP payload (27 bytes)
QUIC IETF
    QUIC Connection information
        [Connection Number: 4]
    [Packet Length: 27]
    QUIC Short Header
        0... .... = Header Form: Short Header (0)
        .1.. .... = Fixed Bit: True
        ..0. .... = Spin Bit: False
    Remaining Payload: 8834dc5dd2a250171544e480b52cc7d8fa9379e2c1fb54e0098d

Frame 80: Packet, 79 bytes on wire (632 bits), 79 bytes captured (632 bits) on interface \Device\NPF_{9B9257DC-FAC1-4993-B12F-136D7BA5E874}, id 0
    Section number: 1
    Interface id: 0 (\Device\NPF_{9B9257DC-FAC1-4993-B12F-136D7BA5E874})
        Interface name: \Device\NPF_{9B9257DC-FAC1-4993-B12F-136D7BA5E874}
        Interface description: Wi-Fi
    Encapsulation type: Ethernet (1)
    Arrival Time: Apr  9, 2026 19:48:01.163678500 India Standard Time
    UTC Arrival Time: Apr  9, 2026 14:18:01.163678500 UTC
    Epoch Arrival Time: 1775744281.163678500
    [Time shift for this packet: 0.000000000 seconds]
    [Time delta from previous captured frame: 115.100 microseconds]
    [Time delta from previous displayed frame: 115.100 microseconds]
    [Time since reference or first frame: 1.873713900 seconds]
    Frame Number: 80
    Frame Length: 79 bytes (632 bits)
    Capture Length: 79 bytes (632 bits)
    [Frame is marked: False]
    [Frame is ignored: False]
    [Protocols in frame: eth:ethertype:ip:udp:quic]
    Character encoding: ASCII (0)
Ethernet II, Src: 96:77:0b:05:d4:0b (96:77:0b:05:d4:0b), Dst: HewlettPacka_3a:cc:1d (28:92:4a:3a:cc:1d)
    Destination: HewlettPacka_3a:cc:1d (28:92:4a:3a:cc:1d)
        .... ..0. .... .... .... .... = LG bit: Globally unique address (factory default)
        .... ...0 .... .... .... .... = IG bit: Individual address (unicast)
    Source: 96:77:0b:05:d4:0b (96:77:0b:05:d4:0b)
        .... ..1. .... .... .... .... = LG bit: Locally administered address (this is NOT the factory default)
        .... ...0 .... .... .... .... = IG bit: Individual address (unicast)
    Type: IPv4 (0x0800)
    [Stream index: 0]
Internet Protocol Version 4, Src: 172.16.90.227, Dst: 40.104.134.82
    0100 .... = Version: 4
    .... 0101 = Header Length: 20 bytes (5)
    Differentiated Services Field: 0x00 (DSCP: CS0, ECN: Not-ECT)
        0000 00.. = Differentiated Services Codepoint: Default (0)
        .... ..00 = Explicit Congestion Notification: Not ECN-Capable Transport (0)
    Total Length: 65
    Identification: 0xec5d (60509)
    010. .... = Flags: 0x2, Don't fragment
        0... .... = Reserved bit: Not set
        .1.. .... = Don't fragment: Set
        ..0. .... = More fragments: Not set
    ...0 0000 0000 0000 = Fragment Offset: 0
    Time to Live: 128
    Protocol: UDP (17)
    Header Checksum: 0x0000 [validation disabled]
    [Header checksum status: Unverified]
    Source Address: 172.16.90.227
    Destination Address: 40.104.134.82
    [Stream index: 2]
User Datagram Protocol, Src Port: 62688, Dst Port: 443
    Source Port: 62688
    Destination Port: 443
    Length: 45
    Checksum: 0xb5ec [unverified]
    [Checksum Status: Unverified]
    [Stream index: 4]
    [Stream Packet Number: 35]
    [Timestamps]
        [Time since first frame: 398.875100 milliseconds]
        [Time since previous frame: 115.100 microseconds]
    UDP payload (37 bytes)
QUIC IETF
    QUIC Connection information
        [Connection Number: 4]
    [Packet Length: 37]
    QUIC Short Header DCID=1e286886528e335e80b5d552ea30
        0... .... = Header Form: Short Header (0)
        .1.. .... = Fixed Bit: True
        ..0. .... = Spin Bit: False
        Destination Connection ID: 1e286886528e335e80b5d552ea30
    Remaining Payload: 0f1188ba1bc16b35ce79d6b16b05dfe60172bd754ac3

Frame 81: Packet, 80 bytes on wire (640 bits), 80 bytes captured (640 bits) on interface \Device\NPF_{9B9257DC-FAC1-4993-B12F-136D7BA5E874}, id 0
    Section number: 1
    Interface id: 0 (\Device\NPF_{9B9257DC-FAC1-4993-B12F-136D7BA5E874})
        Interface name: \Device\NPF_{9B9257DC-FAC1-4993-B12F-136D7BA5E874}
        Interface description: Wi-Fi
    Encapsulation type: Ethernet (1)
    Arrival Time: Apr  9, 2026 19:48:01.191623000 India Standard Time
    UTC Arrival Time: Apr  9, 2026 14:18:01.191623000 UTC
    Epoch Arrival Time: 1775744281.191623000
    [Time shift for this packet: 0.000000000 seconds]
    [Time delta from previous captured frame: 27.944500 milliseconds]
    [Time delta from previous displayed frame: 27.944500 milliseconds]
    [Time since reference or first frame: 1.901658400 seconds]
    Frame Number: 81
    Frame Length: 80 bytes (640 bits)
    Capture Length: 80 bytes (640 bits)
    [Frame is marked: False]
    [Frame is ignored: False]
    [Protocols in frame: eth:ethertype:ip:udp:quic]
    Character encoding: ASCII (0)
Ethernet II, Src: 96:77:0b:05:d4:0b (96:77:0b:05:d4:0b), Dst: HewlettPacka_3a:cc:1d (28:92:4a:3a:cc:1d)
    Destination: HewlettPacka_3a:cc:1d (28:92:4a:3a:cc:1d)
        .... ..0. .... .... .... .... = LG bit: Globally unique address (factory default)
        .... ...0 .... .... .... .... = IG bit: Individual address (unicast)
    Source: 96:77:0b:05:d4:0b (96:77:0b:05:d4:0b)
        .... ..1. .... .... .... .... = LG bit: Locally administered address (this is NOT the factory default)
        .... ...0 .... .... .... .... = IG bit: Individual address (unicast)
    Type: IPv4 (0x0800)
    [Stream index: 0]
Internet Protocol Version 4, Src: 172.16.90.227, Dst: 40.104.134.82
    0100 .... = Version: 4
    .... 0101 = Header Length: 20 bytes (5)
    Differentiated Services Field: 0x00 (DSCP: CS0, ECN: Not-ECT)
        0000 00.. = Differentiated Services Codepoint: Default (0)
        .... ..00 = Explicit Congestion Notification: Not ECN-Capable Transport (0)
    Total Length: 66
    Identification: 0xec5e (60510)
    010. .... = Flags: 0x2, Don't fragment
        0... .... = Reserved bit: Not set
        .1.. .... = Don't fragment: Set
        ..0. .... = More fragments: Not set
    ...0 0000 0000 0000 = Fragment Offset: 0
    Time to Live: 128
    Protocol: UDP (17)
    Header Checksum: 0x0000 [validation disabled]
    [Header checksum status: Unverified]
    Source Address: 172.16.90.227
    Destination Address: 40.104.134.82
    [Stream index: 2]
User Datagram Protocol, Src Port: 62688, Dst Port: 443
    Source Port: 62688
    Destination Port: 443
    Length: 46
    Checksum: 0xb5ed [unverified]
    [Checksum Status: Unverified]
    [Stream index: 4]
    [Stream Packet Number: 36]
    [Timestamps]
        [Time since first frame: 426.819600 milliseconds]
        [Time since previous frame: 27.944500 milliseconds]
    UDP payload (38 bytes)
QUIC IETF
    QUIC Connection information
        [Connection Number: 4]
    [Packet Length: 38]
    QUIC Short Header DCID=1e286886528e335e80b5d552ea30
        0... .... = Header Form: Short Header (0)
        .1.. .... = Fixed Bit: True
        ..0. .... = Spin Bit: False
        Destination Connection ID: 1e286886528e335e80b5d552ea30
    Remaining Payload: 3863bbf2f6231eac7e20ac6305d3b4f34d66d3235c91d2

Frame 82: Packet, 77 bytes on wire (616 bits), 77 bytes captured (616 bits) on interface \Device\NPF_{9B9257DC-FAC1-4993-B12F-136D7BA5E874}, id 0
    Section number: 1
    Interface id: 0 (\Device\NPF_{9B9257DC-FAC1-4993-B12F-136D7BA5E874})
        Interface name: \Device\NPF_{9B9257DC-FAC1-4993-B12F-136D7BA5E874}
        Interface description: Wi-Fi
    Encapsulation type: Ethernet (1)
    Arrival Time: Apr  9, 2026 19:48:01.376117700 India Standard Time
    UTC Arrival Time: Apr  9, 2026 14:18:01.376117700 UTC
    Epoch Arrival Time: 1775744281.376117700
    [Time shift for this packet: 0.000000000 seconds]
    [Time delta from previous captured frame: 184.494700 milliseconds]
    [Time delta from previous displayed frame: 184.494700 milliseconds]
    [Time since reference or first frame: 2.086153100 seconds]
    Frame Number: 82
    Frame Length: 77 bytes (616 bits)
    Capture Length: 77 bytes (616 bits)
    [Frame is marked: False]
    [Frame is ignored: False]
    [Protocols in frame: eth:ethertype:ip:udp:quic]
    Character encoding: ASCII (0)
Ethernet II, Src: 96:77:0b:05:d4:0b (96:77:0b:05:d4:0b), Dst: HewlettPacka_3a:cc:1d (28:92:4a:3a:cc:1d)
    Destination: HewlettPacka_3a:cc:1d (28:92:4a:3a:cc:1d)
        .... ..0. .... .... .... .... = LG bit: Globally unique address (factory default)
        .... ...0 .... .... .... .... = IG bit: Individual address (unicast)
    Source: 96:77:0b:05:d4:0b (96:77:0b:05:d4:0b)
        .... ..1. .... .... .... .... = LG bit: Locally administered address (this is NOT the factory default)
        .... ...0 .... .... .... .... = IG bit: Individual address (unicast)
    Type: IPv4 (0x0800)
    [Stream index: 0]
Internet Protocol Version 4, Src: 172.16.90.227, Dst: 40.104.134.82
    0100 .... = Version: 4
    .... 0101 = Header Length: 20 bytes (5)
    Differentiated Services Field: 0x00 (DSCP: CS0, ECN: Not-ECT)
        0000 00.. = Differentiated Services Codepoint: Default (0)
        .... ..00 = Explicit Congestion Notification: Not ECN-Capable Transport (0)
    Total Length: 63
    Identification: 0xec5f (60511)
    010. .... = Flags: 0x2, Don't fragment
        0... .... = Reserved bit: Not set
        .1.. .... = Don't fragment: Set
        ..0. .... = More fragments: Not set
    ...0 0000 0000 0000 = Fragment Offset: 0
    Time to Live: 128
    Protocol: UDP (17)
    Header Checksum: 0x0000 [validation disabled]
    [Header checksum status: Unverified]
    Source Address: 172.16.90.227
    Destination Address: 40.104.134.82
    [Stream index: 2]
User Datagram Protocol, Src Port: 62688, Dst Port: 443
    Source Port: 62688
    Destination Port: 443
    Length: 43
    Checksum: 0xb5ea [unverified]
    [Checksum Status: Unverified]
    [Stream index: 4]
    [Stream Packet Number: 37]
    [Timestamps]
        [Time since first frame: 611.314300 milliseconds]
        [Time since previous frame: 184.494700 milliseconds]
    UDP payload (35 bytes)
QUIC IETF
    QUIC Connection information
        [Connection Number: 4]
    [Packet Length: 35]
    QUIC Short Header DCID=1e286886528e335e80b5d552ea30
        0... .... = Header Form: Short Header (0)
        .1.. .... = Fixed Bit: True
        ..0. .... = Spin Bit: False
        Destination Connection ID: 1e286886528e335e80b5d552ea30
    Remaining Payload: 710934969d5a2b1c6b437b3170d200cec477bf50

Frame 83: Packet, 73 bytes on wire (584 bits), 73 bytes captured (584 bits) on interface \Device\NPF_{9B9257DC-FAC1-4993-B12F-136D7BA5E874}, id 0
    Section number: 1
    Interface id: 0 (\Device\NPF_{9B9257DC-FAC1-4993-B12F-136D7BA5E874})
        Interface name: \Device\NPF_{9B9257DC-FAC1-4993-B12F-136D7BA5E874}
        Interface description: Wi-Fi
    Encapsulation type: Ethernet (1)
    Arrival Time: Apr  9, 2026 19:48:01.478693500 India Standard Time
    UTC Arrival Time: Apr  9, 2026 14:18:01.478693500 UTC
    Epoch Arrival Time: 1775744281.478693500
    [Time shift for this packet: 0.000000000 seconds]
    [Time delta from previous captured frame: 102.575800 milliseconds]
    [Time delta from previous displayed frame: 102.575800 milliseconds]
    [Time since reference or first frame: 2.188728900 seconds]
    Frame Number: 83
    Frame Length: 73 bytes (584 bits)
    Capture Length: 73 bytes (584 bits)
    [Frame is marked: False]
    [Frame is ignored: False]
    [Protocols in frame: eth:ethertype:vlan:ethertype:ip:udp:quic]
    Character encoding: ASCII (0)
Ethernet II, Src: HewlettPacka_3a:cc:1d (28:92:4a:3a:cc:1d), Dst: 96:77:0b:05:d4:0b (96:77:0b:05:d4:0b)
    Destination: 96:77:0b:05:d4:0b (96:77:0b:05:d4:0b)
        .... ..1. .... .... .... .... = LG bit: Locally administered address (this is NOT the factory default)
        .... ...0 .... .... .... .... = IG bit: Individual address (unicast)
    Source: HewlettPacka_3a:cc:1d (28:92:4a:3a:cc:1d)
        .... ..0. .... .... .... .... = LG bit: Globally unique address (factory default)
        .... ...0 .... .... .... .... = IG bit: Individual address (unicast)
    Type: 802.1Q Virtual LAN (0x8100)
    [Stream index: 0]
802.1Q Virtual LAN, PRI: 0, DEI: 0, ID: 0
    000. .... .... .... = Priority: Best Effort (default) (0)
    ...0 .... .... .... = DEI: Ineligible
    .... 0000 0000 0000 = ID: 0
    Type: IPv4 (0x0800)
Internet Protocol Version 4, Src: 40.104.134.82, Dst: 172.16.90.227
    0100 .... = Version: 4
    .... 0101 = Header Length: 20 bytes (5)
    Differentiated Services Field: 0xb8 (DSCP: EF, ECN: Not-ECT)
        1011 10.. = Differentiated Services Codepoint: Expedited Forwarding (46)
        .... ..00 = Explicit Congestion Notification: Not ECN-Capable Transport (0)
    Total Length: 55
    Identification: 0x772b (30507)
    010. .... = Flags: 0x2, Don't fragment
        0... .... = Reserved bit: Not set
        .1.. .... = Don't fragment: Set
        ..0. .... = More fragments: Not set
    ...0 0000 0000 0000 = Fragment Offset: 0
    Time to Live: 116
    Protocol: UDP (17)
    Header Checksum: 0xd924 [validation disabled]
    [Header checksum status: Unverified]
    Source Address: 40.104.134.82
    Destination Address: 172.16.90.227
    [Stream index: 2]
User Datagram Protocol, Src Port: 443, Dst Port: 62688
    Source Port: 443
    Destination Port: 62688
    Length: 35
    Checksum: 0x873f [unverified]
    [Checksum Status: Unverified]
    [Stream index: 4]
    [Stream Packet Number: 38]
    [Timestamps]
        [Time since first frame: 713.890100 milliseconds]
        [Time since previous frame: 102.575800 milliseconds]
    UDP payload (27 bytes)
QUIC IETF
    QUIC Connection information
        [Connection Number: 4]
    [Packet Length: 27]
    QUIC Short Header
        0... .... = Header Form: Short Header (0)
        .1.. .... = Fixed Bit: True
        ..0. .... = Spin Bit: False
    Remaining Payload: f9ed66e096816b9d05edc031d5c8b7e1aca56f36bf3d26616658

Frame 84: Packet, 491 bytes on wire (3928 bits), 491 bytes captured (3928 bits) on interface \Device\NPF_{9B9257DC-FAC1-4993-B12F-136D7BA5E874}, id 0
    Section number: 1
    Interface id: 0 (\Device\NPF_{9B9257DC-FAC1-4993-B12F-136D7BA5E874})
        Interface name: \Device\NPF_{9B9257DC-FAC1-4993-B12F-136D7BA5E874}
        Interface description: Wi-Fi
    Encapsulation type: Ethernet (1)
    Arrival Time: Apr  9, 2026 19:48:01.501911600 India Standard Time
    UTC Arrival Time: Apr  9, 2026 14:18:01.501911600 UTC
    Epoch Arrival Time: 1775744281.501911600
    [Time shift for this packet: 0.000000000 seconds]
    [Time delta from previous captured frame: 23.218100 milliseconds]
    [Time delta from previous displayed frame: 23.218100 milliseconds]
    [Time since reference or first frame: 2.211947000 seconds]
    Frame Number: 84
    Frame Length: 491 bytes (3928 bits)
    Capture Length: 491 bytes (3928 bits)
    [Frame is marked: False]
    [Frame is ignored: False]
    [Protocols in frame: eth:ethertype:vlan:ethertype:ip:udp:quic]
    Character encoding: ASCII (0)
Ethernet II, Src: HewlettPacka_3a:cc:1d (28:92:4a:3a:cc:1d), Dst: 96:77:0b:05:d4:0b (96:77:0b:05:d4:0b)
    Destination: 96:77:0b:05:d4:0b (96:77:0b:05:d4:0b)
        .... ..1. .... .... .... .... = LG bit: Locally administered address (this is NOT the factory default)
        .... ...0 .... .... .... .... = IG bit: Individual address (unicast)
    Source: HewlettPacka_3a:cc:1d (28:92:4a:3a:cc:1d)
        .... ..0. .... .... .... .... = LG bit: Globally unique address (factory default)
        .... ...0 .... .... .... .... = IG bit: Individual address (unicast)
    Type: 802.1Q Virtual LAN (0x8100)
    [Stream index: 0]
802.1Q Virtual LAN, PRI: 0, DEI: 0, ID: 0
    000. .... .... .... = Priority: Best Effort (default) (0)
    ...0 .... .... .... = DEI: Ineligible
    .... 0000 0000 0000 = ID: 0
    Type: IPv4 (0x0800)
Internet Protocol Version 4, Src: 40.104.134.82, Dst: 172.16.90.227
    0100 .... = Version: 4
    .... 0101 = Header Length: 20 bytes (5)
    Differentiated Services Field: 0xb8 (DSCP: EF, ECN: Not-ECT)
        1011 10.. = Differentiated Services Codepoint: Expedited Forwarding (46)
        .... ..00 = Explicit Congestion Notification: Not ECN-Capable Transport (0)
    Total Length: 473
    Identification: 0x772c (30508)
    010. .... = Flags: 0x2, Don't fragment
        0... .... = Reserved bit: Not set
        .1.. .... = Don't fragment: Set
        ..0. .... = More fragments: Not set
    ...0 0000 0000 0000 = Fragment Offset: 0
    Time to Live: 116
    Protocol: UDP (17)
    Header Checksum: 0xd781 [validation disabled]
    [Header checksum status: Unverified]
    Source Address: 40.104.134.82
    Destination Address: 172.16.90.227
    [Stream index: 2]
User Datagram Protocol, Src Port: 443, Dst Port: 62688
    Source Port: 443
    Destination Port: 62688
    Length: 453
    Checksum: 0x39ce [unverified]
    [Checksum Status: Unverified]
    [Stream index: 4]
    [Stream Packet Number: 39]
    [Timestamps]
        [Time since first frame: 737.108200 milliseconds]
        [Time since previous frame: 23.218100 milliseconds]
    UDP payload (445 bytes)
QUIC IETF
    QUIC Connection information
        [Connection Number: 4]
    [Packet Length: 445]
    QUIC Short Header
        0... .... = Header Form: Short Header (0)
        .1.. .... = Fixed Bit: True
        ..0. .... = Spin Bit: False
    Remaining Payload […]: 7cc25e15890a70487c6f848c2759cba575f2fbdd6c3616627d66e99616062230186f37c95a8cc3532dd61b3b8a19e9a2b948bd3e03234d8f3ce34a0c0f2401fcf6939da3cdefdbf9a1e71a7cbd0d7242a1aec43f299011ccfc5482308f25971d27f40fb560eacb2be587b3

Frame 85: Packet, 550 bytes on wire (4400 bits), 550 bytes captured (4400 bits) on interface \Device\NPF_{9B9257DC-FAC1-4993-B12F-136D7BA5E874}, id 0
    Section number: 1
    Interface id: 0 (\Device\NPF_{9B9257DC-FAC1-4993-B12F-136D7BA5E874})
        Interface name: \Device\NPF_{9B9257DC-FAC1-4993-B12F-136D7BA5E874}
        Interface description: Wi-Fi
    Encapsulation type: Ethernet (1)
    Arrival Time: Apr  9, 2026 19:48:01.502240100 India Standard Time
    UTC Arrival Time: Apr  9, 2026 14:18:01.502240100 UTC
    Epoch Arrival Time: 1775744281.502240100
    [Time shift for this packet: 0.000000000 seconds]
    [Time delta from previous captured frame: 328.500 microseconds]
    [Time delta from previous displayed frame: 328.500 microseconds]
    [Time since reference or first frame: 2.212275500 seconds]
    Frame Number: 85
    Frame Length: 550 bytes (4400 bits)
    Capture Length: 550 bytes (4400 bits)
    [Frame is marked: False]
    [Frame is ignored: False]
    [Protocols in frame: eth:ethertype:vlan:ethertype:ip:udp:quic]
    Character encoding: ASCII (0)
Ethernet II, Src: HewlettPacka_3a:cc:1d (28:92:4a:3a:cc:1d), Dst: 96:77:0b:05:d4:0b (96:77:0b:05:d4:0b)
    Destination: 96:77:0b:05:d4:0b (96:77:0b:05:d4:0b)
        .... ..1. .... .... .... .... = LG bit: Locally administered address (this is NOT the factory default)
        .... ...0 .... .... .... .... = IG bit: Individual address (unicast)
    Source: HewlettPacka_3a:cc:1d (28:92:4a:3a:cc:1d)
        .... ..0. .... .... .... .... = LG bit: Globally unique address (factory default)
        .... ...0 .... .... .... .... = IG bit: Individual address (unicast)
    Type: 802.1Q Virtual LAN (0x8100)
    [Stream index: 0]
802.1Q Virtual LAN, PRI: 0, DEI: 0, ID: 0
    000. .... .... .... = Priority: Best Effort (default) (0)
    ...0 .... .... .... = DEI: Ineligible
    .... 0000 0000 0000 = ID: 0
    Type: IPv4 (0x0800)
Internet Protocol Version 4, Src: 40.104.134.82, Dst: 172.16.90.227
    0100 .... = Version: 4
    .... 0101 = Header Length: 20 bytes (5)
    Differentiated Services Field: 0xb8 (DSCP: EF, ECN: Not-ECT)
        1011 10.. = Differentiated Services Codepoint: Expedited Forwarding (46)
        .... ..00 = Explicit Congestion Notification: Not ECN-Capable Transport (0)
    Total Length: 532
    Identification: 0x772d (30509)
    010. .... = Flags: 0x2, Don't fragment
        0... .... = Reserved bit: Not set
        .1.. .... = Don't fragment: Set
        ..0. .... = More fragments: Not set
    ...0 0000 0000 0000 = Fragment Offset: 0
    Time to Live: 116
    Protocol: UDP (17)
    Header Checksum: 0xd745 [validation disabled]
    [Header checksum status: Unverified]
    Source Address: 40.104.134.82
    Destination Address: 172.16.90.227
    [Stream index: 2]
User Datagram Protocol, Src Port: 443, Dst Port: 62688
    Source Port: 443
    Destination Port: 62688
    Length: 512
    Checksum: 0xbbaa [unverified]
    [Checksum Status: Unverified]
    [Stream index: 4]
    [Stream Packet Number: 40]
    [Timestamps]
        [Time since first frame: 737.436700 milliseconds]
        [Time since previous frame: 328.500 microseconds]
    UDP payload (504 bytes)
QUIC IETF
    QUIC Connection information
        [Connection Number: 4]
    [Packet Length: 504]
    QUIC Short Header
        0... .... = Header Form: Short Header (0)
        .1.. .... = Fixed Bit: True
        ..0. .... = Spin Bit: False
    Remaining Payload […]: 467fe031a7f4bcc764108be3090c07a1298997c28f3979cd10c2d3101718be337a14e422f67ce9a569f4af89122433704a1dc9939a0e393f6aa8859a5ea7429b5144ca95eec362ff169e257d96126ecf53392f3586852ec3e0794fd5aad85b91e599a23d993f8073ab8f99

Frame 86: Packet, 83 bytes on wire (664 bits), 83 bytes captured (664 bits) on interface \Device\NPF_{9B9257DC-FAC1-4993-B12F-136D7BA5E874}, id 0
    Section number: 1
    Interface id: 0 (\Device\NPF_{9B9257DC-FAC1-4993-B12F-136D7BA5E874})
        Interface name: \Device\NPF_{9B9257DC-FAC1-4993-B12F-136D7BA5E874}
        Interface description: Wi-Fi
    Encapsulation type: Ethernet (1)
    Arrival Time: Apr  9, 2026 19:48:01.502449600 India Standard Time
    UTC Arrival Time: Apr  9, 2026 14:18:01.502449600 UTC
    Epoch Arrival Time: 1775744281.502449600
    [Time shift for this packet: 0.000000000 seconds]
    [Time delta from previous captured frame: 209.500 microseconds]
    [Time delta from previous displayed frame: 209.500 microseconds]
    [Time since reference or first frame: 2.212485000 seconds]
    Frame Number: 86
    Frame Length: 83 bytes (664 bits)
    Capture Length: 83 bytes (664 bits)
    [Frame is marked: False]
    [Frame is ignored: False]
    [Protocols in frame: eth:ethertype:ip:udp:quic]
    Character encoding: ASCII (0)
Ethernet II, Src: 96:77:0b:05:d4:0b (96:77:0b:05:d4:0b), Dst: HewlettPacka_3a:cc:1d (28:92:4a:3a:cc:1d)
    Destination: HewlettPacka_3a:cc:1d (28:92:4a:3a:cc:1d)
        .... ..0. .... .... .... .... = LG bit: Globally unique address (factory default)
        .... ...0 .... .... .... .... = IG bit: Individual address (unicast)
    Source: 96:77:0b:05:d4:0b (96:77:0b:05:d4:0b)
        .... ..1. .... .... .... .... = LG bit: Locally administered address (this is NOT the factory default)
        .... ...0 .... .... .... .... = IG bit: Individual address (unicast)
    Type: IPv4 (0x0800)
    [Stream index: 0]
Internet Protocol Version 4, Src: 172.16.90.227, Dst: 40.104.134.82
    0100 .... = Version: 4
    .... 0101 = Header Length: 20 bytes (5)
    Differentiated Services Field: 0x00 (DSCP: CS0, ECN: Not-ECT)
        0000 00.. = Differentiated Services Codepoint: Default (0)
        .... ..00 = Explicit Congestion Notification: Not ECN-Capable Transport (0)
    Total Length: 69
    Identification: 0xec60 (60512)
    010. .... = Flags: 0x2, Don't fragment
        0... .... = Reserved bit: Not set
        .1.. .... = Don't fragment: Set
        ..0. .... = More fragments: Not set
    ...0 0000 0000 0000 = Fragment Offset: 0
    Time to Live: 128
    Protocol: UDP (17)
    Header Checksum: 0x0000 [validation disabled]
    [Header checksum status: Unverified]
    Source Address: 172.16.90.227
    Destination Address: 40.104.134.82
    [Stream index: 2]
User Datagram Protocol, Src Port: 62688, Dst Port: 443
    Source Port: 62688
    Destination Port: 443
    Length: 49
    Checksum: 0xb5f0 [unverified]
    [Checksum Status: Unverified]
    [Stream index: 4]
    [Stream Packet Number: 41]
    [Timestamps]
        [Time since first frame: 737.646200 milliseconds]
        [Time since previous frame: 209.500 microseconds]
    UDP payload (41 bytes)
QUIC IETF
    QUIC Connection information
        [Connection Number: 4]
    [Packet Length: 41]
    QUIC Short Header DCID=1e286886528e335e80b5d552ea30
        0... .... = Header Form: Short Header (0)
        .1.. .... = Fixed Bit: True
        ..0. .... = Spin Bit: False
        Destination Connection ID: 1e286886528e335e80b5d552ea30
    Remaining Payload: d96bc5c03c5ab25c947da2ee3213733e3410b6f53466d70490b3

Frame 87: Packet, 1009 bytes on wire (8072 bits), 1009 bytes captured (8072 bits) on interface \Device\NPF_{9B9257DC-FAC1-4993-B12F-136D7BA5E874}, id 0
    Section number: 1
    Interface id: 0 (\Device\NPF_{9B9257DC-FAC1-4993-B12F-136D7BA5E874})
        Interface name: \Device\NPF_{9B9257DC-FAC1-4993-B12F-136D7BA5E874}
        Interface description: Wi-Fi
    Encapsulation type: Ethernet (1)
    Arrival Time: Apr  9, 2026 19:48:01.503153800 India Standard Time
    UTC Arrival Time: Apr  9, 2026 14:18:01.503153800 UTC
    Epoch Arrival Time: 1775744281.503153800
    [Time shift for this packet: 0.000000000 seconds]
    [Time delta from previous captured frame: 704.200 microseconds]
    [Time delta from previous displayed frame: 704.200 microseconds]
    [Time since reference or first frame: 2.213189200 seconds]
    Frame Number: 87
    Frame Length: 1009 bytes (8072 bits)
    Capture Length: 1009 bytes (8072 bits)
    [Frame is marked: False]
    [Frame is ignored: False]
    [Protocols in frame: eth:ethertype:vlan:ethertype:ip:udp:quic]
    Character encoding: ASCII (0)
Ethernet II, Src: HewlettPacka_3a:cc:1d (28:92:4a:3a:cc:1d), Dst: 96:77:0b:05:d4:0b (96:77:0b:05:d4:0b)
    Destination: 96:77:0b:05:d4:0b (96:77:0b:05:d4:0b)
        .... ..1. .... .... .... .... = LG bit: Locally administered address (this is NOT the factory default)
        .... ...0 .... .... .... .... = IG bit: Individual address (unicast)
    Source: HewlettPacka_3a:cc:1d (28:92:4a:3a:cc:1d)
        .... ..0. .... .... .... .... = LG bit: Globally unique address (factory default)
        .... ...0 .... .... .... .... = IG bit: Individual address (unicast)
    Type: 802.1Q Virtual LAN (0x8100)
    [Stream index: 0]
802.1Q Virtual LAN, PRI: 0, DEI: 0, ID: 0
    000. .... .... .... = Priority: Best Effort (default) (0)
    ...0 .... .... .... = DEI: Ineligible
    .... 0000 0000 0000 = ID: 0
    Type: IPv4 (0x0800)
Internet Protocol Version 4, Src: 40.104.134.82, Dst: 172.16.90.227
    0100 .... = Version: 4
    .... 0101 = Header Length: 20 bytes (5)
    Differentiated Services Field: 0xb8 (DSCP: EF, ECN: Not-ECT)
        1011 10.. = Differentiated Services Codepoint: Expedited Forwarding (46)
        .... ..00 = Explicit Congestion Notification: Not ECN-Capable Transport (0)
    Total Length: 991
    Identification: 0x772e (30510)
    010. .... = Flags: 0x2, Don't fragment
        0... .... = Reserved bit: Not set
        .1.. .... = Don't fragment: Set
        ..0. .... = More fragments: Not set
    ...0 0000 0000 0000 = Fragment Offset: 0
    Time to Live: 116
    Protocol: UDP (17)
    Header Checksum: 0xd579 [validation disabled]
    [Header checksum status: Unverified]
    Source Address: 40.104.134.82
    Destination Address: 172.16.90.227
    [Stream index: 2]
User Datagram Protocol, Src Port: 443, Dst Port: 62688
    Source Port: 443
    Destination Port: 62688
    Length: 971
    Checksum: 0xe676 [unverified]
    [Checksum Status: Unverified]
    [Stream index: 4]
    [Stream Packet Number: 42]
    [Timestamps]
        [Time since first frame: 738.350400 milliseconds]
        [Time since previous frame: 704.200 microseconds]
    UDP payload (963 bytes)
QUIC IETF
    QUIC Connection information
        [Connection Number: 4]
    [Packet Length: 963]
    QUIC Short Header
        0... .... = Header Form: Short Header (0)
        .1.. .... = Fixed Bit: True
        ..0. .... = Spin Bit: False
    Remaining Payload […]: 79e6903a345ca2b656e5fbb152149ca0e907c3bfbd7f5b85a62acb4f5bb5f39889b98a0c0fe43149574fea58340f241eb28b44d66a98eaeef67fe335170fe7a72e438514fe5ddcd1c39680f8a8021232eb45df7b7309cd88ba697183f4ac01c9dfecfed0acffda3eb03563

Frame 88: Packet, 73 bytes on wire (584 bits), 73 bytes captured (584 bits) on interface \Device\NPF_{9B9257DC-FAC1-4993-B12F-136D7BA5E874}, id 0
    Section number: 1
    Interface id: 0 (\Device\NPF_{9B9257DC-FAC1-4993-B12F-136D7BA5E874})
        Interface name: \Device\NPF_{9B9257DC-FAC1-4993-B12F-136D7BA5E874}
        Interface description: Wi-Fi
    Encapsulation type: Ethernet (1)
    Arrival Time: Apr  9, 2026 19:48:01.503153800 India Standard Time
    UTC Arrival Time: Apr  9, 2026 14:18:01.503153800 UTC
    Epoch Arrival Time: 1775744281.503153800
    [Time shift for this packet: 0.000000000 seconds]
    [Time delta from previous captured frame: 0.000000000 seconds]
    [Time delta from previous displayed frame: 0.000000000 seconds]
    [Time since reference or first frame: 2.213189200 seconds]
    Frame Number: 88
    Frame Length: 73 bytes (584 bits)
    Capture Length: 73 bytes (584 bits)
    [Frame is marked: False]
    [Frame is ignored: False]
    [Protocols in frame: eth:ethertype:vlan:ethertype:ip:udp:quic]
    Character encoding: ASCII (0)
Ethernet II, Src: HewlettPacka_3a:cc:1d (28:92:4a:3a:cc:1d), Dst: 96:77:0b:05:d4:0b (96:77:0b:05:d4:0b)
    Destination: 96:77:0b:05:d4:0b (96:77:0b:05:d4:0b)
        .... ..1. .... .... .... .... = LG bit: Locally administered address (this is NOT the factory default)
        .... ...0 .... .... .... .... = IG bit: Individual address (unicast)
    Source: HewlettPacka_3a:cc:1d (28:92:4a:3a:cc:1d)
        .... ..0. .... .... .... .... = LG bit: Globally unique address (factory default)
        .... ...0 .... .... .... .... = IG bit: Individual address (unicast)
    Type: 802.1Q Virtual LAN (0x8100)
    [Stream index: 0]
802.1Q Virtual LAN, PRI: 0, DEI: 0, ID: 0
    000. .... .... .... = Priority: Best Effort (default) (0)
    ...0 .... .... .... = DEI: Ineligible
    .... 0000 0000 0000 = ID: 0
    Type: IPv4 (0x0800)
Internet Protocol Version 4, Src: 40.104.134.82, Dst: 172.16.90.227
    0100 .... = Version: 4
    .... 0101 = Header Length: 20 bytes (5)
    Differentiated Services Field: 0xb8 (DSCP: EF, ECN: Not-ECT)
        1011 10.. = Differentiated Services Codepoint: Expedited Forwarding (46)
        .... ..00 = Explicit Congestion Notification: Not ECN-Capable Transport (0)
    Total Length: 55
    Identification: 0x772f (30511)
    010. .... = Flags: 0x2, Don't fragment
        0... .... = Reserved bit: Not set
        .1.. .... = Don't fragment: Set
        ..0. .... = More fragments: Not set
    ...0 0000 0000 0000 = Fragment Offset: 0
    Time to Live: 116
    Protocol: UDP (17)
    Header Checksum: 0xd920 [validation disabled]
    [Header checksum status: Unverified]
    Source Address: 40.104.134.82
    Destination Address: 172.16.90.227
    [Stream index: 2]
User Datagram Protocol, Src Port: 443, Dst Port: 62688
    Source Port: 443
    Destination Port: 62688
    Length: 35
    Checksum: 0x8342 [unverified]
    [Checksum Status: Unverified]
    [Stream index: 4]
    [Stream Packet Number: 43]
    [Timestamps]
        [Time since first frame: 738.350400 milliseconds]
        [Time since previous frame: 0.000000000 seconds]
    UDP payload (27 bytes)
QUIC IETF
    QUIC Connection information
        [Connection Number: 4]
    [Packet Length: 27]
    QUIC Short Header
        0... .... = Header Form: Short Header (0)
        .1.. .... = Fixed Bit: True
        ..0. .... = Spin Bit: False
    Remaining Payload: 892e430e32b5b529d99dec272e854b768bbb975151a0c39aef61

Frame 89: Packet, 79 bytes on wire (632 bits), 79 bytes captured (632 bits) on interface \Device\NPF_{9B9257DC-FAC1-4993-B12F-136D7BA5E874}, id 0
    Section number: 1
    Interface id: 0 (\Device\NPF_{9B9257DC-FAC1-4993-B12F-136D7BA5E874})
        Interface name: \Device\NPF_{9B9257DC-FAC1-4993-B12F-136D7BA5E874}
        Interface description: Wi-Fi
    Encapsulation type: Ethernet (1)
    Arrival Time: Apr  9, 2026 19:48:01.503241400 India Standard Time
    UTC Arrival Time: Apr  9, 2026 14:18:01.503241400 UTC
    Epoch Arrival Time: 1775744281.503241400
    [Time shift for this packet: 0.000000000 seconds]
    [Time delta from previous captured frame: 87.600 microseconds]
    [Time delta from previous displayed frame: 87.600 microseconds]
    [Time since reference or first frame: 2.213276800 seconds]
    Frame Number: 89
    Frame Length: 79 bytes (632 bits)
    Capture Length: 79 bytes (632 bits)
    [Frame is marked: False]
    [Frame is ignored: False]
    [Protocols in frame: eth:ethertype:ip:udp:quic]
    Character encoding: ASCII (0)
Ethernet II, Src: 96:77:0b:05:d4:0b (96:77:0b:05:d4:0b), Dst: HewlettPacka_3a:cc:1d (28:92:4a:3a:cc:1d)
    Destination: HewlettPacka_3a:cc:1d (28:92:4a:3a:cc:1d)
        .... ..0. .... .... .... .... = LG bit: Globally unique address (factory default)
        .... ...0 .... .... .... .... = IG bit: Individual address (unicast)
    Source: 96:77:0b:05:d4:0b (96:77:0b:05:d4:0b)
        .... ..1. .... .... .... .... = LG bit: Locally administered address (this is NOT the factory default)
        .... ...0 .... .... .... .... = IG bit: Individual address (unicast)
    Type: IPv4 (0x0800)
    [Stream index: 0]
Internet Protocol Version 4, Src: 172.16.90.227, Dst: 40.104.134.82
    0100 .... = Version: 4
    .... 0101 = Header Length: 20 bytes (5)
    Differentiated Services Field: 0x00 (DSCP: CS0, ECN: Not-ECT)
        0000 00.. = Differentiated Services Codepoint: Default (0)
        .... ..00 = Explicit Congestion Notification: Not ECN-Capable Transport (0)
    Total Length: 65
    Identification: 0xec61 (60513)
    010. .... = Flags: 0x2, Don't fragment
        0... .... = Reserved bit: Not set
        .1.. .... = Don't fragment: Set
        ..0. .... = More fragments: Not set
    ...0 0000 0000 0000 = Fragment Offset: 0
    Time to Live: 128
    Protocol: UDP (17)
    Header Checksum: 0x0000 [validation disabled]
    [Header checksum status: Unverified]
    Source Address: 172.16.90.227
    Destination Address: 40.104.134.82
    [Stream index: 2]
User Datagram Protocol, Src Port: 62688, Dst Port: 443
    Source Port: 62688
    Destination Port: 443
    Length: 45
    Checksum: 0xb5ec [unverified]
    [Checksum Status: Unverified]
    [Stream index: 4]
    [Stream Packet Number: 44]
    [Timestamps]
        [Time since first frame: 738.438000 milliseconds]
        [Time since previous frame: 87.600 microseconds]
    UDP payload (37 bytes)
QUIC IETF
    QUIC Connection information
        [Connection Number: 4]
    [Packet Length: 37]
    QUIC Short Header DCID=1e286886528e335e80b5d552ea30
        0... .... = Header Form: Short Header (0)
        .1.. .... = Fixed Bit: True
        ..0. .... = Spin Bit: False
        Destination Connection ID: 1e286886528e335e80b5d552ea30
    Remaining Payload: e2ab34f7dfdcde02a9bd5b3862f37ad3961f3be44436

Frame 90: Packet, 75 bytes on wire (600 bits), 75 bytes captured (600 bits) on interface \Device\NPF_{9B9257DC-FAC1-4993-B12F-136D7BA5E874}, id 0
    Section number: 1
    Interface id: 0 (\Device\NPF_{9B9257DC-FAC1-4993-B12F-136D7BA5E874})
        Interface name: \Device\NPF_{9B9257DC-FAC1-4993-B12F-136D7BA5E874}
        Interface description: Wi-Fi
    Encapsulation type: Ethernet (1)
    Arrival Time: Apr  9, 2026 19:48:01.509072600 India Standard Time
    UTC Arrival Time: Apr  9, 2026 14:18:01.509072600 UTC
    Epoch Arrival Time: 1775744281.509072600
    [Time shift for this packet: 0.000000000 seconds]
    [Time delta from previous captured frame: 5.831200 milliseconds]
    [Time delta from previous displayed frame: 5.831200 milliseconds]
    [Time since reference or first frame: 2.219108000 seconds]
    Frame Number: 90
    Frame Length: 75 bytes (600 bits)
    Capture Length: 75 bytes (600 bits)
    [Frame is marked: False]
    [Frame is ignored: False]
    [Protocols in frame: eth:ethertype:vlan:ethertype:ip:udp:quic]
    Character encoding: ASCII (0)
Ethernet II, Src: HewlettPacka_3a:cc:1d (28:92:4a:3a:cc:1d), Dst: 96:77:0b:05:d4:0b (96:77:0b:05:d4:0b)
    Destination: 96:77:0b:05:d4:0b (96:77:0b:05:d4:0b)
        .... ..1. .... .... .... .... = LG bit: Locally administered address (this is NOT the factory default)
        .... ...0 .... .... .... .... = IG bit: Individual address (unicast)
    Source: HewlettPacka_3a:cc:1d (28:92:4a:3a:cc:1d)
        .... ..0. .... .... .... .... = LG bit: Globally unique address (factory default)
        .... ...0 .... .... .... .... = IG bit: Individual address (unicast)
    Type: 802.1Q Virtual LAN (0x8100)
    [Stream index: 0]
802.1Q Virtual LAN, PRI: 0, DEI: 0, ID: 0
    000. .... .... .... = Priority: Best Effort (default) (0)
    ...0 .... .... .... = DEI: Ineligible
    .... 0000 0000 0000 = ID: 0
    Type: IPv4 (0x0800)
Internet Protocol Version 4, Src: 40.104.134.82, Dst: 172.16.90.227
    0100 .... = Version: 4
    .... 0101 = Header Length: 20 bytes (5)
    Differentiated Services Field: 0xb8 (DSCP: EF, ECN: Not-ECT)
        1011 10.. = Differentiated Services Codepoint: Expedited Forwarding (46)
        .... ..00 = Explicit Congestion Notification: Not ECN-Capable Transport (0)
    Total Length: 57
    Identification: 0x7730 (30512)
    010. .... = Flags: 0x2, Don't fragment
        0... .... = Reserved bit: Not set
        .1.. .... = Don't fragment: Set
        ..0. .... = More fragments: Not set
    ...0 0000 0000 0000 = Fragment Offset: 0
    Time to Live: 116
    Protocol: UDP (17)
    Header Checksum: 0xd91d [validation disabled]
    [Header checksum status: Unverified]
    Source Address: 40.104.134.82
    Destination Address: 172.16.90.227
    [Stream index: 2]
User Datagram Protocol, Src Port: 443, Dst Port: 62688
    Source Port: 443
    Destination Port: 62688
    Length: 37
    Checksum: 0x4307 [unverified]
    [Checksum Status: Unverified]
    [Stream index: 4]
    [Stream Packet Number: 45]
    [Timestamps]
        [Time since first frame: 744.269200 milliseconds]
        [Time since previous frame: 5.831200 milliseconds]
    UDP payload (29 bytes)
QUIC IETF
    QUIC Connection information
        [Connection Number: 4]
    [Packet Length: 29]
    QUIC Short Header
        0... .... = Header Form: Short Header (0)
        .1.. .... = Fixed Bit: True
        ..0. .... = Spin Bit: False
    Remaining Payload: bcf1a2d010c0719339b182a66b8ae5ae1b873b52a5f467b02f51cf43

Frame 91: Packet, 80 bytes on wire (640 bits), 80 bytes captured (640 bits) on interface \Device\NPF_{9B9257DC-FAC1-4993-B12F-136D7BA5E874}, id 0
    Section number: 1
    Interface id: 0 (\Device\NPF_{9B9257DC-FAC1-4993-B12F-136D7BA5E874})
        Interface name: \Device\NPF_{9B9257DC-FAC1-4993-B12F-136D7BA5E874}
        Interface description: Wi-Fi
    Encapsulation type: Ethernet (1)
    Arrival Time: Apr  9, 2026 19:48:01.546459000 India Standard Time
    UTC Arrival Time: Apr  9, 2026 14:18:01.546459000 UTC
    Epoch Arrival Time: 1775744281.546459000
    [Time shift for this packet: 0.000000000 seconds]
    [Time delta from previous captured frame: 37.386400 milliseconds]
    [Time delta from previous displayed frame: 37.386400 milliseconds]
    [Time since reference or first frame: 2.256494400 seconds]
    Frame Number: 91
    Frame Length: 80 bytes (640 bits)
    Capture Length: 80 bytes (640 bits)
    [Frame is marked: False]
    [Frame is ignored: False]
    [Protocols in frame: eth:ethertype:ip:udp:quic]
    Character encoding: ASCII (0)
Ethernet II, Src: 96:77:0b:05:d4:0b (96:77:0b:05:d4:0b), Dst: HewlettPacka_3a:cc:1d (28:92:4a:3a:cc:1d)
    Destination: HewlettPacka_3a:cc:1d (28:92:4a:3a:cc:1d)
        .... ..0. .... .... .... .... = LG bit: Globally unique address (factory default)
        .... ...0 .... .... .... .... = IG bit: Individual address (unicast)
    Source: 96:77:0b:05:d4:0b (96:77:0b:05:d4:0b)
        .... ..1. .... .... .... .... = LG bit: Locally administered address (this is NOT the factory default)
        .... ...0 .... .... .... .... = IG bit: Individual address (unicast)
    Type: IPv4 (0x0800)
    [Stream index: 0]
Internet Protocol Version 4, Src: 172.16.90.227, Dst: 40.104.134.82
    0100 .... = Version: 4
    .... 0101 = Header Length: 20 bytes (5)
    Differentiated Services Field: 0x00 (DSCP: CS0, ECN: Not-ECT)
        0000 00.. = Differentiated Services Codepoint: Default (0)
        .... ..00 = Explicit Congestion Notification: Not ECN-Capable Transport (0)
    Total Length: 66
    Identification: 0xec62 (60514)
    010. .... = Flags: 0x2, Don't fragment
        0... .... = Reserved bit: Not set
        .1.. .... = Don't fragment: Set
        ..0. .... = More fragments: Not set
    ...0 0000 0000 0000 = Fragment Offset: 0
    Time to Live: 128
    Protocol: UDP (17)
    Header Checksum: 0x0000 [validation disabled]
    [Header checksum status: Unverified]
    Source Address: 172.16.90.227
    Destination Address: 40.104.134.82
    [Stream index: 2]
User Datagram Protocol, Src Port: 62688, Dst Port: 443
    Source Port: 62688
    Destination Port: 443
    Length: 46
    Checksum: 0xb5ed [unverified]
    [Checksum Status: Unverified]
    [Stream index: 4]
    [Stream Packet Number: 46]
    [Timestamps]
        [Time since first frame: 781.655600 milliseconds]
        [Time since previous frame: 37.386400 milliseconds]
    UDP payload (38 bytes)
QUIC IETF
    QUIC Connection information
        [Connection Number: 4]
    [Packet Length: 38]
    QUIC Short Header DCID=1e286886528e335e80b5d552ea30
        0... .... = Header Form: Short Header (0)
        .1.. .... = Fixed Bit: True
        ..0. .... = Spin Bit: False
        Destination Connection ID: 1e286886528e335e80b5d552ea30
    Remaining Payload: 35afb2c28845d43c76eec5375b6cd4d30c487b0db0f7df

Frame 92: Packet, 1292 bytes on wire (10336 bits), 1292 bytes captured (10336 bits) on interface \Device\NPF_{9B9257DC-FAC1-4993-B12F-136D7BA5E874}, id 0
    Section number: 1
    Interface id: 0 (\Device\NPF_{9B9257DC-FAC1-4993-B12F-136D7BA5E874})
        Interface name: \Device\NPF_{9B9257DC-FAC1-4993-B12F-136D7BA5E874}
        Interface description: Wi-Fi
    Encapsulation type: Ethernet (1)
    Arrival Time: Apr  9, 2026 19:48:03.676928500 India Standard Time
    UTC Arrival Time: Apr  9, 2026 14:18:03.676928500 UTC
    Epoch Arrival Time: 1775744283.676928500
    [Time shift for this packet: 0.000000000 seconds]
    [Time delta from previous captured frame: 2.130469500 seconds]
    [Time delta from previous displayed frame: 2.130469500 seconds]
    [Time since reference or first frame: 4.386963900 seconds]
    Frame Number: 92
    Frame Length: 1292 bytes (10336 bits)
    Capture Length: 1292 bytes (10336 bits)
    [Frame is marked: False]
    [Frame is ignored: False]
    [Protocols in frame: eth:ethertype:ip:udp:quic]
    Character encoding: ASCII (0)
Ethernet II, Src: 96:77:0b:05:d4:0b (96:77:0b:05:d4:0b), Dst: HewlettPacka_3a:cc:1d (28:92:4a:3a:cc:1d)
    Destination: HewlettPacka_3a:cc:1d (28:92:4a:3a:cc:1d)
        .... ..0. .... .... .... .... = LG bit: Globally unique address (factory default)
        .... ...0 .... .... .... .... = IG bit: Individual address (unicast)
    Source: 96:77:0b:05:d4:0b (96:77:0b:05:d4:0b)
        .... ..1. .... .... .... .... = LG bit: Locally administered address (this is NOT the factory default)
        .... ...0 .... .... .... .... = IG bit: Individual address (unicast)
    Type: IPv4 (0x0800)
    [Stream index: 0]
Internet Protocol Version 4, Src: 172.16.90.227, Dst: 40.104.134.82
    0100 .... = Version: 4
    .... 0101 = Header Length: 20 bytes (5)
    Differentiated Services Field: 0x00 (DSCP: CS0, ECN: Not-ECT)
        0000 00.. = Differentiated Services Codepoint: Default (0)
        .... ..00 = Explicit Congestion Notification: Not ECN-Capable Transport (0)
    Total Length: 1278
    Identification: 0xec63 (60515)
    010. .... = Flags: 0x2, Don't fragment
        0... .... = Reserved bit: Not set
        .1.. .... = Don't fragment: Set
        ..0. .... = More fragments: Not set
    ...0 0000 0000 0000 = Fragment Offset: 0
    Time to Live: 128
    Protocol: UDP (17)
    Header Checksum: 0x0000 [validation disabled]
    [Header checksum status: Unverified]
    Source Address: 172.16.90.227
    Destination Address: 40.104.134.82
    [Stream index: 2]
User Datagram Protocol, Src Port: 62688, Dst Port: 443
    Source Port: 62688
    Destination Port: 443
    Length: 1258
    Checksum: 0xbaa9 [unverified]
    [Checksum Status: Unverified]
    [Stream index: 4]
    [Stream Packet Number: 47]
    [Timestamps]
        [Time since first frame: 2.912125100 seconds]
        [Time since previous frame: 2.130469500 seconds]
    UDP payload (1250 bytes)
QUIC IETF
    QUIC Connection information
        [Connection Number: 4]
    [Packet Length: 1250]
    QUIC Short Header DCID=1e286886528e335e80b5d552ea30
        0... .... = Header Form: Short Header (0)
        .1.. .... = Fixed Bit: True
        ..0. .... = Spin Bit: False
        Destination Connection ID: 1e286886528e335e80b5d552ea30
    Remaining Payload […]: 46dc093630bcc490aba7efd6310467bff8bf73a15c65cd13a0e198a3e0ca4c342dc62429508b65cecb765e6016587cd966bd0055f45a66e8312688e2f124eb51463cd7101998fc6fdac8029ce076c1a2f72d94758394040fc162eedf228cc40ae7d1174567074ca84628ec

Frame 93: Packet, 1292 bytes on wire (10336 bits), 1292 bytes captured (10336 bits) on interface \Device\NPF_{9B9257DC-FAC1-4993-B12F-136D7BA5E874}, id 0
    Section number: 1
    Interface id: 0 (\Device\NPF_{9B9257DC-FAC1-4993-B12F-136D7BA5E874})
        Interface name: \Device\NPF_{9B9257DC-FAC1-4993-B12F-136D7BA5E874}
        Interface description: Wi-Fi
    Encapsulation type: Ethernet (1)
    Arrival Time: Apr  9, 2026 19:48:03.676966600 India Standard Time
    UTC Arrival Time: Apr  9, 2026 14:18:03.676966600 UTC
    Epoch Arrival Time: 1775744283.676966600
    [Time shift for this packet: 0.000000000 seconds]
    [Time delta from previous captured frame: 38.100 microseconds]
    [Time delta from previous displayed frame: 38.100 microseconds]
    [Time since reference or first frame: 4.387002000 seconds]
    Frame Number: 93
    Frame Length: 1292 bytes (10336 bits)
    Capture Length: 1292 bytes (10336 bits)
    [Frame is marked: False]
    [Frame is ignored: False]
    [Protocols in frame: eth:ethertype:ip:udp:quic]
    Character encoding: ASCII (0)
Ethernet II, Src: 96:77:0b:05:d4:0b (96:77:0b:05:d4:0b), Dst: HewlettPacka_3a:cc:1d (28:92:4a:3a:cc:1d)
    Destination: HewlettPacka_3a:cc:1d (28:92:4a:3a:cc:1d)
        .... ..0. .... .... .... .... = LG bit: Globally unique address (factory default)
        .... ...0 .... .... .... .... = IG bit: Individual address (unicast)
    Source: 96:77:0b:05:d4:0b (96:77:0b:05:d4:0b)
        .... ..1. .... .... .... .... = LG bit: Locally administered address (this is NOT the factory default)
        .... ...0 .... .... .... .... = IG bit: Individual address (unicast)
    Type: IPv4 (0x0800)
    [Stream index: 0]
Internet Protocol Version 4, Src: 172.16.90.227, Dst: 40.104.134.82
    0100 .... = Version: 4
    .... 0101 = Header Length: 20 bytes (5)
    Differentiated Services Field: 0x00 (DSCP: CS0, ECN: Not-ECT)
        0000 00.. = Differentiated Services Codepoint: Default (0)
        .... ..00 = Explicit Congestion Notification: Not ECN-Capable Transport (0)
    Total Length: 1278
    Identification: 0xec64 (60516)
    010. .... = Flags: 0x2, Don't fragment
        0... .... = Reserved bit: Not set
        .1.. .... = Don't fragment: Set
        ..0. .... = More fragments: Not set
    ...0 0000 0000 0000 = Fragment Offset: 0
    Time to Live: 128
    Protocol: UDP (17)
    Header Checksum: 0x0000 [validation disabled]
    [Header checksum status: Unverified]
    Source Address: 172.16.90.227
    Destination Address: 40.104.134.82
    [Stream index: 2]
User Datagram Protocol, Src Port: 62688, Dst Port: 443
    Source Port: 62688
    Destination Port: 443
    Length: 1258
    Checksum: 0xbaa9 [unverified]
    [Checksum Status: Unverified]
    [Stream index: 4]
    [Stream Packet Number: 48]
    [Timestamps]
        [Time since first frame: 2.912163200 seconds]
        [Time since previous frame: 38.100 microseconds]
    UDP payload (1250 bytes)
QUIC IETF
    QUIC Connection information
        [Connection Number: 4]
    [Packet Length: 1250]
    QUIC Short Header DCID=1e286886528e335e80b5d552ea30
        0... .... = Header Form: Short Header (0)
        .1.. .... = Fixed Bit: True
        ..0. .... = Spin Bit: False
        Destination Connection ID: 1e286886528e335e80b5d552ea30
    Remaining Payload […]: bcfca5fdd4e90390bfe37e54daaca7dbf925c33c37f224cf6cac0365bc1176884c4bc90ae0d3dee5c3db87259ba8f5f8423cf323c5356448f085d0417c3ad1108bec5193a5cc488022069397a202ee18d4626ffb801b6d513e6a21c14896531b4c1527a52e085d08a8277b

Frame 94: Packet, 993 bytes on wire (7944 bits), 993 bytes captured (7944 bits) on interface \Device\NPF_{9B9257DC-FAC1-4993-B12F-136D7BA5E874}, id 0
    Section number: 1
    Interface id: 0 (\Device\NPF_{9B9257DC-FAC1-4993-B12F-136D7BA5E874})
        Interface name: \Device\NPF_{9B9257DC-FAC1-4993-B12F-136D7BA5E874}
        Interface description: Wi-Fi
    Encapsulation type: Ethernet (1)
    Arrival Time: Apr  9, 2026 19:48:03.676979000 India Standard Time
    UTC Arrival Time: Apr  9, 2026 14:18:03.676979000 UTC
    Epoch Arrival Time: 1775744283.676979000
    [Time shift for this packet: 0.000000000 seconds]
    [Time delta from previous captured frame: 12.400 microseconds]
    [Time delta from previous displayed frame: 12.400 microseconds]
    [Time since reference or first frame: 4.387014400 seconds]
    Frame Number: 94
    Frame Length: 993 bytes (7944 bits)
    Capture Length: 993 bytes (7944 bits)
    [Frame is marked: False]
    [Frame is ignored: False]
    [Protocols in frame: eth:ethertype:ip:udp:quic]
    Character encoding: ASCII (0)
Ethernet II, Src: 96:77:0b:05:d4:0b (96:77:0b:05:d4:0b), Dst: HewlettPacka_3a:cc:1d (28:92:4a:3a:cc:1d)
    Destination: HewlettPacka_3a:cc:1d (28:92:4a:3a:cc:1d)
        .... ..0. .... .... .... .... = LG bit: Globally unique address (factory default)
        .... ...0 .... .... .... .... = IG bit: Individual address (unicast)
    Source: 96:77:0b:05:d4:0b (96:77:0b:05:d4:0b)
        .... ..1. .... .... .... .... = LG bit: Locally administered address (this is NOT the factory default)
        .... ...0 .... .... .... .... = IG bit: Individual address (unicast)
    Type: IPv4 (0x0800)
    [Stream index: 0]
Internet Protocol Version 4, Src: 172.16.90.227, Dst: 40.104.134.82
    0100 .... = Version: 4
    .... 0101 = Header Length: 20 bytes (5)
    Differentiated Services Field: 0x00 (DSCP: CS0, ECN: Not-ECT)
        0000 00.. = Differentiated Services Codepoint: Default (0)
        .... ..00 = Explicit Congestion Notification: Not ECN-Capable Transport (0)
    Total Length: 979
    Identification: 0xec65 (60517)
    010. .... = Flags: 0x2, Don't fragment
        0... .... = Reserved bit: Not set
        .1.. .... = Don't fragment: Set
        ..0. .... = More fragments: Not set
    ...0 0000 0000 0000 = Fragment Offset: 0
    Time to Live: 128
    Protocol: UDP (17)
    Header Checksum: 0x0000 [validation disabled]
    [Header checksum status: Unverified]
    Source Address: 172.16.90.227
    Destination Address: 40.104.134.82
    [Stream index: 2]
User Datagram Protocol, Src Port: 62688, Dst Port: 443
    Source Port: 62688
    Destination Port: 443
    Length: 959
    Checksum: 0xb97e [unverified]
    [Checksum Status: Unverified]
    [Stream index: 4]
    [Stream Packet Number: 49]
    [Timestamps]
        [Time since first frame: 2.912175600 seconds]
        [Time since previous frame: 12.400 microseconds]
    UDP payload (951 bytes)
QUIC IETF
    QUIC Connection information
        [Connection Number: 4]
    [Packet Length: 951]
    QUIC Short Header DCID=1e286886528e335e80b5d552ea30
        0... .... = Header Form: Short Header (0)
        .1.. .... = Fixed Bit: True
        ..0. .... = Spin Bit: False
        Destination Connection ID: 1e286886528e335e80b5d552ea30
    Remaining Payload […]: bced0f7c2b716889d807c75d670f9d556c3a2a5f41778880e6bbc2c08cfb6de92cfc3a65bd7cbb5ab4712d871448ac2a79afdd3dff45402dfe5f08d39863ae4790a830f7e5ac80943e2136f3d26fbb3eb83471372e3a08c4c46706f46afe2a6a97c73d8780ace41e284b67

Frame 95: Packet, 78 bytes on wire (624 bits), 78 bytes captured (624 bits) on interface \Device\NPF_{9B9257DC-FAC1-4993-B12F-136D7BA5E874}, id 0
    Section number: 1
    Interface id: 0 (\Device\NPF_{9B9257DC-FAC1-4993-B12F-136D7BA5E874})
        Interface name: \Device\NPF_{9B9257DC-FAC1-4993-B12F-136D7BA5E874}
        Interface description: Wi-Fi
    Encapsulation type: Ethernet (1)
    Arrival Time: Apr  9, 2026 19:48:03.772624100 India Standard Time
    UTC Arrival Time: Apr  9, 2026 14:18:03.772624100 UTC
    Epoch Arrival Time: 1775744283.772624100
    [Time shift for this packet: 0.000000000 seconds]
    [Time delta from previous captured frame: 95.645100 milliseconds]
    [Time delta from previous displayed frame: 95.645100 milliseconds]
    [Time since reference or first frame: 4.482659500 seconds]
    Frame Number: 95
    Frame Length: 78 bytes (624 bits)
    Capture Length: 78 bytes (624 bits)
    [Frame is marked: False]
    [Frame is ignored: False]
    [Protocols in frame: eth:ethertype:vlan:ethertype:ip:udp:quic]
    Character encoding: ASCII (0)
Ethernet II, Src: HewlettPacka_3a:cc:1d (28:92:4a:3a:cc:1d), Dst: 96:77:0b:05:d4:0b (96:77:0b:05:d4:0b)
    Destination: 96:77:0b:05:d4:0b (96:77:0b:05:d4:0b)
        .... ..1. .... .... .... .... = LG bit: Locally administered address (this is NOT the factory default)
        .... ...0 .... .... .... .... = IG bit: Individual address (unicast)
    Source: HewlettPacka_3a:cc:1d (28:92:4a:3a:cc:1d)
        .... ..0. .... .... .... .... = LG bit: Globally unique address (factory default)
        .... ...0 .... .... .... .... = IG bit: Individual address (unicast)
    Type: 802.1Q Virtual LAN (0x8100)
    [Stream index: 0]
802.1Q Virtual LAN, PRI: 0, DEI: 0, ID: 0
    000. .... .... .... = Priority: Best Effort (default) (0)
    ...0 .... .... .... = DEI: Ineligible
    .... 0000 0000 0000 = ID: 0
    Type: IPv4 (0x0800)
Internet Protocol Version 4, Src: 40.104.134.82, Dst: 172.16.90.227
    0100 .... = Version: 4
    .... 0101 = Header Length: 20 bytes (5)
    Differentiated Services Field: 0xb8 (DSCP: EF, ECN: Not-ECT)
        1011 10.. = Differentiated Services Codepoint: Expedited Forwarding (46)
        .... ..00 = Explicit Congestion Notification: Not ECN-Capable Transport (0)
    Total Length: 60
    Identification: 0x7731 (30513)
    010. .... = Flags: 0x2, Don't fragment
        0... .... = Reserved bit: Not set
        .1.. .... = Don't fragment: Set
        ..0. .... = More fragments: Not set
    ...0 0000 0000 0000 = Fragment Offset: 0
    Time to Live: 116
    Protocol: UDP (17)
    Header Checksum: 0xd919 [validation disabled]
    [Header checksum status: Unverified]
    Source Address: 40.104.134.82
    Destination Address: 172.16.90.227
    [Stream index: 2]
User Datagram Protocol, Src Port: 443, Dst Port: 62688
    Source Port: 443
    Destination Port: 62688
    Length: 40
    Checksum: 0xb437 [unverified]
    [Checksum Status: Unverified]
    [Stream index: 4]
    [Stream Packet Number: 50]
    [Timestamps]
        [Time since first frame: 3.007820700 seconds]
        [Time since previous frame: 95.645100 milliseconds]
    UDP payload (32 bytes)
QUIC IETF
    QUIC Connection information
        [Connection Number: 4]
    [Packet Length: 32]
    QUIC Short Header
        0... .... = Header Form: Short Header (0)
        .1.. .... = Fixed Bit: True
        ..0. .... = Spin Bit: False
    Remaining Payload: ca6147efe8bd26ae06092c93c6a6dc00a5f9cd6806ba48d3706eb5c4072735

Frame 96: Packet, 77 bytes on wire (616 bits), 77 bytes captured (616 bits) on interface \Device\NPF_{9B9257DC-FAC1-4993-B12F-136D7BA5E874}, id 0
    Section number: 1
    Interface id: 0 (\Device\NPF_{9B9257DC-FAC1-4993-B12F-136D7BA5E874})
        Interface name: \Device\NPF_{9B9257DC-FAC1-4993-B12F-136D7BA5E874}
        Interface description: Wi-Fi
    Encapsulation type: Ethernet (1)
    Arrival Time: Apr  9, 2026 19:48:03.774756500 India Standard Time
    UTC Arrival Time: Apr  9, 2026 14:18:03.774756500 UTC
    Epoch Arrival Time: 1775744283.774756500
    [Time shift for this packet: 0.000000000 seconds]
    [Time delta from previous captured frame: 2.132400 milliseconds]
    [Time delta from previous displayed frame: 2.132400 milliseconds]
    [Time since reference or first frame: 4.484791900 seconds]
    Frame Number: 96
    Frame Length: 77 bytes (616 bits)
    Capture Length: 77 bytes (616 bits)
    [Frame is marked: False]
    [Frame is ignored: False]
    [Protocols in frame: eth:ethertype:vlan:ethertype:ip:udp:quic]
    Character encoding: ASCII (0)
Ethernet II, Src: HewlettPacka_3a:cc:1d (28:92:4a:3a:cc:1d), Dst: 96:77:0b:05:d4:0b (96:77:0b:05:d4:0b)
    Destination: 96:77:0b:05:d4:0b (96:77:0b:05:d4:0b)
        .... ..1. .... .... .... .... = LG bit: Locally administered address (this is NOT the factory default)
        .... ...0 .... .... .... .... = IG bit: Individual address (unicast)
    Source: HewlettPacka_3a:cc:1d (28:92:4a:3a:cc:1d)
        .... ..0. .... .... .... .... = LG bit: Globally unique address (factory default)
        .... ...0 .... .... .... .... = IG bit: Individual address (unicast)
    Type: 802.1Q Virtual LAN (0x8100)
    [Stream index: 0]
802.1Q Virtual LAN, PRI: 0, DEI: 0, ID: 0
    000. .... .... .... = Priority: Best Effort (default) (0)
    ...0 .... .... .... = DEI: Ineligible
    .... 0000 0000 0000 = ID: 0
    Type: IPv4 (0x0800)
Internet Protocol Version 4, Src: 40.104.134.82, Dst: 172.16.90.227
    0100 .... = Version: 4
    .... 0101 = Header Length: 20 bytes (5)
    Differentiated Services Field: 0xb8 (DSCP: EF, ECN: Not-ECT)
        1011 10.. = Differentiated Services Codepoint: Expedited Forwarding (46)
        .... ..00 = Explicit Congestion Notification: Not ECN-Capable Transport (0)
    Total Length: 59
    Identification: 0x7732 (30514)
    010. .... = Flags: 0x2, Don't fragment
        0... .... = Reserved bit: Not set
        .1.. .... = Don't fragment: Set
        ..0. .... = More fragments: Not set
    ...0 0000 0000 0000 = Fragment Offset: 0
    Time to Live: 116
    Protocol: UDP (17)
    Header Checksum: 0xd919 [validation disabled]
    [Header checksum status: Unverified]
    Source Address: 40.104.134.82
    Destination Address: 172.16.90.227
    [Stream index: 2]
User Datagram Protocol, Src Port: 443, Dst Port: 62688
    Source Port: 443
    Destination Port: 62688
    Length: 39
    Checksum: 0xeec1 [unverified]
    [Checksum Status: Unverified]
    [Stream index: 4]
    [Stream Packet Number: 51]
    [Timestamps]
        [Time since first frame: 3.009953100 seconds]
        [Time since previous frame: 2.132400 milliseconds]
    UDP payload (31 bytes)
QUIC IETF
    QUIC Connection information
        [Connection Number: 4]
    [Packet Length: 31]
    QUIC Short Header
        0... .... = Header Form: Short Header (0)
        .1.. .... = Fixed Bit: True
        ..0. .... = Spin Bit: False
    Remaining Payload: a2ffa24791ce751a789c7b9ce0852b8d3832ed2ced13db3e3182debc49a9

Frame 97: Packet, 79 bytes on wire (632 bits), 79 bytes captured (632 bits) on interface \Device\NPF_{9B9257DC-FAC1-4993-B12F-136D7BA5E874}, id 0
    Section number: 1
    Interface id: 0 (\Device\NPF_{9B9257DC-FAC1-4993-B12F-136D7BA5E874})
        Interface name: \Device\NPF_{9B9257DC-FAC1-4993-B12F-136D7BA5E874}
        Interface description: Wi-Fi
    Encapsulation type: Ethernet (1)
    Arrival Time: Apr  9, 2026 19:48:03.774851600 India Standard Time
    UTC Arrival Time: Apr  9, 2026 14:18:03.774851600 UTC
    Epoch Arrival Time: 1775744283.774851600
    [Time shift for this packet: 0.000000000 seconds]
    [Time delta from previous captured frame: 95.100 microseconds]
    [Time delta from previous displayed frame: 95.100 microseconds]
    [Time since reference or first frame: 4.484887000 seconds]
    Frame Number: 97
    Frame Length: 79 bytes (632 bits)
    Capture Length: 79 bytes (632 bits)
    [Frame is marked: False]
    [Frame is ignored: False]
    [Protocols in frame: eth:ethertype:ip:udp:quic]
    Character encoding: ASCII (0)
Ethernet II, Src: 96:77:0b:05:d4:0b (96:77:0b:05:d4:0b), Dst: HewlettPacka_3a:cc:1d (28:92:4a:3a:cc:1d)
    Destination: HewlettPacka_3a:cc:1d (28:92:4a:3a:cc:1d)
        .... ..0. .... .... .... .... = LG bit: Globally unique address (factory default)
        .... ...0 .... .... .... .... = IG bit: Individual address (unicast)
    Source: 96:77:0b:05:d4:0b (96:77:0b:05:d4:0b)
        .... ..1. .... .... .... .... = LG bit: Locally administered address (this is NOT the factory default)
        .... ...0 .... .... .... .... = IG bit: Individual address (unicast)
    Type: IPv4 (0x0800)
    [Stream index: 0]
Internet Protocol Version 4, Src: 172.16.90.227, Dst: 40.104.134.82
    0100 .... = Version: 4
    .... 0101 = Header Length: 20 bytes (5)
    Differentiated Services Field: 0x00 (DSCP: CS0, ECN: Not-ECT)
        0000 00.. = Differentiated Services Codepoint: Default (0)
        .... ..00 = Explicit Congestion Notification: Not ECN-Capable Transport (0)
    Total Length: 65
    Identification: 0xec66 (60518)
    010. .... = Flags: 0x2, Don't fragment
        0... .... = Reserved bit: Not set
        .1.. .... = Don't fragment: Set
        ..0. .... = More fragments: Not set
    ...0 0000 0000 0000 = Fragment Offset: 0
    Time to Live: 128
    Protocol: UDP (17)
    Header Checksum: 0x0000 [validation disabled]
    [Header checksum status: Unverified]
    Source Address: 172.16.90.227
    Destination Address: 40.104.134.82
    [Stream index: 2]
User Datagram Protocol, Src Port: 62688, Dst Port: 443
    Source Port: 62688
    Destination Port: 443
    Length: 45
    Checksum: 0xb5ec [unverified]
    [Checksum Status: Unverified]
    [Stream index: 4]
    [Stream Packet Number: 52]
    [Timestamps]
        [Time since first frame: 3.010048200 seconds]
        [Time since previous frame: 95.100 microseconds]
    UDP payload (37 bytes)
QUIC IETF
    QUIC Connection information
        [Connection Number: 4]
    [Packet Length: 37]
    QUIC Short Header DCID=1e286886528e335e80b5d552ea30
        0... .... = Header Form: Short Header (0)
        .1.. .... = Fixed Bit: True
        ..0. .... = Spin Bit: False
        Destination Connection ID: 1e286886528e335e80b5d552ea30
    Remaining Payload: 8325517079baf75b1e57f4bb84257a40dbd3b85ce550

Frame 98: Packet, 73 bytes on wire (584 bits), 73 bytes captured (584 bits) on interface \Device\NPF_{9B9257DC-FAC1-4993-B12F-136D7BA5E874}, id 0
    Section number: 1
    Interface id: 0 (\Device\NPF_{9B9257DC-FAC1-4993-B12F-136D7BA5E874})
        Interface name: \Device\NPF_{9B9257DC-FAC1-4993-B12F-136D7BA5E874}
        Interface description: Wi-Fi
    Encapsulation type: Ethernet (1)
    Arrival Time: Apr  9, 2026 19:48:03.774938700 India Standard Time
    UTC Arrival Time: Apr  9, 2026 14:18:03.774938700 UTC
    Epoch Arrival Time: 1775744283.774938700
    [Time shift for this packet: 0.000000000 seconds]
    [Time delta from previous captured frame: 87.100 microseconds]
    [Time delta from previous displayed frame: 87.100 microseconds]
    [Time since reference or first frame: 4.484974100 seconds]
    Frame Number: 98
    Frame Length: 73 bytes (584 bits)
    Capture Length: 73 bytes (584 bits)
    [Frame is marked: False]
    [Frame is ignored: False]
    [Protocols in frame: eth:ethertype:vlan:ethertype:ip:udp:quic]
    Character encoding: ASCII (0)
Ethernet II, Src: HewlettPacka_3a:cc:1d (28:92:4a:3a:cc:1d), Dst: 96:77:0b:05:d4:0b (96:77:0b:05:d4:0b)
    Destination: 96:77:0b:05:d4:0b (96:77:0b:05:d4:0b)
        .... ..1. .... .... .... .... = LG bit: Locally administered address (this is NOT the factory default)
        .... ...0 .... .... .... .... = IG bit: Individual address (unicast)
    Source: HewlettPacka_3a:cc:1d (28:92:4a:3a:cc:1d)
        .... ..0. .... .... .... .... = LG bit: Globally unique address (factory default)
        .... ...0 .... .... .... .... = IG bit: Individual address (unicast)
    Type: 802.1Q Virtual LAN (0x8100)
    [Stream index: 0]
802.1Q Virtual LAN, PRI: 0, DEI: 0, ID: 0
    000. .... .... .... = Priority: Best Effort (default) (0)
    ...0 .... .... .... = DEI: Ineligible
    .... 0000 0000 0000 = ID: 0
    Type: IPv4 (0x0800)
Internet Protocol Version 4, Src: 40.104.134.82, Dst: 172.16.90.227
    0100 .... = Version: 4
    .... 0101 = Header Length: 20 bytes (5)
    Differentiated Services Field: 0xb8 (DSCP: EF, ECN: Not-ECT)
        1011 10.. = Differentiated Services Codepoint: Expedited Forwarding (46)
        .... ..00 = Explicit Congestion Notification: Not ECN-Capable Transport (0)
    Total Length: 55
    Identification: 0x7733 (30515)
    010. .... = Flags: 0x2, Don't fragment
        0... .... = Reserved bit: Not set
        .1.. .... = Don't fragment: Set
        ..0. .... = More fragments: Not set
    ...0 0000 0000 0000 = Fragment Offset: 0
    Time to Live: 116
    Protocol: UDP (17)
    Header Checksum: 0xd91c [validation disabled]
    [Header checksum status: Unverified]
    Source Address: 40.104.134.82
    Destination Address: 172.16.90.227
    [Stream index: 2]
User Datagram Protocol, Src Port: 443, Dst Port: 62688
    Source Port: 443
    Destination Port: 62688
    Length: 35
    Checksum: 0xec6c [unverified]
    [Checksum Status: Unverified]
    [Stream index: 4]
    [Stream Packet Number: 53]
    [Timestamps]
        [Time since first frame: 3.010135300 seconds]
        [Time since previous frame: 87.100 microseconds]
    UDP payload (27 bytes)
QUIC IETF
    QUIC Connection information
        [Connection Number: 4]
    [Packet Length: 27]
    QUIC Short Header
        0... .... = Header Form: Short Header (0)
        .1.. .... = Fixed Bit: True
        ..0. .... = Spin Bit: False
    Remaining Payload: 70f7693555186c657fc3e0faa67ab991cb05af89d76938410a66

Frame 99: Packet, 80 bytes on wire (640 bits), 80 bytes captured (640 bits) on interface \Device\NPF_{9B9257DC-FAC1-4993-B12F-136D7BA5E874}, id 0
    Section number: 1
    Interface id: 0 (\Device\NPF_{9B9257DC-FAC1-4993-B12F-136D7BA5E874})
        Interface name: \Device\NPF_{9B9257DC-FAC1-4993-B12F-136D7BA5E874}
        Interface description: Wi-Fi
    Encapsulation type: Ethernet (1)
    Arrival Time: Apr  9, 2026 19:48:03.812895900 India Standard Time
    UTC Arrival Time: Apr  9, 2026 14:18:03.812895900 UTC
    Epoch Arrival Time: 1775744283.812895900
    [Time shift for this packet: 0.000000000 seconds]
    [Time delta from previous captured frame: 37.957200 milliseconds]
    [Time delta from previous displayed frame: 37.957200 milliseconds]
    [Time since reference or first frame: 4.522931300 seconds]
    Frame Number: 99
    Frame Length: 80 bytes (640 bits)
    Capture Length: 80 bytes (640 bits)
    [Frame is marked: False]
    [Frame is ignored: False]
    [Protocols in frame: eth:ethertype:ip:udp:quic]
    Character encoding: ASCII (0)
Ethernet II, Src: 96:77:0b:05:d4:0b (96:77:0b:05:d4:0b), Dst: HewlettPacka_3a:cc:1d (28:92:4a:3a:cc:1d)
    Destination: HewlettPacka_3a:cc:1d (28:92:4a:3a:cc:1d)
        .... ..0. .... .... .... .... = LG bit: Globally unique address (factory default)
        .... ...0 .... .... .... .... = IG bit: Individual address (unicast)
    Source: 96:77:0b:05:d4:0b (96:77:0b:05:d4:0b)
        .... ..1. .... .... .... .... = LG bit: Locally administered address (this is NOT the factory default)
        .... ...0 .... .... .... .... = IG bit: Individual address (unicast)
    Type: IPv4 (0x0800)
    [Stream index: 0]
Internet Protocol Version 4, Src: 172.16.90.227, Dst: 40.104.134.82
    0100 .... = Version: 4
    .... 0101 = Header Length: 20 bytes (5)
    Differentiated Services Field: 0x00 (DSCP: CS0, ECN: Not-ECT)
        0000 00.. = Differentiated Services Codepoint: Default (0)
        .... ..00 = Explicit Congestion Notification: Not ECN-Capable Transport (0)
    Total Length: 66
    Identification: 0xec67 (60519)
    010. .... = Flags: 0x2, Don't fragment
        0... .... = Reserved bit: Not set
        .1.. .... = Don't fragment: Set
        ..0. .... = More fragments: Not set
    ...0 0000 0000 0000 = Fragment Offset: 0
    Time to Live: 128
    Protocol: UDP (17)
    Header Checksum: 0x0000 [validation disabled]
    [Header checksum status: Unverified]
    Source Address: 172.16.90.227
    Destination Address: 40.104.134.82
    [Stream index: 2]
User Datagram Protocol, Src Port: 62688, Dst Port: 443
    Source Port: 62688
    Destination Port: 443
    Length: 46
    Checksum: 0xb5ed [unverified]
    [Checksum Status: Unverified]
    [Stream index: 4]
    [Stream Packet Number: 54]
    [Timestamps]
        [Time since first frame: 3.048092500 seconds]
        [Time since previous frame: 37.957200 milliseconds]
    UDP payload (38 bytes)
QUIC IETF
    QUIC Connection information
        [Connection Number: 4]
    [Packet Length: 38]
    QUIC Short Header DCID=1e286886528e335e80b5d552ea30
        0... .... = Header Form: Short Header (0)
        .1.. .... = Fixed Bit: True
        ..0. .... = Spin Bit: False
        Destination Connection ID: 1e286886528e335e80b5d552ea30
    Remaining Payload: 2d76e05b0a266e29bf6d5894d552505cbc57f6545cdf0b

Frame 100: Packet, 77 bytes on wire (616 bits), 77 bytes captured (616 bits) on interface \Device\NPF_{9B9257DC-FAC1-4993-B12F-136D7BA5E874}, id 0
    Section number: 1
    Interface id: 0 (\Device\NPF_{9B9257DC-FAC1-4993-B12F-136D7BA5E874})
        Interface name: \Device\NPF_{9B9257DC-FAC1-4993-B12F-136D7BA5E874}
        Interface description: Wi-Fi
    Encapsulation type: Ethernet (1)
    Arrival Time: Apr  9, 2026 19:48:03.986321200 India Standard Time
    UTC Arrival Time: Apr  9, 2026 14:18:03.986321200 UTC
    Epoch Arrival Time: 1775744283.986321200
    [Time shift for this packet: 0.000000000 seconds]
    [Time delta from previous captured frame: 173.425300 milliseconds]
    [Time delta from previous displayed frame: 173.425300 milliseconds]
    [Time since reference or first frame: 4.696356600 seconds]
    Frame Number: 100
    Frame Length: 77 bytes (616 bits)
    Capture Length: 77 bytes (616 bits)
    [Frame is marked: False]
    [Frame is ignored: False]
    [Protocols in frame: eth:ethertype:ip:udp:quic]
    Character encoding: ASCII (0)
Ethernet II, Src: 96:77:0b:05:d4:0b (96:77:0b:05:d4:0b), Dst: HewlettPacka_3a:cc:1d (28:92:4a:3a:cc:1d)
    Destination: HewlettPacka_3a:cc:1d (28:92:4a:3a:cc:1d)
        .... ..0. .... .... .... .... = LG bit: Globally unique address (factory default)
        .... ...0 .... .... .... .... = IG bit: Individual address (unicast)
    Source: 96:77:0b:05:d4:0b (96:77:0b:05:d4:0b)
        .... ..1. .... .... .... .... = LG bit: Locally administered address (this is NOT the factory default)
        .... ...0 .... .... .... .... = IG bit: Individual address (unicast)
    Type: IPv4 (0x0800)
    [Stream index: 0]
Internet Protocol Version 4, Src: 172.16.90.227, Dst: 40.104.134.82
    0100 .... = Version: 4
    .... 0101 = Header Length: 20 bytes (5)
    Differentiated Services Field: 0x00 (DSCP: CS0, ECN: Not-ECT)
        0000 00.. = Differentiated Services Codepoint: Default (0)
        .... ..00 = Explicit Congestion Notification: Not ECN-Capable Transport (0)
    Total Length: 63
    Identification: 0xec68 (60520)
    010. .... = Flags: 0x2, Don't fragment
        0... .... = Reserved bit: Not set
        .1.. .... = Don't fragment: Set
        ..0. .... = More fragments: Not set
    ...0 0000 0000 0000 = Fragment Offset: 0
    Time to Live: 128
    Protocol: UDP (17)
    Header Checksum: 0x0000 [validation disabled]
    [Header checksum status: Unverified]
    Source Address: 172.16.90.227
    Destination Address: 40.104.134.82
    [Stream index: 2]
User Datagram Protocol, Src Port: 62688, Dst Port: 443
    Source Port: 62688
    Destination Port: 443
    Length: 43
    Checksum: 0xb5ea [unverified]
    [Checksum Status: Unverified]
    [Stream index: 4]
    [Stream Packet Number: 55]
    [Timestamps]
        [Time since first frame: 3.221517800 seconds]
        [Time since previous frame: 173.425300 milliseconds]
    UDP payload (35 bytes)
QUIC IETF
    QUIC Connection information
        [Connection Number: 4]
    [Packet Length: 35]
    QUIC Short Header DCID=1e286886528e335e80b5d552ea30
        0... .... = Header Form: Short Header (0)
        .1.. .... = Fixed Bit: True
        ..0. .... = Spin Bit: False
        Destination Connection ID: 1e286886528e335e80b5d552ea30
    Remaining Payload: a47bafc3d69802d554abbece494135634d232f78

Frame 101: Packet, 1347 bytes on wire (10776 bits), 1347 bytes captured (10776 bits) on interface \Device\NPF_{9B9257DC-FAC1-4993-B12F-136D7BA5E874}, id 0
    Section number: 1
    Interface id: 0 (\Device\NPF_{9B9257DC-FAC1-4993-B12F-136D7BA5E874})
        Interface name: \Device\NPF_{9B9257DC-FAC1-4993-B12F-136D7BA5E874}
        Interface description: Wi-Fi
    Encapsulation type: Ethernet (1)
    Arrival Time: Apr  9, 2026 19:48:04.031762500 India Standard Time
    UTC Arrival Time: Apr  9, 2026 14:18:04.031762500 UTC
    Epoch Arrival Time: 1775744284.031762500
    [Time shift for this packet: 0.000000000 seconds]
    [Time delta from previous captured frame: 45.441300 milliseconds]
    [Time delta from previous displayed frame: 45.441300 milliseconds]
    [Time since reference or first frame: 4.741797900 seconds]
    Frame Number: 101
    Frame Length: 1347 bytes (10776 bits)
    Capture Length: 1347 bytes (10776 bits)
    [Frame is marked: False]
    [Frame is ignored: False]
    [Protocols in frame: eth:ethertype:vlan:ethertype:ip:udp:quic]
    Character encoding: ASCII (0)
Ethernet II, Src: HewlettPacka_3a:cc:1d (28:92:4a:3a:cc:1d), Dst: 96:77:0b:05:d4:0b (96:77:0b:05:d4:0b)
    Destination: 96:77:0b:05:d4:0b (96:77:0b:05:d4:0b)
        .... ..1. .... .... .... .... = LG bit: Locally administered address (this is NOT the factory default)
        .... ...0 .... .... .... .... = IG bit: Individual address (unicast)
    Source: HewlettPacka_3a:cc:1d (28:92:4a:3a:cc:1d)
        .... ..0. .... .... .... .... = LG bit: Globally unique address (factory default)
        .... ...0 .... .... .... .... = IG bit: Individual address (unicast)
    Type: 802.1Q Virtual LAN (0x8100)
    [Stream index: 0]
802.1Q Virtual LAN, PRI: 0, DEI: 0, ID: 0
    000. .... .... .... = Priority: Best Effort (default) (0)
    ...0 .... .... .... = DEI: Ineligible
    .... 0000 0000 0000 = ID: 0
    Type: IPv4 (0x0800)
Internet Protocol Version 4, Src: 40.104.134.82, Dst: 172.16.90.227
    0100 .... = Version: 4
    .... 0101 = Header Length: 20 bytes (5)
    Differentiated Services Field: 0xb8 (DSCP: EF, ECN: Not-ECT)
        1011 10.. = Differentiated Services Codepoint: Expedited Forwarding (46)
        .... ..00 = Explicit Congestion Notification: Not ECN-Capable Transport (0)
    Total Length: 1329
    Identification: 0x7734 (30516)
    010. .... = Flags: 0x2, Don't fragment
        0... .... = Reserved bit: Not set
        .1.. .... = Don't fragment: Set
        ..0. .... = More fragments: Not set
    ...0 0000 0000 0000 = Fragment Offset: 0
    Time to Live: 116
    Protocol: UDP (17)
    Header Checksum: 0xd421 [validation disabled]
    [Header checksum status: Unverified]
    Source Address: 40.104.134.82
    Destination Address: 172.16.90.227
    [Stream index: 2]
User Datagram Protocol, Src Port: 443, Dst Port: 62688
    Source Port: 443
    Destination Port: 62688
    Length: 1309
    Checksum: 0x0a17 [unverified]
    [Checksum Status: Unverified]
    [Stream index: 4]
    [Stream Packet Number: 56]
    [Timestamps]
        [Time since first frame: 3.266959100 seconds]
        [Time since previous frame: 45.441300 milliseconds]
    UDP payload (1301 bytes)
QUIC IETF
    QUIC Connection information
        [Connection Number: 4]
    [Packet Length: 1301]
    QUIC Short Header
        0... .... = Header Form: Short Header (0)
        .1.. .... = Fixed Bit: True
        ..0. .... = Spin Bit: False
    Remaining Payload […]: a6cae2b8106b11d584edca66a09a544696c49afc82633c084e01702651e34f75cbbe865d03d8dfcda31dd378e93f6a84f21f05cbbe7eefcd806b089de484ffb7c4fdd28128541f5efbce66d752ac74260309e01eedbb55f7f43b5cb33d224703e154a4d51ffa5ca0a6fe30

Frame 102: Packet, 231 bytes on wire (1848 bits), 231 bytes captured (1848 bits) on interface \Device\NPF_{9B9257DC-FAC1-4993-B12F-136D7BA5E874}, id 0
    Section number: 1
    Interface id: 0 (\Device\NPF_{9B9257DC-FAC1-4993-B12F-136D7BA5E874})
        Interface name: \Device\NPF_{9B9257DC-FAC1-4993-B12F-136D7BA5E874}
        Interface description: Wi-Fi
    Encapsulation type: Ethernet (1)
    Arrival Time: Apr  9, 2026 19:48:04.032659000 India Standard Time
    UTC Arrival Time: Apr  9, 2026 14:18:04.032659000 UTC
    Epoch Arrival Time: 1775744284.032659000
    [Time shift for this packet: 0.000000000 seconds]
    [Time delta from previous captured frame: 896.500 microseconds]
    [Time delta from previous displayed frame: 896.500 microseconds]
    [Time since reference or first frame: 4.742694400 seconds]
    Frame Number: 102
    Frame Length: 231 bytes (1848 bits)
    Capture Length: 231 bytes (1848 bits)
    [Frame is marked: False]
    [Frame is ignored: False]
    [Protocols in frame: eth:ethertype:vlan:ethertype:ip:udp:quic]
    Character encoding: ASCII (0)
Ethernet II, Src: HewlettPacka_3a:cc:1d (28:92:4a:3a:cc:1d), Dst: 96:77:0b:05:d4:0b (96:77:0b:05:d4:0b)
    Destination: 96:77:0b:05:d4:0b (96:77:0b:05:d4:0b)
        .... ..1. .... .... .... .... = LG bit: Locally administered address (this is NOT the factory default)
        .... ...0 .... .... .... .... = IG bit: Individual address (unicast)
    Source: HewlettPacka_3a:cc:1d (28:92:4a:3a:cc:1d)
        .... ..0. .... .... .... .... = LG bit: Globally unique address (factory default)
        .... ...0 .... .... .... .... = IG bit: Individual address (unicast)
    Type: 802.1Q Virtual LAN (0x8100)
    [Stream index: 0]
802.1Q Virtual LAN, PRI: 0, DEI: 0, ID: 0
    000. .... .... .... = Priority: Best Effort (default) (0)
    ...0 .... .... .... = DEI: Ineligible
    .... 0000 0000 0000 = ID: 0
    Type: IPv4 (0x0800)
Internet Protocol Version 4, Src: 40.104.134.82, Dst: 172.16.90.227
    0100 .... = Version: 4
    .... 0101 = Header Length: 20 bytes (5)
    Differentiated Services Field: 0xb8 (DSCP: EF, ECN: Not-ECT)
        1011 10.. = Differentiated Services Codepoint: Expedited Forwarding (46)
        .... ..00 = Explicit Congestion Notification: Not ECN-Capable Transport (0)
    Total Length: 213
    Identification: 0x7735 (30517)
    010. .... = Flags: 0x2, Don't fragment
        0... .... = Reserved bit: Not set
        .1.. .... = Don't fragment: Set
        ..0. .... = More fragments: Not set
    ...0 0000 0000 0000 = Fragment Offset: 0
    Time to Live: 116
    Protocol: UDP (17)
    Header Checksum: 0xd87c [validation disabled]
    [Header checksum status: Unverified]
    Source Address: 40.104.134.82
    Destination Address: 172.16.90.227
    [Stream index: 2]
User Datagram Protocol, Src Port: 443, Dst Port: 62688
    Source Port: 443
    Destination Port: 62688
    Length: 193
    Checksum: 0xdb05 [unverified]
    [Checksum Status: Unverified]
    [Stream index: 4]
    [Stream Packet Number: 57]
    [Timestamps]
        [Time since first frame: 3.267855600 seconds]
        [Time since previous frame: 896.500 microseconds]
    UDP payload (185 bytes)
QUIC IETF
    QUIC Connection information
        [Connection Number: 4]
    [Packet Length: 185]
    QUIC Short Header
        0... .... = Header Form: Short Header (0)
        .1.. .... = Fixed Bit: True
        ..0. .... = Spin Bit: False
    Remaining Payload […]: 3fe6e8d4f3d7ee9ded8ab5fa8bfd1b78908394e6c09860c2437762059052b6f07e8c2c2fa9953310a54db35e160931270145131831b52b9eb4b6c4c66a4cdbebd6ee8dd6b22cfb93ca74a9b84fbd16ca8b72616c82f06badae3c09baf22711d382bca77381e0632a2a0c75

Frame 103: Packet, 85 bytes on wire (680 bits), 85 bytes captured (680 bits) on interface \Device\NPF_{9B9257DC-FAC1-4993-B12F-136D7BA5E874}, id 0
    Section number: 1
    Interface id: 0 (\Device\NPF_{9B9257DC-FAC1-4993-B12F-136D7BA5E874})
        Interface name: \Device\NPF_{9B9257DC-FAC1-4993-B12F-136D7BA5E874}
        Interface description: Wi-Fi
    Encapsulation type: Ethernet (1)
    Arrival Time: Apr  9, 2026 19:48:04.032852100 India Standard Time
    UTC Arrival Time: Apr  9, 2026 14:18:04.032852100 UTC
    Epoch Arrival Time: 1775744284.032852100
    [Time shift for this packet: 0.000000000 seconds]
    [Time delta from previous captured frame: 193.100 microseconds]
    [Time delta from previous displayed frame: 193.100 microseconds]
    [Time since reference or first frame: 4.742887500 seconds]
    Frame Number: 103
    Frame Length: 85 bytes (680 bits)
    Capture Length: 85 bytes (680 bits)
    [Frame is marked: False]
    [Frame is ignored: False]
    [Protocols in frame: eth:ethertype:vlan:ethertype:ip:udp:quic]
    Character encoding: ASCII (0)
Ethernet II, Src: HewlettPacka_3a:cc:1d (28:92:4a:3a:cc:1d), Dst: 96:77:0b:05:d4:0b (96:77:0b:05:d4:0b)
    Destination: 96:77:0b:05:d4:0b (96:77:0b:05:d4:0b)
        .... ..1. .... .... .... .... = LG bit: Locally administered address (this is NOT the factory default)
        .... ...0 .... .... .... .... = IG bit: Individual address (unicast)
    Source: HewlettPacka_3a:cc:1d (28:92:4a:3a:cc:1d)
        .... ..0. .... .... .... .... = LG bit: Globally unique address (factory default)
        .... ...0 .... .... .... .... = IG bit: Individual address (unicast)
    Type: 802.1Q Virtual LAN (0x8100)
    [Stream index: 0]
802.1Q Virtual LAN, PRI: 0, DEI: 0, ID: 0
    000. .... .... .... = Priority: Best Effort (default) (0)
    ...0 .... .... .... = DEI: Ineligible
    .... 0000 0000 0000 = ID: 0
    Type: IPv4 (0x0800)
Internet Protocol Version 4, Src: 40.104.134.82, Dst: 172.16.90.227
    0100 .... = Version: 4
    .... 0101 = Header Length: 20 bytes (5)
    Differentiated Services Field: 0xb8 (DSCP: EF, ECN: Not-ECT)
        1011 10.. = Differentiated Services Codepoint: Expedited Forwarding (46)
        .... ..00 = Explicit Congestion Notification: Not ECN-Capable Transport (0)
    Total Length: 67
    Identification: 0x7736 (30518)
    010. .... = Flags: 0x2, Don't fragment
        0... .... = Reserved bit: Not set
        .1.. .... = Don't fragment: Set
        ..0. .... = More fragments: Not set
    ...0 0000 0000 0000 = Fragment Offset: 0
    Time to Live: 116
    Protocol: UDP (17)
    Header Checksum: 0xd90d [validation disabled]
    [Header checksum status: Unverified]
    Source Address: 40.104.134.82
    Destination Address: 172.16.90.227
    [Stream index: 2]
User Datagram Protocol, Src Port: 443, Dst Port: 62688
    Source Port: 443
    Destination Port: 62688
    Length: 47
    Checksum: 0x672f [unverified]
    [Checksum Status: Unverified]
    [Stream index: 4]
    [Stream Packet Number: 58]
    [Timestamps]
        [Time since first frame: 3.268048700 seconds]
        [Time since previous frame: 193.100 microseconds]
    UDP payload (39 bytes)
QUIC IETF
    QUIC Connection information
        [Connection Number: 4]
    [Packet Length: 39]
    QUIC Short Header
        0... .... = Header Form: Short Header (0)
        .1.. .... = Fixed Bit: True
        ..0. .... = Spin Bit: False
    Remaining Payload: 9923ef16ce04607a97e62b5082f8b6cf29f182d7d70fb48c4d74524a7d7131cdcbd21dfef1ad

Frame 104: Packet, 73 bytes on wire (584 bits), 73 bytes captured (584 bits) on interface \Device\NPF_{9B9257DC-FAC1-4993-B12F-136D7BA5E874}, id 0
    Section number: 1
    Interface id: 0 (\Device\NPF_{9B9257DC-FAC1-4993-B12F-136D7BA5E874})
        Interface name: \Device\NPF_{9B9257DC-FAC1-4993-B12F-136D7BA5E874}
        Interface description: Wi-Fi
    Encapsulation type: Ethernet (1)
    Arrival Time: Apr  9, 2026 19:48:04.033000200 India Standard Time
    UTC Arrival Time: Apr  9, 2026 14:18:04.033000200 UTC
    Epoch Arrival Time: 1775744284.033000200
    [Time shift for this packet: 0.000000000 seconds]
    [Time delta from previous captured frame: 148.100 microseconds]
    [Time delta from previous displayed frame: 148.100 microseconds]
    [Time since reference or first frame: 4.743035600 seconds]
    Frame Number: 104
    Frame Length: 73 bytes (584 bits)
    Capture Length: 73 bytes (584 bits)
    [Frame is marked: False]
    [Frame is ignored: False]
    [Protocols in frame: eth:ethertype:vlan:ethertype:ip:udp:quic]
    Character encoding: ASCII (0)
Ethernet II, Src: HewlettPacka_3a:cc:1d (28:92:4a:3a:cc:1d), Dst: 96:77:0b:05:d4:0b (96:77:0b:05:d4:0b)
    Destination: 96:77:0b:05:d4:0b (96:77:0b:05:d4:0b)
        .... ..1. .... .... .... .... = LG bit: Locally administered address (this is NOT the factory default)
        .... ...0 .... .... .... .... = IG bit: Individual address (unicast)
    Source: HewlettPacka_3a:cc:1d (28:92:4a:3a:cc:1d)
        .... ..0. .... .... .... .... = LG bit: Globally unique address (factory default)
        .... ...0 .... .... .... .... = IG bit: Individual address (unicast)
    Type: 802.1Q Virtual LAN (0x8100)
    [Stream index: 0]
802.1Q Virtual LAN, PRI: 0, DEI: 0, ID: 0
    000. .... .... .... = Priority: Best Effort (default) (0)
    ...0 .... .... .... = DEI: Ineligible
    .... 0000 0000 0000 = ID: 0
    Type: IPv4 (0x0800)
Internet Protocol Version 4, Src: 40.104.134.82, Dst: 172.16.90.227
    0100 .... = Version: 4
    .... 0101 = Header Length: 20 bytes (5)
    Differentiated Services Field: 0xb8 (DSCP: EF, ECN: Not-ECT)
        1011 10.. = Differentiated Services Codepoint: Expedited Forwarding (46)
        .... ..00 = Explicit Congestion Notification: Not ECN-Capable Transport (0)
    Total Length: 55
    Identification: 0x7737 (30519)
    010. .... = Flags: 0x2, Don't fragment
        0... .... = Reserved bit: Not set
        .1.. .... = Don't fragment: Set
        ..0. .... = More fragments: Not set
    ...0 0000 0000 0000 = Fragment Offset: 0
    Time to Live: 116
    Protocol: UDP (17)
    Header Checksum: 0xd918 [validation disabled]
    [Header checksum status: Unverified]
    Source Address: 40.104.134.82
    Destination Address: 172.16.90.227
    [Stream index: 2]
User Datagram Protocol, Src Port: 443, Dst Port: 62688
    Source Port: 443
    Destination Port: 62688
    Length: 35
    Checksum: 0xa783 [unverified]
    [Checksum Status: Unverified]
    [Stream index: 4]
    [Stream Packet Number: 59]
    [Timestamps]
        [Time since first frame: 3.268196800 seconds]
        [Time since previous frame: 148.100 microseconds]
    UDP payload (27 bytes)
QUIC IETF
    QUIC Connection information
        [Connection Number: 4]
    [Packet Length: 27]
    QUIC Short Header
        0... .... = Header Form: Short Header (0)
        .1.. .... = Fixed Bit: True
        ..0. .... = Spin Bit: False
    Remaining Payload: a583f44f48d367def1a50f68a99ff637d48118af2f0af1a5e109

Frame 105: Packet, 83 bytes on wire (664 bits), 83 bytes captured (664 bits) on interface \Device\NPF_{9B9257DC-FAC1-4993-B12F-136D7BA5E874}, id 0
    Section number: 1
    Interface id: 0 (\Device\NPF_{9B9257DC-FAC1-4993-B12F-136D7BA5E874})
        Interface name: \Device\NPF_{9B9257DC-FAC1-4993-B12F-136D7BA5E874}
        Interface description: Wi-Fi
    Encapsulation type: Ethernet (1)
    Arrival Time: Apr  9, 2026 19:48:04.033200200 India Standard Time
    UTC Arrival Time: Apr  9, 2026 14:18:04.033200200 UTC
    Epoch Arrival Time: 1775744284.033200200
    [Time shift for this packet: 0.000000000 seconds]
    [Time delta from previous captured frame: 200.000 microseconds]
    [Time delta from previous displayed frame: 200.000 microseconds]
    [Time since reference or first frame: 4.743235600 seconds]
    Frame Number: 105
    Frame Length: 83 bytes (664 bits)
    Capture Length: 83 bytes (664 bits)
    [Frame is marked: False]
    [Frame is ignored: False]
    [Protocols in frame: eth:ethertype:ip:udp:quic]
    Character encoding: ASCII (0)
Ethernet II, Src: 96:77:0b:05:d4:0b (96:77:0b:05:d4:0b), Dst: HewlettPacka_3a:cc:1d (28:92:4a:3a:cc:1d)
    Destination: HewlettPacka_3a:cc:1d (28:92:4a:3a:cc:1d)
        .... ..0. .... .... .... .... = LG bit: Globally unique address (factory default)
        .... ...0 .... .... .... .... = IG bit: Individual address (unicast)
    Source: 96:77:0b:05:d4:0b (96:77:0b:05:d4:0b)
        .... ..1. .... .... .... .... = LG bit: Locally administered address (this is NOT the factory default)
        .... ...0 .... .... .... .... = IG bit: Individual address (unicast)
    Type: IPv4 (0x0800)
    [Stream index: 0]
Internet Protocol Version 4, Src: 172.16.90.227, Dst: 40.104.134.82
    0100 .... = Version: 4
    .... 0101 = Header Length: 20 bytes (5)
    Differentiated Services Field: 0x00 (DSCP: CS0, ECN: Not-ECT)
        0000 00.. = Differentiated Services Codepoint: Default (0)
        .... ..00 = Explicit Congestion Notification: Not ECN-Capable Transport (0)
    Total Length: 69
    Identification: 0xec69 (60521)
    010. .... = Flags: 0x2, Don't fragment
        0... .... = Reserved bit: Not set
        .1.. .... = Don't fragment: Set
        ..0. .... = More fragments: Not set
    ...0 0000 0000 0000 = Fragment Offset: 0
    Time to Live: 128
    Protocol: UDP (17)
    Header Checksum: 0x0000 [validation disabled]
    [Header checksum status: Unverified]
    Source Address: 172.16.90.227
    Destination Address: 40.104.134.82
    [Stream index: 2]
User Datagram Protocol, Src Port: 62688, Dst Port: 443
    Source Port: 62688
    Destination Port: 443
    Length: 49
    Checksum: 0xb5f0 [unverified]
    [Checksum Status: Unverified]
    [Stream index: 4]
    [Stream Packet Number: 60]
    [Timestamps]
        [Time since first frame: 3.268396800 seconds]
        [Time since previous frame: 200.000 microseconds]
    UDP payload (41 bytes)
QUIC IETF
    QUIC Connection information
        [Connection Number: 4]
    [Packet Length: 41]
    QUIC Short Header DCID=1e286886528e335e80b5d552ea30
        0... .... = Header Form: Short Header (0)
        .1.. .... = Fixed Bit: True
        ..0. .... = Spin Bit: False
        Destination Connection ID: 1e286886528e335e80b5d552ea30
    Remaining Payload: e38681c757655698f57c6af8da46a844624a8b8c0eb794e5ea11

Frame 106: Packet, 79 bytes on wire (632 bits), 79 bytes captured (632 bits) on interface \Device\NPF_{9B9257DC-FAC1-4993-B12F-136D7BA5E874}, id 0
    Section number: 1
    Interface id: 0 (\Device\NPF_{9B9257DC-FAC1-4993-B12F-136D7BA5E874})
        Interface name: \Device\NPF_{9B9257DC-FAC1-4993-B12F-136D7BA5E874}
        Interface description: Wi-Fi
    Encapsulation type: Ethernet (1)
    Arrival Time: Apr  9, 2026 19:48:04.033295800 India Standard Time
    UTC Arrival Time: Apr  9, 2026 14:18:04.033295800 UTC
    Epoch Arrival Time: 1775744284.033295800
    [Time shift for this packet: 0.000000000 seconds]
    [Time delta from previous captured frame: 95.600 microseconds]
    [Time delta from previous displayed frame: 95.600 microseconds]
    [Time since reference or first frame: 4.743331200 seconds]
    Frame Number: 106
    Frame Length: 79 bytes (632 bits)
    Capture Length: 79 bytes (632 bits)
    [Frame is marked: False]
    [Frame is ignored: False]
    [Protocols in frame: eth:ethertype:ip:udp:quic]
    Character encoding: ASCII (0)
Ethernet II, Src: 96:77:0b:05:d4:0b (96:77:0b:05:d4:0b), Dst: HewlettPacka_3a:cc:1d (28:92:4a:3a:cc:1d)
    Destination: HewlettPacka_3a:cc:1d (28:92:4a:3a:cc:1d)
        .... ..0. .... .... .... .... = LG bit: Globally unique address (factory default)
        .... ...0 .... .... .... .... = IG bit: Individual address (unicast)
    Source: 96:77:0b:05:d4:0b (96:77:0b:05:d4:0b)
        .... ..1. .... .... .... .... = LG bit: Locally administered address (this is NOT the factory default)
        .... ...0 .... .... .... .... = IG bit: Individual address (unicast)
    Type: IPv4 (0x0800)
    [Stream index: 0]
Internet Protocol Version 4, Src: 172.16.90.227, Dst: 40.104.134.82
    0100 .... = Version: 4
    .... 0101 = Header Length: 20 bytes (5)
    Differentiated Services Field: 0x00 (DSCP: CS0, ECN: Not-ECT)
        0000 00.. = Differentiated Services Codepoint: Default (0)
        .... ..00 = Explicit Congestion Notification: Not ECN-Capable Transport (0)
    Total Length: 65
    Identification: 0xec6a (60522)
    010. .... = Flags: 0x2, Don't fragment
        0... .... = Reserved bit: Not set
        .1.. .... = Don't fragment: Set
        ..0. .... = More fragments: Not set
    ...0 0000 0000 0000 = Fragment Offset: 0
    Time to Live: 128
    Protocol: UDP (17)
    Header Checksum: 0x0000 [validation disabled]
    [Header checksum status: Unverified]
    Source Address: 172.16.90.227
    Destination Address: 40.104.134.82
    [Stream index: 2]
User Datagram Protocol, Src Port: 62688, Dst Port: 443
    Source Port: 62688
    Destination Port: 443
    Length: 45
    Checksum: 0xb5ec [unverified]
    [Checksum Status: Unverified]
    [Stream index: 4]
    [Stream Packet Number: 61]
    [Timestamps]
        [Time since first frame: 3.268492400 seconds]
        [Time since previous frame: 95.600 microseconds]
    UDP payload (37 bytes)
QUIC IETF
    QUIC Connection information
        [Connection Number: 4]
    [Packet Length: 37]
    QUIC Short Header DCID=1e286886528e335e80b5d552ea30
        0... .... = Header Form: Short Header (0)
        .1.. .... = Fixed Bit: True
        ..0. .... = Spin Bit: False
        Destination Connection ID: 1e286886528e335e80b5d552ea30
    Remaining Payload: bea536e1fc738630d555557c04324c3ebcb75a2bd42f

Frame 107: Packet, 75 bytes on wire (600 bits), 75 bytes captured (600 bits) on interface \Device\NPF_{9B9257DC-FAC1-4993-B12F-136D7BA5E874}, id 0
    Section number: 1
    Interface id: 0 (\Device\NPF_{9B9257DC-FAC1-4993-B12F-136D7BA5E874})
        Interface name: \Device\NPF_{9B9257DC-FAC1-4993-B12F-136D7BA5E874}
        Interface description: Wi-Fi
    Encapsulation type: Ethernet (1)
    Arrival Time: Apr  9, 2026 19:48:04.038346600 India Standard Time
    UTC Arrival Time: Apr  9, 2026 14:18:04.038346600 UTC
    Epoch Arrival Time: 1775744284.038346600
    [Time shift for this packet: 0.000000000 seconds]
    [Time delta from previous captured frame: 5.050800 milliseconds]
    [Time delta from previous displayed frame: 5.050800 milliseconds]
    [Time since reference or first frame: 4.748382000 seconds]
    Frame Number: 107
    Frame Length: 75 bytes (600 bits)
    Capture Length: 75 bytes (600 bits)
    [Frame is marked: False]
    [Frame is ignored: False]
    [Protocols in frame: eth:ethertype:vlan:ethertype:ip:udp:quic]
    Character encoding: ASCII (0)
Ethernet II, Src: HewlettPacka_3a:cc:1d (28:92:4a:3a:cc:1d), Dst: 96:77:0b:05:d4:0b (96:77:0b:05:d4:0b)
    Destination: 96:77:0b:05:d4:0b (96:77:0b:05:d4:0b)
        .... ..1. .... .... .... .... = LG bit: Locally administered address (this is NOT the factory default)
        .... ...0 .... .... .... .... = IG bit: Individual address (unicast)
    Source: HewlettPacka_3a:cc:1d (28:92:4a:3a:cc:1d)
        .... ..0. .... .... .... .... = LG bit: Globally unique address (factory default)
        .... ...0 .... .... .... .... = IG bit: Individual address (unicast)
    Type: 802.1Q Virtual LAN (0x8100)
    [Stream index: 0]
802.1Q Virtual LAN, PRI: 0, DEI: 0, ID: 0
    000. .... .... .... = Priority: Best Effort (default) (0)
    ...0 .... .... .... = DEI: Ineligible
    .... 0000 0000 0000 = ID: 0
    Type: IPv4 (0x0800)
Internet Protocol Version 4, Src: 40.104.134.82, Dst: 172.16.90.227
    0100 .... = Version: 4
    .... 0101 = Header Length: 20 bytes (5)
    Differentiated Services Field: 0xb8 (DSCP: EF, ECN: Not-ECT)
        1011 10.. = Differentiated Services Codepoint: Expedited Forwarding (46)
        .... ..00 = Explicit Congestion Notification: Not ECN-Capable Transport (0)
    Total Length: 57
    Identification: 0x7738 (30520)
    010. .... = Flags: 0x2, Don't fragment
        0... .... = Reserved bit: Not set
        .1.. .... = Don't fragment: Set
        ..0. .... = More fragments: Not set
    ...0 0000 0000 0000 = Fragment Offset: 0
    Time to Live: 116
    Protocol: UDP (17)
    Header Checksum: 0xd915 [validation disabled]
    [Header checksum status: Unverified]
    Source Address: 40.104.134.82
    Destination Address: 172.16.90.227
    [Stream index: 2]
User Datagram Protocol, Src Port: 443, Dst Port: 62688
    Source Port: 443
    Destination Port: 62688
    Length: 37
    Checksum: 0x5879 [unverified]
    [Checksum Status: Unverified]
    [Stream index: 4]
    [Stream Packet Number: 62]
    [Timestamps]
        [Time since first frame: 3.273543200 seconds]
        [Time since previous frame: 5.050800 milliseconds]
    UDP payload (29 bytes)
QUIC IETF
    QUIC Connection information
        [Connection Number: 4]
    [Packet Length: 29]
    QUIC Short Header
        0... .... = Header Form: Short Header (0)
        .1.. .... = Fixed Bit: True
        ..0. .... = Spin Bit: False
    Remaining Payload: 80855a1b8adf4f84c6c195ce227e138d2dfffe10bf2cf83036257f6a

Frame 108: Packet, 80 bytes on wire (640 bits), 80 bytes captured (640 bits) on interface \Device\NPF_{9B9257DC-FAC1-4993-B12F-136D7BA5E874}, id 0
    Section number: 1
    Interface id: 0 (\Device\NPF_{9B9257DC-FAC1-4993-B12F-136D7BA5E874})
        Interface name: \Device\NPF_{9B9257DC-FAC1-4993-B12F-136D7BA5E874}
        Interface description: Wi-Fi
    Encapsulation type: Ethernet (1)
    Arrival Time: Apr  9, 2026 19:48:04.063854400 India Standard Time
    UTC Arrival Time: Apr  9, 2026 14:18:04.063854400 UTC
    Epoch Arrival Time: 1775744284.063854400
    [Time shift for this packet: 0.000000000 seconds]
    [Time delta from previous captured frame: 25.507800 milliseconds]
    [Time delta from previous displayed frame: 25.507800 milliseconds]
    [Time since reference or first frame: 4.773889800 seconds]
    Frame Number: 108
    Frame Length: 80 bytes (640 bits)
    Capture Length: 80 bytes (640 bits)
    [Frame is marked: False]
    [Frame is ignored: False]
    [Protocols in frame: eth:ethertype:ip:udp:quic]
    Character encoding: ASCII (0)
Ethernet II, Src: 96:77:0b:05:d4:0b (96:77:0b:05:d4:0b), Dst: HewlettPacka_3a:cc:1d (28:92:4a:3a:cc:1d)
    Destination: HewlettPacka_3a:cc:1d (28:92:4a:3a:cc:1d)
        .... ..0. .... .... .... .... = LG bit: Globally unique address (factory default)
        .... ...0 .... .... .... .... = IG bit: Individual address (unicast)
    Source: 96:77:0b:05:d4:0b (96:77:0b:05:d4:0b)
        .... ..1. .... .... .... .... = LG bit: Locally administered address (this is NOT the factory default)
        .... ...0 .... .... .... .... = IG bit: Individual address (unicast)
    Type: IPv4 (0x0800)
    [Stream index: 0]
Internet Protocol Version 4, Src: 172.16.90.227, Dst: 40.104.134.82
    0100 .... = Version: 4
    .... 0101 = Header Length: 20 bytes (5)
    Differentiated Services Field: 0x00 (DSCP: CS0, ECN: Not-ECT)
        0000 00.. = Differentiated Services Codepoint: Default (0)
        .... ..00 = Explicit Congestion Notification: Not ECN-Capable Transport (0)
    Total Length: 66
    Identification: 0xec6b (60523)
    010. .... = Flags: 0x2, Don't fragment
        0... .... = Reserved bit: Not set
        .1.. .... = Don't fragment: Set
        ..0. .... = More fragments: Not set
    ...0 0000 0000 0000 = Fragment Offset: 0
    Time to Live: 128
    Protocol: UDP (17)
    Header Checksum: 0x0000 [validation disabled]
    [Header checksum status: Unverified]
    Source Address: 172.16.90.227
    Destination Address: 40.104.134.82
    [Stream index: 2]
User Datagram Protocol, Src Port: 62688, Dst Port: 443
    Source Port: 62688
    Destination Port: 443
    Length: 46
    Checksum: 0xb5ed [unverified]
    [Checksum Status: Unverified]
    [Stream index: 4]
    [Stream Packet Number: 63]
    [Timestamps]
        [Time since first frame: 3.299051000 seconds]
        [Time since previous frame: 25.507800 milliseconds]
    UDP payload (38 bytes)
QUIC IETF
    QUIC Connection information
        [Connection Number: 4]
    [Packet Length: 38]
    QUIC Short Header DCID=1e286886528e335e80b5d552ea30
        0... .... = Header Form: Short Header (0)
        .1.. .... = Fixed Bit: True
        ..0. .... = Spin Bit: False
        Destination Connection ID: 1e286886528e335e80b5d552ea30
    Remaining Payload: f7032b105f3e6154e211e1d06c47e9978470eafbaff3a1

