Frame 1: Packet, 1292 bytes on wire (10336 bits), 1292 bytes captured (10336 bits) on interface \Device\NPF_{9B9257DC-FAC1-4993-B12F-136D7BA5E874}, id 0
    Section number: 1
    Interface id: 0 (\Device\NPF_{9B9257DC-FAC1-4993-B12F-136D7BA5E874})
        Interface name: \Device\NPF_{9B9257DC-FAC1-4993-B12F-136D7BA5E874}
        Interface description: Wi-Fi
    Encapsulation type: Ethernet (1)
    Arrival Time: Apr  9, 2026 19:48:40.442024600 India Standard Time
    UTC Arrival Time: Apr  9, 2026 14:18:40.442024600 UTC
    Epoch Arrival Time: 1775744320.442024600
    [Time shift for this packet: 0.000000000 seconds]
    [Time since reference or first frame: 0.000000000 seconds]
    Frame Number: 1
    Frame Length: 1292 bytes (10336 bits)
    Capture Length: 1292 bytes (10336 bits)
    [Frame is marked: False]
    [Frame is ignored: False]
    [Protocols in frame: eth:ethertype:ip:udp:quic]
    Character encoding: ASCII (0)
Ethernet II, Src: 96:77:0b:05:d4:0b (96:77:0b:05:d4:0b), Dst: HewlettPacka_3a:cc:1d (28:92:4a:3a:cc:1d)
    Destination: HewlettPacka_3a:cc:1d (28:92:4a:3a:cc:1d)
        .... ..0. .... .... .... .... = LG bit: Globally unique address (factory default)
        .... ...0 .... .... .... .... = IG bit: Individual address (unicast)
    Source: 96:77:0b:05:d4:0b (96:77:0b:05:d4:0b)
        .... ..1. .... .... .... .... = LG bit: Locally administered address (this is NOT the factory default)
        .... ...0 .... .... .... .... = IG bit: Individual address (unicast)
    Type: IPv4 (0x0800)
    [Stream index: 0]
Internet Protocol Version 4, Src: 172.16.90.227, Dst: 151.101.65.164
    0100 .... = Version: 4
    .... 0101 = Header Length: 20 bytes (5)
    Differentiated Services Field: 0x00 (DSCP: CS0, ECN: Not-ECT)
        0000 00.. = Differentiated Services Codepoint: Default (0)
        .... ..00 = Explicit Congestion Notification: Not ECN-Capable Transport (0)
    Total Length: 1278
    Identification: 0x59f8 (23032)
    010. .... = Flags: 0x2, Don't fragment
        0... .... = Reserved bit: Not set
        .1.. .... = Don't fragment: Set
        ..0. .... = More fragments: Not set
    ...0 0000 0000 0000 = Fragment Offset: 0
    Time to Live: 128
    Protocol: UDP (17)
    Header Checksum: 0x0000 [validation disabled]
    [Header checksum status: Unverified]
    Source Address: 172.16.90.227
    Destination Address: 151.101.65.164
    [Stream index: 0]
User Datagram Protocol, Src Port: 52244, Dst Port: 443
    Source Port: 52244
    Destination Port: 443
    Length: 1258
    Checksum: 0xe4f8 [unverified]
    [Checksum Status: Unverified]
    [Stream index: 0]
    [Stream Packet Number: 1]
    [Timestamps]
        [Time since first frame: 0.000000000 seconds]
        [Time since previous frame: 0.000000000 seconds]
    UDP payload (1250 bytes)
QUIC IETF
    QUIC Connection information
        [Connection Number: 0]
    [Packet Length: 1250]
    1... .... = Header Form: Long Header (1)
    .1.. .... = Fixed Bit: True
    ..00 .... = Packet Type: Initial (0)
    [.... 00.. = Reserved: 0]
    [.... ..00 = Packet Number Length: 1 bytes (0)]
    Version: 1 (0x00000001)
    Destination Connection ID Length: 8
    Destination Connection ID: 4e40295428aa5207
    Source Connection ID Length: 0
    Token Length: 0
    Length: 1232
    [Packet Number: 1]
    Payload […]: c07ac8eccc2ffa29c5b4c8983d33a3e6e36d3a5b9d09b5476e0a681f13fdb34c68322536fd0d5d35233947f94880986c2cc126b1fdb84b739e60419fa4912a4006c2648d7c0607b5277e685d8ff3fc45fb864702bb2460332d6a4829793a7c925a7bfc36322083de4d7cce55040d5b4a
    PING
        Frame Type: PING (0x0000000000000001)
    CRYPTO
        Frame Type: CRYPTO (0x0000000000000006)
        Offset: 969
        Length: 1
        Crypto Data
    CRYPTO
        Frame Type: CRYPTO (0x0000000000000006)
        Offset: 981
        Length: 795
        Crypto Data
    PADDING Length: 169
        Frame Type: PADDING (0x0000000000000000)
        [Padding Length: 169]
    CRYPTO
        Frame Type: CRYPTO (0x0000000000000006)
        Offset: 970
        Length: 4
        Crypto Data
    CRYPTO
        Frame Type: CRYPTO (0x0000000000000006)
        Offset: 974
        Length: 7
        Crypto Data
    PADDING Length: 22
        Frame Type: PADDING (0x0000000000000000)
        [Padding Length: 22]
    PING
        Frame Type: PING (0x0000000000000001)
    CRYPTO
        Frame Type: CRYPTO (0x0000000000000006)
        Offset: 38
        Length: 41
        Crypto Data
    PING
        Frame Type: PING (0x0000000000000001)
    PADDING Length: 109
        Frame Type: PADDING (0x0000000000000000)
        [Padding Length: 109]
    CRYPTO
        Frame Type: CRYPTO (0x0000000000000006)
        Offset: 0
        Length: 38
        Crypto Data
    PADDING Length: 3
        Frame Type: PADDING (0x0000000000000000)
        [Padding Length: 3]

Frame 2: Packet, 1292 bytes on wire (10336 bits), 1292 bytes captured (10336 bits) on interface \Device\NPF_{9B9257DC-FAC1-4993-B12F-136D7BA5E874}, id 0
    Section number: 1
    Interface id: 0 (\Device\NPF_{9B9257DC-FAC1-4993-B12F-136D7BA5E874})
        Interface name: \Device\NPF_{9B9257DC-FAC1-4993-B12F-136D7BA5E874}
        Interface description: Wi-Fi
    Encapsulation type: Ethernet (1)
    Arrival Time: Apr  9, 2026 19:48:40.442089200 India Standard Time
    UTC Arrival Time: Apr  9, 2026 14:18:40.442089200 UTC
    Epoch Arrival Time: 1775744320.442089200
    [Time shift for this packet: 0.000000000 seconds]
    [Time delta from previous captured frame: 64.600 microseconds]
    [Time delta from previous displayed frame: 64.600 microseconds]
    [Time since reference or first frame: 64.600 microseconds]
    Frame Number: 2
    Frame Length: 1292 bytes (10336 bits)
    Capture Length: 1292 bytes (10336 bits)
    [Frame is marked: False]
    [Frame is ignored: False]
    [Protocols in frame: eth:ethertype:ip:udp:quic:tls]
    Character encoding: ASCII (0)
Ethernet II, Src: 96:77:0b:05:d4:0b (96:77:0b:05:d4:0b), Dst: HewlettPacka_3a:cc:1d (28:92:4a:3a:cc:1d)
    Destination: HewlettPacka_3a:cc:1d (28:92:4a:3a:cc:1d)
        .... ..0. .... .... .... .... = LG bit: Globally unique address (factory default)
        .... ...0 .... .... .... .... = IG bit: Individual address (unicast)
    Source: 96:77:0b:05:d4:0b (96:77:0b:05:d4:0b)
        .... ..1. .... .... .... .... = LG bit: Locally administered address (this is NOT the factory default)
        .... ...0 .... .... .... .... = IG bit: Individual address (unicast)
    Type: IPv4 (0x0800)
    [Stream index: 0]
Internet Protocol Version 4, Src: 172.16.90.227, Dst: 151.101.65.164
    0100 .... = Version: 4
    .... 0101 = Header Length: 20 bytes (5)
    Differentiated Services Field: 0x00 (DSCP: CS0, ECN: Not-ECT)
        0000 00.. = Differentiated Services Codepoint: Default (0)
        .... ..00 = Explicit Congestion Notification: Not ECN-Capable Transport (0)
    Total Length: 1278
    Identification: 0x59f9 (23033)
    010. .... = Flags: 0x2, Don't fragment
        0... .... = Reserved bit: Not set
        .1.. .... = Don't fragment: Set
        ..0. .... = More fragments: Not set
    ...0 0000 0000 0000 = Fragment Offset: 0
    Time to Live: 128
    Protocol: UDP (17)
    Header Checksum: 0x0000 [validation disabled]
    [Header checksum status: Unverified]
    Source Address: 172.16.90.227
    Destination Address: 151.101.65.164
    [Stream index: 0]
User Datagram Protocol, Src Port: 52244, Dst Port: 443
    Source Port: 52244
    Destination Port: 443
    Length: 1258
    Checksum: 0xe4f8 [unverified]
    [Checksum Status: Unverified]
    [Stream index: 0]
    [Stream Packet Number: 2]
    [Timestamps]
        [Time since first frame: 64.600 microseconds]
        [Time since previous frame: 64.600 microseconds]
    UDP payload (1250 bytes)
QUIC IETF
    QUIC Connection information
        [Connection Number: 0]
    [Packet Length: 1250]
    1... .... = Header Form: Long Header (1)
    .1.. .... = Fixed Bit: True
    ..00 .... = Packet Type: Initial (0)
    [.... 00.. = Reserved: 0]
    [.... ..01 = Packet Number Length: 2 bytes (1)]
    Version: 1 (0x00000001)
    Destination Connection ID Length: 8
    Destination Connection ID: 4e40295428aa5207
    Source Connection ID Length: 0
    Token Length: 0
    Length: 1232
    [Packet Number: 2]
    Payload […]: 31ba14723a11e9a2cfb9106f4951b6a9c6317c1ade3de0ee992e4e464af142b9cff9f1aa28c57e93aed48bef54f905c9bf371e0fd0391916346c41df5820ca580a954f12deffc8f2a637fcfd79576b9142eb5f37159e68e33314e74c0e193f6789eaec05787dd99778b328ac113865c0
    PADDING Length: 3
        Frame Type: PADDING (0x0000000000000000)
        [Padding Length: 3]
    PING
        Frame Type: PING (0x0000000000000001)
    PADDING Length: 122
        Frame Type: PADDING (0x0000000000000000)
        [Padding Length: 122]
    CRYPTO
        Frame Type: CRYPTO (0x0000000000000006)
        Offset: 843
        Length: 34
        Crypto Data
    PADDING Length: 1
        Frame Type: PADDING (0x0000000000000000)
        [Padding Length: 1]
    PING
        Frame Type: PING (0x0000000000000001)
    CRYPTO
        Frame Type: CRYPTO (0x0000000000000006)
        Offset: 126
        Length: 396
        Crypto Data
    PADDING Length: 84
        Frame Type: PADDING (0x0000000000000000)
        [Padding Length: 84]
    PING
        Frame Type: PING (0x0000000000000001)
    CRYPTO
        Frame Type: CRYPTO (0x0000000000000006)
        Offset: 79
        Length: 47
        Crypto Data
    CRYPTO
        Frame Type: CRYPTO (0x0000000000000006)
        Offset: 522
        Length: 191
        Crypto Data
    PADDING Length: 63
        Frame Type: PADDING (0x0000000000000000)
        [Padding Length: 63]
    CRYPTO
        Frame Type: CRYPTO (0x0000000000000006)
        Offset: 877
        Length: 37
        Crypto Data
    CRYPTO
        Frame Type: CRYPTO (0x0000000000000006)
        Offset: 713
        Length: 9
        Crypto Data
    CRYPTO
        Frame Type: CRYPTO (0x0000000000000006)
        Offset: 722
        Length: 121
        Crypto Data
    PADDING Length: 4
        Frame Type: PADDING (0x0000000000000000)
        [Padding Length: 4]
    CRYPTO
        Frame Type: CRYPTO (0x0000000000000006)
        Offset: 914
        Length: 55
        Crypto Data
        [14 Reassembled QUIC CRYPTO Data Fragments (1776 bytes): #1(38), #1(41), #2(47), #2(396), #2(191), #2(9), #2(121), #2(34), #2(37), #2(55), #1(1), #1(4), #1(7), #1(795)]
            [Frame: 1, payload: 0-37 (38 bytes)]
            [Frame: 1, payload: 38-78 (41 bytes)]
            [Frame: 2, payload: 79-125 (47 bytes)]
            [Frame: 2, payload: 126-521 (396 bytes)]
            [Frame: 2, payload: 522-712 (191 bytes)]
            [Frame: 2, payload: 713-721 (9 bytes)]
            [Frame: 2, payload: 722-842 (121 bytes)]
            [Frame: 2, payload: 843-876 (34 bytes)]
            [Frame: 2, payload: 877-913 (37 bytes)]
            [Frame: 2, payload: 914-968 (55 bytes)]
            [Frame: 1, payload: 969-969 (1 byte)]
            [Frame: 1, payload: 970-973 (4 bytes)]
            [Frame: 1, payload: 974-980 (7 bytes)]
            [Frame: 1, payload: 981-1775 (795 bytes)]
            [Fragment count: 14]
        TLSv1.3 Record Layer: Handshake Protocol: Client Hello
            Handshake Protocol: Client Hello
                Handshake Type: Client Hello (1)
                Length: 1772
                Version: TLS 1.2 (0x0303)
                    [Expert Info (Chat/Deprecated): This legacy_version field MUST be ignored. The supported_versions extension is present and MUST be used instead.]
                        [This legacy_version field MUST be ignored. The supported_versions extension is present and MUST be used instead.]
                        [Severity level: Chat]
                        [Group: Deprecated]
                Random: 33f8938e8210aa2e92f605264d5dd67abf39bbab494c766924a60fd01bb748a6
                Session ID Length: 0
                Cipher Suites Length: 6
                Cipher Suites (3 suites)
                    Cipher Suite: TLS_AES_128_GCM_SHA256 (0x1301)
                    Cipher Suite: TLS_AES_256_GCM_SHA384 (0x1302)
                    Cipher Suite: TLS_CHACHA20_POLY1305_SHA256 (0x1303)
                Compression Methods Length: 1
                Compression Methods (1 method)
                    Compression Method: null (0)
                Extensions Length: 1725
                Extension: encrypted_client_hello (len=282)
                    Type: encrypted_client_hello (65037)
                    Length: 282
                    Client Hello type: Outer Client Hello (0)
                    Cipher Suite: HKDF-SHA256/AES-128-GCM
                        KDF Id: HKDF-SHA256 (1)
                        AEAD Id: AES-128-GCM (1)
                    Config Id: 0
                    Enc length: 32
                    Enc: 349d821e00a6d1e9f65864792c56380bf5216019c2ce49ab2fdb207758fe912b
                    Payload length: 240
                    Payload […]: e8976c7c445b705d5c830b9af1e910f83b8b7a6720d8f9ba314acf971332cde5b6b7a0f01c69b4ac2be4c79059f8cb972d624e5e77d3925a013f034f730d05131f61f67ebd1cc9920b36ced6d6c5ea63fde2aab32c7e2cc8682471de9a1f7522c6b044b86435323d23695165da6e6591
                Extension: server_name (len=20) name=www.nytimes.com
                    Type: server_name (0)
                    Length: 20
                    Server Name Indication extension
                        Server Name list length: 18
                        Server Name Type: host_name (0)
                        Server Name length: 15
                        Server Name: www.nytimes.com
                Extension: supported_versions (len=3) TLS 1.3
                    Type: supported_versions (43)
                    Length: 3
                    Supported Versions length: 2
                    Supported Version: TLS 1.3 (0x0304)
                Extension: application_settings (len=5)
                    Type: application_settings (17613)
                    Length: 5
                    ALPS Extension Length: 3
                    Supported ALPN List
                        Supported ALPN Length: 2
                        Supported ALPN: h3
                Extension: key_share (len=1258) X25519MLKEM768, x25519
                    Type: key_share (51)
                    Length: 1258
                    Key Share extension
                        Client Key Share Length: 1256
                        Key Share Entry: Group: X25519MLKEM768, Key Exchange length: 1216
                            Group: X25519MLKEM768 (4588)
                            Key Exchange Length: 1216
                            Key Exchange […]: e6235d086cabc349a2425230b8a3782e38856629b0d8a843554b975c377b9731233ac4574e511dc5f61129e5343be90bcef5a88621b2c45c5edebc8684aaaf7f7c6930f952ecfca32f2441028193a4c4ab630a1ba2764a2295608b4510024b6c455537094832293897a763b80d9
                        Key Share Entry: Group: x25519, Key Exchange length: 32
                            Group: x25519 (29)
                            Key Exchange Length: 32
                            Key Exchange: 70b8406fecca1638a87b7976e13f9847fec0c183ad2175db332ea1349993976a
                Extension: signature_algorithms (len=20)
                    Type: signature_algorithms (13)
                    Length: 20
                    Signature Hash Algorithms Length: 18
                    Signature Hash Algorithms (9 algorithms)
                        Signature Algorithm: ecdsa_secp256r1_sha256 (0x0403)
                            Signature Hash Algorithm Hash: SHA256 (4)
                            Signature Hash Algorithm Signature: ECDSA (3)
                        Signature Algorithm: rsa_pss_rsae_sha256 (0x0804)
                            Signature Hash Algorithm Hash: Unknown (8)
                            Signature Hash Algorithm Signature: Unknown (4)
                        Signature Algorithm: rsa_pkcs1_sha256 (0x0401)
                            Signature Hash Algorithm Hash: SHA256 (4)
                            Signature Hash Algorithm Signature: RSA (1)
                        Signature Algorithm: ecdsa_secp384r1_sha384 (0x0503)
                            Signature Hash Algorithm Hash: SHA384 (5)
                            Signature Hash Algorithm Signature: ECDSA (3)
                        Signature Algorithm: rsa_pss_rsae_sha384 (0x0805)
                            Signature Hash Algorithm Hash: Unknown (8)
                            Signature Hash Algorithm Signature: Unknown (5)
                        Signature Algorithm: rsa_pkcs1_sha384 (0x0501)
                            Signature Hash Algorithm Hash: SHA384 (5)
                            Signature Hash Algorithm Signature: RSA (1)
                        Signature Algorithm: rsa_pss_rsae_sha512 (0x0806)
                            Signature Hash Algorithm Hash: Unknown (8)
                            Signature Hash Algorithm Signature: Unknown (6)
                        Signature Algorithm: rsa_pkcs1_sha512 (0x0601)
                            Signature Hash Algorithm Hash: SHA512 (6)
                            Signature Hash Algorithm Signature: RSA (1)
                        Signature Algorithm: rsa_pkcs1_sha1 (0x0201)
                            Signature Hash Algorithm Hash: SHA1 (2)
                            Signature Hash Algorithm Signature: RSA (1)
                Extension: supported_groups (len=10)
                    Type: supported_groups (10)
                    Length: 10
                    Supported Groups List Length: 8
                    Supported Groups (4 groups)
                        Supported Group: X25519MLKEM768 (0x11ec)
                        Supported Group: x25519 (0x001d)
                        Supported Group: secp256r1 (0x0017)
                        Supported Group: secp384r1 (0x0018)
                Extension: quic_transport_parameters (len=73)
                    Type: quic_transport_parameters (57)
                    Length: 73
                    Parameter: GREASE (len=0)
                        Type: GREASE (0x1c6f1dd1c2bd9f24)
                        Length: 0
                    Parameter: max_udp_payload_size (len=2) 1472
                        Type: max_udp_payload_size (0x03)
                        Length: 2
                        Value: 45c0
                        max_udp_payload_size: 1472
                    Parameter: max_idle_timeout (len=4) 30000 ms
                        Type: max_idle_timeout (0x01)
                        Length: 4
                        Value: 80007530
                        max_idle_timeout: 30000
                    Parameter: version_information (len=12)
                        Type: version_information (0x11)
                        Length: 12
                        Value: 00000001ba7aea2a00000001
                        Chosen Version: 1 (0x00000001)
                        Other Version: Unknown (0xba7aea2a) (GREASE)
                        Other Version: 1 (0x00000001)
                    Parameter: max_datagram_frame_size (len=4) 65536
                        Type: max_datagram_frame_size (0x20)
                        Length: 4
                        Value: 80010000
                        max_datagram_frame_size: 65536
                    Parameter: initial_source_connection_id (len=0)
                        Type: initial_source_connection_id (0x0f)
                        Length: 0
                        Initial Source Connection ID: <MISSING>
                    Parameter: initial_max_streams_uni (len=2) 103
                        Type: initial_max_streams_uni (0x09)
                        Length: 2
                        Value: 4067
                        initial_max_streams_uni: 103
                    Parameter: initial_max_streams_bidi (len=2) 100
                        Type: initial_max_streams_bidi (0x08)
                        Length: 2
                        Value: 4064
                        initial_max_streams_bidi: 100
                    Parameter: initial_max_stream_data_uni (len=4) 6291456
                        Type: initial_max_stream_data_uni (0x07)
                        Length: 4
                        Value: 80600000
                        initial_max_stream_data_uni: 6291456
                    Parameter: initial_max_stream_data_bidi_remote (len=4) 6291456
                        Type: initial_max_stream_data_bidi_remote (0x06)
                        Length: 4
                        Value: 80600000
                        initial_max_stream_data_bidi_remote: 6291456
                    Parameter: initial_max_data (len=4) 15728640
                        Type: initial_max_data (0x04)
                        Length: 4
                        Value: 80f00000
                        initial_max_data: 15728640
                    Parameter: initial_max_stream_data_bidi_local (len=4) 6291456
                        Type: initial_max_stream_data_bidi_local (0x05)
                        Length: 4
                        Value: 80600000
                        initial_max_stream_data_bidi_local: 6291456
                Extension: psk_key_exchange_modes (len=2)
                    Type: psk_key_exchange_modes (45)
                    Length: 2
                    PSK Key Exchange Modes Length: 1
                    PSK Key Exchange Mode: PSK with (EC)DHE key establishment (psk_dhe_ke) (1)
                Extension: application_layer_protocol_negotiation (len=5)
                    Type: application_layer_protocol_negotiation (16)
                    Length: 5
                    ALPN Extension Length: 3
                    ALPN Protocol
                        ALPN string length: 2
                        ALPN Next Protocol: h3
                Extension: compress_certificate (len=3)
                    Type: compress_certificate (27)
                    Length: 3
                    Algorithms Length: 2
                    Algorithm: brotli (2)
                [JA4: q13d0311h3_55b375c5d22e_653d80c3fe9d]
                [JA4_r: q13d0311h3_1301,1302,1303_000a,000d,001b,002b,002d,0033,0039,44cd,fe0d_0403,0804,0401,0503,0805,0501,0806,0601,0201]
                [JA3 Fullstring: 771,4865-4866-4867,65037-0-43-17613-51-13-10-57-45-16-27,4588-29-23-24,]
                [JA3: 8740e93c8676d295f460575a7627a69f]
    PING
        Frame Type: PING (0x0000000000000001)
    PADDING Length: 4
        Frame Type: PADDING (0x0000000000000000)
        [Padding Length: 4]
    PING
        Frame Type: PING (0x0000000000000001)
    PADDING Length: 3
        Frame Type: PADDING (0x0000000000000000)
        [Padding Length: 3]

Frame 3: Packet, 1292 bytes on wire (10336 bits), 1292 bytes captured (10336 bits) on interface \Device\NPF_{9B9257DC-FAC1-4993-B12F-136D7BA5E874}, id 0
    Section number: 1
    Interface id: 0 (\Device\NPF_{9B9257DC-FAC1-4993-B12F-136D7BA5E874})
        Interface name: \Device\NPF_{9B9257DC-FAC1-4993-B12F-136D7BA5E874}
        Interface description: Wi-Fi
    Encapsulation type: Ethernet (1)
    Arrival Time: Apr  9, 2026 19:48:40.742200000 India Standard Time
    UTC Arrival Time: Apr  9, 2026 14:18:40.742200000 UTC
    Epoch Arrival Time: 1775744320.742200000
    [Time shift for this packet: 0.000000000 seconds]
    [Time delta from previous captured frame: 300.110800 milliseconds]
    [Time delta from previous displayed frame: 300.110800 milliseconds]
    [Time since reference or first frame: 300.175400 milliseconds]
    Frame Number: 3
    Frame Length: 1292 bytes (10336 bits)
    Capture Length: 1292 bytes (10336 bits)
    [Frame is marked: False]
    [Frame is ignored: False]
    [Protocols in frame: eth:ethertype:ip:udp:quic]
    Character encoding: ASCII (0)
Ethernet II, Src: 96:77:0b:05:d4:0b (96:77:0b:05:d4:0b), Dst: HewlettPacka_3a:cc:1d (28:92:4a:3a:cc:1d)
    Destination: HewlettPacka_3a:cc:1d (28:92:4a:3a:cc:1d)
        .... ..0. .... .... .... .... = LG bit: Globally unique address (factory default)
        .... ...0 .... .... .... .... = IG bit: Individual address (unicast)
    Source: 96:77:0b:05:d4:0b (96:77:0b:05:d4:0b)
        .... ..1. .... .... .... .... = LG bit: Locally administered address (this is NOT the factory default)
        .... ...0 .... .... .... .... = IG bit: Individual address (unicast)
    Type: IPv4 (0x0800)
    [Stream index: 0]
Internet Protocol Version 4, Src: 172.16.90.227, Dst: 151.101.65.164
    0100 .... = Version: 4
    .... 0101 = Header Length: 20 bytes (5)
    Differentiated Services Field: 0x00 (DSCP: CS0, ECN: Not-ECT)
        0000 00.. = Differentiated Services Codepoint: Default (0)
        .... ..00 = Explicit Congestion Notification: Not ECN-Capable Transport (0)
    Total Length: 1278
    Identification: 0x59fa (23034)
    010. .... = Flags: 0x2, Don't fragment
        0... .... = Reserved bit: Not set
        .1.. .... = Don't fragment: Set
        ..0. .... = More fragments: Not set
    ...0 0000 0000 0000 = Fragment Offset: 0
    Time to Live: 128
    Protocol: UDP (17)
    Header Checksum: 0x0000 [validation disabled]
    [Header checksum status: Unverified]
    Source Address: 172.16.90.227
    Destination Address: 151.101.65.164
    [Stream index: 0]
User Datagram Protocol, Src Port: 52244, Dst Port: 443
    Source Port: 52244
    Destination Port: 443
    Length: 1258
    Checksum: 0xe4f8 [unverified]
    [Checksum Status: Unverified]
    [Stream index: 0]
    [Stream Packet Number: 3]
    [Timestamps]
        [Time since first frame: 300.175400 milliseconds]
        [Time since previous frame: 300.110800 milliseconds]
    UDP payload (1250 bytes)
QUIC IETF
    QUIC Connection information
        [Connection Number: 0]
    [Packet Length: 1250]
    1... .... = Header Form: Long Header (1)
    .1.. .... = Fixed Bit: True
    ..00 .... = Packet Type: Initial (0)
    [.... 00.. = Reserved: 0]
    [.... ..00 = Packet Number Length: 1 bytes (0)]
    Version: 1 (0x00000001)
    Destination Connection ID Length: 8
    Destination Connection ID: 4e40295428aa5207
    Source Connection ID Length: 0
    Token Length: 0
    Length: 1232
    [Packet Number: 4]
    Payload […]: 27e5d3cce1d5852f3b8aaa75d91ae5bf79ed9118da228f25dcea43265c67837ce3804709f12432fb784d333bae4034b83a7865decedc6d8d259945f7b8e84009b0f03f881558e94fffcbdc28e9c489d1e20afd621a5e8dfe37ce2e8efa3ec4d5f302d60f767ac7dd00cd74c8cb5217cf
    CRYPTO
        Frame Type: CRYPTO (0x0000000000000006)
        Offset: 969
        Length: 488
        Crypto Data
        This QUIC frame has a reused stream offset (retransmission?)
            [Expert Info (Note/Sequence): This QUIC frame has a reused stream offset (retransmission?)]
                [This QUIC frame has a reused stream offset (retransmission?)]
                [Severity level: Note]
                [Group: Sequence]
    PADDING Length: 30
        Frame Type: PADDING (0x0000000000000000)
        [Padding Length: 30]
    PING
        Frame Type: PING (0x0000000000000001)
    PADDING Length: 180
        Frame Type: PADDING (0x0000000000000000)
        [Padding Length: 180]
    PING
        Frame Type: PING (0x0000000000000001)
    PADDING Length: 1
        Frame Type: PADDING (0x0000000000000000)
        [Padding Length: 1]
    PING
        Frame Type: PING (0x0000000000000001)
    PADDING Length: 60
        Frame Type: PADDING (0x0000000000000000)
        [Padding Length: 60]
    CRYPTO
        Frame Type: CRYPTO (0x0000000000000006)
        Offset: 1457
        Length: 319
        Crypto Data
        This QUIC frame has a reused stream offset (retransmission?)
            [Expert Info (Note/Sequence): This QUIC frame has a reused stream offset (retransmission?)]
                [This QUIC frame has a reused stream offset (retransmission?)]
                [Severity level: Note]
                [Group: Sequence]
    PING
        Frame Type: PING (0x0000000000000001)
    PING
        Frame Type: PING (0x0000000000000001)
    PING
        Frame Type: PING (0x0000000000000001)
    CRYPTO
        Frame Type: CRYPTO (0x0000000000000006)
        Offset: 7
        Length: 72
        Crypto Data
        This QUIC frame has a reused stream offset (retransmission?)
            [Expert Info (Note/Sequence): This QUIC frame has a reused stream offset (retransmission?)]
                [This QUIC frame has a reused stream offset (retransmission?)]
                [Severity level: Note]
                [Group: Sequence]
    PADDING Length: 1
        Frame Type: PADDING (0x0000000000000000)
        [Padding Length: 1]
    PING
        Frame Type: PING (0x0000000000000001)
    PING
        Frame Type: PING (0x0000000000000001)
    PING
        Frame Type: PING (0x0000000000000001)
    CRYPTO
        Frame Type: CRYPTO (0x0000000000000006)
        Offset: 2
        Length: 5
        Crypto Data
        This QUIC frame has a reused stream offset (retransmission?)
            [Expert Info (Note/Sequence): This QUIC frame has a reused stream offset (retransmission?)]
                [This QUIC frame has a reused stream offset (retransmission?)]
                [Severity level: Note]
                [Group: Sequence]
    PADDING Length: 28
        Frame Type: PADDING (0x0000000000000000)
        [Padding Length: 28]
    CRYPTO
        Frame Type: CRYPTO (0x0000000000000006)
        Offset: 0
        Length: 2
        Crypto Data
        This QUIC frame has a reused stream offset (retransmission?)
            [Expert Info (Note/Sequence): This QUIC frame has a reused stream offset (retransmission?)]
                [This QUIC frame has a reused stream offset (retransmission?)]
                [Severity level: Note]
                [Group: Sequence]

Frame 4: Packet, 1292 bytes on wire (10336 bits), 1292 bytes captured (10336 bits) on interface \Device\NPF_{9B9257DC-FAC1-4993-B12F-136D7BA5E874}, id 0
    Section number: 1
    Interface id: 0 (\Device\NPF_{9B9257DC-FAC1-4993-B12F-136D7BA5E874})
        Interface name: \Device\NPF_{9B9257DC-FAC1-4993-B12F-136D7BA5E874}
        Interface description: Wi-Fi
    Encapsulation type: Ethernet (1)
    Arrival Time: Apr  9, 2026 19:48:41.333285300 India Standard Time
    UTC Arrival Time: Apr  9, 2026 14:18:41.333285300 UTC
    Epoch Arrival Time: 1775744321.333285300
    [Time shift for this packet: 0.000000000 seconds]
    [Time delta from previous captured frame: 591.085300 milliseconds]
    [Time delta from previous displayed frame: 591.085300 milliseconds]
    [Time since reference or first frame: 891.260700 milliseconds]
    Frame Number: 4
    Frame Length: 1292 bytes (10336 bits)
    Capture Length: 1292 bytes (10336 bits)
    [Frame is marked: False]
    [Frame is ignored: False]
    [Protocols in frame: eth:ethertype:ip:udp:quic]
    Character encoding: ASCII (0)
Ethernet II, Src: 96:77:0b:05:d4:0b (96:77:0b:05:d4:0b), Dst: HewlettPacka_3a:cc:1d (28:92:4a:3a:cc:1d)
    Destination: HewlettPacka_3a:cc:1d (28:92:4a:3a:cc:1d)
        .... ..0. .... .... .... .... = LG bit: Globally unique address (factory default)
        .... ...0 .... .... .... .... = IG bit: Individual address (unicast)
    Source: 96:77:0b:05:d4:0b (96:77:0b:05:d4:0b)
        .... ..1. .... .... .... .... = LG bit: Locally administered address (this is NOT the factory default)
        .... ...0 .... .... .... .... = IG bit: Individual address (unicast)
    Type: IPv4 (0x0800)
    [Stream index: 0]
Internet Protocol Version 4, Src: 172.16.90.227, Dst: 40.104.77.114
    0100 .... = Version: 4
    .... 0101 = Header Length: 20 bytes (5)
    Differentiated Services Field: 0x00 (DSCP: CS0, ECN: Not-ECT)
        0000 00.. = Differentiated Services Codepoint: Default (0)
        .... ..00 = Explicit Congestion Notification: Not ECN-Capable Transport (0)
    Total Length: 1278
    Identification: 0x64ab (25771)
    010. .... = Flags: 0x2, Don't fragment
        0... .... = Reserved bit: Not set
        .1.. .... = Don't fragment: Set
        ..0. .... = More fragments: Not set
    ...0 0000 0000 0000 = Fragment Offset: 0
    Time to Live: 128
    Protocol: UDP (17)
    Header Checksum: 0x0000 [validation disabled]
    [Header checksum status: Unverified]
    Source Address: 172.16.90.227
    Destination Address: 40.104.77.114
    [Stream index: 1]
User Datagram Protocol, Src Port: 51774, Dst Port: 443
    Source Port: 51774
    Destination Port: 443
    Length: 1258
    Checksum: 0x81c9 [unverified]
    [Checksum Status: Unverified]
    [Stream index: 1]
    [Stream Packet Number: 1]
    [Timestamps]
        [Time since first frame: 0.000000000 seconds]
        [Time since previous frame: 0.000000000 seconds]
    UDP payload (1250 bytes)
QUIC IETF
    QUIC Connection information
        [Connection Number: 1]
    [Packet Length: 1250]
    1... .... = Header Form: Long Header (1)
    .1.. .... = Fixed Bit: True
    ..00 .... = Packet Type: Initial (0)
    [.... 00.. = Reserved: 0]
    [.... ..00 = Packet Number Length: 1 bytes (0)]
    Version: 1 (0x00000001)
    Destination Connection ID Length: 8
    Destination Connection ID: 379142cdb6c0cc28
    Source Connection ID Length: 0
    Token Length: 0
    Length: 1232
    [Packet Number: 1]
    Payload […]: 41a5f59ef57b37f694fbe3b0e52b6d35e8d6cb751f6208ed27ece213c84b731f4ac8530d828f4e8a471840ab3101e753dd455e86f23c60d817688e30dbfaed7f83dc84c29a914cbf798e9817a6b3a1d99be0d3484b5f31ae68e538acaa33a3f65bbf24b88d618c46d6c504c7d9fb97df
    PADDING Length: 273
        Frame Type: PADDING (0x0000000000000000)
        [Padding Length: 273]
    CRYPTO
        Frame Type: CRYPTO (0x0000000000000006)
        Offset: 39
        Length: 22
        Crypto Data
    CRYPTO
        Frame Type: CRYPTO (0x0000000000000006)
        Offset: 24
        Length: 15
        Crypto Data
    CRYPTO
        Frame Type: CRYPTO (0x0000000000000006)
        Offset: 1738
        Length: 3
        Crypto Data
    PADDING Length: 8
        Frame Type: PADDING (0x0000000000000000)
        [Padding Length: 8]
    PING
        Frame Type: PING (0x0000000000000001)
    PADDING Length: 7
        Frame Type: PADDING (0x0000000000000000)
        [Padding Length: 7]
    CRYPTO
        Frame Type: CRYPTO (0x0000000000000006)
        Offset: 63
        Length: 5
        Crypto Data
    CRYPTO
        Frame Type: CRYPTO (0x0000000000000006)
        Offset: 1153
        Length: 275
        Crypto Data
    CRYPTO
        Frame Type: CRYPTO (0x0000000000000006)
        Offset: 947
        Length: 42
        Crypto Data
    CRYPTO
        Frame Type: CRYPTO (0x0000000000000006)
        Offset: 61
        Length: 2
        Crypto Data
    CRYPTO
        Frame Type: CRYPTO (0x0000000000000006)
        Offset: 1428
        Length: 310
        Crypto Data
    CRYPTO
        Frame Type: CRYPTO (0x0000000000000006)
        Offset: 0
        Length: 24
        Crypto Data
    CRYPTO
        Frame Type: CRYPTO (0x0000000000000006)
        Offset: 1741
        Length: 13
        Crypto Data
    CRYPTO
        Frame Type: CRYPTO (0x0000000000000006)
        Offset: 989
        Length: 164
        Crypto Data
    PADDING Length: 8
        Frame Type: PADDING (0x0000000000000000)
        [Padding Length: 8]
    PING
        Frame Type: PING (0x0000000000000001)

Frame 5: Packet, 1292 bytes on wire (10336 bits), 1292 bytes captured (10336 bits) on interface \Device\NPF_{9B9257DC-FAC1-4993-B12F-136D7BA5E874}, id 0
    Section number: 1
    Interface id: 0 (\Device\NPF_{9B9257DC-FAC1-4993-B12F-136D7BA5E874})
        Interface name: \Device\NPF_{9B9257DC-FAC1-4993-B12F-136D7BA5E874}
        Interface description: Wi-Fi
    Encapsulation type: Ethernet (1)
    Arrival Time: Apr  9, 2026 19:48:41.333318800 India Standard Time
    UTC Arrival Time: Apr  9, 2026 14:18:41.333318800 UTC
    Epoch Arrival Time: 1775744321.333318800
    [Time shift for this packet: 0.000000000 seconds]
    [Time delta from previous captured frame: 33.500 microseconds]
    [Time delta from previous displayed frame: 33.500 microseconds]
    [Time since reference or first frame: 891.294200 milliseconds]
    Frame Number: 5
    Frame Length: 1292 bytes (10336 bits)
    Capture Length: 1292 bytes (10336 bits)
    [Frame is marked: False]
    [Frame is ignored: False]
    [Protocols in frame: eth:ethertype:ip:udp:quic:tls]
    Character encoding: ASCII (0)
Ethernet II, Src: 96:77:0b:05:d4:0b (96:77:0b:05:d4:0b), Dst: HewlettPacka_3a:cc:1d (28:92:4a:3a:cc:1d)
    Destination: HewlettPacka_3a:cc:1d (28:92:4a:3a:cc:1d)
        .... ..0. .... .... .... .... = LG bit: Globally unique address (factory default)
        .... ...0 .... .... .... .... = IG bit: Individual address (unicast)
    Source: 96:77:0b:05:d4:0b (96:77:0b:05:d4:0b)
        .... ..1. .... .... .... .... = LG bit: Locally administered address (this is NOT the factory default)
        .... ...0 .... .... .... .... = IG bit: Individual address (unicast)
    Type: IPv4 (0x0800)
    [Stream index: 0]
Internet Protocol Version 4, Src: 172.16.90.227, Dst: 40.104.77.114
    0100 .... = Version: 4
    .... 0101 = Header Length: 20 bytes (5)
    Differentiated Services Field: 0x00 (DSCP: CS0, ECN: Not-ECT)
        0000 00.. = Differentiated Services Codepoint: Default (0)
        .... ..00 = Explicit Congestion Notification: Not ECN-Capable Transport (0)
    Total Length: 1278
    Identification: 0x64ac (25772)
    010. .... = Flags: 0x2, Don't fragment
        0... .... = Reserved bit: Not set
        .1.. .... = Don't fragment: Set
        ..0. .... = More fragments: Not set
    ...0 0000 0000 0000 = Fragment Offset: 0
    Time to Live: 128
    Protocol: UDP (17)
    Header Checksum: 0x0000 [validation disabled]
    [Header checksum status: Unverified]
    Source Address: 172.16.90.227
    Destination Address: 40.104.77.114
    [Stream index: 1]
User Datagram Protocol, Src Port: 51774, Dst Port: 443
    Source Port: 51774
    Destination Port: 443
    Length: 1258
    Checksum: 0x81c9 [unverified]
    [Checksum Status: Unverified]
    [Stream index: 1]
    [Stream Packet Number: 2]
    [Timestamps]
        [Time since first frame: 33.500 microseconds]
        [Time since previous frame: 33.500 microseconds]
    UDP payload (1250 bytes)
QUIC IETF
    QUIC Connection information
        [Connection Number: 1]
    [Packet Length: 1250]
    1... .... = Header Form: Long Header (1)
    .1.. .... = Fixed Bit: True
    ..00 .... = Packet Type: Initial (0)
    [.... 00.. = Reserved: 0]
    [.... ..01 = Packet Number Length: 2 bytes (1)]
    Version: 1 (0x00000001)
    Destination Connection ID Length: 8
    Destination Connection ID: 379142cdb6c0cc28
    Source Connection ID Length: 0
    Token Length: 0
    Length: 1232
    [Packet Number: 2]
    Payload […]: 5306f366de5841b40039c07941f0f0c81494ae5d9a3712160d532afb8a2d1dcf118c5e94fa236ed7013588c364afe3cf525eda3b97d625aeb18153a2bb4e805cca009a39c05abd5c4ae55e1639f60e368cba9f198a5130e1eba4f1e8c645c76e92a0e2502515013d2e14784409c84632
    CRYPTO
        Frame Type: CRYPTO (0x0000000000000006)
        Offset: 245
        Length: 220
        Crypto Data
    CRYPTO
        Frame Type: CRYPTO (0x0000000000000006)
        Offset: 862
        Length: 85
        Crypto Data
    PADDING Length: 10
        Frame Type: PADDING (0x0000000000000000)
        [Padding Length: 10]
    CRYPTO
        Frame Type: CRYPTO (0x0000000000000006)
        Offset: 497
        Length: 4
        Crypto Data
    PING
        Frame Type: PING (0x0000000000000001)
    CRYPTO
        Frame Type: CRYPTO (0x0000000000000006)
        Offset: 624
        Length: 238
        Crypto Data
    PING
        Frame Type: PING (0x0000000000000001)
    PADDING Length: 28
        Frame Type: PADDING (0x0000000000000000)
        [Padding Length: 28]
    PING
        Frame Type: PING (0x0000000000000001)
    CRYPTO
        Frame Type: CRYPTO (0x0000000000000006)
        Offset: 68
        Length: 75
        Crypto Data
    PADDING Length: 41
        Frame Type: PADDING (0x0000000000000000)
        [Padding Length: 41]
    CRYPTO
        Frame Type: CRYPTO (0x0000000000000006)
        Offset: 465
        Length: 32
        Crypto Data
    PADDING Length: 194
        Frame Type: PADDING (0x0000000000000000)
        [Padding Length: 194]
    CRYPTO
        Frame Type: CRYPTO (0x0000000000000006)
        Offset: 143
        Length: 30
        Crypto Data
    CRYPTO
        Frame Type: CRYPTO (0x0000000000000006)
        Offset: 501
        Length: 6
        Crypto Data
    CRYPTO
        Frame Type: CRYPTO (0x0000000000000006)
        Offset: 173
        Length: 72
        Crypto Data
    PING
        Frame Type: PING (0x0000000000000001)
    CRYPTO
        Frame Type: CRYPTO (0x0000000000000006)
        Offset: 507
        Length: 117
        Crypto Data
        [21 Reassembled QUIC CRYPTO Data Fragments (1754 bytes): #4(24), #4(15), #4(22), #4(2), #4(5), #5(75), #5(30), #5(72), #5(220), #5(32), #5(4), #5(6), #5(117), #5(238), #5(85), #4(42), #4(164), #4(275), #4(310), #4(3), #4(13)]
            [Frame: 4, payload: 0-23 (24 bytes)]
            [Frame: 4, payload: 24-38 (15 bytes)]
            [Frame: 4, payload: 39-60 (22 bytes)]
            [Frame: 4, payload: 61-62 (2 bytes)]
            [Frame: 4, payload: 63-67 (5 bytes)]
            [Frame: 5, payload: 68-142 (75 bytes)]
            [Frame: 5, payload: 143-172 (30 bytes)]
            [Frame: 5, payload: 173-244 (72 bytes)]
            [Frame: 5, payload: 245-464 (220 bytes)]
            [Frame: 5, payload: 465-496 (32 bytes)]
            [Frame: 5, payload: 497-500 (4 bytes)]
            [Frame: 5, payload: 501-506 (6 bytes)]
            [Frame: 5, payload: 507-623 (117 bytes)]
            [Frame: 5, payload: 624-861 (238 bytes)]
            [Frame: 5, payload: 862-946 (85 bytes)]
            [Frame: 4, payload: 947-988 (42 bytes)]
            [Frame: 4, payload: 989-1152 (164 bytes)]
            [Frame: 4, payload: 1153-1427 (275 bytes)]
            [Frame: 4, payload: 1428-1737 (310 bytes)]
            [Frame: 4, payload: 1738-1740 (3 bytes)]
            [Frame: 4, payload: 1741-1753 (13 bytes)]
            [Fragment count: 21]
        TLSv1.3 Record Layer: Handshake Protocol: Client Hello
            Handshake Protocol: Client Hello
                Handshake Type: Client Hello (1)
                Length: 1750
                Version: TLS 1.2 (0x0303)
                    [Expert Info (Chat/Deprecated): This legacy_version field MUST be ignored. The supported_versions extension is present and MUST be used instead.]
                        [This legacy_version field MUST be ignored. The supported_versions extension is present and MUST be used instead.]
                        [Severity level: Chat]
                        [Group: Deprecated]
                Random: ef2e7133594c137b4ef512b19f0dc4afe3ea5065306f1b3eaf09a9c0fc02dab5
                Session ID Length: 0
                Cipher Suites Length: 6
                Cipher Suites (3 suites)
                    Cipher Suite: TLS_AES_128_GCM_SHA256 (0x1301)
                    Cipher Suite: TLS_AES_256_GCM_SHA384 (0x1302)
                    Cipher Suite: TLS_CHACHA20_POLY1305_SHA256 (0x1303)
                Compression Methods Length: 1
                Compression Methods (1 method)
                    Compression Method: null (0)
                Extensions Length: 1703
                Extension: quic_transport_parameters (len=78)
                    Type: quic_transport_parameters (57)
                    Length: 78
                    Parameter: max_udp_payload_size (len=2) 1472
                        Type: max_udp_payload_size (0x03)
                        Length: 2
                        Value: 45c0
                        max_udp_payload_size: 1472
                    Parameter: GREASE (len=5)
                        Type: GREASE (0x3dca094b819ad2c)
                        Length: 5
                        Value: 233933f2fa
                    Parameter: initial_max_data (len=4) 15728640
                        Type: initial_max_data (0x04)
                        Length: 4
                        Value: 80f00000
                        initial_max_data: 15728640
                    Parameter: max_datagram_frame_size (len=4) 65536
                        Type: max_datagram_frame_size (0x20)
                        Length: 4
                        Value: 80010000
                        max_datagram_frame_size: 65536
                    Parameter: initial_max_stream_data_bidi_remote (len=4) 6291456
                        Type: initial_max_stream_data_bidi_remote (0x06)
                        Length: 4
                        Value: 80600000
                        initial_max_stream_data_bidi_remote: 6291456
                    Parameter: initial_max_stream_data_bidi_local (len=4) 6291456
                        Type: initial_max_stream_data_bidi_local (0x05)
                        Length: 4
                        Value: 80600000
                        initial_max_stream_data_bidi_local: 6291456
                    Parameter: max_idle_timeout (len=4) 30000 ms
                        Type: max_idle_timeout (0x01)
                        Length: 4
                        Value: 80007530
                        max_idle_timeout: 30000
                    Parameter: version_information (len=12)
                        Type: version_information (0x11)
                        Length: 12
                        Value: 00000001000000018a3aaa0a
                        Chosen Version: 1 (0x00000001)
                        Other Version: 1 (0x00000001)
                        Other Version: Unknown (0x8a3aaa0a) (GREASE)
                    Parameter: initial_max_stream_data_uni (len=4) 6291456
                        Type: initial_max_stream_data_uni (0x07)
                        Length: 4
                        Value: 80600000
                        initial_max_stream_data_uni: 6291456
                    Parameter: initial_max_streams_uni (len=2) 103
                        Type: initial_max_streams_uni (0x09)
                        Length: 2
                        Value: 4067
                        initial_max_streams_uni: 103
                    Parameter: initial_max_streams_bidi (len=2) 100
                        Type: initial_max_streams_bidi (0x08)
                        Length: 2
                        Value: 4064
                        initial_max_streams_bidi: 100
                    Parameter: initial_source_connection_id (len=0)
                        Type: initial_source_connection_id (0x0f)
                        Length: 0
                        Initial Source Connection ID: <MISSING>
                Extension: psk_key_exchange_modes (len=2)
                    Type: psk_key_exchange_modes (45)
                    Length: 2
                    PSK Key Exchange Modes Length: 1
                    PSK Key Exchange Mode: PSK with (EC)DHE key establishment (psk_dhe_ke) (1)
                Extension: supported_groups (len=10)
                    Type: supported_groups (10)
                    Length: 10
                    Supported Groups List Length: 8
                    Supported Groups (4 groups)
                        Supported Group: X25519MLKEM768 (0x11ec)
                        Supported Group: x25519 (0x001d)
                        Supported Group: secp256r1 (0x0017)
                        Supported Group: secp384r1 (0x0018)
                Extension: application_settings (len=5)
                    Type: application_settings (17613)
                    Length: 5
                    ALPS Extension Length: 3
                    Supported ALPN List
                        Supported ALPN Length: 2
                        Supported ALPN: h3
                Extension: compress_certificate (len=3)
                    Type: compress_certificate (27)
                    Length: 3
                    Algorithms Length: 2
                    Algorithm: brotli (2)
                Extension: application_layer_protocol_negotiation (len=5)
                    Type: application_layer_protocol_negotiation (16)
                    Length: 5
                    ALPN Extension Length: 3
                    ALPN Protocol
                        ALPN string length: 2
                        ALPN Next Protocol: h3
                Extension: key_share (len=1258) X25519MLKEM768, x25519
                    Type: key_share (51)
                    Length: 1258
                    Key Share extension
                        Client Key Share Length: 1256
                        Key Share Entry: Group: X25519MLKEM768, Key Exchange length: 1216
                            Group: X25519MLKEM768 (4588)
                            Key Exchange Length: 1216
                            Key Exchange […]: d2b24c5f1098f392944b6cc8ad946538d85a8238628c575db8c645427ba9d4db257179560256c32cd218f660a1dea83c2f80a91fc6af326bbb69a3aef52077297ab09ff713e7b66e13e90217db72f111bfd98a7eff54a7560a79cd8a8fea557285886fe67496da8439a374a1fe0
                        Key Share Entry: Group: x25519, Key Exchange length: 32
                            Group: x25519 (29)
                            Key Exchange Length: 32
                            Key Exchange: 009156329e51cd9695909a148115781b896088a8723aa2c58f048d89645ec47a
                Extension: signature_algorithms (len=20)
                    Type: signature_algorithms (13)
                    Length: 20
                    Signature Hash Algorithms Length: 18
                    Signature Hash Algorithms (9 algorithms)
                        Signature Algorithm: ecdsa_secp256r1_sha256 (0x0403)
                            Signature Hash Algorithm Hash: SHA256 (4)
                            Signature Hash Algorithm Signature: ECDSA (3)
                        Signature Algorithm: rsa_pss_rsae_sha256 (0x0804)
                            Signature Hash Algorithm Hash: Unknown (8)
                            Signature Hash Algorithm Signature: Unknown (4)
                        Signature Algorithm: rsa_pkcs1_sha256 (0x0401)
                            Signature Hash Algorithm Hash: SHA256 (4)
                            Signature Hash Algorithm Signature: RSA (1)
                        Signature Algorithm: ecdsa_secp384r1_sha384 (0x0503)
                            Signature Hash Algorithm Hash: SHA384 (5)
                            Signature Hash Algorithm Signature: ECDSA (3)
                        Signature Algorithm: rsa_pss_rsae_sha384 (0x0805)
                            Signature Hash Algorithm Hash: Unknown (8)
                            Signature Hash Algorithm Signature: Unknown (5)
                        Signature Algorithm: rsa_pkcs1_sha384 (0x0501)
                            Signature Hash Algorithm Hash: SHA384 (5)
                            Signature Hash Algorithm Signature: RSA (1)
                        Signature Algorithm: rsa_pss_rsae_sha512 (0x0806)
                            Signature Hash Algorithm Hash: Unknown (8)
                            Signature Hash Algorithm Signature: Unknown (6)
                        Signature Algorithm: rsa_pkcs1_sha512 (0x0601)
                            Signature Hash Algorithm Hash: SHA512 (6)
                            Signature Hash Algorithm Signature: RSA (1)
                        Signature Algorithm: rsa_pkcs1_sha1 (0x0201)
                            Signature Hash Algorithm Hash: SHA1 (2)
                            Signature Hash Algorithm Signature: RSA (1)
                Extension: server_name (len=25) name=substrate.office.com
                    Type: server_name (0)
                    Length: 25
                    Server Name Indication extension
                        Server Name list length: 23
                        Server Name Type: host_name (0)
                        Server Name length: 20
                        Server Name: substrate.office.com
                Extension: encrypted_client_hello (len=250)
                    Type: encrypted_client_hello (65037)
                    Length: 250
                    Client Hello type: Outer Client Hello (0)
                    Cipher Suite: HKDF-SHA256/AES-128-GCM
                        KDF Id: HKDF-SHA256 (1)
                        AEAD Id: AES-128-GCM (1)
                    Config Id: 75
                    Enc length: 32
                    Enc: eaf5a353d85da28c2160df362a40f595be457be795df2fa8f6a0f4635248be75
                    Payload length: 208
                    Payload […]: 50a57025aca0714547750e97abb0421ff29c1a4b16aba18614c9672c1e8969d930059667b828b24074a8d1042bbfd266f3cb4f3857c3a48fef7db69d1925b13ecdfbfbda7862195ead15830829768bc1f5d205915d127dc8d0c0c3f074dd2a1fd6e57e1d8aa5f83e94ec7e34baadcbd3
                Extension: supported_versions (len=3) TLS 1.3
                    Type: supported_versions (43)
                    Length: 3
                    Supported Versions length: 2
                    Supported Version: TLS 1.3 (0x0304)
                [JA4: q13d0311h3_55b375c5d22e_653d80c3fe9d]
                [JA4_r: q13d0311h3_1301,1302,1303_000a,000d,001b,002b,002d,0033,0039,44cd,fe0d_0403,0804,0401,0503,0805,0501,0806,0601,0201]
                [JA3 Fullstring: 771,4865-4866-4867,57-45-10-17613-27-16-51-13-0-65037-43,4588-29-23-24,]
                [JA3: fe7e2dcad87f5b11d68d4461ecf749fd]
    PING
        Frame Type: PING (0x0000000000000001)
    PING
        Frame Type: PING (0x0000000000000001)
    PADDING Length: 10
        Frame Type: PADDING (0x0000000000000000)
        [Padding Length: 10]

Frame 6: Packet, 1292 bytes on wire (10336 bits), 1292 bytes captured (10336 bits) on interface \Device\NPF_{9B9257DC-FAC1-4993-B12F-136D7BA5E874}, id 0
    Section number: 1
    Interface id: 0 (\Device\NPF_{9B9257DC-FAC1-4993-B12F-136D7BA5E874})
        Interface name: \Device\NPF_{9B9257DC-FAC1-4993-B12F-136D7BA5E874}
        Interface description: Wi-Fi
    Encapsulation type: Ethernet (1)
    Arrival Time: Apr  9, 2026 19:48:41.344164000 India Standard Time
    UTC Arrival Time: Apr  9, 2026 14:18:41.344164000 UTC
    Epoch Arrival Time: 1775744321.344164000
    [Time shift for this packet: 0.000000000 seconds]
    [Time delta from previous captured frame: 10.845200 milliseconds]
    [Time delta from previous displayed frame: 10.845200 milliseconds]
    [Time since reference or first frame: 902.139400 milliseconds]
    Frame Number: 6
    Frame Length: 1292 bytes (10336 bits)
    Capture Length: 1292 bytes (10336 bits)
    [Frame is marked: False]
    [Frame is ignored: False]
    [Protocols in frame: eth:ethertype:ip:udp:quic]
    Character encoding: ASCII (0)
Ethernet II, Src: 96:77:0b:05:d4:0b (96:77:0b:05:d4:0b), Dst: HewlettPacka_3a:cc:1d (28:92:4a:3a:cc:1d)
    Destination: HewlettPacka_3a:cc:1d (28:92:4a:3a:cc:1d)
        .... ..0. .... .... .... .... = LG bit: Globally unique address (factory default)
        .... ...0 .... .... .... .... = IG bit: Individual address (unicast)
    Source: 96:77:0b:05:d4:0b (96:77:0b:05:d4:0b)
        .... ..1. .... .... .... .... = LG bit: Locally administered address (this is NOT the factory default)
        .... ...0 .... .... .... .... = IG bit: Individual address (unicast)
    Type: IPv4 (0x0800)
    [Stream index: 0]
Internet Protocol Version 4, Src: 172.16.90.227, Dst: 151.101.65.164
    0100 .... = Version: 4
    .... 0101 = Header Length: 20 bytes (5)
    Differentiated Services Field: 0x00 (DSCP: CS0, ECN: Not-ECT)
        0000 00.. = Differentiated Services Codepoint: Default (0)
        .... ..00 = Explicit Congestion Notification: Not ECN-Capable Transport (0)
    Total Length: 1278
    Identification: 0x59fb (23035)
    010. .... = Flags: 0x2, Don't fragment
        0... .... = Reserved bit: Not set
        .1.. .... = Don't fragment: Set
        ..0. .... = More fragments: Not set
    ...0 0000 0000 0000 = Fragment Offset: 0
    Time to Live: 128
    Protocol: UDP (17)
    Header Checksum: 0x0000 [validation disabled]
    [Header checksum status: Unverified]
    Source Address: 172.16.90.227
    Destination Address: 151.101.65.164
    [Stream index: 0]
User Datagram Protocol, Src Port: 52244, Dst Port: 443
    Source Port: 52244
    Destination Port: 443
    Length: 1258
    Checksum: 0xe4f8 [unverified]
    [Checksum Status: Unverified]
    [Stream index: 0]
    [Stream Packet Number: 4]
    [Timestamps]
        [Time since first frame: 902.139400 milliseconds]
        [Time since previous frame: 601.964000 milliseconds]
    UDP payload (1250 bytes)
QUIC IETF
    QUIC Connection information
        [Connection Number: 0]
    [Packet Length: 1250]
    1... .... = Header Form: Long Header (1)
    .1.. .... = Fixed Bit: True
    ..00 .... = Packet Type: Initial (0)
    [.... 00.. = Reserved: 0]
    [.... ..00 = Packet Number Length: 1 bytes (0)]
    Version: 1 (0x00000001)
    Destination Connection ID Length: 8
    Destination Connection ID: 4e40295428aa5207
    Source Connection ID Length: 0
    Token Length: 0
    Length: 1232
    [Packet Number: 6]
    Payload […]: f816fc3202d2ef2eb238e656be77b4a52d5d1dfddd881cadcc7945094c58c87c1ce4965b44f5f8a750cee5fde3ceffeda8fe40f6beba6b7dc5babb47e63bc821d5b9490b9caf8a88f169072708bfb6b1fc6558ef1867a63fefdb0a5ab526aacd1a714f7f376f164efbe1d51f99c53a3d
    PING
        Frame Type: PING (0x0000000000000001)
    PADDING Length: 96
        Frame Type: PADDING (0x0000000000000000)
        [Padding Length: 96]
    PING
        Frame Type: PING (0x0000000000000001)
    CRYPTO
        Frame Type: CRYPTO (0x0000000000000006)
        Offset: 79
        Length: 433
        Crypto Data
        This QUIC frame has a reused stream offset (retransmission?)
            [Expert Info (Note/Sequence): This QUIC frame has a reused stream offset (retransmission?)]
                [This QUIC frame has a reused stream offset (retransmission?)]
                [Severity level: Note]
                [Group: Sequence]
    PING
        Frame Type: PING (0x0000000000000001)
    PING
        Frame Type: PING (0x0000000000000001)
    PING
        Frame Type: PING (0x0000000000000001)
    CRYPTO
        Frame Type: CRYPTO (0x0000000000000006)
        Offset: 586
        Length: 46
        Crypto Data
        This QUIC frame has a reused stream offset (retransmission?)
            [Expert Info (Note/Sequence): This QUIC frame has a reused stream offset (retransmission?)]
                [This QUIC frame has a reused stream offset (retransmission?)]
                [Severity level: Note]
                [Group: Sequence]
    CRYPTO
        Frame Type: CRYPTO (0x0000000000000006)
        Offset: 632
        Length: 337
        Crypto Data
        This QUIC frame has a reused stream offset (retransmission?)
            [Expert Info (Note/Sequence): This QUIC frame has a reused stream offset (retransmission?)]
                [This QUIC frame has a reused stream offset (retransmission?)]
                [Severity level: Note]
                [Group: Sequence]
    CRYPTO
        Frame Type: CRYPTO (0x0000000000000006)
        Offset: 585
        Length: 1
        Crypto Data
        This QUIC frame has a reused stream offset (retransmission?)
            [Expert Info (Note/Sequence): This QUIC frame has a reused stream offset (retransmission?)]
                [This QUIC frame has a reused stream offset (retransmission?)]
                [Severity level: Note]
                [Group: Sequence]
    PING
        Frame Type: PING (0x0000000000000001)
    CRYPTO
        Frame Type: CRYPTO (0x0000000000000006)
        Offset: 518
        Length: 56
        Crypto Data
        This QUIC frame has a reused stream offset (retransmission?)
            [Expert Info (Note/Sequence): This QUIC frame has a reused stream offset (retransmission?)]
                [This QUIC frame has a reused stream offset (retransmission?)]
                [Severity level: Note]
                [Group: Sequence]
    CRYPTO
        Frame Type: CRYPTO (0x0000000000000006)
        Offset: 512
        Length: 6
        Crypto Data
        This QUIC frame has a reused stream offset (retransmission?)
            [Expert Info (Note/Sequence): This QUIC frame has a reused stream offset (retransmission?)]
                [This QUIC frame has a reused stream offset (retransmission?)]
                [Severity level: Note]
                [Group: Sequence]
    PING
        Frame Type: PING (0x0000000000000001)
    CRYPTO
        Frame Type: CRYPTO (0x0000000000000006)
        Offset: 574
        Length: 11
        Crypto Data
        This QUIC frame has a reused stream offset (retransmission?)
            [Expert Info (Note/Sequence): This QUIC frame has a reused stream offset (retransmission?)]
                [This QUIC frame has a reused stream offset (retransmission?)]
                [Severity level: Note]
                [Group: Sequence]
    PING
        Frame Type: PING (0x0000000000000001)
    PADDING Length: 1
        Frame Type: PADDING (0x0000000000000000)
        [Padding Length: 1]
    PING
        Frame Type: PING (0x0000000000000001)
    PADDING Length: 188
        Frame Type: PADDING (0x0000000000000000)
        [Padding Length: 188]
    PING
        Frame Type: PING (0x0000000000000001)

Frame 7: Packet, 1266 bytes on wire (10128 bits), 1266 bytes captured (10128 bits) on interface \Device\NPF_{9B9257DC-FAC1-4993-B12F-136D7BA5E874}, id 0
    Section number: 1
    Interface id: 0 (\Device\NPF_{9B9257DC-FAC1-4993-B12F-136D7BA5E874})
        Interface name: \Device\NPF_{9B9257DC-FAC1-4993-B12F-136D7BA5E874}
        Interface description: Wi-Fi
    Encapsulation type: Ethernet (1)
    Arrival Time: Apr  9, 2026 19:48:41.518413700 India Standard Time
    UTC Arrival Time: Apr  9, 2026 14:18:41.518413700 UTC
    Epoch Arrival Time: 1775744321.518413700
    [Time shift for this packet: 0.000000000 seconds]
    [Time delta from previous captured frame: 174.249700 milliseconds]
    [Time delta from previous displayed frame: 174.249700 milliseconds]
    [Time since reference or first frame: 1.076389100 seconds]
    Frame Number: 7
    Frame Length: 1266 bytes (10128 bits)
    Capture Length: 1266 bytes (10128 bits)
    [Frame is marked: False]
    [Frame is ignored: False]
    [Protocols in frame: eth:ethertype:vlan:ethertype:ip:udp:quic:tls]
    Character encoding: ASCII (0)
Ethernet II, Src: HewlettPacka_3a:cc:1d (28:92:4a:3a:cc:1d), Dst: 96:77:0b:05:d4:0b (96:77:0b:05:d4:0b)
    Destination: 96:77:0b:05:d4:0b (96:77:0b:05:d4:0b)
        .... ..1. .... .... .... .... = LG bit: Locally administered address (this is NOT the factory default)
        .... ...0 .... .... .... .... = IG bit: Individual address (unicast)
    Source: HewlettPacka_3a:cc:1d (28:92:4a:3a:cc:1d)
        .... ..0. .... .... .... .... = LG bit: Globally unique address (factory default)
        .... ...0 .... .... .... .... = IG bit: Individual address (unicast)
    Type: 802.1Q Virtual LAN (0x8100)
    [Stream index: 0]
802.1Q Virtual LAN, PRI: 0, DEI: 0, ID: 0
    000. .... .... .... = Priority: Best Effort (default) (0)
    ...0 .... .... .... = DEI: Ineligible
    .... 0000 0000 0000 = ID: 0
    Type: IPv4 (0x0800)
Internet Protocol Version 4, Src: 40.104.77.114, Dst: 172.16.90.227
    0100 .... = Version: 4
    .... 0101 = Header Length: 20 bytes (5)
    Differentiated Services Field: 0x00 (DSCP: CS0, ECN: Not-ECT)
        0000 00.. = Differentiated Services Codepoint: Default (0)
        .... ..00 = Explicit Congestion Notification: Not ECN-Capable Transport (0)
    Total Length: 1248
    Identification: 0xa789 (42889)
    010. .... = Flags: 0x2, Don't fragment
        0... .... = Reserved bit: Not set
        .1.. .... = Don't fragment: Set
        ..0. .... = More fragments: Not set
    ...0 0000 0000 0000 = Fragment Offset: 0
    Time to Live: 116
    Protocol: UDP (17)
    Header Checksum: 0xddb5 [validation disabled]
    [Header checksum status: Unverified]
    Source Address: 40.104.77.114
    Destination Address: 172.16.90.227
    [Stream index: 1]
User Datagram Protocol, Src Port: 443, Dst Port: 51774
    Source Port: 443
    Destination Port: 51774
    Length: 1228
    Checksum: 0xbf62 [unverified]
    [Checksum Status: Unverified]
    [Stream index: 1]
    [Stream Packet Number: 3]
    [Timestamps]
        [Time since first frame: 185.128400 milliseconds]
        [Time since previous frame: 185.094900 milliseconds]
    UDP payload (1220 bytes)
QUIC IETF
    QUIC Connection information
        [Connection Number: 1]
    [Packet Length: 1220]
    1... .... = Header Form: Long Header (1)
    .1.. .... = Fixed Bit: True
    ..00 .... = Packet Type: Initial (0)
    [.... 00.. = Reserved: 0]
    [.... ..11 = Packet Number Length: 4 bytes (3)]
    Version: 1 (0x00000001)
    Destination Connection ID Length: 0
    Source Connection ID Length: 14
    Source Connection ID: 5028684d728c4d5410465632e916
    Token Length: 0
    Length: 1196
    [Packet Number: 0]
    Payload […]: b24b1797c6e60d898cc14428bc7cccda2f69c9974224539d60b206fcf806a37d17780fc83c7bc0a04ddf44fdfcb6f05606bdc36823eeb594f4c19f7bb30334fb3deb37d3a76918b18741d8463a5d776f2e8e29f52cc5ab8b7bff26ba1197108500f89645f70de89d9418d0e4110a44fa
    ACK
        Frame Type: ACK (0x0000000000000002)
        Largest Acknowledged: 2
        ACK Delay: 1
        ACK Range Count: 0
        First ACK Range: 1
    CRYPTO
        Frame Type: CRYPTO (0x0000000000000006)
        Offset: 0
        Length: 56
        Crypto Data
        TLSv1.3 Record Layer: Handshake Protocol: Hello Retry Request
            Handshake Protocol: Hello Retry Request
                Handshake Type: Server Hello (2)
                Length: 52
                Version: TLS 1.2 (0x0303)
                    [Expert Info (Chat/Deprecated): This legacy_version field MUST be ignored. The supported_versions extension is present and MUST be used instead.]
                        [This legacy_version field MUST be ignored. The supported_versions extension is present and MUST be used instead.]
                        [Severity level: Chat]
                        [Group: Deprecated]
                Random: cf21ad74e59a6111be1d8c021e65b891c2a211167abb8c5e079e09e2c8a8339c (HelloRetryRequest magic)
                Session ID Length: 0
                Cipher Suite: TLS_AES_256_GCM_SHA384 (0x1302)
                Compression Method: null (0)
                Extensions Length: 12
                Extension: supported_versions (len=2) TLS 1.3
                    Type: supported_versions (43)
                    Length: 2
                    Supported Version: TLS 1.3 (0x0304)
                Extension: key_share (len=2) secp384r1
                    Type: key_share (51)
                    Length: 2
                    Key Share extension
                        Selected Group: secp384r1 (24)
                [JA3S Fullstring: 771,4866,43-51]
                [JA3S: 15af977ce25de452b96affa2addb1036]
    PADDING Length: 1112
        Frame Type: PADDING (0x0000000000000000)
        [Padding Length: 1112]

Frame 8: Packet, 1292 bytes on wire (10336 bits), 1292 bytes captured (10336 bits) on interface \Device\NPF_{9B9257DC-FAC1-4993-B12F-136D7BA5E874}, id 0
    Section number: 1
    Interface id: 0 (\Device\NPF_{9B9257DC-FAC1-4993-B12F-136D7BA5E874})
        Interface name: \Device\NPF_{9B9257DC-FAC1-4993-B12F-136D7BA5E874}
        Interface description: Wi-Fi
    Encapsulation type: Ethernet (1)
    Arrival Time: Apr  9, 2026 19:48:41.518941500 India Standard Time
    UTC Arrival Time: Apr  9, 2026 14:18:41.518941500 UTC
    Epoch Arrival Time: 1775744321.518941500
    [Time shift for this packet: 0.000000000 seconds]
    [Time delta from previous captured frame: 527.800 microseconds]
    [Time delta from previous displayed frame: 527.800 microseconds]
    [Time since reference or first frame: 1.076916900 seconds]
    Frame Number: 8
    Frame Length: 1292 bytes (10336 bits)
    Capture Length: 1292 bytes (10336 bits)
    [Frame is marked: False]
    [Frame is ignored: False]
    [Protocols in frame: eth:ethertype:ip:udp:quic:tls]
    Character encoding: ASCII (0)
Ethernet II, Src: 96:77:0b:05:d4:0b (96:77:0b:05:d4:0b), Dst: HewlettPacka_3a:cc:1d (28:92:4a:3a:cc:1d)
    Destination: HewlettPacka_3a:cc:1d (28:92:4a:3a:cc:1d)
        .... ..0. .... .... .... .... = LG bit: Globally unique address (factory default)
        .... ...0 .... .... .... .... = IG bit: Individual address (unicast)
    Source: 96:77:0b:05:d4:0b (96:77:0b:05:d4:0b)
        .... ..1. .... .... .... .... = LG bit: Locally administered address (this is NOT the factory default)
        .... ...0 .... .... .... .... = IG bit: Individual address (unicast)
    Type: IPv4 (0x0800)
    [Stream index: 0]
Internet Protocol Version 4, Src: 172.16.90.227, Dst: 40.104.77.114
    0100 .... = Version: 4
    .... 0101 = Header Length: 20 bytes (5)
    Differentiated Services Field: 0x00 (DSCP: CS0, ECN: Not-ECT)
        0000 00.. = Differentiated Services Codepoint: Default (0)
        .... ..00 = Explicit Congestion Notification: Not ECN-Capable Transport (0)
    Total Length: 1278
    Identification: 0x64b5 (25781)
    010. .... = Flags: 0x2, Don't fragment
        0... .... = Reserved bit: Not set
        .1.. .... = Don't fragment: Set
        ..0. .... = More fragments: Not set
    ...0 0000 0000 0000 = Fragment Offset: 0
    Time to Live: 128
    Protocol: UDP (17)
    Header Checksum: 0x0000 [validation disabled]
    [Header checksum status: Unverified]
    Source Address: 172.16.90.227
    Destination Address: 40.104.77.114
    [Stream index: 1]
User Datagram Protocol, Src Port: 51774, Dst Port: 443
    Source Port: 51774
    Destination Port: 443
    Length: 1258
    Checksum: 0x81c9 [unverified]
    [Checksum Status: Unverified]
    [Stream index: 1]
    [Stream Packet Number: 4]
    [Timestamps]
        [Time since first frame: 185.656200 milliseconds]
        [Time since previous frame: 527.800 microseconds]
    UDP payload (1250 bytes)
QUIC IETF
    QUIC Connection information
        [Connection Number: 1]
    [Packet Length: 1250]
    1... .... = Header Form: Long Header (1)
    .1.. .... = Fixed Bit: True
    ..00 .... = Packet Type: Initial (0)
    [.... 00.. = Reserved: 0]
    [.... ..01 = Packet Number Length: 2 bytes (1)]
    Version: 1 (0x00000001)
    Destination Connection ID Length: 14
    Destination Connection ID: 5028684d728c4d5410465632e916
    Source Connection ID Length: 0
    Token Length: 0
    Length: 1226
    [Packet Number: 3]
    Payload […]: 675fb9c1c28f4fb6d1fcd02cb9e299fb5f52059da7823a1215af118d60d0a82d4e154de3c72d270643c5c841328a48736324019e0038c1bb3874ce916b8d6cf9bbffdfe4122f1e13d3d29df502bfae67e4c38c4bd6917d07cf02506c9442ab8b5954eadafa5ffcd5da90a3c3964cef83
    ACK
        Frame Type: ACK (0x0000000000000002)
        Largest Acknowledged: 0
        ACK Delay: 51
        ACK Range Count: 0
        First ACK Range: 0
    PING
        Frame Type: PING (0x0000000000000001)
    CRYPTO
        Frame Type: CRYPTO (0x0000000000000006)
        Offset: 2165
        Length: 3
        Crypto Data
    PADDING Length: 1
        Frame Type: PADDING (0x0000000000000000)
        [Padding Length: 1]
    PING
        Frame Type: PING (0x0000000000000001)
    CRYPTO
        Frame Type: CRYPTO (0x0000000000000006)
        Offset: 2154
        Length: 11
        Crypto Data
    PING
        Frame Type: PING (0x0000000000000001)
    CRYPTO
        Frame Type: CRYPTO (0x0000000000000006)
        Offset: 2140
        Length: 1
        Crypto Data
    PADDING Length: 420
        Frame Type: PADDING (0x0000000000000000)
        [Padding Length: 420]
    PING
        Frame Type: PING (0x0000000000000001)
    PADDING Length: 130
        Frame Type: PADDING (0x0000000000000000)
        [Padding Length: 130]
    CRYPTO
        Frame Type: CRYPTO (0x0000000000000006)
        Offset: 2141
        Length: 13
        Crypto Data
    CRYPTO
        Frame Type: CRYPTO (0x0000000000000006)
        Offset: 2168
        Length: 185
        Crypto Data
    CRYPTO
        Frame Type: CRYPTO (0x0000000000000006)
        Offset: 1754
        Length: 386
        Crypto Data
        [6 Reassembled QUIC CRYPTO Data Fragments (599 bytes): #8(386), #8(1), #8(13), #8(11), #8(3), #8(185)]
            [Frame: 8, payload: 0-385 (386 bytes)]
            [Frame: 8, payload: 386-386 (1 byte)]
            [Frame: 8, payload: 387-399 (13 bytes)]
            [Frame: 8, payload: 400-410 (11 bytes)]
            [Frame: 8, payload: 411-413 (3 bytes)]
            [Frame: 8, payload: 414-598 (185 bytes)]
            [Fragment count: 6]
        TLSv1.3 Record Layer: Handshake Protocol: Client Hello
            Handshake Protocol: Client Hello
                Handshake Type: Client Hello (1)
                Length: 595
                Version: TLS 1.2 (0x0303)
                    [Expert Info (Chat/Deprecated): This legacy_version field MUST be ignored. The supported_versions extension is present and MUST be used instead.]
                        [This legacy_version field MUST be ignored. The supported_versions extension is present and MUST be used instead.]
                        [Severity level: Chat]
                        [Group: Deprecated]
                Random: ef2e7133594c137b4ef512b19f0dc4afe3ea5065306f1b3eaf09a9c0fc02dab5
                Session ID Length: 0
                Cipher Suites Length: 6
                Cipher Suites (3 suites)
                    Cipher Suite: TLS_AES_128_GCM_SHA256 (0x1301)
                    Cipher Suite: TLS_AES_256_GCM_SHA384 (0x1302)
                    Cipher Suite: TLS_CHACHA20_POLY1305_SHA256 (0x1303)
                Compression Methods Length: 1
                Compression Methods (1 method)
                    Compression Method: null (0)
                Extensions Length: 548
                Extension: quic_transport_parameters (len=78)
                    Type: quic_transport_parameters (57)
                    Length: 78
                    Parameter: max_udp_payload_size (len=2) 1472
                        Type: max_udp_payload_size (0x03)
                        Length: 2
                        Value: 45c0
                        max_udp_payload_size: 1472
                    Parameter: GREASE (len=5)
                        Type: GREASE (0x3dca094b819ad2c)
                        Length: 5
                        Value: 233933f2fa
                    Parameter: initial_max_data (len=4) 15728640
                        Type: initial_max_data (0x04)
                        Length: 4
                        Value: 80f00000
                        initial_max_data: 15728640
                    Parameter: max_datagram_frame_size (len=4) 65536
                        Type: max_datagram_frame_size (0x20)
                        Length: 4
                        Value: 80010000
                        max_datagram_frame_size: 65536
                    Parameter: initial_max_stream_data_bidi_remote (len=4) 6291456
                        Type: initial_max_stream_data_bidi_remote (0x06)
                        Length: 4
                        Value: 80600000
                        initial_max_stream_data_bidi_remote: 6291456
                    Parameter: initial_max_stream_data_bidi_local (len=4) 6291456
                        Type: initial_max_stream_data_bidi_local (0x05)
                        Length: 4
                        Value: 80600000
                        initial_max_stream_data_bidi_local: 6291456
                    Parameter: max_idle_timeout (len=4) 30000 ms
                        Type: max_idle_timeout (0x01)
                        Length: 4
                        Value: 80007530
                        max_idle_timeout: 30000
                    Parameter: version_information (len=12)
                        Type: version_information (0x11)
                        Length: 12
                        Value: 00000001000000018a3aaa0a
                        Chosen Version: 1 (0x00000001)
                        Other Version: 1 (0x00000001)
                        Other Version: Unknown (0x8a3aaa0a) (GREASE)
                    Parameter: initial_max_stream_data_uni (len=4) 6291456
                        Type: initial_max_stream_data_uni (0x07)
                        Length: 4
                        Value: 80600000
                        initial_max_stream_data_uni: 6291456
                    Parameter: initial_max_streams_uni (len=2) 103
                        Type: initial_max_streams_uni (0x09)
                        Length: 2
                        Value: 4067
                        initial_max_streams_uni: 103
                    Parameter: initial_max_streams_bidi (len=2) 100
                        Type: initial_max_streams_bidi (0x08)
                        Length: 2
                        Value: 4064
                        initial_max_streams_bidi: 100
                    Parameter: initial_source_connection_id (len=0)
                        Type: initial_source_connection_id (0x0f)
                        Length: 0
                        Initial Source Connection ID: <MISSING>
                Extension: psk_key_exchange_modes (len=2)
                    Type: psk_key_exchange_modes (45)
                    Length: 2
                    PSK Key Exchange Modes Length: 1
                    PSK Key Exchange Mode: PSK with (EC)DHE key establishment (psk_dhe_ke) (1)
                Extension: supported_groups (len=10)
                    Type: supported_groups (10)
                    Length: 10
                    Supported Groups List Length: 8
                    Supported Groups (4 groups)
                        Supported Group: X25519MLKEM768 (0x11ec)
                        Supported Group: x25519 (0x001d)
                        Supported Group: secp256r1 (0x0017)
                        Supported Group: secp384r1 (0x0018)
                Extension: application_settings (len=5)
                    Type: application_settings (17613)
                    Length: 5
                    ALPS Extension Length: 3
                    Supported ALPN List
                        Supported ALPN Length: 2
                        Supported ALPN: h3
                Extension: compress_certificate (len=3)
                    Type: compress_certificate (27)
                    Length: 3
                    Algorithms Length: 2
                    Algorithm: brotli (2)
                Extension: application_layer_protocol_negotiation (len=5)
                    Type: application_layer_protocol_negotiation (16)
                    Length: 5
                    ALPN Extension Length: 3
                    ALPN Protocol
                        ALPN string length: 2
                        ALPN Next Protocol: h3
                Extension: key_share (len=103) secp384r1
                    Type: key_share (51)
                    Length: 103
                    Key Share extension
                        Client Key Share Length: 101
                        Key Share Entry: Group: secp384r1, Key Exchange length: 97
                            Group: secp384r1 (24)
                            Key Exchange Length: 97
                            Key Exchange: 04f263606b03c4eafa7e20f8a31bef6be22bb50a2aaad451cef5424876aa66657b65a412560c0c3db5f227a5c447491ec849f9e7d7ffcae31c5cdab403d4a3089c6cda4c94c0d7c1f1add060e956a2c21e502729e3487871348a6ec7f9812a2d74
                Extension: signature_algorithms (len=20)
                    Type: signature_algorithms (13)
                    Length: 20
                    Signature Hash Algorithms Length: 18
                    Signature Hash Algorithms (9 algorithms)
                        Signature Algorithm: ecdsa_secp256r1_sha256 (0x0403)
                            Signature Hash Algorithm Hash: SHA256 (4)
                            Signature Hash Algorithm Signature: ECDSA (3)
                        Signature Algorithm: rsa_pss_rsae_sha256 (0x0804)
                            Signature Hash Algorithm Hash: Unknown (8)
                            Signature Hash Algorithm Signature: Unknown (4)
                        Signature Algorithm: rsa_pkcs1_sha256 (0x0401)
                            Signature Hash Algorithm Hash: SHA256 (4)
                            Signature Hash Algorithm Signature: RSA (1)
                        Signature Algorithm: ecdsa_secp384r1_sha384 (0x0503)
                            Signature Hash Algorithm Hash: SHA384 (5)
                            Signature Hash Algorithm Signature: ECDSA (3)
                        Signature Algorithm: rsa_pss_rsae_sha384 (0x0805)
                            Signature Hash Algorithm Hash: Unknown (8)
                            Signature Hash Algorithm Signature: Unknown (5)
                        Signature Algorithm: rsa_pkcs1_sha384 (0x0501)
                            Signature Hash Algorithm Hash: SHA384 (5)
                            Signature Hash Algorithm Signature: RSA (1)
                        Signature Algorithm: rsa_pss_rsae_sha512 (0x0806)
                            Signature Hash Algorithm Hash: Unknown (8)
                            Signature Hash Algorithm Signature: Unknown (6)
                        Signature Algorithm: rsa_pkcs1_sha512 (0x0601)
                            Signature Hash Algorithm Hash: SHA512 (6)
                            Signature Hash Algorithm Signature: RSA (1)
                        Signature Algorithm: rsa_pkcs1_sha1 (0x0201)
                            Signature Hash Algorithm Hash: SHA1 (2)
                            Signature Hash Algorithm Signature: RSA (1)
                Extension: server_name (len=25) name=substrate.office.com
                    Type: server_name (0)
                    Length: 25
                    Server Name Indication extension
                        Server Name list length: 23
                        Server Name Type: host_name (0)
                        Server Name length: 20
                        Server Name: substrate.office.com
                Extension: encrypted_client_hello (len=250)
                    Type: encrypted_client_hello (65037)
                    Length: 250
                    Client Hello type: Outer Client Hello (0)
                    Cipher Suite: HKDF-SHA256/AES-128-GCM
                        KDF Id: HKDF-SHA256 (1)
                        AEAD Id: AES-128-GCM (1)
                    Config Id: 75
                    Enc length: 32
                    Enc: eaf5a353d85da28c2160df362a40f595be457be795df2fa8f6a0f4635248be75
                    Payload length: 208
                    Payload […]: 50a57025aca0714547750e97abb0421ff29c1a4b16aba18614c9672c1e8969d930059667b828b24074a8d1042bbfd266f3cb4f3857c3a48fef7db69d1925b13ecdfbfbda7862195ead15830829768bc1f5d205915d127dc8d0c0c3f074dd2a1fd6e57e1d8aa5f83e94ec7e34baadcbd3
                Extension: supported_versions (len=3) TLS 1.3
                    Type: supported_versions (43)
                    Length: 3
                    Supported Versions length: 2
                    Supported Version: TLS 1.3 (0x0304)
                [JA4: q13d0311h3_55b375c5d22e_653d80c3fe9d]
                [JA4_r: q13d0311h3_1301,1302,1303_000a,000d,001b,002b,002d,0033,0039,44cd,fe0d_0403,0804,0401,0503,0805,0501,0806,0601,0201]
                [JA3 Fullstring: 771,4865-4866-4867,57-45-10-17613-27-16-51-13-0-65037-43,4588-29-23-24,]
                [JA3: fe7e2dcad87f5b11d68d4461ecf749fd]
    PING
        Frame Type: PING (0x0000000000000001)
    PING
        Frame Type: PING (0x0000000000000001)
    PING
        Frame Type: PING (0x0000000000000001)
    PADDING Length: 20
        Frame Type: PADDING (0x0000000000000000)
        [Padding Length: 20]

Frame 9: Packet, 1266 bytes on wire (10128 bits), 1266 bytes captured (10128 bits) on interface \Device\NPF_{9B9257DC-FAC1-4993-B12F-136D7BA5E874}, id 0
    Section number: 1
    Interface id: 0 (\Device\NPF_{9B9257DC-FAC1-4993-B12F-136D7BA5E874})
        Interface name: \Device\NPF_{9B9257DC-FAC1-4993-B12F-136D7BA5E874}
        Interface description: Wi-Fi
    Encapsulation type: Ethernet (1)
    Arrival Time: Apr  9, 2026 19:48:41.554257500 India Standard Time
    UTC Arrival Time: Apr  9, 2026 14:18:41.554257500 UTC
    Epoch Arrival Time: 1775744321.554257500
    [Time shift for this packet: 0.000000000 seconds]
    [Time delta from previous captured frame: 35.316000 milliseconds]
    [Time delta from previous displayed frame: 35.316000 milliseconds]
    [Time since reference or first frame: 1.112232900 seconds]
    Frame Number: 9
    Frame Length: 1266 bytes (10128 bits)
    Capture Length: 1266 bytes (10128 bits)
    [Frame is marked: False]
    [Frame is ignored: False]
    [Protocols in frame: eth:ethertype:vlan:ethertype:ip:udp:quic:tls]
    Character encoding: ASCII (0)
Ethernet II, Src: HewlettPacka_3a:cc:1d (28:92:4a:3a:cc:1d), Dst: 96:77:0b:05:d4:0b (96:77:0b:05:d4:0b)
    Destination: 96:77:0b:05:d4:0b (96:77:0b:05:d4:0b)
        .... ..1. .... .... .... .... = LG bit: Locally administered address (this is NOT the factory default)
        .... ...0 .... .... .... .... = IG bit: Individual address (unicast)
    Source: HewlettPacka_3a:cc:1d (28:92:4a:3a:cc:1d)
        .... ..0. .... .... .... .... = LG bit: Globally unique address (factory default)
        .... ...0 .... .... .... .... = IG bit: Individual address (unicast)
    Type: 802.1Q Virtual LAN (0x8100)
    [Stream index: 0]
802.1Q Virtual LAN, PRI: 0, DEI: 0, ID: 0
    000. .... .... .... = Priority: Best Effort (default) (0)
    ...0 .... .... .... = DEI: Ineligible
    .... 0000 0000 0000 = ID: 0
    Type: IPv4 (0x0800)
Internet Protocol Version 4, Src: 40.104.77.114, Dst: 172.16.90.227
    0100 .... = Version: 4
    .... 0101 = Header Length: 20 bytes (5)
    Differentiated Services Field: 0x00 (DSCP: CS0, ECN: Not-ECT)
        0000 00.. = Differentiated Services Codepoint: Default (0)
        .... ..00 = Explicit Congestion Notification: Not ECN-Capable Transport (0)
    Total Length: 1248
    Identification: 0xa78a (42890)
    010. .... = Flags: 0x2, Don't fragment
        0... .... = Reserved bit: Not set
        .1.. .... = Don't fragment: Set
        ..0. .... = More fragments: Not set
    ...0 0000 0000 0000 = Fragment Offset: 0
    Time to Live: 116
    Protocol: UDP (17)
    Header Checksum: 0xddb4 [validation disabled]
    [Header checksum status: Unverified]
    Source Address: 40.104.77.114
    Destination Address: 172.16.90.227
    [Stream index: 1]
User Datagram Protocol, Src Port: 443, Dst Port: 51774
    Source Port: 443
    Destination Port: 51774
    Length: 1228
    Checksum: 0xae5f [unverified]
    [Checksum Status: Unverified]
    [Stream index: 1]
    [Stream Packet Number: 5]
    [Timestamps]
        [Time since first frame: 220.972200 milliseconds]
        [Time since previous frame: 35.316000 milliseconds]
    UDP payload (1220 bytes)
QUIC IETF
    QUIC Connection information
        [Connection Number: 1]
    [Packet Length: 208]
    1... .... = Header Form: Long Header (1)
    .1.. .... = Fixed Bit: True
    ..00 .... = Packet Type: Initial (0)
    [.... 00.. = Reserved: 0]
    [.... ..11 = Packet Number Length: 4 bytes (3)]
    Version: 1 (0x00000001)
    Destination Connection ID Length: 0
    Source Connection ID Length: 14
    Source Connection ID: 5028684d728c4d5410465632e916
    Token Length: 0
    Length: 184
    [Packet Number: 1]
    Payload […]: 04be22fceaa53d83389f59b9bf6b123e752653801078f384c2cdb788c3f281772c34957cffe5da65bee1e0d4e2d9bb203fed6a187052ab812ddf52e861a95a3a3bf58dc0d22de14613bf57728b19e0e1b45fa231367eed3eae823a91bb18447c15964c547b59ad62c8779451626cf1c8
    ACK
        Frame Type: ACK (0x0000000000000002)
        Largest Acknowledged: 3
        ACK Delay: 5
        ACK Range Count: 0
        First ACK Range: 0
    CRYPTO
        Frame Type: CRYPTO (0x0000000000000006)
        Offset: 56
        Length: 155
        Crypto Data
        TLSv1.3 Record Layer: Handshake Protocol: Server Hello
            Handshake Protocol: Server Hello
                Handshake Type: Server Hello (2)
                Length: 151
                Version: TLS 1.2 (0x0303)
                    [Expert Info (Chat/Deprecated): This legacy_version field MUST be ignored. The supported_versions extension is present and MUST be used instead.]
                        [This legacy_version field MUST be ignored. The supported_versions extension is present and MUST be used instead.]
                        [Severity level: Chat]
                        [Group: Deprecated]
                Random: 518654061b7c99f0340249d96fcde9ef341adeebb3fa32b04b548bd7a33247fa
                Session ID Length: 0
                Cipher Suite: TLS_AES_256_GCM_SHA384 (0x1302)
                Compression Method: null (0)
                Extensions Length: 111
                Extension: supported_versions (len=2) TLS 1.3
                    Type: supported_versions (43)
                    Length: 2
                    Supported Version: TLS 1.3 (0x0304)
                Extension: key_share (len=101) secp384r1
                    Type: key_share (51)
                    Length: 101
                    Key Share extension
                        Key Share Entry: Group: secp384r1, Key Exchange length: 97
                            Group: secp384r1 (24)
                            Key Exchange Length: 97
                            Key Exchange: 048f73ac0b158ce708ea25fd9a179e36e1d00c947a63329595c1688abf9f9f52aca5d2e66267d17fc65a5f063cde5f09f7f0950581548c9fb9ffe159662d3ab8a840348e27a2385cec3513dd37a60f62fb04bbe42eca510f7ceb2a86a56d0d9889
                [JA3S Fullstring: 771,4866,43-51]
                [JA3S: 15af977ce25de452b96affa2addb1036]
QUIC IETF
    [Packet Length: 1012]
    1... .... = Header Form: Long Header (1)
    .1.. .... = Fixed Bit: True
    ..10 .... = Packet Type: Handshake (2)
    Version: 1 (0x00000001)
    Destination Connection ID Length: 0
    Source Connection ID Length: 14
    Source Connection ID: 5028684d728c4d5410465632e916
    Length: 989
    [Expert Info (Warning/Decryption): Failed to create decryption context: Secrets are not available]
        [Failed to create decryption context: Secrets are not available]
        [Severity level: Warning]
        [Group: Decryption]
    Remaining Payload […]: 075d12a1d0b8ba10374a6d5e3c1c6c54fbd8eab0620ec1f2bc1e420f809c1a21bd51362eab76e7daf7b5eb238630bb5bf9a081665491d06dcbe78b3000bace967f6c2a7a329004d88c16a5db87798da576dddb3da1067422181053080fe5b5a5e65bbf60fd6084433abf98

Frame 10: Packet, 1266 bytes on wire (10128 bits), 1266 bytes captured (10128 bits) on interface \Device\NPF_{9B9257DC-FAC1-4993-B12F-136D7BA5E874}, id 0
    Section number: 1
    Interface id: 0 (\Device\NPF_{9B9257DC-FAC1-4993-B12F-136D7BA5E874})
        Interface name: \Device\NPF_{9B9257DC-FAC1-4993-B12F-136D7BA5E874}
        Interface description: Wi-Fi
    Encapsulation type: Ethernet (1)
    Arrival Time: Apr  9, 2026 19:48:41.555198700 India Standard Time
    UTC Arrival Time: Apr  9, 2026 14:18:41.555198700 UTC
    Epoch Arrival Time: 1775744321.555198700
    [Time shift for this packet: 0.000000000 seconds]
    [Time delta from previous captured frame: 941.200 microseconds]
    [Time delta from previous displayed frame: 941.200 microseconds]
    [Time since reference or first frame: 1.113174100 seconds]
    Frame Number: 10
    Frame Length: 1266 bytes (10128 bits)
    Capture Length: 1266 bytes (10128 bits)
    [Frame is marked: False]
    [Frame is ignored: False]
    [Protocols in frame: eth:ethertype:vlan:ethertype:ip:udp:quic]
    Character encoding: ASCII (0)
Ethernet II, Src: HewlettPacka_3a:cc:1d (28:92:4a:3a:cc:1d), Dst: 96:77:0b:05:d4:0b (96:77:0b:05:d4:0b)
    Destination: 96:77:0b:05:d4:0b (96:77:0b:05:d4:0b)
        .... ..1. .... .... .... .... = LG bit: Locally administered address (this is NOT the factory default)
        .... ...0 .... .... .... .... = IG bit: Individual address (unicast)
    Source: HewlettPacka_3a:cc:1d (28:92:4a:3a:cc:1d)
        .... ..0. .... .... .... .... = LG bit: Globally unique address (factory default)
        .... ...0 .... .... .... .... = IG bit: Individual address (unicast)
    Type: 802.1Q Virtual LAN (0x8100)
    [Stream index: 0]
802.1Q Virtual LAN, PRI: 0, DEI: 0, ID: 0
    000. .... .... .... = Priority: Best Effort (default) (0)
    ...0 .... .... .... = DEI: Ineligible
    .... 0000 0000 0000 = ID: 0
    Type: IPv4 (0x0800)
Internet Protocol Version 4, Src: 40.104.77.114, Dst: 172.16.90.227
    0100 .... = Version: 4
    .... 0101 = Header Length: 20 bytes (5)
    Differentiated Services Field: 0x00 (DSCP: CS0, ECN: Not-ECT)
        0000 00.. = Differentiated Services Codepoint: Default (0)
        .... ..00 = Explicit Congestion Notification: Not ECN-Capable Transport (0)
    Total Length: 1248
    Identification: 0xa78b (42891)
    010. .... = Flags: 0x2, Don't fragment
        0... .... = Reserved bit: Not set
        .1.. .... = Don't fragment: Set
        ..0. .... = More fragments: Not set
    ...0 0000 0000 0000 = Fragment Offset: 0
    Time to Live: 116
    Protocol: UDP (17)
    Header Checksum: 0xddb3 [validation disabled]
    [Header checksum status: Unverified]
    Source Address: 40.104.77.114
    Destination Address: 172.16.90.227
    [Stream index: 1]
User Datagram Protocol, Src Port: 443, Dst Port: 51774
    Source Port: 443
    Destination Port: 51774
    Length: 1228
    Checksum: 0xdaa2 [unverified]
    [Checksum Status: Unverified]
    [Stream index: 1]
    [Stream Packet Number: 6]
    [Timestamps]
        [Time since first frame: 221.913400 milliseconds]
        [Time since previous frame: 941.200 microseconds]
    UDP payload (1220 bytes)
QUIC IETF
    QUIC Connection information
        [Connection Number: 1]
    [Packet Length: 1220]
    1... .... = Header Form: Long Header (1)
    .1.. .... = Fixed Bit: True
    ..10 .... = Packet Type: Handshake (2)
    Version: 1 (0x00000001)
    Destination Connection ID Length: 0
    Source Connection ID Length: 14
    Source Connection ID: 5028684d728c4d5410465632e916
    Length: 1197
    [Expert Info (Warning/Decryption): Failed to create decryption context: Secrets are not available]
        [Failed to create decryption context: Secrets are not available]
        [Severity level: Warning]
        [Group: Decryption]
    Remaining Payload […]: 7d1effed4f89eaa912186e2c186e7f0eb3c73d59a1fefc75e8df828e36ce1a836e96eda1a8bbb4927902f848c400a6662d567848d5aeaeb0929f54eed48e82661f34649b8433b53967f6f34d8777883cbaf39c0a12da0a536428652371a0feb9b453c87a8918b7c866ab1d

Frame 11: Packet, 87 bytes on wire (696 bits), 87 bytes captured (696 bits) on interface \Device\NPF_{9B9257DC-FAC1-4993-B12F-136D7BA5E874}, id 0
    Section number: 1
    Interface id: 0 (\Device\NPF_{9B9257DC-FAC1-4993-B12F-136D7BA5E874})
        Interface name: \Device\NPF_{9B9257DC-FAC1-4993-B12F-136D7BA5E874}
        Interface description: Wi-Fi
    Encapsulation type: Ethernet (1)
    Arrival Time: Apr  9, 2026 19:48:41.555311800 India Standard Time
    UTC Arrival Time: Apr  9, 2026 14:18:41.555311800 UTC
    Epoch Arrival Time: 1775744321.555311800
    [Time shift for this packet: 0.000000000 seconds]
    [Time delta from previous captured frame: 113.100 microseconds]
    [Time delta from previous displayed frame: 113.100 microseconds]
    [Time since reference or first frame: 1.113287200 seconds]
    Frame Number: 11
    Frame Length: 87 bytes (696 bits)
    Capture Length: 87 bytes (696 bits)
    [Frame is marked: False]
    [Frame is ignored: False]
    [Protocols in frame: eth:ethertype:ip:udp:quic]
    Character encoding: ASCII (0)
Ethernet II, Src: 96:77:0b:05:d4:0b (96:77:0b:05:d4:0b), Dst: HewlettPacka_3a:cc:1d (28:92:4a:3a:cc:1d)
    Destination: HewlettPacka_3a:cc:1d (28:92:4a:3a:cc:1d)
        .... ..0. .... .... .... .... = LG bit: Globally unique address (factory default)
        .... ...0 .... .... .... .... = IG bit: Individual address (unicast)
    Source: 96:77:0b:05:d4:0b (96:77:0b:05:d4:0b)
        .... ..1. .... .... .... .... = LG bit: Locally administered address (this is NOT the factory default)
        .... ...0 .... .... .... .... = IG bit: Individual address (unicast)
    Type: IPv4 (0x0800)
    [Stream index: 0]
Internet Protocol Version 4, Src: 172.16.90.227, Dst: 40.104.77.114
    0100 .... = Version: 4
    .... 0101 = Header Length: 20 bytes (5)
    Differentiated Services Field: 0x00 (DSCP: CS0, ECN: Not-ECT)
        0000 00.. = Differentiated Services Codepoint: Default (0)
        .... ..00 = Explicit Congestion Notification: Not ECN-Capable Transport (0)
    Total Length: 73
    Identification: 0x64b9 (25785)
    010. .... = Flags: 0x2, Don't fragment
        0... .... = Reserved bit: Not set
        .1.. .... = Don't fragment: Set
        ..0. .... = More fragments: Not set
    ...0 0000 0000 0000 = Fragment Offset: 0
    Time to Live: 128
    Protocol: UDP (17)
    Header Checksum: 0x0000 [validation disabled]
    [Header checksum status: Unverified]
    Source Address: 172.16.90.227
    Destination Address: 40.104.77.114
    [Stream index: 1]
User Datagram Protocol, Src Port: 51774, Dst Port: 443
    Source Port: 51774
    Destination Port: 443
    Length: 53
    Checksum: 0x7d14 [unverified]
    [Checksum Status: Unverified]
    [Stream index: 1]
    [Stream Packet Number: 7]
    [Timestamps]
        [Time since first frame: 222.026500 milliseconds]
        [Time since previous frame: 113.100 microseconds]
    UDP payload (45 bytes)
QUIC IETF
    QUIC Connection information
        [Connection Number: 1]
    [Packet Length: 45]
    1... .... = Header Form: Long Header (1)
    .1.. .... = Fixed Bit: True
    ..10 .... = Packet Type: Handshake (2)
    Version: 1 (0x00000001)
    Destination Connection ID Length: 14
    Destination Connection ID: 5028684d728c4d5410465632e916
    Source Connection ID Length: 0
    Length: 22
    [Expert Info (Warning/Decryption): Failed to create decryption context: Secrets are not available]
        [Failed to create decryption context: Secrets are not available]
        [Severity level: Warning]
        [Group: Decryption]
    Remaining Payload: 02f091551bbeeb1fe91efe217aa07ac1085f18f5dd6e

Frame 12: Packet, 1266 bytes on wire (10128 bits), 1266 bytes captured (10128 bits) on interface \Device\NPF_{9B9257DC-FAC1-4993-B12F-136D7BA5E874}, id 0
    Section number: 1
    Interface id: 0 (\Device\NPF_{9B9257DC-FAC1-4993-B12F-136D7BA5E874})
        Interface name: \Device\NPF_{9B9257DC-FAC1-4993-B12F-136D7BA5E874}
        Interface description: Wi-Fi
    Encapsulation type: Ethernet (1)
    Arrival Time: Apr  9, 2026 19:48:41.556790500 India Standard Time
    UTC Arrival Time: Apr  9, 2026 14:18:41.556790500 UTC
    Epoch Arrival Time: 1775744321.556790500
    [Time shift for this packet: 0.000000000 seconds]
    [Time delta from previous captured frame: 1.478700 milliseconds]
    [Time delta from previous displayed frame: 1.478700 milliseconds]
    [Time since reference or first frame: 1.114765900 seconds]
    Frame Number: 12
    Frame Length: 1266 bytes (10128 bits)
    Capture Length: 1266 bytes (10128 bits)
    [Frame is marked: False]
    [Frame is ignored: False]
    [Protocols in frame: eth:ethertype:vlan:ethertype:ip:udp:quic]
    Character encoding: ASCII (0)
Ethernet II, Src: HewlettPacka_3a:cc:1d (28:92:4a:3a:cc:1d), Dst: 96:77:0b:05:d4:0b (96:77:0b:05:d4:0b)
    Destination: 96:77:0b:05:d4:0b (96:77:0b:05:d4:0b)
        .... ..1. .... .... .... .... = LG bit: Locally administered address (this is NOT the factory default)
        .... ...0 .... .... .... .... = IG bit: Individual address (unicast)
    Source: HewlettPacka_3a:cc:1d (28:92:4a:3a:cc:1d)
        .... ..0. .... .... .... .... = LG bit: Globally unique address (factory default)
        .... ...0 .... .... .... .... = IG bit: Individual address (unicast)
    Type: 802.1Q Virtual LAN (0x8100)
    [Stream index: 0]
802.1Q Virtual LAN, PRI: 0, DEI: 0, ID: 0
    000. .... .... .... = Priority: Best Effort (default) (0)
    ...0 .... .... .... = DEI: Ineligible
    .... 0000 0000 0000 = ID: 0
    Type: IPv4 (0x0800)
Internet Protocol Version 4, Src: 40.104.77.114, Dst: 172.16.90.227
    0100 .... = Version: 4
    .... 0101 = Header Length: 20 bytes (5)
    Differentiated Services Field: 0x00 (DSCP: CS0, ECN: Not-ECT)
        0000 00.. = Differentiated Services Codepoint: Default (0)
        .... ..00 = Explicit Congestion Notification: Not ECN-Capable Transport (0)
    Total Length: 1248
    Identification: 0xa78c (42892)
    010. .... = Flags: 0x2, Don't fragment
        0... .... = Reserved bit: Not set
        .1.. .... = Don't fragment: Set
        ..0. .... = More fragments: Not set
    ...0 0000 0000 0000 = Fragment Offset: 0
    Time to Live: 116
    Protocol: UDP (17)
    Header Checksum: 0xddb2 [validation disabled]
    [Header checksum status: Unverified]
    Source Address: 40.104.77.114
    Destination Address: 172.16.90.227
    [Stream index: 1]
User Datagram Protocol, Src Port: 443, Dst Port: 51774
    Source Port: 443
    Destination Port: 51774
    Length: 1228
    Checksum: 0xcd9c [unverified]
    [Checksum Status: Unverified]
    [Stream index: 1]
    [Stream Packet Number: 8]
    [Timestamps]
        [Time since first frame: 223.505200 milliseconds]
        [Time since previous frame: 1.478700 milliseconds]
    UDP payload (1220 bytes)
QUIC IETF
    QUIC Connection information
        [Connection Number: 1]
    [Packet Length: 1220]
    1... .... = Header Form: Long Header (1)
    .1.. .... = Fixed Bit: True
    ..10 .... = Packet Type: Handshake (2)
    Version: 1 (0x00000001)
    Destination Connection ID Length: 0
    Source Connection ID Length: 14
    Source Connection ID: 5028684d728c4d5410465632e916
    Length: 1197
    [Expert Info (Warning/Decryption): Failed to create decryption context: Secrets are not available]
        [Failed to create decryption context: Secrets are not available]
        [Severity level: Warning]
        [Group: Decryption]
    Remaining Payload […]: 75fa1eef2820a204c8609d980370e66ff71a6192f769abe4c3d5f36ff6728a58989fbcad169d7b80fc5f8a042c4e82607fc80d11f46d57d24f208fcaf767ff087cc66886cf851aad20d166dd929ac0add8f2cf9c2bbe0e208063b913f8311440c5a8daf77295446062be98

Frame 13: Packet, 678 bytes on wire (5424 bits), 678 bytes captured (5424 bits) on interface \Device\NPF_{9B9257DC-FAC1-4993-B12F-136D7BA5E874}, id 0
    Section number: 1
    Interface id: 0 (\Device\NPF_{9B9257DC-FAC1-4993-B12F-136D7BA5E874})
        Interface name: \Device\NPF_{9B9257DC-FAC1-4993-B12F-136D7BA5E874}
        Interface description: Wi-Fi
    Encapsulation type: Ethernet (1)
    Arrival Time: Apr  9, 2026 19:48:41.557339000 India Standard Time
    UTC Arrival Time: Apr  9, 2026 14:18:41.557339000 UTC
    Epoch Arrival Time: 1775744321.557339000
    [Time shift for this packet: 0.000000000 seconds]
    [Time delta from previous captured frame: 548.500 microseconds]
    [Time delta from previous displayed frame: 548.500 microseconds]
    [Time since reference or first frame: 1.115314400 seconds]
    Frame Number: 13
    Frame Length: 678 bytes (5424 bits)
    Capture Length: 678 bytes (5424 bits)
    [Frame is marked: False]
    [Frame is ignored: False]
    [Protocols in frame: eth:ethertype:vlan:ethertype:ip:udp:quic]
    Character encoding: ASCII (0)
Ethernet II, Src: HewlettPacka_3a:cc:1d (28:92:4a:3a:cc:1d), Dst: 96:77:0b:05:d4:0b (96:77:0b:05:d4:0b)
    Destination: 96:77:0b:05:d4:0b (96:77:0b:05:d4:0b)
        .... ..1. .... .... .... .... = LG bit: Locally administered address (this is NOT the factory default)
        .... ...0 .... .... .... .... = IG bit: Individual address (unicast)
    Source: HewlettPacka_3a:cc:1d (28:92:4a:3a:cc:1d)
        .... ..0. .... .... .... .... = LG bit: Globally unique address (factory default)
        .... ...0 .... .... .... .... = IG bit: Individual address (unicast)
    Type: 802.1Q Virtual LAN (0x8100)
    [Stream index: 0]
802.1Q Virtual LAN, PRI: 0, DEI: 0, ID: 0
    000. .... .... .... = Priority: Best Effort (default) (0)
    ...0 .... .... .... = DEI: Ineligible
    .... 0000 0000 0000 = ID: 0
    Type: IPv4 (0x0800)
Internet Protocol Version 4, Src: 40.104.77.114, Dst: 172.16.90.227
    0100 .... = Version: 4
    .... 0101 = Header Length: 20 bytes (5)
    Differentiated Services Field: 0x00 (DSCP: CS0, ECN: Not-ECT)
        0000 00.. = Differentiated Services Codepoint: Default (0)
        .... ..00 = Explicit Congestion Notification: Not ECN-Capable Transport (0)
    Total Length: 660
    Identification: 0xa78d (42893)
    010. .... = Flags: 0x2, Don't fragment
        0... .... = Reserved bit: Not set
        .1.. .... = Don't fragment: Set
        ..0. .... = More fragments: Not set
    ...0 0000 0000 0000 = Fragment Offset: 0
    Time to Live: 116
    Protocol: UDP (17)
    Header Checksum: 0xdffd [validation disabled]
    [Header checksum status: Unverified]
    Source Address: 40.104.77.114
    Destination Address: 172.16.90.227
    [Stream index: 1]
User Datagram Protocol, Src Port: 443, Dst Port: 51774
    Source Port: 443
    Destination Port: 51774
    Length: 640
    Checksum: 0x6932 [unverified]
    [Checksum Status: Unverified]
    [Stream index: 1]
    [Stream Packet Number: 9]
    [Timestamps]
        [Time since first frame: 224.053700 milliseconds]
        [Time since previous frame: 548.500 microseconds]
    UDP payload (632 bytes)
QUIC IETF
    QUIC Connection information
        [Connection Number: 1]
    [Packet Length: 588]
    1... .... = Header Form: Long Header (1)
    .1.. .... = Fixed Bit: True
    ..10 .... = Packet Type: Handshake (2)
    Version: 1 (0x00000001)
    Destination Connection ID Length: 0
    Source Connection ID Length: 14
    Source Connection ID: 5028684d728c4d5410465632e916
    Length: 565
    [Expert Info (Warning/Decryption): Failed to create decryption context: Secrets are not available]
        [Failed to create decryption context: Secrets are not available]
        [Severity level: Warning]
        [Group: Decryption]
    Remaining Payload […]: be4b0a15419fb03c90cb09059b7efe786edba63dc78d43dd06c167c41495f44c1cbe6618a85b4fcc3c8d84b95547d02e73e807a8b3b6931689a8f9aa19f9adec117e59fbf680fe9bc0189939a51e33220f6dc193d3edda86a4a87437a692486cfb306ef5d206104c13235c
QUIC IETF
    [Packet Length: 44]
    QUIC Short Header
        0... .... = Header Form: Short Header (0)
        .1.. .... = Fixed Bit: True
        ..0. .... = Spin Bit: False
    [Expert Info (Warning/Decryption): Failed to create decryption context: Secrets are not available]
        [Failed to create decryption context: Secrets are not available]
        [Severity level: Warning]
        [Group: Decryption]
    Remaining Payload: d051597237f5f36d5a75e090b8a534585a9ece46fecd8052a5abbfd6058db9ad0c228fcaf86198b5912ed0

Frame 14: Packet, 87 bytes on wire (696 bits), 87 bytes captured (696 bits) on interface \Device\NPF_{9B9257DC-FAC1-4993-B12F-136D7BA5E874}, id 0
    Section number: 1
    Interface id: 0 (\Device\NPF_{9B9257DC-FAC1-4993-B12F-136D7BA5E874})
        Interface name: \Device\NPF_{9B9257DC-FAC1-4993-B12F-136D7BA5E874}
        Interface description: Wi-Fi
    Encapsulation type: Ethernet (1)
    Arrival Time: Apr  9, 2026 19:48:41.557524000 India Standard Time
    UTC Arrival Time: Apr  9, 2026 14:18:41.557524000 UTC
    Epoch Arrival Time: 1775744321.557524000
    [Time shift for this packet: 0.000000000 seconds]
    [Time delta from previous captured frame: 185.000 microseconds]
    [Time delta from previous displayed frame: 185.000 microseconds]
    [Time since reference or first frame: 1.115499400 seconds]
    Frame Number: 14
    Frame Length: 87 bytes (696 bits)
    Capture Length: 87 bytes (696 bits)
    [Frame is marked: False]
    [Frame is ignored: False]
    [Protocols in frame: eth:ethertype:ip:udp:quic]
    Character encoding: ASCII (0)
Ethernet II, Src: 96:77:0b:05:d4:0b (96:77:0b:05:d4:0b), Dst: HewlettPacka_3a:cc:1d (28:92:4a:3a:cc:1d)
    Destination: HewlettPacka_3a:cc:1d (28:92:4a:3a:cc:1d)
        .... ..0. .... .... .... .... = LG bit: Globally unique address (factory default)
        .... ...0 .... .... .... .... = IG bit: Individual address (unicast)
    Source: 96:77:0b:05:d4:0b (96:77:0b:05:d4:0b)
        .... ..1. .... .... .... .... = LG bit: Locally administered address (this is NOT the factory default)
        .... ...0 .... .... .... .... = IG bit: Individual address (unicast)
    Type: IPv4 (0x0800)
    [Stream index: 0]
Internet Protocol Version 4, Src: 172.16.90.227, Dst: 40.104.77.114
    0100 .... = Version: 4
    .... 0101 = Header Length: 20 bytes (5)
    Differentiated Services Field: 0x00 (DSCP: CS0, ECN: Not-ECT)
        0000 00.. = Differentiated Services Codepoint: Default (0)
        .... ..00 = Explicit Congestion Notification: Not ECN-Capable Transport (0)
    Total Length: 73
    Identification: 0x64ba (25786)
    010. .... = Flags: 0x2, Don't fragment
        0... .... = Reserved bit: Not set
        .1.. .... = Don't fragment: Set
        ..0. .... = More fragments: Not set
    ...0 0000 0000 0000 = Fragment Offset: 0
    Time to Live: 128
    Protocol: UDP (17)
    Header Checksum: 0x0000 [validation disabled]
    [Header checksum status: Unverified]
    Source Address: 172.16.90.227
    Destination Address: 40.104.77.114
    [Stream index: 1]
User Datagram Protocol, Src Port: 51774, Dst Port: 443
    Source Port: 51774
    Destination Port: 443
    Length: 53
    Checksum: 0x7d14 [unverified]
    [Checksum Status: Unverified]
    [Stream index: 1]
    [Stream Packet Number: 10]
    [Timestamps]
        [Time since first frame: 224.238700 milliseconds]
        [Time since previous frame: 185.000 microseconds]
    UDP payload (45 bytes)
QUIC IETF
    QUIC Connection information
        [Connection Number: 1]
    [Packet Length: 45]
    1... .... = Header Form: Long Header (1)
    .1.. .... = Fixed Bit: True
    ..10 .... = Packet Type: Handshake (2)
    Version: 1 (0x00000001)
    Destination Connection ID Length: 14
    Destination Connection ID: 5028684d728c4d5410465632e916
    Source Connection ID Length: 0
    Length: 22
    [Expert Info (Warning/Decryption): Failed to create decryption context: Secrets are not available]
        [Failed to create decryption context: Secrets are not available]
        [Severity level: Warning]
        [Group: Decryption]
    Remaining Payload: 4ea677dc1612be95bf4b5495a8e6b4f2fb547b0cd355

Frame 15: Packet, 137 bytes on wire (1096 bits), 137 bytes captured (1096 bits) on interface \Device\NPF_{9B9257DC-FAC1-4993-B12F-136D7BA5E874}, id 0
    Section number: 1
    Interface id: 0 (\Device\NPF_{9B9257DC-FAC1-4993-B12F-136D7BA5E874})
        Interface name: \Device\NPF_{9B9257DC-FAC1-4993-B12F-136D7BA5E874}
        Interface description: Wi-Fi
    Encapsulation type: Ethernet (1)
    Arrival Time: Apr  9, 2026 19:48:41.558194200 India Standard Time
    UTC Arrival Time: Apr  9, 2026 14:18:41.558194200 UTC
    Epoch Arrival Time: 1775744321.558194200
    [Time shift for this packet: 0.000000000 seconds]
    [Time delta from previous captured frame: 670.200 microseconds]
    [Time delta from previous displayed frame: 670.200 microseconds]
    [Time since reference or first frame: 1.116169600 seconds]
    Frame Number: 15
    Frame Length: 137 bytes (1096 bits)
    Capture Length: 137 bytes (1096 bits)
    [Frame is marked: False]
    [Frame is ignored: False]
    [Protocols in frame: eth:ethertype:ip:udp:quic]
    Character encoding: ASCII (0)
Ethernet II, Src: 96:77:0b:05:d4:0b (96:77:0b:05:d4:0b), Dst: HewlettPacka_3a:cc:1d (28:92:4a:3a:cc:1d)
    Destination: HewlettPacka_3a:cc:1d (28:92:4a:3a:cc:1d)
        .... ..0. .... .... .... .... = LG bit: Globally unique address (factory default)
        .... ...0 .... .... .... .... = IG bit: Individual address (unicast)
    Source: 96:77:0b:05:d4:0b (96:77:0b:05:d4:0b)
        .... ..1. .... .... .... .... = LG bit: Locally administered address (this is NOT the factory default)
        .... ...0 .... .... .... .... = IG bit: Individual address (unicast)
    Type: IPv4 (0x0800)
    [Stream index: 0]
Internet Protocol Version 4, Src: 172.16.90.227, Dst: 40.104.77.114
    0100 .... = Version: 4
    .... 0101 = Header Length: 20 bytes (5)
    Differentiated Services Field: 0x00 (DSCP: CS0, ECN: Not-ECT)
        0000 00.. = Differentiated Services Codepoint: Default (0)
        .... ..00 = Explicit Congestion Notification: Not ECN-Capable Transport (0)
    Total Length: 123
    Identification: 0x64bb (25787)
    010. .... = Flags: 0x2, Don't fragment
        0... .... = Reserved bit: Not set
        .1.. .... = Don't fragment: Set
        ..0. .... = More fragments: Not set
    ...0 0000 0000 0000 = Fragment Offset: 0
    Time to Live: 128
    Protocol: UDP (17)
    Header Checksum: 0x0000 [validation disabled]
    [Header checksum status: Unverified]
    Source Address: 172.16.90.227
    Destination Address: 40.104.77.114
    [Stream index: 1]
User Datagram Protocol, Src Port: 51774, Dst Port: 443
    Source Port: 51774
    Destination Port: 443
    Length: 103
    Checksum: 0x7d46 [unverified]
    [Checksum Status: Unverified]
    [Stream index: 1]
    [Stream Packet Number: 11]
    [Timestamps]
        [Time since first frame: 224.908900 milliseconds]
        [Time since previous frame: 670.200 microseconds]
    UDP payload (95 bytes)
QUIC IETF
    QUIC Connection information
        [Connection Number: 1]
    [Packet Length: 95]
    1... .... = Header Form: Long Header (1)
    .1.. .... = Fixed Bit: True
    ..10 .... = Packet Type: Handshake (2)
    Version: 1 (0x00000001)
    Destination Connection ID Length: 14
    Destination Connection ID: 5028684d728c4d5410465632e916
    Source Connection ID Length: 0
    Length: 72
    [Expert Info (Warning/Decryption): Failed to create decryption context: Secrets are not available]
        [Failed to create decryption context: Secrets are not available]
        [Severity level: Warning]
        [Group: Decryption]
    Remaining Payload: 241a326da19ea9c3705b7afffb269994b0e57d6bf699a8e9e771b80b1217019af55c59d4734e7e0f2ec8b9f23db1dd4b6ee51dc87e1a322b3b85a609d289a107f9c22e53f646638e

Frame 16: Packet, 120 bytes on wire (960 bits), 120 bytes captured (960 bits) on interface \Device\NPF_{9B9257DC-FAC1-4993-B12F-136D7BA5E874}, id 0
    Section number: 1
    Interface id: 0 (\Device\NPF_{9B9257DC-FAC1-4993-B12F-136D7BA5E874})
        Interface name: \Device\NPF_{9B9257DC-FAC1-4993-B12F-136D7BA5E874}
        Interface description: Wi-Fi
    Encapsulation type: Ethernet (1)
    Arrival Time: Apr  9, 2026 19:48:41.558317000 India Standard Time
    UTC Arrival Time: Apr  9, 2026 14:18:41.558317000 UTC
    Epoch Arrival Time: 1775744321.558317000
    [Time shift for this packet: 0.000000000 seconds]
    [Time delta from previous captured frame: 122.800 microseconds]
    [Time delta from previous displayed frame: 122.800 microseconds]
    [Time since reference or first frame: 1.116292400 seconds]
    Frame Number: 16
    Frame Length: 120 bytes (960 bits)
    Capture Length: 120 bytes (960 bits)
    [Frame is marked: False]
    [Frame is ignored: False]
    [Protocols in frame: eth:ethertype:ip:udp:quic]
    Character encoding: ASCII (0)
Ethernet II, Src: 96:77:0b:05:d4:0b (96:77:0b:05:d4:0b), Dst: HewlettPacka_3a:cc:1d (28:92:4a:3a:cc:1d)
    Destination: HewlettPacka_3a:cc:1d (28:92:4a:3a:cc:1d)
        .... ..0. .... .... .... .... = LG bit: Globally unique address (factory default)
        .... ...0 .... .... .... .... = IG bit: Individual address (unicast)
    Source: 96:77:0b:05:d4:0b (96:77:0b:05:d4:0b)
        .... ..1. .... .... .... .... = LG bit: Locally administered address (this is NOT the factory default)
        .... ...0 .... .... .... .... = IG bit: Individual address (unicast)
    Type: IPv4 (0x0800)
    [Stream index: 0]
Internet Protocol Version 4, Src: 172.16.90.227, Dst: 40.104.77.114
    0100 .... = Version: 4
    .... 0101 = Header Length: 20 bytes (5)
    Differentiated Services Field: 0x00 (DSCP: CS0, ECN: Not-ECT)
        0000 00.. = Differentiated Services Codepoint: Default (0)
        .... ..00 = Explicit Congestion Notification: Not ECN-Capable Transport (0)
    Total Length: 106
    Identification: 0x64bc (25788)
    010. .... = Flags: 0x2, Don't fragment
        0... .... = Reserved bit: Not set
        .1.. .... = Don't fragment: Set
        ..0. .... = More fragments: Not set
    ...0 0000 0000 0000 = Fragment Offset: 0
    Time to Live: 128
    Protocol: UDP (17)
    Header Checksum: 0x0000 [validation disabled]
    [Header checksum status: Unverified]
    Source Address: 172.16.90.227
    Destination Address: 40.104.77.114
    [Stream index: 1]
User Datagram Protocol, Src Port: 51774, Dst Port: 443
    Source Port: 51774
    Destination Port: 443
    Length: 86
    Checksum: 0x7d35 [unverified]
    [Checksum Status: Unverified]
    [Stream index: 1]
    [Stream Packet Number: 12]
    [Timestamps]
        [Time since first frame: 225.031700 milliseconds]
        [Time since previous frame: 122.800 microseconds]
    UDP payload (78 bytes)
QUIC IETF
    QUIC Connection information
        [Connection Number: 1]
    [Packet Length: 78]
    QUIC Short Header DCID=5028684d728c4d5410465632e916
        0... .... = Header Form: Short Header (0)
        .1.. .... = Fixed Bit: True
        ..0. .... = Spin Bit: False
        Destination Connection ID: 5028684d728c4d5410465632e916
    Remaining Payload: a9816d45ee50d9d26fdc2ec9bc543422c7f36f37c5ec7120b4536596975774cbf9cad38e176a8b4aca4bdf14a2453503d9948373977c2f4bd1804341f52905

Frame 17: Packet, 80 bytes on wire (640 bits), 80 bytes captured (640 bits) on interface \Device\NPF_{9B9257DC-FAC1-4993-B12F-136D7BA5E874}, id 0
    Section number: 1
    Interface id: 0 (\Device\NPF_{9B9257DC-FAC1-4993-B12F-136D7BA5E874})
        Interface name: \Device\NPF_{9B9257DC-FAC1-4993-B12F-136D7BA5E874}
        Interface description: Wi-Fi
    Encapsulation type: Ethernet (1)
    Arrival Time: Apr  9, 2026 19:48:41.583049400 India Standard Time
    UTC Arrival Time: Apr  9, 2026 14:18:41.583049400 UTC
    Epoch Arrival Time: 1775744321.583049400
    [Time shift for this packet: 0.000000000 seconds]
    [Time delta from previous captured frame: 24.732400 milliseconds]
    [Time delta from previous displayed frame: 24.732400 milliseconds]
    [Time since reference or first frame: 1.141024800 seconds]
    Frame Number: 17
    Frame Length: 80 bytes (640 bits)
    Capture Length: 80 bytes (640 bits)
    [Frame is marked: False]
    [Frame is ignored: False]
    [Protocols in frame: eth:ethertype:ip:udp:quic]
    Character encoding: ASCII (0)
Ethernet II, Src: 96:77:0b:05:d4:0b (96:77:0b:05:d4:0b), Dst: HewlettPacka_3a:cc:1d (28:92:4a:3a:cc:1d)
    Destination: HewlettPacka_3a:cc:1d (28:92:4a:3a:cc:1d)
        .... ..0. .... .... .... .... = LG bit: Globally unique address (factory default)
        .... ...0 .... .... .... .... = IG bit: Individual address (unicast)
    Source: 96:77:0b:05:d4:0b (96:77:0b:05:d4:0b)
        .... ..1. .... .... .... .... = LG bit: Locally administered address (this is NOT the factory default)
        .... ...0 .... .... .... .... = IG bit: Individual address (unicast)
    Type: IPv4 (0x0800)
    [Stream index: 0]
Internet Protocol Version 4, Src: 172.16.90.227, Dst: 40.104.77.114
    0100 .... = Version: 4
    .... 0101 = Header Length: 20 bytes (5)
    Differentiated Services Field: 0x00 (DSCP: CS0, ECN: Not-ECT)
        0000 00.. = Differentiated Services Codepoint: Default (0)
        .... ..00 = Explicit Congestion Notification: Not ECN-Capable Transport (0)
    Total Length: 66
    Identification: 0x64bd (25789)
    010. .... = Flags: 0x2, Don't fragment
        0... .... = Reserved bit: Not set
        .1.. .... = Don't fragment: Set
        ..0. .... = More fragments: Not set
    ...0 0000 0000 0000 = Fragment Offset: 0
    Time to Live: 128
    Protocol: UDP (17)
    Header Checksum: 0x0000 [validation disabled]
    [Header checksum status: Unverified]
    Source Address: 172.16.90.227
    Destination Address: 40.104.77.114
    [Stream index: 1]
User Datagram Protocol, Src Port: 51774, Dst Port: 443
    Source Port: 51774
    Destination Port: 443
    Length: 46
    Checksum: 0x7d0d [unverified]
    [Checksum Status: Unverified]
    [Stream index: 1]
    [Stream Packet Number: 13]
    [Timestamps]
        [Time since first frame: 249.764100 milliseconds]
        [Time since previous frame: 24.732400 milliseconds]
    UDP payload (38 bytes)
QUIC IETF
    QUIC Connection information
        [Connection Number: 1]
    [Packet Length: 38]
    QUIC Short Header DCID=5028684d728c4d5410465632e916
        0... .... = Header Form: Short Header (0)
        .1.. .... = Fixed Bit: True
        ..0. .... = Spin Bit: False
        Destination Connection ID: 5028684d728c4d5410465632e916
    Remaining Payload: 9bed9d17332526473a0fc9a0302350ff744078306447cf

Frame 18: Packet, 1266 bytes on wire (10128 bits), 1266 bytes captured (10128 bits) on interface \Device\NPF_{9B9257DC-FAC1-4993-B12F-136D7BA5E874}, id 0
    Section number: 1
    Interface id: 0 (\Device\NPF_{9B9257DC-FAC1-4993-B12F-136D7BA5E874})
        Interface name: \Device\NPF_{9B9257DC-FAC1-4993-B12F-136D7BA5E874}
        Interface description: Wi-Fi
    Encapsulation type: Ethernet (1)
    Arrival Time: Apr  9, 2026 19:48:41.585821700 India Standard Time
    UTC Arrival Time: Apr  9, 2026 14:18:41.585821700 UTC
    Epoch Arrival Time: 1775744321.585821700
    [Time shift for this packet: 0.000000000 seconds]
    [Time delta from previous captured frame: 2.772300 milliseconds]
    [Time delta from previous displayed frame: 2.772300 milliseconds]
    [Time since reference or first frame: 1.143797100 seconds]
    Frame Number: 18
    Frame Length: 1266 bytes (10128 bits)
    Capture Length: 1266 bytes (10128 bits)
    [Frame is marked: False]
    [Frame is ignored: False]
    [Protocols in frame: eth:ethertype:vlan:ethertype:ip:udp:quic]
    Character encoding: ASCII (0)
Ethernet II, Src: HewlettPacka_3a:cc:1d (28:92:4a:3a:cc:1d), Dst: 96:77:0b:05:d4:0b (96:77:0b:05:d4:0b)
    Destination: 96:77:0b:05:d4:0b (96:77:0b:05:d4:0b)
        .... ..1. .... .... .... .... = LG bit: Locally administered address (this is NOT the factory default)
        .... ...0 .... .... .... .... = IG bit: Individual address (unicast)
    Source: HewlettPacka_3a:cc:1d (28:92:4a:3a:cc:1d)
        .... ..0. .... .... .... .... = LG bit: Globally unique address (factory default)
        .... ...0 .... .... .... .... = IG bit: Individual address (unicast)
    Type: 802.1Q Virtual LAN (0x8100)
    [Stream index: 0]
802.1Q Virtual LAN, PRI: 0, DEI: 0, ID: 0
    000. .... .... .... = Priority: Best Effort (default) (0)
    ...0 .... .... .... = DEI: Ineligible
    .... 0000 0000 0000 = ID: 0
    Type: IPv4 (0x0800)
Internet Protocol Version 4, Src: 40.104.77.114, Dst: 172.16.90.227
    0100 .... = Version: 4
    .... 0101 = Header Length: 20 bytes (5)
    Differentiated Services Field: 0x00 (DSCP: CS0, ECN: Not-ECT)
        0000 00.. = Differentiated Services Codepoint: Default (0)
        .... ..00 = Explicit Congestion Notification: Not ECN-Capable Transport (0)
    Total Length: 1248
    Identification: 0xa78e (42894)
    010. .... = Flags: 0x2, Don't fragment
        0... .... = Reserved bit: Not set
        .1.. .... = Don't fragment: Set
        ..0. .... = More fragments: Not set
    ...0 0000 0000 0000 = Fragment Offset: 0
    Time to Live: 116
    Protocol: UDP (17)
    Header Checksum: 0xddb0 [validation disabled]
    [Header checksum status: Unverified]
    Source Address: 40.104.77.114
    Destination Address: 172.16.90.227
    [Stream index: 1]
User Datagram Protocol, Src Port: 443, Dst Port: 51774
    Source Port: 443
    Destination Port: 51774
    Length: 1228
    Checksum: 0x65ce [unverified]
    [Checksum Status: Unverified]
    [Stream index: 1]
    [Stream Packet Number: 14]
    [Timestamps]
        [Time since first frame: 252.536400 milliseconds]
        [Time since previous frame: 2.772300 milliseconds]
    UDP payload (1220 bytes)
QUIC IETF
    QUIC Connection information
        [Connection Number: 1]
    [Packet Length: 1220]
    QUIC Short Header
        0... .... = Header Form: Short Header (0)
        .1.. .... = Fixed Bit: True
        ..0. .... = Spin Bit: False
    Remaining Payload […]: 3bbb9800477664288c1e60ced8399e7737150c9caacf7ca52448ace53b79baa12c6513562a4b7b4d260630a13536da0a02f034601e83d91a9ee6cffd1132ce634d14ffaec78db2a2605416b1b0755a151fc58aaddb9acc64c98012e7f0bc324c2d2f5d1f4d5ee8842c9b12

Frame 19: Packet, 1298 bytes on wire (10384 bits), 1298 bytes captured (10384 bits) on interface \Device\NPF_{9B9257DC-FAC1-4993-B12F-136D7BA5E874}, id 0
    Section number: 1
    Interface id: 0 (\Device\NPF_{9B9257DC-FAC1-4993-B12F-136D7BA5E874})
        Interface name: \Device\NPF_{9B9257DC-FAC1-4993-B12F-136D7BA5E874}
        Interface description: Wi-Fi
    Encapsulation type: Ethernet (1)
    Arrival Time: Apr  9, 2026 19:48:41.585873000 India Standard Time
    UTC Arrival Time: Apr  9, 2026 14:18:41.585873000 UTC
    Epoch Arrival Time: 1775744321.585873000
    [Time shift for this packet: 0.000000000 seconds]
    [Time delta from previous captured frame: 51.300 microseconds]
    [Time delta from previous displayed frame: 51.300 microseconds]
    [Time since reference or first frame: 1.143848400 seconds]
    Frame Number: 19
    Frame Length: 1298 bytes (10384 bits)
    Capture Length: 1298 bytes (10384 bits)
    [Frame is marked: False]
    [Frame is ignored: False]
    [Protocols in frame: eth:ethertype:vlan:ethertype:ip:udp:quic]
    Character encoding: ASCII (0)
Ethernet II, Src: HewlettPacka_3a:cc:1d (28:92:4a:3a:cc:1d), Dst: 96:77:0b:05:d4:0b (96:77:0b:05:d4:0b)
    Destination: 96:77:0b:05:d4:0b (96:77:0b:05:d4:0b)
        .... ..1. .... .... .... .... = LG bit: Locally administered address (this is NOT the factory default)
        .... ...0 .... .... .... .... = IG bit: Individual address (unicast)
    Source: HewlettPacka_3a:cc:1d (28:92:4a:3a:cc:1d)
        .... ..0. .... .... .... .... = LG bit: Globally unique address (factory default)
        .... ...0 .... .... .... .... = IG bit: Individual address (unicast)
    Type: 802.1Q Virtual LAN (0x8100)
    [Stream index: 0]
802.1Q Virtual LAN, PRI: 0, DEI: 0, ID: 0
    000. .... .... .... = Priority: Best Effort (default) (0)
    ...0 .... .... .... = DEI: Ineligible
    .... 0000 0000 0000 = ID: 0
    Type: IPv4 (0x0800)
Internet Protocol Version 4, Src: 40.104.77.114, Dst: 172.16.90.227
    0100 .... = Version: 4
    .... 0101 = Header Length: 20 bytes (5)
    Differentiated Services Field: 0x00 (DSCP: CS0, ECN: Not-ECT)
        0000 00.. = Differentiated Services Codepoint: Default (0)
        .... ..00 = Explicit Congestion Notification: Not ECN-Capable Transport (0)
    Total Length: 1280
    Identification: 0xa78f (42895)
    010. .... = Flags: 0x2, Don't fragment
        0... .... = Reserved bit: Not set
        .1.. .... = Don't fragment: Set
        ..0. .... = More fragments: Not set
    ...0 0000 0000 0000 = Fragment Offset: 0
    Time to Live: 116
    Protocol: UDP (17)
    Header Checksum: 0xdd8f [validation disabled]
    [Header checksum status: Unverified]
    Source Address: 40.104.77.114
    Destination Address: 172.16.90.227
    [Stream index: 1]
User Datagram Protocol, Src Port: 443, Dst Port: 51774
    Source Port: 443
    Destination Port: 51774
    Length: 1260
    Checksum: 0x5bc1 [unverified]
    [Checksum Status: Unverified]
    [Stream index: 1]
    [Stream Packet Number: 15]
    [Timestamps]
        [Time since first frame: 252.587700 milliseconds]
        [Time since previous frame: 51.300 microseconds]
    UDP payload (1252 bytes)
QUIC IETF
    QUIC Connection information
        [Connection Number: 1]
    [Packet Length: 1252]
    QUIC Short Header
        0... .... = Header Form: Short Header (0)
        .1.. .... = Fixed Bit: True
        ..0. .... = Spin Bit: False
    Remaining Payload […]: 741485d036a37bc54d3a21dc6bf41b6ab172215ff61bc2d7102d90ca2e2f103c170955bfe0c6ccd6197b5305fb651036ed109213001a6dfbb11dc80b81bd42b5d5720ab6c03208c11c0ca9b7f133660482f1a43f83738efb23b1fdb1add5538276499ac9770ad664f6095e

Frame 20: Packet, 79 bytes on wire (632 bits), 79 bytes captured (632 bits) on interface \Device\NPF_{9B9257DC-FAC1-4993-B12F-136D7BA5E874}, id 0
    Section number: 1
    Interface id: 0 (\Device\NPF_{9B9257DC-FAC1-4993-B12F-136D7BA5E874})
        Interface name: \Device\NPF_{9B9257DC-FAC1-4993-B12F-136D7BA5E874}
        Interface description: Wi-Fi
    Encapsulation type: Ethernet (1)
    Arrival Time: Apr  9, 2026 19:48:41.586031300 India Standard Time
    UTC Arrival Time: Apr  9, 2026 14:18:41.586031300 UTC
    Epoch Arrival Time: 1775744321.586031300
    [Time shift for this packet: 0.000000000 seconds]
    [Time delta from previous captured frame: 158.300 microseconds]
    [Time delta from previous displayed frame: 158.300 microseconds]
    [Time since reference or first frame: 1.144006700 seconds]
    Frame Number: 20
    Frame Length: 79 bytes (632 bits)
    Capture Length: 79 bytes (632 bits)
    [Frame is marked: False]
    [Frame is ignored: False]
    [Protocols in frame: eth:ethertype:ip:udp:quic]
    Character encoding: ASCII (0)
Ethernet II, Src: 96:77:0b:05:d4:0b (96:77:0b:05:d4:0b), Dst: HewlettPacka_3a:cc:1d (28:92:4a:3a:cc:1d)
    Destination: HewlettPacka_3a:cc:1d (28:92:4a:3a:cc:1d)
        .... ..0. .... .... .... .... = LG bit: Globally unique address (factory default)
        .... ...0 .... .... .... .... = IG bit: Individual address (unicast)
    Source: 96:77:0b:05:d4:0b (96:77:0b:05:d4:0b)
        .... ..1. .... .... .... .... = LG bit: Locally administered address (this is NOT the factory default)
        .... ...0 .... .... .... .... = IG bit: Individual address (unicast)
    Type: IPv4 (0x0800)
    [Stream index: 0]
Internet Protocol Version 4, Src: 172.16.90.227, Dst: 40.104.77.114
    0100 .... = Version: 4
    .... 0101 = Header Length: 20 bytes (5)
    Differentiated Services Field: 0x00 (DSCP: CS0, ECN: Not-ECT)
        0000 00.. = Differentiated Services Codepoint: Default (0)
        .... ..00 = Explicit Congestion Notification: Not ECN-Capable Transport (0)
    Total Length: 65
    Identification: 0x64be (25790)
    010. .... = Flags: 0x2, Don't fragment
        0... .... = Reserved bit: Not set
        .1.. .... = Don't fragment: Set
        ..0. .... = More fragments: Not set
    ...0 0000 0000 0000 = Fragment Offset: 0
    Time to Live: 128
    Protocol: UDP (17)
    Header Checksum: 0x0000 [validation disabled]
    [Header checksum status: Unverified]
    Source Address: 172.16.90.227
    Destination Address: 40.104.77.114
    [Stream index: 1]
User Datagram Protocol, Src Port: 51774, Dst Port: 443
    Source Port: 51774
    Destination Port: 443
    Length: 45
    Checksum: 0x7d0c [unverified]
    [Checksum Status: Unverified]
    [Stream index: 1]
    [Stream Packet Number: 16]
    [Timestamps]
        [Time since first frame: 252.746000 milliseconds]
        [Time since previous frame: 158.300 microseconds]
    UDP payload (37 bytes)
QUIC IETF
    QUIC Connection information
        [Connection Number: 1]
    [Packet Length: 37]
    QUIC Short Header DCID=5028684d728c4d5410465632e916
        0... .... = Header Form: Short Header (0)
        .1.. .... = Fixed Bit: True
        ..0. .... = Spin Bit: False
        Destination Connection ID: 5028684d728c4d5410465632e916
    Remaining Payload: 842e1fa258cc487628732b466ee3d9e2d3a016cc8293

Frame 21: Packet, 1378 bytes on wire (11024 bits), 1378 bytes captured (11024 bits) on interface \Device\NPF_{9B9257DC-FAC1-4993-B12F-136D7BA5E874}, id 0
    Section number: 1
    Interface id: 0 (\Device\NPF_{9B9257DC-FAC1-4993-B12F-136D7BA5E874})
        Interface name: \Device\NPF_{9B9257DC-FAC1-4993-B12F-136D7BA5E874}
        Interface description: Wi-Fi
    Encapsulation type: Ethernet (1)
    Arrival Time: Apr  9, 2026 19:48:41.613732100 India Standard Time
    UTC Arrival Time: Apr  9, 2026 14:18:41.613732100 UTC
    Epoch Arrival Time: 1775744321.613732100
    [Time shift for this packet: 0.000000000 seconds]
    [Time delta from previous captured frame: 27.700800 milliseconds]
    [Time delta from previous displayed frame: 27.700800 milliseconds]
    [Time since reference or first frame: 1.171707500 seconds]
    Frame Number: 21
    Frame Length: 1378 bytes (11024 bits)
    Capture Length: 1378 bytes (11024 bits)
    [Frame is marked: False]
    [Frame is ignored: False]
    [Protocols in frame: eth:ethertype:vlan:ethertype:ip:udp:quic]
    Character encoding: ASCII (0)
Ethernet II, Src: HewlettPacka_3a:cc:1d (28:92:4a:3a:cc:1d), Dst: 96:77:0b:05:d4:0b (96:77:0b:05:d4:0b)
    Destination: 96:77:0b:05:d4:0b (96:77:0b:05:d4:0b)
        .... ..1. .... .... .... .... = LG bit: Locally administered address (this is NOT the factory default)
        .... ...0 .... .... .... .... = IG bit: Individual address (unicast)
    Source: HewlettPacka_3a:cc:1d (28:92:4a:3a:cc:1d)
        .... ..0. .... .... .... .... = LG bit: Globally unique address (factory default)
        .... ...0 .... .... .... .... = IG bit: Individual address (unicast)
    Type: 802.1Q Virtual LAN (0x8100)
    [Stream index: 0]
802.1Q Virtual LAN, PRI: 0, DEI: 0, ID: 0
    000. .... .... .... = Priority: Best Effort (default) (0)
    ...0 .... .... .... = DEI: Ineligible
    .... 0000 0000 0000 = ID: 0
    Type: IPv4 (0x0800)
Internet Protocol Version 4, Src: 40.104.77.114, Dst: 172.16.90.227
    0100 .... = Version: 4
    .... 0101 = Header Length: 20 bytes (5)
    Differentiated Services Field: 0x00 (DSCP: CS0, ECN: Not-ECT)
        0000 00.. = Differentiated Services Codepoint: Default (0)
        .... ..00 = Explicit Congestion Notification: Not ECN-Capable Transport (0)
    Total Length: 1360
    Identification: 0xa790 (42896)
    010. .... = Flags: 0x2, Don't fragment
        0... .... = Reserved bit: Not set
        .1.. .... = Don't fragment: Set
        ..0. .... = More fragments: Not set
    ...0 0000 0000 0000 = Fragment Offset: 0
    Time to Live: 116
    Protocol: UDP (17)
    Header Checksum: 0xdd3e [validation disabled]
    [Header checksum status: Unverified]
    Source Address: 40.104.77.114
    Destination Address: 172.16.90.227
    [Stream index: 1]
User Datagram Protocol, Src Port: 443, Dst Port: 51774
    Source Port: 443
    Destination Port: 51774
    Length: 1340
    Checksum: 0x80fa [unverified]
    [Checksum Status: Unverified]
    [Stream index: 1]
    [Stream Packet Number: 17]
    [Timestamps]
        [Time since first frame: 280.446800 milliseconds]
        [Time since previous frame: 27.700800 milliseconds]
    UDP payload (1332 bytes)
QUIC IETF
    QUIC Connection information
        [Connection Number: 1]
    [Packet Length: 1332]
    QUIC Short Header
        0... .... = Header Form: Short Header (0)
        .1.. .... = Fixed Bit: True
        ..0. .... = Spin Bit: False
    Remaining Payload […]: 340e606fcaf87eb5fb771d750169e9c3c9ef7a3c0e25af3dec62e84ad43c4f17075cace06802cf56a4c0ab1768be6251abb7d4a3fa14c128eecdcf2bcb9025add2b43ca8e6e53afa11ec3254a3818e8a4eb8a36846b3439131261b9063449d4fb5956ffa934c708feb1176

Frame 22: Packet, 80 bytes on wire (640 bits), 80 bytes captured (640 bits) on interface \Device\NPF_{9B9257DC-FAC1-4993-B12F-136D7BA5E874}, id 0
    Section number: 1
    Interface id: 0 (\Device\NPF_{9B9257DC-FAC1-4993-B12F-136D7BA5E874})
        Interface name: \Device\NPF_{9B9257DC-FAC1-4993-B12F-136D7BA5E874}
        Interface description: Wi-Fi
    Encapsulation type: Ethernet (1)
    Arrival Time: Apr  9, 2026 19:48:41.650694700 India Standard Time
    UTC Arrival Time: Apr  9, 2026 14:18:41.650694700 UTC
    Epoch Arrival Time: 1775744321.650694700
    [Time shift for this packet: 0.000000000 seconds]
    [Time delta from previous captured frame: 36.962600 milliseconds]
    [Time delta from previous displayed frame: 36.962600 milliseconds]
    [Time since reference or first frame: 1.208670100 seconds]
    Frame Number: 22
    Frame Length: 80 bytes (640 bits)
    Capture Length: 80 bytes (640 bits)
    [Frame is marked: False]
    [Frame is ignored: False]
    [Protocols in frame: eth:ethertype:ip:udp:quic]
    Character encoding: ASCII (0)
Ethernet II, Src: 96:77:0b:05:d4:0b (96:77:0b:05:d4:0b), Dst: HewlettPacka_3a:cc:1d (28:92:4a:3a:cc:1d)
    Destination: HewlettPacka_3a:cc:1d (28:92:4a:3a:cc:1d)
        .... ..0. .... .... .... .... = LG bit: Globally unique address (factory default)
        .... ...0 .... .... .... .... = IG bit: Individual address (unicast)
    Source: 96:77:0b:05:d4:0b (96:77:0b:05:d4:0b)
        .... ..1. .... .... .... .... = LG bit: Locally administered address (this is NOT the factory default)
        .... ...0 .... .... .... .... = IG bit: Individual address (unicast)
    Type: IPv4 (0x0800)
    [Stream index: 0]
Internet Protocol Version 4, Src: 172.16.90.227, Dst: 40.104.77.114
    0100 .... = Version: 4
    .... 0101 = Header Length: 20 bytes (5)
    Differentiated Services Field: 0x00 (DSCP: CS0, ECN: Not-ECT)
        0000 00.. = Differentiated Services Codepoint: Default (0)
        .... ..00 = Explicit Congestion Notification: Not ECN-Capable Transport (0)
    Total Length: 66
    Identification: 0x64bf (25791)
    010. .... = Flags: 0x2, Don't fragment
        0... .... = Reserved bit: Not set
        .1.. .... = Don't fragment: Set
        ..0. .... = More fragments: Not set
    ...0 0000 0000 0000 = Fragment Offset: 0
    Time to Live: 128
    Protocol: UDP (17)
    Header Checksum: 0x0000 [validation disabled]
    [Header checksum status: Unverified]
    Source Address: 172.16.90.227
    Destination Address: 40.104.77.114
    [Stream index: 1]
User Datagram Protocol, Src Port: 51774, Dst Port: 443
    Source Port: 51774
    Destination Port: 443
    Length: 46
    Checksum: 0x7d0d [unverified]
    [Checksum Status: Unverified]
    [Stream index: 1]
    [Stream Packet Number: 18]
    [Timestamps]
        [Time since first frame: 317.409400 milliseconds]
        [Time since previous frame: 36.962600 milliseconds]
    UDP payload (38 bytes)
QUIC IETF
    QUIC Connection information
        [Connection Number: 1]
    [Packet Length: 38]
    QUIC Short Header DCID=5028684d728c4d5410465632e916
        0... .... = Header Form: Short Header (0)
        .1.. .... = Fixed Bit: True
        ..0. .... = Spin Bit: False
        Destination Connection ID: 5028684d728c4d5410465632e916
    Remaining Payload: 47010f2939d122cb228563320cc3e20abca4a79262a999

Frame 23: Packet, 1458 bytes on wire (11664 bits), 1458 bytes captured (11664 bits) on interface \Device\NPF_{9B9257DC-FAC1-4993-B12F-136D7BA5E874}, id 0
    Section number: 1
    Interface id: 0 (\Device\NPF_{9B9257DC-FAC1-4993-B12F-136D7BA5E874})
        Interface name: \Device\NPF_{9B9257DC-FAC1-4993-B12F-136D7BA5E874}
        Interface description: Wi-Fi
    Encapsulation type: Ethernet (1)
    Arrival Time: Apr  9, 2026 19:48:41.685006100 India Standard Time
    UTC Arrival Time: Apr  9, 2026 14:18:41.685006100 UTC
    Epoch Arrival Time: 1775744321.685006100
    [Time shift for this packet: 0.000000000 seconds]
    [Time delta from previous captured frame: 34.311400 milliseconds]
    [Time delta from previous displayed frame: 34.311400 milliseconds]
    [Time since reference or first frame: 1.242981500 seconds]
    Frame Number: 23
    Frame Length: 1458 bytes (11664 bits)
    Capture Length: 1458 bytes (11664 bits)
    [Frame is marked: False]
    [Frame is ignored: False]
    [Protocols in frame: eth:ethertype:vlan:ethertype:ip:udp:quic]
    Character encoding: ASCII (0)
Ethernet II, Src: HewlettPacka_3a:cc:1d (28:92:4a:3a:cc:1d), Dst: 96:77:0b:05:d4:0b (96:77:0b:05:d4:0b)
    Destination: 96:77:0b:05:d4:0b (96:77:0b:05:d4:0b)
        .... ..1. .... .... .... .... = LG bit: Locally administered address (this is NOT the factory default)
        .... ...0 .... .... .... .... = IG bit: Individual address (unicast)
    Source: HewlettPacka_3a:cc:1d (28:92:4a:3a:cc:1d)
        .... ..0. .... .... .... .... = LG bit: Globally unique address (factory default)
        .... ...0 .... .... .... .... = IG bit: Individual address (unicast)
    Type: 802.1Q Virtual LAN (0x8100)
    [Stream index: 0]
802.1Q Virtual LAN, PRI: 0, DEI: 0, ID: 0
    000. .... .... .... = Priority: Best Effort (default) (0)
    ...0 .... .... .... = DEI: Ineligible
    .... 0000 0000 0000 = ID: 0
    Type: IPv4 (0x0800)
Internet Protocol Version 4, Src: 40.104.77.114, Dst: 172.16.90.227
    0100 .... = Version: 4
    .... 0101 = Header Length: 20 bytes (5)
    Differentiated Services Field: 0x00 (DSCP: CS0, ECN: Not-ECT)
        0000 00.. = Differentiated Services Codepoint: Default (0)
        .... ..00 = Explicit Congestion Notification: Not ECN-Capable Transport (0)
    Total Length: 1440
    Identification: 0xa791 (42897)
    010. .... = Flags: 0x2, Don't fragment
        0... .... = Reserved bit: Not set
        .1.. .... = Don't fragment: Set
        ..0. .... = More fragments: Not set
    ...0 0000 0000 0000 = Fragment Offset: 0
    Time to Live: 116
    Protocol: UDP (17)
    Header Checksum: 0xdced [validation disabled]
    [Header checksum status: Unverified]
    Source Address: 40.104.77.114
    Destination Address: 172.16.90.227
    [Stream index: 1]
User Datagram Protocol, Src Port: 443, Dst Port: 51774
    Source Port: 443
    Destination Port: 51774
    Length: 1420
    Checksum: 0xe27c [unverified]
    [Checksum Status: Unverified]
    [Stream index: 1]
    [Stream Packet Number: 19]
    [Timestamps]
        [Time since first frame: 351.720800 milliseconds]
        [Time since previous frame: 34.311400 milliseconds]
    UDP payload (1412 bytes)
QUIC IETF
    QUIC Connection information
        [Connection Number: 1]
    [Packet Length: 1412]
    QUIC Short Header
        0... .... = Header Form: Short Header (0)
        .1.. .... = Fixed Bit: True
        ..0. .... = Spin Bit: False
    Remaining Payload […]: f3c18e6cd568c5cdf57699e913d314dfbd678f536549b1bf3ab69544ac99c35b2f92223bed2faa53edb167abc78562125acc6b874a1388be3b3369aa206c0b4622e3952fc68e0a7eb8c912c055b4de9653da86bf48b1b13e4c49089d1695a4b8261e8d3d5238ab47e1a17b

Frame 24: Packet, 80 bytes on wire (640 bits), 80 bytes captured (640 bits) on interface \Device\NPF_{9B9257DC-FAC1-4993-B12F-136D7BA5E874}, id 0
    Section number: 1
    Interface id: 0 (\Device\NPF_{9B9257DC-FAC1-4993-B12F-136D7BA5E874})
        Interface name: \Device\NPF_{9B9257DC-FAC1-4993-B12F-136D7BA5E874}
        Interface description: Wi-Fi
    Encapsulation type: Ethernet (1)
    Arrival Time: Apr  9, 2026 19:48:41.712007100 India Standard Time
    UTC Arrival Time: Apr  9, 2026 14:18:41.712007100 UTC
    Epoch Arrival Time: 1775744321.712007100
    [Time shift for this packet: 0.000000000 seconds]
    [Time delta from previous captured frame: 27.001000 milliseconds]
    [Time delta from previous displayed frame: 27.001000 milliseconds]
    [Time since reference or first frame: 1.269982500 seconds]
    Frame Number: 24
    Frame Length: 80 bytes (640 bits)
    Capture Length: 80 bytes (640 bits)
    [Frame is marked: False]
    [Frame is ignored: False]
    [Protocols in frame: eth:ethertype:ip:udp:quic]
    Character encoding: ASCII (0)
Ethernet II, Src: 96:77:0b:05:d4:0b (96:77:0b:05:d4:0b), Dst: HewlettPacka_3a:cc:1d (28:92:4a:3a:cc:1d)
    Destination: HewlettPacka_3a:cc:1d (28:92:4a:3a:cc:1d)
        .... ..0. .... .... .... .... = LG bit: Globally unique address (factory default)
        .... ...0 .... .... .... .... = IG bit: Individual address (unicast)
    Source: 96:77:0b:05:d4:0b (96:77:0b:05:d4:0b)
        .... ..1. .... .... .... .... = LG bit: Locally administered address (this is NOT the factory default)
        .... ...0 .... .... .... .... = IG bit: Individual address (unicast)
    Type: IPv4 (0x0800)
    [Stream index: 0]
Internet Protocol Version 4, Src: 172.16.90.227, Dst: 40.104.77.114
    0100 .... = Version: 4
    .... 0101 = Header Length: 20 bytes (5)
    Differentiated Services Field: 0x00 (DSCP: CS0, ECN: Not-ECT)
        0000 00.. = Differentiated Services Codepoint: Default (0)
        .... ..00 = Explicit Congestion Notification: Not ECN-Capable Transport (0)
    Total Length: 66
    Identification: 0x64c0 (25792)
    010. .... = Flags: 0x2, Don't fragment
        0... .... = Reserved bit: Not set
        .1.. .... = Don't fragment: Set
        ..0. .... = More fragments: Not set
    ...0 0000 0000 0000 = Fragment Offset: 0
    Time to Live: 128
    Protocol: UDP (17)
    Header Checksum: 0x0000 [validation disabled]
    [Header checksum status: Unverified]
    Source Address: 172.16.90.227
    Destination Address: 40.104.77.114
    [Stream index: 1]
User Datagram Protocol, Src Port: 51774, Dst Port: 443
    Source Port: 51774
    Destination Port: 443
    Length: 46
    Checksum: 0x7d0d [unverified]
    [Checksum Status: Unverified]
    [Stream index: 1]
    [Stream Packet Number: 20]
    [Timestamps]
        [Time since first frame: 378.721800 milliseconds]
        [Time since previous frame: 27.001000 milliseconds]
    UDP payload (38 bytes)
QUIC IETF
    QUIC Connection information
        [Connection Number: 1]
    [Packet Length: 38]
    QUIC Short Header DCID=5028684d728c4d5410465632e916
        0... .... = Header Form: Short Header (0)
        .1.. .... = Fixed Bit: True
        ..0. .... = Spin Bit: False
        Destination Connection ID: 5028684d728c4d5410465632e916
    Remaining Payload: 9c0acfe82f8cbee66c5239e617f9911e1818b648793595

Frame 25: Packet, 1518 bytes on wire (12144 bits), 1518 bytes captured (12144 bits) on interface \Device\NPF_{9B9257DC-FAC1-4993-B12F-136D7BA5E874}, id 0
    Section number: 1
    Interface id: 0 (\Device\NPF_{9B9257DC-FAC1-4993-B12F-136D7BA5E874})
        Interface name: \Device\NPF_{9B9257DC-FAC1-4993-B12F-136D7BA5E874}
        Interface description: Wi-Fi
    Encapsulation type: Ethernet (1)
    Arrival Time: Apr  9, 2026 19:48:41.740046500 India Standard Time
    UTC Arrival Time: Apr  9, 2026 14:18:41.740046500 UTC
    Epoch Arrival Time: 1775744321.740046500
    [Time shift for this packet: 0.000000000 seconds]
    [Time delta from previous captured frame: 28.039400 milliseconds]
    [Time delta from previous displayed frame: 28.039400 milliseconds]
    [Time since reference or first frame: 1.298021900 seconds]
    Frame Number: 25
    Frame Length: 1518 bytes (12144 bits)
    Capture Length: 1518 bytes (12144 bits)
    [Frame is marked: False]
    [Frame is ignored: False]
    [Protocols in frame: eth:ethertype:vlan:ethertype:ip:udp:quic]
    Character encoding: ASCII (0)
Ethernet II, Src: HewlettPacka_3a:cc:1d (28:92:4a:3a:cc:1d), Dst: 96:77:0b:05:d4:0b (96:77:0b:05:d4:0b)
    Destination: 96:77:0b:05:d4:0b (96:77:0b:05:d4:0b)
        .... ..1. .... .... .... .... = LG bit: Locally administered address (this is NOT the factory default)
        .... ...0 .... .... .... .... = IG bit: Individual address (unicast)
    Source: HewlettPacka_3a:cc:1d (28:92:4a:3a:cc:1d)
        .... ..0. .... .... .... .... = LG bit: Globally unique address (factory default)
        .... ...0 .... .... .... .... = IG bit: Individual address (unicast)
    Type: 802.1Q Virtual LAN (0x8100)
    [Stream index: 0]
802.1Q Virtual LAN, PRI: 0, DEI: 0, ID: 0
    000. .... .... .... = Priority: Best Effort (default) (0)
    ...0 .... .... .... = DEI: Ineligible
    .... 0000 0000 0000 = ID: 0
    Type: IPv4 (0x0800)
Internet Protocol Version 4, Src: 40.104.77.114, Dst: 172.16.90.227
    0100 .... = Version: 4
    .... 0101 = Header Length: 20 bytes (5)
    Differentiated Services Field: 0x00 (DSCP: CS0, ECN: Not-ECT)
        0000 00.. = Differentiated Services Codepoint: Default (0)
        .... ..00 = Explicit Congestion Notification: Not ECN-Capable Transport (0)
    Total Length: 1500
    Identification: 0xa792 (42898)
    010. .... = Flags: 0x2, Don't fragment
        0... .... = Reserved bit: Not set
        .1.. .... = Don't fragment: Set
        ..0. .... = More fragments: Not set
    ...0 0000 0000 0000 = Fragment Offset: 0
    Time to Live: 116
    Protocol: UDP (17)
    Header Checksum: 0xdcb0 [validation disabled]
    [Header checksum status: Unverified]
    Source Address: 40.104.77.114
    Destination Address: 172.16.90.227
    [Stream index: 1]
User Datagram Protocol, Src Port: 443, Dst Port: 51774
    Source Port: 443
    Destination Port: 51774
    Length: 1480
    Checksum: 0x738f [unverified]
    [Checksum Status: Unverified]
    [Stream index: 1]
    [Stream Packet Number: 21]
    [Timestamps]
        [Time since first frame: 406.761200 milliseconds]
        [Time since previous frame: 28.039400 milliseconds]
    UDP payload (1472 bytes)
QUIC IETF
    QUIC Connection information
        [Connection Number: 1]
    [Packet Length: 1472]
    QUIC Short Header
        0... .... = Header Form: Short Header (0)
        .1.. .... = Fixed Bit: True
        ..0. .... = Spin Bit: False
    Remaining Payload […]: 1afc393b7eb42de0228178d928d5107a9db652ef6deb9d31a8fc0078b0155cdbaaf0a189146aba01f7a6cc1bb93c099846e539e43cbc432103a1d2c9adc43443ad312ce5f83b9d82231dac0e5eaf6e1bf2125d6aa50267ab9251b3c5f02e48ff91710c044d31db407d8683

Frame 26: Packet, 80 bytes on wire (640 bits), 80 bytes captured (640 bits) on interface \Device\NPF_{9B9257DC-FAC1-4993-B12F-136D7BA5E874}, id 0
    Section number: 1
    Interface id: 0 (\Device\NPF_{9B9257DC-FAC1-4993-B12F-136D7BA5E874})
        Interface name: \Device\NPF_{9B9257DC-FAC1-4993-B12F-136D7BA5E874}
        Interface description: Wi-Fi
    Encapsulation type: Ethernet (1)
    Arrival Time: Apr  9, 2026 19:48:41.773185200 India Standard Time
    UTC Arrival Time: Apr  9, 2026 14:18:41.773185200 UTC
    Epoch Arrival Time: 1775744321.773185200
    [Time shift for this packet: 0.000000000 seconds]
    [Time delta from previous captured frame: 33.138700 milliseconds]
    [Time delta from previous displayed frame: 33.138700 milliseconds]
    [Time since reference or first frame: 1.331160600 seconds]
    Frame Number: 26
    Frame Length: 80 bytes (640 bits)
    Capture Length: 80 bytes (640 bits)
    [Frame is marked: False]
    [Frame is ignored: False]
    [Protocols in frame: eth:ethertype:ip:udp:quic]
    Character encoding: ASCII (0)
Ethernet II, Src: 96:77:0b:05:d4:0b (96:77:0b:05:d4:0b), Dst: HewlettPacka_3a:cc:1d (28:92:4a:3a:cc:1d)
    Destination: HewlettPacka_3a:cc:1d (28:92:4a:3a:cc:1d)
        .... ..0. .... .... .... .... = LG bit: Globally unique address (factory default)
        .... ...0 .... .... .... .... = IG bit: Individual address (unicast)
    Source: 96:77:0b:05:d4:0b (96:77:0b:05:d4:0b)
        .... ..1. .... .... .... .... = LG bit: Locally administered address (this is NOT the factory default)
        .... ...0 .... .... .... .... = IG bit: Individual address (unicast)
    Type: IPv4 (0x0800)
    [Stream index: 0]
Internet Protocol Version 4, Src: 172.16.90.227, Dst: 40.104.77.114
    0100 .... = Version: 4
    .... 0101 = Header Length: 20 bytes (5)
    Differentiated Services Field: 0x00 (DSCP: CS0, ECN: Not-ECT)
        0000 00.. = Differentiated Services Codepoint: Default (0)
        .... ..00 = Explicit Congestion Notification: Not ECN-Capable Transport (0)
    Total Length: 66
    Identification: 0x64c1 (25793)
    010. .... = Flags: 0x2, Don't fragment
        0... .... = Reserved bit: Not set
        .1.. .... = Don't fragment: Set
        ..0. .... = More fragments: Not set
    ...0 0000 0000 0000 = Fragment Offset: 0
    Time to Live: 128
    Protocol: UDP (17)
    Header Checksum: 0x0000 [validation disabled]
    [Header checksum status: Unverified]
    Source Address: 172.16.90.227
    Destination Address: 40.104.77.114
    [Stream index: 1]
User Datagram Protocol, Src Port: 51774, Dst Port: 443
    Source Port: 51774
    Destination Port: 443
    Length: 46
    Checksum: 0x7d0d [unverified]
    [Checksum Status: Unverified]
    [Stream index: 1]
    [Stream Packet Number: 22]
    [Timestamps]
        [Time since first frame: 439.899900 milliseconds]
        [Time since previous frame: 33.138700 milliseconds]
    UDP payload (38 bytes)
QUIC IETF
    QUIC Connection information
        [Connection Number: 1]
    [Packet Length: 38]
    QUIC Short Header DCID=5028684d728c4d5410465632e916
        0... .... = Header Form: Short Header (0)
        .1.. .... = Fixed Bit: True
        ..0. .... = Spin Bit: False
        Destination Connection ID: 5028684d728c4d5410465632e916
    Remaining Payload: a74fc80bac5df0d41efe5ab6a61765d9f28b33bce3b1ba

Frame 27: Packet, 1292 bytes on wire (10336 bits), 1292 bytes captured (10336 bits) on interface \Device\NPF_{9B9257DC-FAC1-4993-B12F-136D7BA5E874}, id 0
    Section number: 1
    Interface id: 0 (\Device\NPF_{9B9257DC-FAC1-4993-B12F-136D7BA5E874})
        Interface name: \Device\NPF_{9B9257DC-FAC1-4993-B12F-136D7BA5E874}
        Interface description: Wi-Fi
    Encapsulation type: Ethernet (1)
    Arrival Time: Apr  9, 2026 19:48:42.548209400 India Standard Time
    UTC Arrival Time: Apr  9, 2026 14:18:42.548209400 UTC
    Epoch Arrival Time: 1775744322.548209400
    [Time shift for this packet: 0.000000000 seconds]
    [Time delta from previous captured frame: 775.024200 milliseconds]
    [Time delta from previous displayed frame: 775.024200 milliseconds]
    [Time since reference or first frame: 2.106184800 seconds]
    Frame Number: 27
    Frame Length: 1292 bytes (10336 bits)
    Capture Length: 1292 bytes (10336 bits)
    [Frame is marked: False]
    [Frame is ignored: False]
    [Protocols in frame: eth:ethertype:ip:udp:quic]
    Character encoding: ASCII (0)
Ethernet II, Src: 96:77:0b:05:d4:0b (96:77:0b:05:d4:0b), Dst: HewlettPacka_3a:cc:1d (28:92:4a:3a:cc:1d)
    Destination: HewlettPacka_3a:cc:1d (28:92:4a:3a:cc:1d)
        .... ..0. .... .... .... .... = LG bit: Globally unique address (factory default)
        .... ...0 .... .... .... .... = IG bit: Individual address (unicast)
    Source: 96:77:0b:05:d4:0b (96:77:0b:05:d4:0b)
        .... ..1. .... .... .... .... = LG bit: Locally administered address (this is NOT the factory default)
        .... ...0 .... .... .... .... = IG bit: Individual address (unicast)
    Type: IPv4 (0x0800)
    [Stream index: 0]
Internet Protocol Version 4, Src: 172.16.90.227, Dst: 151.101.65.164
    0100 .... = Version: 4
    .... 0101 = Header Length: 20 bytes (5)
    Differentiated Services Field: 0x00 (DSCP: CS0, ECN: Not-ECT)
        0000 00.. = Differentiated Services Codepoint: Default (0)
        .... ..00 = Explicit Congestion Notification: Not ECN-Capable Transport (0)
    Total Length: 1278
    Identification: 0x59fc (23036)
    010. .... = Flags: 0x2, Don't fragment
        0... .... = Reserved bit: Not set
        .1.. .... = Don't fragment: Set
        ..0. .... = More fragments: Not set
    ...0 0000 0000 0000 = Fragment Offset: 0
    Time to Live: 128
    Protocol: UDP (17)
    Header Checksum: 0x0000 [validation disabled]
    [Header checksum status: Unverified]
    Source Address: 172.16.90.227
    Destination Address: 151.101.65.164
    [Stream index: 0]
User Datagram Protocol, Src Port: 52244, Dst Port: 443
    Source Port: 52244
    Destination Port: 443
    Length: 1258
    Checksum: 0xe4f8 [unverified]
    [Checksum Status: Unverified]
    [Stream index: 0]
    [Stream Packet Number: 5]
    [Timestamps]
        [Time since first frame: 2.106184800 seconds]
        [Time since previous frame: 1.204045400 seconds]
    UDP payload (1250 bytes)
QUIC IETF
    QUIC Connection information
        [Connection Number: 0]
    [Packet Length: 1250]
    1... .... = Header Form: Long Header (1)
    .1.. .... = Fixed Bit: True
    ..00 .... = Packet Type: Initial (0)
    [.... 00.. = Reserved: 0]
    [.... ..00 = Packet Number Length: 1 bytes (0)]
    Version: 1 (0x00000001)
    Destination Connection ID Length: 8
    Destination Connection ID: 4e40295428aa5207
    Source Connection ID Length: 0
    Token Length: 0
    Length: 1232
    [Packet Number: 8]
    Payload […]: fde622a1efdebbbf48e90c7d00a896ffbc1e00cc1aecb355b15ef0698a35708c07ec641fb45e89b1742dea7db16ddfbeddf07bd79c61bb92cd0a5dc8bea5f8a3f289ff6b89753c17c1408fe8fe4e36135eebd7b0dd44a8248cf2e3ee353b70d12ff0e8e9e05fa056e8357d8086620d55
    PING
        Frame Type: PING (0x0000000000000001)
    PING
        Frame Type: PING (0x0000000000000001)
    PING
        Frame Type: PING (0x0000000000000001)
    PING
        Frame Type: PING (0x0000000000000001)
    CRYPTO
        Frame Type: CRYPTO (0x0000000000000006)
        Offset: 1411
        Length: 138
        Crypto Data
        This QUIC frame has a reused stream offset (retransmission?)
            [Expert Info (Note/Sequence): This QUIC frame has a reused stream offset (retransmission?)]
                [This QUIC frame has a reused stream offset (retransmission?)]
                [Severity level: Note]
                [Group: Sequence]
    CRYPTO
        Frame Type: CRYPTO (0x0000000000000006)
        Offset: 1330
        Length: 81
        Crypto Data
        This QUIC frame has a reused stream offset (retransmission?)
            [Expert Info (Note/Sequence): This QUIC frame has a reused stream offset (retransmission?)]
                [This QUIC frame has a reused stream offset (retransmission?)]
                [Severity level: Note]
                [Group: Sequence]
    PING
        Frame Type: PING (0x0000000000000001)
    CRYPTO
        Frame Type: CRYPTO (0x0000000000000006)
        Offset: 0
        Length: 79
        Crypto Data
        This QUIC frame has a reused stream offset (retransmission?)
            [Expert Info (Note/Sequence): This QUIC frame has a reused stream offset (retransmission?)]
                [This QUIC frame has a reused stream offset (retransmission?)]
                [Severity level: Note]
                [Group: Sequence]
    PADDING Length: 280
        Frame Type: PADDING (0x0000000000000000)
        [Padding Length: 280]
    CRYPTO
        Frame Type: CRYPTO (0x0000000000000006)
        Offset: 1316
        Length: 14
        Crypto Data
        This QUIC frame has a reused stream offset (retransmission?)
            [Expert Info (Note/Sequence): This QUIC frame has a reused stream offset (retransmission?)]
                [This QUIC frame has a reused stream offset (retransmission?)]
                [Severity level: Note]
                [Group: Sequence]
    PING
        Frame Type: PING (0x0000000000000001)
    PING
        Frame Type: PING (0x0000000000000001)
    CRYPTO
        Frame Type: CRYPTO (0x0000000000000006)
        Offset: 1635
        Length: 141
        Crypto Data
        This QUIC frame has a reused stream offset (retransmission?)
            [Expert Info (Note/Sequence): This QUIC frame has a reused stream offset (retransmission?)]
                [This QUIC frame has a reused stream offset (retransmission?)]
                [Severity level: Note]
                [Group: Sequence]
    PING
        Frame Type: PING (0x0000000000000001)
    PADDING Length: 1
        Frame Type: PADDING (0x0000000000000000)
        [Padding Length: 1]
    CRYPTO
        Frame Type: CRYPTO (0x0000000000000006)
        Offset: 1234
        Length: 82
        Crypto Data
        This QUIC frame has a reused stream offset (retransmission?)
            [Expert Info (Note/Sequence): This QUIC frame has a reused stream offset (retransmission?)]
                [This QUIC frame has a reused stream offset (retransmission?)]
                [Severity level: Note]
                [Group: Sequence]
    PADDING Length: 1
        Frame Type: PADDING (0x0000000000000000)
        [Padding Length: 1]
    CRYPTO
        Frame Type: CRYPTO (0x0000000000000006)
        Offset: 969
        Length: 265
        Crypto Data
        This QUIC frame has a reused stream offset (retransmission?)
            [Expert Info (Note/Sequence): This QUIC frame has a reused stream offset (retransmission?)]
                [This QUIC frame has a reused stream offset (retransmission?)]
                [Severity level: Note]
                [Group: Sequence]
    CRYPTO
        Frame Type: CRYPTO (0x0000000000000006)
        Offset: 1549
        Length: 86
        Crypto Data
        This QUIC frame has a reused stream offset (retransmission?)
            [Expert Info (Note/Sequence): This QUIC frame has a reused stream offset (retransmission?)]
                [This QUIC frame has a reused stream offset (retransmission?)]
                [Severity level: Note]
                [Group: Sequence]
    PING
        Frame Type: PING (0x0000000000000001)

Frame 28: Packet, 1292 bytes on wire (10336 bits), 1292 bytes captured (10336 bits) on interface \Device\NPF_{9B9257DC-FAC1-4993-B12F-136D7BA5E874}, id 0
    Section number: 1
    Interface id: 0 (\Device\NPF_{9B9257DC-FAC1-4993-B12F-136D7BA5E874})
        Interface name: \Device\NPF_{9B9257DC-FAC1-4993-B12F-136D7BA5E874}
        Interface description: Wi-Fi
    Encapsulation type: Ethernet (1)
    Arrival Time: Apr  9, 2026 19:48:42.704897800 India Standard Time
    UTC Arrival Time: Apr  9, 2026 14:18:42.704897800 UTC
    Epoch Arrival Time: 1775744322.704897800
    [Time shift for this packet: 0.000000000 seconds]
    [Time delta from previous captured frame: 156.688400 milliseconds]
    [Time delta from previous displayed frame: 156.688400 milliseconds]
    [Time since reference or first frame: 2.262873200 seconds]
    Frame Number: 28
    Frame Length: 1292 bytes (10336 bits)
    Capture Length: 1292 bytes (10336 bits)
    [Frame is marked: False]
    [Frame is ignored: False]
    [Protocols in frame: eth:ethertype:ip:udp:quic]
    Character encoding: ASCII (0)
Ethernet II, Src: 96:77:0b:05:d4:0b (96:77:0b:05:d4:0b), Dst: HewlettPacka_3a:cc:1d (28:92:4a:3a:cc:1d)
    Destination: HewlettPacka_3a:cc:1d (28:92:4a:3a:cc:1d)
        .... ..0. .... .... .... .... = LG bit: Globally unique address (factory default)
        .... ...0 .... .... .... .... = IG bit: Individual address (unicast)
    Source: 96:77:0b:05:d4:0b (96:77:0b:05:d4:0b)
        .... ..1. .... .... .... .... = LG bit: Locally administered address (this is NOT the factory default)
        .... ...0 .... .... .... .... = IG bit: Individual address (unicast)
    Type: IPv4 (0x0800)
    [Stream index: 0]
Internet Protocol Version 4, Src: 172.16.90.227, Dst: 23.202.229.23
    0100 .... = Version: 4
    .... 0101 = Header Length: 20 bytes (5)
    Differentiated Services Field: 0x00 (DSCP: CS0, ECN: Not-ECT)
        0000 00.. = Differentiated Services Codepoint: Default (0)
        .... ..00 = Explicit Congestion Notification: Not ECN-Capable Transport (0)
    Total Length: 1278
    Identification: 0xa96c (43372)
    010. .... = Flags: 0x2, Don't fragment
        0... .... = Reserved bit: Not set
        .1.. .... = Don't fragment: Set
        ..0. .... = More fragments: Not set
    ...0 0000 0000 0000 = Fragment Offset: 0
    Time to Live: 128
    Protocol: UDP (17)
    Header Checksum: 0x0000 [validation disabled]
    [Header checksum status: Unverified]
    Source Address: 172.16.90.227
    Destination Address: 23.202.229.23
    [Stream index: 2]
User Datagram Protocol, Src Port: 52456, Dst Port: 443
    Source Port: 52456
    Destination Port: 443
    Length: 1258
    Checksum: 0x08d1 [unverified]
    [Checksum Status: Unverified]
    [Stream index: 2]
    [Stream Packet Number: 1]
    [Timestamps]
        [Time since first frame: 0.000000000 seconds]
        [Time since previous frame: 0.000000000 seconds]
    UDP payload (1250 bytes)
QUIC IETF
    QUIC Connection information
        [Connection Number: 2]
    [Packet Length: 1250]
    1... .... = Header Form: Long Header (1)
    .1.. .... = Fixed Bit: True
    ..00 .... = Packet Type: Initial (0)
    [.... 00.. = Reserved: 0]
    [.... ..00 = Packet Number Length: 1 bytes (0)]
    Version: 1 (0x00000001)
    Destination Connection ID Length: 8
    Destination Connection ID: 592cb0c322ecef5c
    Source Connection ID Length: 0
    Token Length: 0
    Length: 1232
    [Packet Number: 1]
    Payload […]: 25c378c5ec2c33affffde7bfb5e22038814e05ead93c048da48f02c9dabec4a7d64a4d06f53b1f325823c869022ced2115ed0db2ae69fb12dabce692a1a12d319614f3ba2c0fa1583e89bfa2713bc619b549b9951fdd1a6bde0b6b7c460807a1af203f149a12a61a5ffa430c3fab3ffc
    PADDING Length: 7
        Frame Type: PADDING (0x0000000000000000)
        [Padding Length: 7]
    CRYPTO
        Frame Type: CRYPTO (0x0000000000000006)
        Offset: 35
        Length: 10
        Crypto Data
    PING
        Frame Type: PING (0x0000000000000001)
    PING
        Frame Type: PING (0x0000000000000001)
    CRYPTO
        Frame Type: CRYPTO (0x0000000000000006)
        Offset: 930
        Length: 563
        Crypto Data
    CRYPTO
        Frame Type: CRYPTO (0x0000000000000006)
        Offset: 1493
        Length: 219
        Crypto Data
    CRYPTO
        Frame Type: CRYPTO (0x0000000000000006)
        Offset: 0
        Length: 3
        Crypto Data
    PING
        Frame Type: PING (0x0000000000000001)
    PING
        Frame Type: PING (0x0000000000000001)
    PADDING Length: 2
        Frame Type: PADDING (0x0000000000000000)
        [Padding Length: 2]
    CRYPTO
        Frame Type: CRYPTO (0x0000000000000006)
        Offset: 28
        Length: 7
        Crypto Data
    CRYPTO
        Frame Type: CRYPTO (0x0000000000000006)
        Offset: 3
        Length: 23
        Crypto Data
    CRYPTO
        Frame Type: CRYPTO (0x0000000000000006)
        Offset: 26
        Length: 1
        Crypto Data
    PING
        Frame Type: PING (0x0000000000000001)
    PADDING Length: 5
        Frame Type: PADDING (0x0000000000000000)
        [Padding Length: 5]
    PING
        Frame Type: PING (0x0000000000000001)
    PING
        Frame Type: PING (0x0000000000000001)
    PING
        Frame Type: PING (0x0000000000000001)
    PADDING Length: 296
        Frame Type: PADDING (0x0000000000000000)
        [Padding Length: 296]
    PING
        Frame Type: PING (0x0000000000000001)
    CRYPTO
        Frame Type: CRYPTO (0x0000000000000006)
        Offset: 45
        Length: 27
        Crypto Data
    CRYPTO
        Frame Type: CRYPTO (0x0000000000000006)
        Offset: 27
        Length: 1
        Crypto Data
    PADDING Length: 11
        Frame Type: PADDING (0x0000000000000000)
        [Padding Length: 11]

Frame 29: Packet, 1292 bytes on wire (10336 bits), 1292 bytes captured (10336 bits) on interface \Device\NPF_{9B9257DC-FAC1-4993-B12F-136D7BA5E874}, id 0
    Section number: 1
    Interface id: 0 (\Device\NPF_{9B9257DC-FAC1-4993-B12F-136D7BA5E874})
        Interface name: \Device\NPF_{9B9257DC-FAC1-4993-B12F-136D7BA5E874}
        Interface description: Wi-Fi
    Encapsulation type: Ethernet (1)
    Arrival Time: Apr  9, 2026 19:48:42.705010100 India Standard Time
    UTC Arrival Time: Apr  9, 2026 14:18:42.705010100 UTC
    Epoch Arrival Time: 1775744322.705010100
    [Time shift for this packet: 0.000000000 seconds]
    [Time delta from previous captured frame: 112.300 microseconds]
    [Time delta from previous displayed frame: 112.300 microseconds]
    [Time since reference or first frame: 2.262985500 seconds]
    Frame Number: 29
    Frame Length: 1292 bytes (10336 bits)
    Capture Length: 1292 bytes (10336 bits)
    [Frame is marked: False]
    [Frame is ignored: False]
    [Protocols in frame: eth:ethertype:ip:udp:quic:tls]
    Character encoding: ASCII (0)
Ethernet II, Src: 96:77:0b:05:d4:0b (96:77:0b:05:d4:0b), Dst: HewlettPacka_3a:cc:1d (28:92:4a:3a:cc:1d)
    Destination: HewlettPacka_3a:cc:1d (28:92:4a:3a:cc:1d)
        .... ..0. .... .... .... .... = LG bit: Globally unique address (factory default)
        .... ...0 .... .... .... .... = IG bit: Individual address (unicast)
    Source: 96:77:0b:05:d4:0b (96:77:0b:05:d4:0b)
        .... ..1. .... .... .... .... = LG bit: Locally administered address (this is NOT the factory default)
        .... ...0 .... .... .... .... = IG bit: Individual address (unicast)
    Type: IPv4 (0x0800)
    [Stream index: 0]
Internet Protocol Version 4, Src: 172.16.90.227, Dst: 23.202.229.23
    0100 .... = Version: 4
    .... 0101 = Header Length: 20 bytes (5)
    Differentiated Services Field: 0x00 (DSCP: CS0, ECN: Not-ECT)
        0000 00.. = Differentiated Services Codepoint: Default (0)
        .... ..00 = Explicit Congestion Notification: Not ECN-Capable Transport (0)
    Total Length: 1278
    Identification: 0xa96d (43373)
    010. .... = Flags: 0x2, Don't fragment
        0... .... = Reserved bit: Not set
        .1.. .... = Don't fragment: Set
        ..0. .... = More fragments: Not set
    ...0 0000 0000 0000 = Fragment Offset: 0
    Time to Live: 128
    Protocol: UDP (17)
    Header Checksum: 0x0000 [validation disabled]
    [Header checksum status: Unverified]
    Source Address: 172.16.90.227
    Destination Address: 23.202.229.23
    [Stream index: 2]
User Datagram Protocol, Src Port: 52456, Dst Port: 443
    Source Port: 52456
    Destination Port: 443
    Length: 1258
    Checksum: 0x08d1 [unverified]
    [Checksum Status: Unverified]
    [Stream index: 2]
    [Stream Packet Number: 2]
    [Timestamps]
        [Time since first frame: 112.300 microseconds]
        [Time since previous frame: 112.300 microseconds]
    UDP payload (1250 bytes)
QUIC IETF
    QUIC Connection information
        [Connection Number: 2]
    [Packet Length: 1250]
    1... .... = Header Form: Long Header (1)
    .1.. .... = Fixed Bit: True
    ..00 .... = Packet Type: Initial (0)
    [.... 00.. = Reserved: 0]
    [.... ..01 = Packet Number Length: 2 bytes (1)]
    Version: 1 (0x00000001)
    Destination Connection ID Length: 8
    Destination Connection ID: 592cb0c322ecef5c
    Source Connection ID Length: 0
    Token Length: 0
    Length: 1232
    [Packet Number: 2]
    Payload […]: 77f26f851df1cd4fe3416d2cffb83756637f513f2d755b3ac13e4e07dc4892d7fccf879ee94c2f52d5076da12782b00b5c191853f9f818569da9166f51f12b2c739daafdbfc896b024b73be0b826f335156a618c8fe4ad360b8e8940e659d0340b0ef9867ed1264886023ddaf0aa50f3
    CRYPTO
        Frame Type: CRYPTO (0x0000000000000006)
        Offset: 121
        Length: 34
        Crypto Data
    PING
        Frame Type: PING (0x0000000000000001)
    PING
        Frame Type: PING (0x0000000000000001)
    PING
        Frame Type: PING (0x0000000000000001)
    CRYPTO
        Frame Type: CRYPTO (0x0000000000000006)
        Offset: 218
        Length: 712
        Crypto Data
    CRYPTO
        Frame Type: CRYPTO (0x0000000000000006)
        Offset: 72
        Length: 32
        Crypto Data
    CRYPTO
        Frame Type: CRYPTO (0x0000000000000006)
        Offset: 155
        Length: 6
        Crypto Data
    PING
        Frame Type: PING (0x0000000000000001)
    PING
        Frame Type: PING (0x0000000000000001)
    PING
        Frame Type: PING (0x0000000000000001)
    PING
        Frame Type: PING (0x0000000000000001)
    PADDING Length: 180
        Frame Type: PADDING (0x0000000000000000)
        [Padding Length: 180]
    PING
        Frame Type: PING (0x0000000000000001)
    CRYPTO
        Frame Type: CRYPTO (0x0000000000000006)
        Offset: 185
        Length: 1
        Crypto Data
    CRYPTO
        Frame Type: CRYPTO (0x0000000000000006)
        Offset: 170
        Length: 2
        Crypto Data
    PADDING Length: 103
        Frame Type: PADDING (0x0000000000000000)
        [Padding Length: 103]
    CRYPTO
        Frame Type: CRYPTO (0x0000000000000006)
        Offset: 172
        Length: 13
        Crypto Data
    CRYPTO
        Frame Type: CRYPTO (0x0000000000000006)
        Offset: 161
        Length: 9
        Crypto Data
    CRYPTO
        Frame Type: CRYPTO (0x0000000000000006)
        Offset: 186
        Length: 32
        Crypto Data
    PING
        Frame Type: PING (0x0000000000000001)
    PING
        Frame Type: PING (0x0000000000000001)
    CRYPTO
        Frame Type: CRYPTO (0x0000000000000006)
        Offset: 104
        Length: 17
        Crypto Data
        [19 Reassembled QUIC CRYPTO Data Fragments (1712 bytes): #28(3), #28(23), #28(1), #28(1), #28(7), #28(10), #28(27), #29(32), #29(17), #29(34), #29(6), #29(9), #29(2), #29(13), #29(1), #29(32), #29(712), #28(563), #28(219)]
            [Frame: 28, payload: 0-2 (3 bytes)]
            [Frame: 28, payload: 3-25 (23 bytes)]
            [Frame: 28, payload: 26-26 (1 byte)]
            [Frame: 28, payload: 27-27 (1 byte)]
            [Frame: 28, payload: 28-34 (7 bytes)]
            [Frame: 28, payload: 35-44 (10 bytes)]
            [Frame: 28, payload: 45-71 (27 bytes)]
            [Frame: 29, payload: 72-103 (32 bytes)]
            [Frame: 29, payload: 104-120 (17 bytes)]
            [Frame: 29, payload: 121-154 (34 bytes)]
            [Frame: 29, payload: 155-160 (6 bytes)]
            [Frame: 29, payload: 161-169 (9 bytes)]
            [Frame: 29, payload: 170-171 (2 bytes)]
            [Frame: 29, payload: 172-184 (13 bytes)]
            [Frame: 29, payload: 185-185 (1 byte)]
            [Frame: 29, payload: 186-217 (32 bytes)]
            [Frame: 29, payload: 218-929 (712 bytes)]
            [Frame: 28, payload: 930-1492 (563 bytes)]
            [Frame: 28, payload: 1493-1711 (219 bytes)]
            [Fragment count: 19]
        TLSv1.3 Record Layer: Handshake Protocol: Client Hello
            Handshake Protocol: Client Hello
                Handshake Type: Client Hello (1)
                Length: 1708
                Version: TLS 1.2 (0x0303)
                    [Expert Info (Chat/Deprecated): This legacy_version field MUST be ignored. The supported_versions extension is present and MUST be used instead.]
                        [This legacy_version field MUST be ignored. The supported_versions extension is present and MUST be used instead.]
                        [Severity level: Chat]
                        [Group: Deprecated]
                Random: 35de26cfa47c275e4ff9b5071bd91a4348c51ae509d382ecd0cabc23d21bb92a
                Session ID Length: 0
                Cipher Suites Length: 6
                Cipher Suites (3 suites)
                    Cipher Suite: TLS_AES_128_GCM_SHA256 (0x1301)
                    Cipher Suite: TLS_AES_256_GCM_SHA384 (0x1302)
                    Cipher Suite: TLS_CHACHA20_POLY1305_SHA256 (0x1303)
                Compression Methods Length: 1
                Compression Methods (1 method)
                    Compression Method: null (0)
                Extensions Length: 1661
                Extension: quic_transport_parameters (len=76)
                    Type: quic_transport_parameters (57)
                    Length: 76
                    Parameter: max_datagram_frame_size (len=4) 65536
                        Type: max_datagram_frame_size (0x20)
                        Length: 4
                        Value: 80010000
                        max_datagram_frame_size: 65536
                    Parameter: initial_max_streams_uni (len=2) 103
                        Type: initial_max_streams_uni (0x09)
                        Length: 2
                        Value: 4067
                        initial_max_streams_uni: 103
                    Parameter: GREASE (len=3)
                        Type: GREASE (0x27220acf939eaab)
                        Length: 3
                        Value: 90999f
                    Parameter: max_udp_payload_size (len=2) 1472
                        Type: max_udp_payload_size (0x03)
                        Length: 2
                        Value: 45c0
                        max_udp_payload_size: 1472
                    Parameter: initial_max_data (len=4) 15728640
                        Type: initial_max_data (0x04)
                        Length: 4
                        Value: 80f00000
                        initial_max_data: 15728640
                    Parameter: initial_max_stream_data_uni (len=4) 6291456
                        Type: initial_max_stream_data_uni (0x07)
                        Length: 4
                        Value: 80600000
                        initial_max_stream_data_uni: 6291456
                    Parameter: initial_max_stream_data_bidi_local (len=4) 6291456
                        Type: initial_max_stream_data_bidi_local (0x05)
                        Length: 4
                        Value: 80600000
                        initial_max_stream_data_bidi_local: 6291456
                    Parameter: initial_max_streams_bidi (len=2) 100
                        Type: initial_max_streams_bidi (0x08)
                        Length: 2
                        Value: 4064
                        initial_max_streams_bidi: 100
                    Parameter: initial_source_connection_id (len=0)
                        Type: initial_source_connection_id (0x0f)
                        Length: 0
                        Initial Source Connection ID: <MISSING>
                    Parameter: max_idle_timeout (len=4) 30000 ms
                        Type: max_idle_timeout (0x01)
                        Length: 4
                        Value: 80007530
                        max_idle_timeout: 30000
                    Parameter: version_information (len=12)
                        Type: version_information (0x11)
                        Length: 12
                        Value: 00000001fafa4a5a00000001
                        Chosen Version: 1 (0x00000001)
                        Other Version: Unknown (0xfafa4a5a) (GREASE)
                        Other Version: 1 (0x00000001)
                    Parameter: initial_max_stream_data_bidi_remote (len=4) 6291456
                        Type: initial_max_stream_data_bidi_remote (0x06)
                        Length: 4
                        Value: 80600000
                        initial_max_stream_data_bidi_remote: 6291456
                Extension: application_layer_protocol_negotiation (len=5)
                    Type: application_layer_protocol_negotiation (16)
                    Length: 5
                    ALPN Extension Length: 3
                    ALPN Protocol
                        ALPN string length: 2
                        ALPN Next Protocol: h3
                Extension: application_settings (len=5)
                    Type: application_settings (17613)
                    Length: 5
                    ALPS Extension Length: 3
                    Supported ALPN List
                        Supported ALPN Length: 2
                        Supported ALPN: h3
                Extension: server_name (len=17) name=www.bing.com
                    Type: server_name (0)
                    Length: 17
                    Server Name Indication extension
                        Server Name list length: 15
                        Server Name Type: host_name (0)
                        Server Name length: 12
                        Server Name: www.bing.com
                Extension: psk_key_exchange_modes (len=2)
                    Type: psk_key_exchange_modes (45)
                    Length: 2
                    PSK Key Exchange Modes Length: 1
                    PSK Key Exchange Mode: PSK with (EC)DHE key establishment (psk_dhe_ke) (1)
                Extension: key_share (len=1258) X25519MLKEM768, x25519
                    Type: key_share (51)
                    Length: 1258
                    Key Share extension
                        Client Key Share Length: 1256
                        Key Share Entry: Group: X25519MLKEM768, Key Exchange length: 1216
                            Group: X25519MLKEM768 (4588)
                            Key Exchange Length: 1216
                            Key Exchange […]: b0395fdb4c43a325795ad2bcf7c1a205128ed4c2c1c5c93b26e6a2f6cc0a275c935e162767d86f52f15032c8924eccc7031581e6a55bdbd257c3f33f787b180193af1f010f39d3032a099da20b478f578a92955e12f7cdb2e00e8877315260a49db2b4c2928551d5a15ef34e154
                        Key Share Entry: Group: x25519, Key Exchange length: 32
                            Group: x25519 (29)
                            Key Exchange Length: 32
                            Key Exchange: 4d45caac28590c5e9c74ad7949a3558b95221b7c1cee5dc048c6946298fa1301
                Extension: encrypted_client_hello (len=218)
                    Type: encrypted_client_hello (65037)
                    Length: 218
                    Client Hello type: Outer Client Hello (0)
                    Cipher Suite: HKDF-SHA256/AES-128-GCM
                        KDF Id: HKDF-SHA256 (1)
                        AEAD Id: AES-128-GCM (1)
                    Config Id: 248
                    Enc length: 32
                    Enc: d8203db0fcb8793447e5ce519af43acd5166ee6028e82ea9b74e2236d4361269
                    Payload length: 176
                    Payload […]: 6e15784d5626464a5de7af549806cc940dab4c436e3270078b70c43f5d8e7ea1165e03050c4fccb0efe84959ed44067bec949b82da348d626a7c2da302c532aa1b867a5b7495b20f84e107daf165fb31d50ff3d779c5f9a29a55cc43f5d0502305a951edf3d808dec53a4b09dc40e6cf
                Extension: supported_groups (len=10)
                    Type: supported_groups (10)
                    Length: 10
                    Supported Groups List Length: 8
                    Supported Groups (4 groups)
                        Supported Group: X25519MLKEM768 (0x11ec)
                        Supported Group: x25519 (0x001d)
                        Supported Group: secp256r1 (0x0017)
                        Supported Group: secp384r1 (0x0018)
                Extension: signature_algorithms (len=20)
                    Type: signature_algorithms (13)
                    Length: 20
                    Signature Hash Algorithms Length: 18
                    Signature Hash Algorithms (9 algorithms)
                        Signature Algorithm: ecdsa_secp256r1_sha256 (0x0403)
                            Signature Hash Algorithm Hash: SHA256 (4)
                            Signature Hash Algorithm Signature: ECDSA (3)
                        Signature Algorithm: rsa_pss_rsae_sha256 (0x0804)
                            Signature Hash Algorithm Hash: Unknown (8)
                            Signature Hash Algorithm Signature: Unknown (4)
                        Signature Algorithm: rsa_pkcs1_sha256 (0x0401)
                            Signature Hash Algorithm Hash: SHA256 (4)
                            Signature Hash Algorithm Signature: RSA (1)
                        Signature Algorithm: ecdsa_secp384r1_sha384 (0x0503)
                            Signature Hash Algorithm Hash: SHA384 (5)
                            Signature Hash Algorithm Signature: ECDSA (3)
                        Signature Algorithm: rsa_pss_rsae_sha384 (0x0805)
                            Signature Hash Algorithm Hash: Unknown (8)
                            Signature Hash Algorithm Signature: Unknown (5)
                        Signature Algorithm: rsa_pkcs1_sha384 (0x0501)
                            Signature Hash Algorithm Hash: SHA384 (5)
                            Signature Hash Algorithm Signature: RSA (1)
                        Signature Algorithm: rsa_pss_rsae_sha512 (0x0806)
                            Signature Hash Algorithm Hash: Unknown (8)
                            Signature Hash Algorithm Signature: Unknown (6)
                        Signature Algorithm: rsa_pkcs1_sha512 (0x0601)
                            Signature Hash Algorithm Hash: SHA512 (6)
                            Signature Hash Algorithm Signature: RSA (1)
                        Signature Algorithm: rsa_pkcs1_sha1 (0x0201)
                            Signature Hash Algorithm Hash: SHA1 (2)
                            Signature Hash Algorithm Signature: RSA (1)
                Extension: supported_versions (len=3) TLS 1.3
                    Type: supported_versions (43)
                    Length: 3
                    Supported Versions length: 2
                    Supported Version: TLS 1.3 (0x0304)
                Extension: compress_certificate (len=3)
                    Type: compress_certificate (27)
                    Length: 3
                    Algorithms Length: 2
                    Algorithm: brotli (2)
                [JA4: q13d0311h3_55b375c5d22e_653d80c3fe9d]
                [JA4_r: q13d0311h3_1301,1302,1303_000a,000d,001b,002b,002d,0033,0039,44cd,fe0d_0403,0804,0401,0503,0805,0501,0806,0601,0201]
                [JA3 Fullstring: 771,4865-4866-4867,57-16-17613-0-45-51-65037-10-13-43-27,4588-29-23-24,]
                [JA3: 4665255727213439574e7e17c96ed55d]
    PADDING Length: 22
        Frame Type: PADDING (0x0000000000000000)
        [Padding Length: 22]

Frame 30: Packet, 86 bytes on wire (688 bits), 86 bytes captured (688 bits) on interface \Device\NPF_{9B9257DC-FAC1-4993-B12F-136D7BA5E874}, id 0
    Section number: 1
    Interface id: 0 (\Device\NPF_{9B9257DC-FAC1-4993-B12F-136D7BA5E874})
        Interface name: \Device\NPF_{9B9257DC-FAC1-4993-B12F-136D7BA5E874}
        Interface description: Wi-Fi
    Encapsulation type: Ethernet (1)
    Arrival Time: Apr  9, 2026 19:48:42.710323600 India Standard Time
    UTC Arrival Time: Apr  9, 2026 14:18:42.710323600 UTC
    Epoch Arrival Time: 1775744322.710323600
    [Time shift for this packet: 0.000000000 seconds]
    [Time delta from previous captured frame: 5.313500 milliseconds]
    [Time delta from previous displayed frame: 5.313500 milliseconds]
    [Time since reference or first frame: 2.268299000 seconds]
    Frame Number: 30
    Frame Length: 86 bytes (688 bits)
    Capture Length: 86 bytes (688 bits)
    [Frame is marked: False]
    [Frame is ignored: False]
    [Protocols in frame: eth:ethertype:vlan:ethertype:ip:udp:quic]
    Character encoding: ASCII (0)
Ethernet II, Src: HewlettPacka_3a:cc:1d (28:92:4a:3a:cc:1d), Dst: 96:77:0b:05:d4:0b (96:77:0b:05:d4:0b)
    Destination: 96:77:0b:05:d4:0b (96:77:0b:05:d4:0b)
        .... ..1. .... .... .... .... = LG bit: Locally administered address (this is NOT the factory default)
        .... ...0 .... .... .... .... = IG bit: Individual address (unicast)
    Source: HewlettPacka_3a:cc:1d (28:92:4a:3a:cc:1d)
        .... ..0. .... .... .... .... = LG bit: Globally unique address (factory default)
        .... ...0 .... .... .... .... = IG bit: Individual address (unicast)
    Type: 802.1Q Virtual LAN (0x8100)
    [Stream index: 0]
802.1Q Virtual LAN, PRI: 0, DEI: 0, ID: 0
    000. .... .... .... = Priority: Best Effort (default) (0)
    ...0 .... .... .... = DEI: Ineligible
    .... 0000 0000 0000 = ID: 0
    Type: IPv4 (0x0800)
Internet Protocol Version 4, Src: 23.202.229.23, Dst: 172.16.90.227
    0100 .... = Version: 4
    .... 0101 = Header Length: 20 bytes (5)
    Differentiated Services Field: 0x00 (DSCP: CS0, ECN: Not-ECT)
        0000 00.. = Differentiated Services Codepoint: Default (0)
        .... ..00 = Explicit Congestion Notification: Not ECN-Capable Transport (0)
    Total Length: 68
    Identification: 0x0000 (0)
    010. .... = Flags: 0x2, Don't fragment
        0... .... = Reserved bit: Not set
        .1.. .... = Don't fragment: Set
        ..0. .... = More fragments: Not set
    ...0 0000 0000 0000 = Fragment Offset: 0
    Time to Live: 55
    Protocol: UDP (17)
    Header Checksum: 0x3fd4 [validation disabled]
    [Header checksum status: Unverified]
    Source Address: 23.202.229.23
    Destination Address: 172.16.90.227
    [Stream index: 2]
User Datagram Protocol, Src Port: 443, Dst Port: 52456
    Source Port: 443
    Destination Port: 52456
    Length: 48
    Checksum: 0x0981 [unverified]
    [Checksum Status: Unverified]
    [Stream index: 2]
    [Stream Packet Number: 3]
    [Timestamps]
        [Time since first frame: 5.425800 milliseconds]
        [Time since previous frame: 5.313500 milliseconds]
    UDP payload (40 bytes)
QUIC IETF
    QUIC Connection information
        [Connection Number: 2]
    [Packet Length: 40]
    1... .... = Header Form: Long Header (1)
    .1.. .... = Fixed Bit: True
    ..00 .... = Packet Type: Initial (0)
    [.... 00.. = Reserved: 0]
    [.... ..00 = Packet Number Length: 1 bytes (0)]
    Version: 1 (0x00000001)
    Destination Connection ID Length: 0
    Source Connection ID Length: 8
    Source Connection ID: 4a3cdf2498808a30
    Token Length: 0
    Length: 22
    [Packet Number: 1]
    Payload: 07486ae9cf92f28bcf0f6bcf7a1f7d3592f7ded258
    ACK
        Frame Type: ACK (0x0000000000000002)
        Largest Acknowledged: 1
        ACK Delay: 0
        ACK Range Count: 0
        First ACK Range: 0

Frame 31: Packet, 1296 bytes on wire (10368 bits), 1296 bytes captured (10368 bits) on interface \Device\NPF_{9B9257DC-FAC1-4993-B12F-136D7BA5E874}, id 0
    Section number: 1
    Interface id: 0 (\Device\NPF_{9B9257DC-FAC1-4993-B12F-136D7BA5E874})
        Interface name: \Device\NPF_{9B9257DC-FAC1-4993-B12F-136D7BA5E874}
        Interface description: Wi-Fi
    Encapsulation type: Ethernet (1)
    Arrival Time: Apr  9, 2026 19:48:42.710397700 India Standard Time
    UTC Arrival Time: Apr  9, 2026 14:18:42.710397700 UTC
    Epoch Arrival Time: 1775744322.710397700
    [Time shift for this packet: 0.000000000 seconds]
    [Time delta from previous captured frame: 74.100 microseconds]
    [Time delta from previous displayed frame: 74.100 microseconds]
    [Time since reference or first frame: 2.268373100 seconds]
    Frame Number: 31
    Frame Length: 1296 bytes (10368 bits)
    Capture Length: 1296 bytes (10368 bits)
    [Frame is marked: False]
    [Frame is ignored: False]
    [Protocols in frame: eth:ethertype:vlan:ethertype:ip:udp:quic]
    Character encoding: ASCII (0)
Ethernet II, Src: HewlettPacka_3a:cc:1d (28:92:4a:3a:cc:1d), Dst: 96:77:0b:05:d4:0b (96:77:0b:05:d4:0b)
    Destination: 96:77:0b:05:d4:0b (96:77:0b:05:d4:0b)
        .... ..1. .... .... .... .... = LG bit: Locally administered address (this is NOT the factory default)
        .... ...0 .... .... .... .... = IG bit: Individual address (unicast)
    Source: HewlettPacka_3a:cc:1d (28:92:4a:3a:cc:1d)
        .... ..0. .... .... .... .... = LG bit: Globally unique address (factory default)
        .... ...0 .... .... .... .... = IG bit: Individual address (unicast)
    Type: 802.1Q Virtual LAN (0x8100)
    [Stream index: 0]
802.1Q Virtual LAN, PRI: 0, DEI: 0, ID: 0
    000. .... .... .... = Priority: Best Effort (default) (0)
    ...0 .... .... .... = DEI: Ineligible
    .... 0000 0000 0000 = ID: 0
    Type: IPv4 (0x0800)
Internet Protocol Version 4, Src: 23.202.229.23, Dst: 172.16.90.227
    0100 .... = Version: 4
    .... 0101 = Header Length: 20 bytes (5)
    Differentiated Services Field: 0x00 (DSCP: CS0, ECN: Not-ECT)
        0000 00.. = Differentiated Services Codepoint: Default (0)
        .... ..00 = Explicit Congestion Notification: Not ECN-Capable Transport (0)
    Total Length: 1278
    Identification: 0x0000 (0)
    010. .... = Flags: 0x2, Don't fragment
        0... .... = Reserved bit: Not set
        .1.. .... = Don't fragment: Set
        ..0. .... = More fragments: Not set
    ...0 0000 0000 0000 = Fragment Offset: 0
    Time to Live: 55
    Protocol: UDP (17)
    Header Checksum: 0x3b1a [validation disabled]
    [Header checksum status: Unverified]
    Source Address: 23.202.229.23
    Destination Address: 172.16.90.227
    [Stream index: 2]
User Datagram Protocol, Src Port: 443, Dst Port: 52456
    Source Port: 443
    Destination Port: 52456
    Length: 1258
    Checksum: 0x3f4d [unverified]
    [Checksum Status: Unverified]
    [Stream index: 2]
    [Stream Packet Number: 4]
    [Timestamps]
        [Time since first frame: 5.499900 milliseconds]
        [Time since previous frame: 74.100 microseconds]
    UDP payload (1250 bytes)
QUIC IETF
    QUIC Connection information
        [Connection Number: 2]
    [Packet Length: 1250]
    1... .... = Header Form: Long Header (1)
    .1.. .... = Fixed Bit: True
    ..00 .... = Packet Type: Initial (0)
    [.... 00.. = Reserved: 0]
    [.... ..00 = Packet Number Length: 1 bytes (0)]
    Version: 1 (0x00000001)
    Destination Connection ID Length: 0
    Source Connection ID Length: 8
    Source Connection ID: 4a3cdf2498808a30
    Token Length: 0
    Length: 1232
    [Packet Number: 2]
    Payload […]: 61ef15d9c31b478c44856923c5390ff636f1ddbd88e6fd7e1ef0ca0afdfa0d8106a2bfe354946ee80d70a6488755d4b20836f53b3cd4b2b93624de7c0bdaac2994d9508763162ef2a9a4676c2a5d31c6548d371e7d3b1b961a7eb68bf88502f92238bcf6bab56ec8a633ac78c6ac5fa2
    ACK
        Frame Type: ACK (0x0000000000000002)
        Largest Acknowledged: 2
        ACK Delay: 55
        ACK Range Count: 0
        First ACK Range: 1
    PADDING Length: 1210
        Frame Type: PADDING (0x0000000000000000)
        [Padding Length: 1210]

Frame 32: Packet, 1292 bytes on wire (10336 bits), 1292 bytes captured (10336 bits) on interface \Device\NPF_{9B9257DC-FAC1-4993-B12F-136D7BA5E874}, id 0
    Section number: 1
    Interface id: 0 (\Device\NPF_{9B9257DC-FAC1-4993-B12F-136D7BA5E874})
        Interface name: \Device\NPF_{9B9257DC-FAC1-4993-B12F-136D7BA5E874}
        Interface description: Wi-Fi
    Encapsulation type: Ethernet (1)
    Arrival Time: Apr  9, 2026 19:48:42.711201000 India Standard Time
    UTC Arrival Time: Apr  9, 2026 14:18:42.711201000 UTC
    Epoch Arrival Time: 1775744322.711201000
    [Time shift for this packet: 0.000000000 seconds]
    [Time delta from previous captured frame: 803.300 microseconds]
    [Time delta from previous displayed frame: 803.300 microseconds]
    [Time since reference or first frame: 2.269176400 seconds]
    Frame Number: 32
    Frame Length: 1292 bytes (10336 bits)
    Capture Length: 1292 bytes (10336 bits)
    [Frame is marked: False]
    [Frame is ignored: False]
    [Protocols in frame: eth:ethertype:ip:udp:quic]
    Character encoding: ASCII (0)
Ethernet II, Src: 96:77:0b:05:d4:0b (96:77:0b:05:d4:0b), Dst: HewlettPacka_3a:cc:1d (28:92:4a:3a:cc:1d)
    Destination: HewlettPacka_3a:cc:1d (28:92:4a:3a:cc:1d)
        .... ..0. .... .... .... .... = LG bit: Globally unique address (factory default)
        .... ...0 .... .... .... .... = IG bit: Individual address (unicast)
    Source: 96:77:0b:05:d4:0b (96:77:0b:05:d4:0b)
        .... ..1. .... .... .... .... = LG bit: Locally administered address (this is NOT the factory default)
        .... ...0 .... .... .... .... = IG bit: Individual address (unicast)
    Type: IPv4 (0x0800)
    [Stream index: 0]
Internet Protocol Version 4, Src: 172.16.90.227, Dst: 40.104.77.114
    0100 .... = Version: 4
    .... 0101 = Header Length: 20 bytes (5)
    Differentiated Services Field: 0x00 (DSCP: CS0, ECN: Not-ECT)
        0000 00.. = Differentiated Services Codepoint: Default (0)
        .... ..00 = Explicit Congestion Notification: Not ECN-Capable Transport (0)
    Total Length: 1278
    Identification: 0x64c4 (25796)
    010. .... = Flags: 0x2, Don't fragment
        0... .... = Reserved bit: Not set
        .1.. .... = Don't fragment: Set
        ..0. .... = More fragments: Not set
    ...0 0000 0000 0000 = Fragment Offset: 0
    Time to Live: 128
    Protocol: UDP (17)
    Header Checksum: 0x0000 [validation disabled]
    [Header checksum status: Unverified]
    Source Address: 172.16.90.227
    Destination Address: 40.104.77.114
    [Stream index: 1]
User Datagram Protocol, Src Port: 65397, Dst Port: 443
    Source Port: 65397
    Destination Port: 443
    Length: 1258
    Checksum: 0x81c9 [unverified]
    [Checksum Status: Unverified]
    [Stream index: 3]
    [Stream Packet Number: 1]
    [Timestamps]
        [Time since first frame: 0.000000000 seconds]
        [Time since previous frame: 0.000000000 seconds]
    UDP payload (1250 bytes)
QUIC IETF
    QUIC Connection information
        [Connection Number: 3]
    [Packet Length: 1250]
    1... .... = Header Form: Long Header (1)
    .1.. .... = Fixed Bit: True
    ..00 .... = Packet Type: Initial (0)
    [.... 00.. = Reserved: 0]
    [.... ..00 = Packet Number Length: 1 bytes (0)]
    Version: 1 (0x00000001)
    Destination Connection ID Length: 8
    Destination Connection ID: aabda056176b2866
    Source Connection ID Length: 0
    Token Length: 0
    Length: 1232
    [Packet Number: 1]
    Payload […]: 906927a2cb9a98849cc31f715baa9f2b3ff075865f25675ecf78d5b483e071f849f51324b55f166ab04202acb855abd919feed53d73765a509fbad43a0719aea09734c527a9c7c22dae9aa9d9fa7ff875357c98635d48a7c695e08348188a075eeb47630725a4b179ce4b318f10c3c08
    PADDING Length: 49
        Frame Type: PADDING (0x0000000000000000)
        [Padding Length: 49]
    CRYPTO
        Frame Type: CRYPTO (0x0000000000000006)
        Offset: 35
        Length: 26
        Crypto Data
    PING
        Frame Type: PING (0x0000000000000001)
    CRYPTO
        Frame Type: CRYPTO (0x0000000000000006)
        Offset: 1179
        Length: 352
        Crypto Data
    CRYPTO
        Frame Type: CRYPTO (0x0000000000000006)
        Offset: 1994
        Length: 124
        Crypto Data
    CRYPTO
        Frame Type: CRYPTO (0x0000000000000006)
        Offset: 1823
        Length: 118
        Crypto Data
    CRYPTO
        Frame Type: CRYPTO (0x0000000000000006)
        Offset: 2118
        Length: 1
        Crypto Data
    PING
        Frame Type: PING (0x0000000000000001)
    CRYPTO
        Frame Type: CRYPTO (0x0000000000000006)
        Offset: 0
        Length: 33
        Crypto Data
    CRYPTO
        Frame Type: CRYPTO (0x0000000000000006)
        Offset: 1771
        Length: 52
        Crypto Data
    CRYPTO
        Frame Type: CRYPTO (0x0000000000000006)
        Offset: 1941
        Length: 53
        Crypto Data
    PING
        Frame Type: PING (0x0000000000000001)
    CRYPTO
        Frame Type: CRYPTO (0x0000000000000006)
        Offset: 2119
        Length: 113
        Crypto Data
    CRYPTO
        Frame Type: CRYPTO (0x0000000000000006)
        Offset: 33
        Length: 2
        Crypto Data
    PING
        Frame Type: PING (0x0000000000000001)
    CRYPTO
        Frame Type: CRYPTO (0x0000000000000006)
        Offset: 1531
        Length: 240
        Crypto Data
    PING
        Frame Type: PING (0x0000000000000001)
    PING
        Frame Type: PING (0x0000000000000001)

Frame 33: Packet, 1292 bytes on wire (10336 bits), 1292 bytes captured (10336 bits) on interface \Device\NPF_{9B9257DC-FAC1-4993-B12F-136D7BA5E874}, id 0
    Section number: 1
    Interface id: 0 (\Device\NPF_{9B9257DC-FAC1-4993-B12F-136D7BA5E874})
        Interface name: \Device\NPF_{9B9257DC-FAC1-4993-B12F-136D7BA5E874}
        Interface description: Wi-Fi
    Encapsulation type: Ethernet (1)
    Arrival Time: Apr  9, 2026 19:48:42.711275100 India Standard Time
    UTC Arrival Time: Apr  9, 2026 14:18:42.711275100 UTC
    Epoch Arrival Time: 1775744322.711275100
    [Time shift for this packet: 0.000000000 seconds]
    [Time delta from previous captured frame: 74.100 microseconds]
    [Time delta from previous displayed frame: 74.100 microseconds]
    [Time since reference or first frame: 2.269250500 seconds]
    Frame Number: 33
    Frame Length: 1292 bytes (10336 bits)
    Capture Length: 1292 bytes (10336 bits)
    [Frame is marked: False]
    [Frame is ignored: False]
    [Protocols in frame: eth:ethertype:ip:udp:quic:tls]
    Character encoding: ASCII (0)
Ethernet II, Src: 96:77:0b:05:d4:0b (96:77:0b:05:d4:0b), Dst: HewlettPacka_3a:cc:1d (28:92:4a:3a:cc:1d)
    Destination: HewlettPacka_3a:cc:1d (28:92:4a:3a:cc:1d)
        .... ..0. .... .... .... .... = LG bit: Globally unique address (factory default)
        .... ...0 .... .... .... .... = IG bit: Individual address (unicast)
    Source: 96:77:0b:05:d4:0b (96:77:0b:05:d4:0b)
        .... ..1. .... .... .... .... = LG bit: Locally administered address (this is NOT the factory default)
        .... ...0 .... .... .... .... = IG bit: Individual address (unicast)
    Type: IPv4 (0x0800)
    [Stream index: 0]
Internet Protocol Version 4, Src: 172.16.90.227, Dst: 40.104.77.114
    0100 .... = Version: 4
    .... 0101 = Header Length: 20 bytes (5)
    Differentiated Services Field: 0x00 (DSCP: CS0, ECN: Not-ECT)
        0000 00.. = Differentiated Services Codepoint: Default (0)
        .... ..00 = Explicit Congestion Notification: Not ECN-Capable Transport (0)
    Total Length: 1278
    Identification: 0x64c5 (25797)
    010. .... = Flags: 0x2, Don't fragment
        0... .... = Reserved bit: Not set
        .1.. .... = Don't fragment: Set
        ..0. .... = More fragments: Not set
    ...0 0000 0000 0000 = Fragment Offset: 0
    Time to Live: 128
    Protocol: UDP (17)
    Header Checksum: 0x0000 [validation disabled]
    [Header checksum status: Unverified]
    Source Address: 172.16.90.227
    Destination Address: 40.104.77.114
    [Stream index: 1]
User Datagram Protocol, Src Port: 65397, Dst Port: 443
    Source Port: 65397
    Destination Port: 443
    Length: 1258
    Checksum: 0x81c9 [unverified]
    [Checksum Status: Unverified]
    [Stream index: 3]
    [Stream Packet Number: 2]
    [Timestamps]
        [Time since first frame: 74.100 microseconds]
        [Time since previous frame: 74.100 microseconds]
    UDP payload (1250 bytes)
QUIC IETF
    QUIC Connection information
        [Connection Number: 3]
    [Packet Length: 1250]
    1... .... = Header Form: Long Header (1)
    .1.. .... = Fixed Bit: True
    ..00 .... = Packet Type: Initial (0)
    [.... 00.. = Reserved: 0]
    [.... ..01 = Packet Number Length: 2 bytes (1)]
    Version: 1 (0x00000001)
    Destination Connection ID Length: 8
    Destination Connection ID: aabda056176b2866
    Source Connection ID Length: 0
    Token Length: 0
    Length: 1232
    [Packet Number: 2]
    Payload […]: ef9bd8fcae2466614fcb05b683c8a5f42ede4812a5958bc4489529c367cc550dbc547d2cfd1adae86eb767ba4310c5bafb00fa63884f3fa106e8c88601720bbc24d5c9f85dca54d7397f1ad16d067a0b90e15dcb4dc64b2ea9c8d1935f749c6b2a13eba2b462417b4850ce12f2a154a8
    CRYPTO
        Frame Type: CRYPTO (0x0000000000000006)
        Offset: 586
        Length: 4
        Crypto Data
    PING
        Frame Type: PING (0x0000000000000001)
    CRYPTO
        Frame Type: CRYPTO (0x0000000000000006)
        Offset: 624
        Length: 10
        Crypto Data
    PADDING Length: 11
        Frame Type: PADDING (0x0000000000000000)
        [Padding Length: 11]
    PING
        Frame Type: PING (0x0000000000000001)
    CRYPTO
        Frame Type: CRYPTO (0x0000000000000006)
        Offset: 804
        Length: 375
        Crypto Data
    PADDING Length: 26
        Frame Type: PADDING (0x0000000000000000)
        [Padding Length: 26]
    CRYPTO
        Frame Type: CRYPTO (0x0000000000000006)
        Offset: 554
        Length: 32
        Crypto Data
    PADDING Length: 17
        Frame Type: PADDING (0x0000000000000000)
        [Padding Length: 17]
    CRYPTO
        Frame Type: CRYPTO (0x0000000000000006)
        Offset: 61
        Length: 493
        Crypto Data
    PADDING Length: 1
        Frame Type: PADDING (0x0000000000000000)
        [Padding Length: 1]
    PING
        Frame Type: PING (0x0000000000000001)
    CRYPTO
        Frame Type: CRYPTO (0x0000000000000006)
        Offset: 592
        Length: 32
        Crypto Data
    PING
        Frame Type: PING (0x0000000000000001)
    CRYPTO
        Frame Type: CRYPTO (0x0000000000000006)
        Offset: 590
        Length: 2
        Crypto Data
    CRYPTO
        Frame Type: CRYPTO (0x0000000000000006)
        Offset: 634
        Length: 170
        Crypto Data
        [19 Reassembled QUIC CRYPTO Data Fragments (2232 bytes): #32(33), #32(2), #32(26), #33(493), #33(32), #33(4), #33(2), #33(32), #33(10), #33(170), #33(375), #32(352), #32(240), #32(52), #32(118), #32(53), #32(124), #32(1), #32(113)]
            [Frame: 32, payload: 0-32 (33 bytes)]
            [Frame: 32, payload: 33-34 (2 bytes)]
            [Frame: 32, payload: 35-60 (26 bytes)]
            [Frame: 33, payload: 61-553 (493 bytes)]
            [Frame: 33, payload: 554-585 (32 bytes)]
            [Frame: 33, payload: 586-589 (4 bytes)]
            [Frame: 33, payload: 590-591 (2 bytes)]
            [Frame: 33, payload: 592-623 (32 bytes)]
            [Frame: 33, payload: 624-633 (10 bytes)]
            [Frame: 33, payload: 634-803 (170 bytes)]
            [Frame: 33, payload: 804-1178 (375 bytes)]
            [Frame: 32, payload: 1179-1530 (352 bytes)]
            [Frame: 32, payload: 1531-1770 (240 bytes)]
            [Frame: 32, payload: 1771-1822 (52 bytes)]
            [Frame: 32, payload: 1823-1940 (118 bytes)]
            [Frame: 32, payload: 1941-1993 (53 bytes)]
            [Frame: 32, payload: 1994-2117 (124 bytes)]
            [Frame: 32, payload: 2118-2118 (1 byte)]
            [Frame: 32, payload: 2119-2231 (113 bytes)]
            [Fragment count: 19]
        TLSv1.3 Record Layer: Handshake Protocol: Client Hello
            Handshake Protocol: Client Hello
                Handshake Type: Client Hello (1)
                Length: 2228
                Version: TLS 1.2 (0x0303)
                    [Expert Info (Chat/Deprecated): This legacy_version field MUST be ignored. The supported_versions extension is present and MUST be used instead.]
                        [This legacy_version field MUST be ignored. The supported_versions extension is present and MUST be used instead.]
                        [Severity level: Chat]
                        [Group: Deprecated]
                Random: 0bb96e557e6ea87d26e3805418880722b1cc63fac0d4af5f32373ea42ae1d77b
                Session ID Length: 0
                Cipher Suites Length: 6
                Cipher Suites (3 suites)
                    Cipher Suite: TLS_AES_128_GCM_SHA256 (0x1301)
                    Cipher Suite: TLS_AES_256_GCM_SHA384 (0x1302)
                    Cipher Suite: TLS_CHACHA20_POLY1305_SHA256 (0x1303)
                Compression Methods Length: 1
                Compression Methods (1 method)
                    Compression Method: null (0)
                Extensions Length: 2181
                Extension: psk_key_exchange_modes (len=2)
                    Type: psk_key_exchange_modes (45)
                    Length: 2
                    PSK Key Exchange Modes Length: 1
                    PSK Key Exchange Mode: PSK with (EC)DHE key establishment (psk_dhe_ke) (1)
                Extension: key_share (len=1258) X25519MLKEM768, x25519
                    Type: key_share (51)
                    Length: 1258
                    Key Share extension
                        Client Key Share Length: 1256
                        Key Share Entry: Group: X25519MLKEM768, Key Exchange length: 1216
                            Group: X25519MLKEM768 (4588)
                            Key Exchange Length: 1216
                            Key Exchange […]: 9f26868fc0cf8402664c5a6b2a5cc67766b423db839737c85f51567d53314f5b08d7815598b03292ca4f913ba6c6049a12b2b935d2a0e8054498e4beb23c6b8655bdf7782b78035828389d07144e78bb7313846b1668a7fd135e25c6ced5237b7ca726beec6cd1b09a250040d88
                        Key Share Entry: Group: x25519, Key Exchange length: 32
                            Group: x25519 (29)
                            Key Exchange Length: 32
                            Key Exchange: eb8103c4e8793f2a926c2e3917f33460ce2d280cce2e0cbe573c81db9652b22c
                Extension: quic_transport_parameters (len=89)
                    Type: quic_transport_parameters (57)
                    Length: 89
                    Parameter: initial_max_stream_data_bidi_remote (len=4) 6291456
                        Type: initial_max_stream_data_bidi_remote (0x06)
                        Length: 4
                        Value: 80600000
                        initial_max_stream_data_bidi_remote: 6291456
                    Parameter: max_datagram_frame_size (len=4) 65536
                        Type: max_datagram_frame_size (0x20)
                        Length: 4
                        Value: 80010000
                        max_datagram_frame_size: 65536
                    Parameter: version_information (len=12)
                        Type: version_information (0x11)
                        Length: 12
                        Value: 00000001eabafa5a00000001
                        Chosen Version: 1 (0x00000001)
                        Other Version: Unknown (0xeabafa5a) (GREASE)
                        Other Version: 1 (0x00000001)
                    Parameter: GREASE (len=9)
                        Type: GREASE (0xa4c25c278fc7085)
                        Length: 9
                        Value: 649773f832943a867c
                    Parameter: initial_max_data (len=4) 15728640
                        Type: initial_max_data (0x04)
                        Length: 4
                        Value: 80f00000
                        initial_max_data: 15728640
                    Parameter: initial_max_streams_uni (len=2) 103
                        Type: initial_max_streams_uni (0x09)
                        Length: 2
                        Value: 4067
                        initial_max_streams_uni: 103
                    Parameter: initial_max_stream_data_uni (len=4) 6291456
                        Type: initial_max_stream_data_uni (0x07)
                        Length: 4
                        Value: 80600000
                        initial_max_stream_data_uni: 6291456
                    Parameter: google_initial_rtt (len=4) 149169 us
                        Type: google_initial_rtt (0x3127)
                        Length: 4
                        Value: 800246b1
                        Google Initial RTT: 149169
                    Parameter: initial_max_streams_bidi (len=2) 100
                        Type: initial_max_streams_bidi (0x08)
                        Length: 2
                        Value: 4064
                        initial_max_streams_bidi: 100
                    Parameter: initial_source_connection_id (len=0)
                        Type: initial_source_connection_id (0x0f)
                        Length: 0
                        Initial Source Connection ID: <MISSING>
                    Parameter: max_udp_payload_size (len=2) 1472
                        Type: max_udp_payload_size (0x03)
                        Length: 2
                        Value: 45c0
                        max_udp_payload_size: 1472
                    Parameter: max_idle_timeout (len=4) 30000 ms
                        Type: max_idle_timeout (0x01)
                        Length: 4
                        Value: 80007530
                        max_idle_timeout: 30000
                    Parameter: initial_max_stream_data_bidi_local (len=4) 6291456
                        Type: initial_max_stream_data_bidi_local (0x05)
                        Length: 4
                        Value: 80600000
                        initial_max_stream_data_bidi_local: 6291456
                Extension: compress_certificate (len=3)
                    Type: compress_certificate (27)
                    Length: 3
                    Algorithms Length: 2
                    Algorithm: brotli (2)
                Extension: server_name (len=25) name=substrate.office.com
                    Type: server_name (0)
                    Length: 25
                    Server Name Indication extension
                        Server Name list length: 23
                        Server Name Type: host_name (0)
                        Server Name length: 20
                        Server Name: substrate.office.com
                Extension: application_layer_protocol_negotiation (len=5)
                    Type: application_layer_protocol_negotiation (16)
                    Length: 5
                    ALPN Extension Length: 3
                    ALPN Protocol
                        ALPN string length: 2
                        ALPN Next Protocol: h3
                Extension: encrypted_client_hello (len=250)
                    Type: encrypted_client_hello (65037)
                    Length: 250
                    Client Hello type: Outer Client Hello (0)
                    Cipher Suite: HKDF-SHA256/AES-128-GCM
                        KDF Id: HKDF-SHA256 (1)
                        AEAD Id: AES-128-GCM (1)
                    Config Id: 88
                    Enc length: 32
                    Enc: db2f128b3895d0692ebec04cd3217b0f603ccb6fcd54badbc1c9123379fd8704
                    Payload length: 208
                    Payload […]: a77b856e888d8da552b8a14a86a8d4d6417f3870e55c29d2e9420bf066c48ae5c18219309b87d6d5101ad3fc19c655c4fa7976813f50552685ba1d631150803076bd177a231f6c647e4c38dc097d1aca980eee9d895194207d7f36b6b4d98e358c66df947548269cdbf536ba31a10ca2
                Extension: supported_versions (len=3) TLS 1.3
                    Type: supported_versions (43)
                    Length: 3
                    Supported Versions length: 2
                    Supported Version: TLS 1.3 (0x0304)
                Extension: application_settings (len=5)
                    Type: application_settings (17613)
                    Length: 5
                    ALPS Extension Length: 3
                    Supported ALPN List
                        Supported ALPN Length: 2
                        Supported ALPN: h3
                Extension: supported_groups (len=10)
                    Type: supported_groups (10)
                    Length: 10
                    Supported Groups List Length: 8
                    Supported Groups (4 groups)
                        Supported Group: X25519MLKEM768 (0x11ec)
                        Supported Group: x25519 (0x001d)
                        Supported Group: secp256r1 (0x0017)
                        Supported Group: secp384r1 (0x0018)
                Extension: signature_algorithms (len=20)
                    Type: signature_algorithms (13)
                    Length: 20
                    Signature Hash Algorithms Length: 18
                    Signature Hash Algorithms (9 algorithms)
                        Signature Algorithm: ecdsa_secp256r1_sha256 (0x0403)
                            Signature Hash Algorithm Hash: SHA256 (4)
                            Signature Hash Algorithm Signature: ECDSA (3)
                        Signature Algorithm: rsa_pss_rsae_sha256 (0x0804)
                            Signature Hash Algorithm Hash: Unknown (8)
                            Signature Hash Algorithm Signature: Unknown (4)
                        Signature Algorithm: rsa_pkcs1_sha256 (0x0401)
                            Signature Hash Algorithm Hash: SHA256 (4)
                            Signature Hash Algorithm Signature: RSA (1)
                        Signature Algorithm: ecdsa_secp384r1_sha384 (0x0503)
                            Signature Hash Algorithm Hash: SHA384 (5)
                            Signature Hash Algorithm Signature: ECDSA (3)
                        Signature Algorithm: rsa_pss_rsae_sha384 (0x0805)
                            Signature Hash Algorithm Hash: Unknown (8)
                            Signature Hash Algorithm Signature: Unknown (5)
                        Signature Algorithm: rsa_pkcs1_sha384 (0x0501)
                            Signature Hash Algorithm Hash: SHA384 (5)
                            Signature Hash Algorithm Signature: RSA (1)
                        Signature Algorithm: rsa_pss_rsae_sha512 (0x0806)
                            Signature Hash Algorithm Hash: Unknown (8)
                            Signature Hash Algorithm Signature: Unknown (6)
                        Signature Algorithm: rsa_pkcs1_sha512 (0x0601)
                            Signature Hash Algorithm Hash: SHA512 (6)
                            Signature Hash Algorithm Signature: RSA (1)
                        Signature Algorithm: rsa_pkcs1_sha1 (0x0201)
                            Signature Hash Algorithm Hash: SHA1 (2)
                            Signature Hash Algorithm Signature: RSA (1)
                Extension: pre_shared_key (len=463)
                    Type: pre_shared_key (41)
                    Length: 463
                    Pre-Shared Key extension
                        Identities Length: 410
                        PSK Identity (length: 404)
                            Identity Length: 404
                            Identity […]: 00000000bd813b8e066caa46b38590949da9ce4630cb342f2001cd36ccac5c2b65ae2089f8a0acc370684cd287582e6a3c86fc8907c87058ffbd7b0eb21993e90f411e63a64cc6f35a1ed6d467a1ecabc7b4e8ccf6d0ed43b6ece2c0e0acfb9ea4e2fe943b19706c65f6142f28aeea1
                            Obfuscated Ticket Age: 3480676370
                        PSK Binders length: 49
                        PSK Binders
                            PSK Binder (length: 48)
                                Binder Length: 48
                                Binder: d51c6fbbbe7e57029e95f1cd1b89770cc7c9f766ac73e5a14e73e9e4d948416e0ababa257c07ddb3b1427d511a078ee4
                [JA4: q13d0312h3_55b375c5d22e_5a06198afb93]
                [JA4_r: q13d0312h3_1301,1302,1303_000a,000d,001b,0029,002b,002d,0033,0039,44cd,fe0d_0403,0804,0401,0503,0805,0501,0806,0601,0201]
                [JA3 Fullstring: 771,4865-4866-4867,45-51-57-27-0-16-65037-43-17613-10-13-41,4588-29-23-24,]
                [JA3: a283519ef1804a9bec07d1366d213cc9]
    PING
        Frame Type: PING (0x0000000000000001)
    PING
        Frame Type: PING (0x0000000000000001)
    PING
        Frame Type: PING (0x0000000000000001)

Frame 34: Packet, 1292 bytes on wire (10336 bits), 1292 bytes captured (10336 bits) on interface \Device\NPF_{9B9257DC-FAC1-4993-B12F-136D7BA5E874}, id 0
    Section number: 1
    Interface id: 0 (\Device\NPF_{9B9257DC-FAC1-4993-B12F-136D7BA5E874})
        Interface name: \Device\NPF_{9B9257DC-FAC1-4993-B12F-136D7BA5E874}
        Interface description: Wi-Fi
    Encapsulation type: Ethernet (1)
    Arrival Time: Apr  9, 2026 19:48:42.711926700 India Standard Time
    UTC Arrival Time: Apr  9, 2026 14:18:42.711926700 UTC
    Epoch Arrival Time: 1775744322.711926700
    [Time shift for this packet: 0.000000000 seconds]
    [Time delta from previous captured frame: 651.600 microseconds]
    [Time delta from previous displayed frame: 651.600 microseconds]
    [Time since reference or first frame: 2.269902100 seconds]
    Frame Number: 34
    Frame Length: 1292 bytes (10336 bits)
    Capture Length: 1292 bytes (10336 bits)
    [Frame is marked: False]
    [Frame is ignored: False]
    [Protocols in frame: eth:ethertype:ip:udp:quic:tls]
    Character encoding: ASCII (0)
Ethernet II, Src: HewlettPacka_3a:cc:1d (28:92:4a:3a:cc:1d), Dst: 96:77:0b:05:d4:0b (96:77:0b:05:d4:0b)
    Destination: 96:77:0b:05:d4:0b (96:77:0b:05:d4:0b)
        .... ..1. .... .... .... .... = LG bit: Locally administered address (this is NOT the factory default)
        .... ...0 .... .... .... .... = IG bit: Individual address (unicast)
    Source: HewlettPacka_3a:cc:1d (28:92:4a:3a:cc:1d)
        .... ..0. .... .... .... .... = LG bit: Globally unique address (factory default)
        .... ...0 .... .... .... .... = IG bit: Individual address (unicast)
    Type: IPv4 (0x0800)
    [Stream index: 0]
Internet Protocol Version 4, Src: 23.202.229.23, Dst: 172.16.90.227
    0100 .... = Version: 4
    .... 0101 = Header Length: 20 bytes (5)
    Differentiated Services Field: 0x00 (DSCP: CS0, ECN: Not-ECT)
        0000 00.. = Differentiated Services Codepoint: Default (0)
        .... ..00 = Explicit Congestion Notification: Not ECN-Capable Transport (0)
    Total Length: 1278
    Identification: 0x0000 (0)
    010. .... = Flags: 0x2, Don't fragment
        0... .... = Reserved bit: Not set
        .1.. .... = Don't fragment: Set
        ..0. .... = More fragments: Not set
    ...0 0000 0000 0000 = Fragment Offset: 0
    Time to Live: 55
    Protocol: UDP (17)
    Header Checksum: 0x3b1a [validation disabled]
    [Header checksum status: Unverified]
    Source Address: 23.202.229.23
    Destination Address: 172.16.90.227
    [Stream index: 2]
User Datagram Protocol, Src Port: 443, Dst Port: 52456
    Source Port: 443
    Destination Port: 52456
    Length: 1258
    Checksum: 0x0c16 [unverified]
    [Checksum Status: Unverified]
    [Stream index: 2]
    [Stream Packet Number: 5]
    [Timestamps]
        [Time since first frame: 7.028900 milliseconds]
        [Time since previous frame: 1.529000 milliseconds]
    UDP payload (1250 bytes)
QUIC IETF
    QUIC Connection information
        [Connection Number: 2]
    [Packet Length: 1250]
    1... .... = Header Form: Long Header (1)
    .1.. .... = Fixed Bit: True
    ..00 .... = Packet Type: Initial (0)
    [.... 00.. = Reserved: 0]
    [.... ..00 = Packet Number Length: 1 bytes (0)]
    Version: 1 (0x00000001)
    Destination Connection ID Length: 0
    Source Connection ID Length: 8
    Source Connection ID: 4a3cdf2498808a30
    Token Length: 0
    Length: 1232
    [Packet Number: 3]
    Payload […]: 115896fb054825c074286d33ca9e36fa5bc23f7e604c347efda0a3e19c0f04bd70005e64a459ffa0d82eaea275c73fd9ae7c77acf966cc63ebad3fdd18a5e18ef1959bab591bfa4de66ee6537370c818fe4e01c7e029ede65f9f7c1bbb10ad59181b90cd27ea1bbb1fb44b862e2da733
    CRYPTO
        Frame Type: CRYPTO (0x0000000000000006)
        Offset: 0
        Length: 90
        Crypto Data
        TLSv1.3 Record Layer: Handshake Protocol: Server Hello
            Handshake Protocol: Server Hello
                Handshake Type: Server Hello (2)
                Length: 86
                Version: TLS 1.2 (0x0303)
                    [Expert Info (Chat/Deprecated): This legacy_version field MUST be ignored. The supported_versions extension is present and MUST be used instead.]
                        [This legacy_version field MUST be ignored. The supported_versions extension is present and MUST be used instead.]
                        [Severity level: Chat]
                        [Group: Deprecated]
                Random: 67d57e74048bc7b584838ba387625a46466fd322ca2331be57c9b24d1444ecfd
                Session ID Length: 0
                Cipher Suite: TLS_AES_256_GCM_SHA384 (0x1302)
                Compression Method: null (0)
                Extensions Length: 46
                Extension: supported_versions (len=2) TLS 1.3
                    Type: supported_versions (43)
                    Length: 2
                    Supported Version: TLS 1.3 (0x0304)
                Extension: key_share (len=36) x25519
                    Type: key_share (51)
                    Length: 36
                    Key Share extension
                        Key Share Entry: Group: x25519, Key Exchange length: 32
                            Group: x25519 (29)
                            Key Exchange Length: 32
                            Key Exchange: 04dd5bc040882ea7ac8448f87fb45c9523e10b1f6ca042dd7393ba3841fcc142
                [JA3S Fullstring: 771,4866,43-51]
                [JA3S: 15af977ce25de452b96affa2addb1036]
    PADDING Length: 1121
        Frame Type: PADDING (0x0000000000000000)
        [Padding Length: 1121]

Frame 35: Packet, 1292 bytes on wire (10336 bits), 1292 bytes captured (10336 bits) on interface \Device\NPF_{9B9257DC-FAC1-4993-B12F-136D7BA5E874}, id 0
    Section number: 1
    Interface id: 0 (\Device\NPF_{9B9257DC-FAC1-4993-B12F-136D7BA5E874})
        Interface name: \Device\NPF_{9B9257DC-FAC1-4993-B12F-136D7BA5E874}
        Interface description: Wi-Fi
    Encapsulation type: Ethernet (1)
    Arrival Time: Apr  9, 2026 19:48:42.711926700 India Standard Time
    UTC Arrival Time: Apr  9, 2026 14:18:42.711926700 UTC
    Epoch Arrival Time: 1775744322.711926700
    [Time shift for this packet: 0.000000000 seconds]
    [Time delta from previous captured frame: 0.000000000 seconds]
    [Time delta from previous displayed frame: 0.000000000 seconds]
    [Time since reference or first frame: 2.269902100 seconds]
    Frame Number: 35
    Frame Length: 1292 bytes (10336 bits)
    Capture Length: 1292 bytes (10336 bits)
    [Frame is marked: False]
    [Frame is ignored: False]
    [Protocols in frame: eth:ethertype:ip:udp:quic]
    Character encoding: ASCII (0)
Ethernet II, Src: HewlettPacka_3a:cc:1d (28:92:4a:3a:cc:1d), Dst: 96:77:0b:05:d4:0b (96:77:0b:05:d4:0b)
    Destination: 96:77:0b:05:d4:0b (96:77:0b:05:d4:0b)
        .... ..1. .... .... .... .... = LG bit: Locally administered address (this is NOT the factory default)
        .... ...0 .... .... .... .... = IG bit: Individual address (unicast)
    Source: HewlettPacka_3a:cc:1d (28:92:4a:3a:cc:1d)
        .... ..0. .... .... .... .... = LG bit: Globally unique address (factory default)
        .... ...0 .... .... .... .... = IG bit: Individual address (unicast)
    Type: IPv4 (0x0800)
    [Stream index: 0]
Internet Protocol Version 4, Src: 23.202.229.23, Dst: 172.16.90.227
    0100 .... = Version: 4
    .... 0101 = Header Length: 20 bytes (5)
    Differentiated Services Field: 0x00 (DSCP: CS0, ECN: Not-ECT)
        0000 00.. = Differentiated Services Codepoint: Default (0)
        .... ..00 = Explicit Congestion Notification: Not ECN-Capable Transport (0)
    Total Length: 1278
    Identification: 0x0000 (0)
    010. .... = Flags: 0x2, Don't fragment
        0... .... = Reserved bit: Not set
        .1.. .... = Don't fragment: Set
        ..0. .... = More fragments: Not set
    ...0 0000 0000 0000 = Fragment Offset: 0
    Time to Live: 55
    Protocol: UDP (17)
    Header Checksum: 0x3b1a [validation disabled]
    [Header checksum status: Unverified]
    Source Address: 23.202.229.23
    Destination Address: 172.16.90.227
    [Stream index: 2]
User Datagram Protocol, Src Port: 443, Dst Port: 52456
    Source Port: 443
    Destination Port: 52456
    Length: 1258
    Checksum: 0xd6b8 [unverified]
    [Checksum Status: Unverified]
    [Stream index: 2]
    [Stream Packet Number: 6]
    [Timestamps]
        [Time since first frame: 7.028900 milliseconds]
        [Time since previous frame: 0.000000000 seconds]
    UDP payload (1250 bytes)
QUIC IETF
    QUIC Connection information
        [Connection Number: 2]
    [Packet Length: 1250]
    1... .... = Header Form: Long Header (1)
    .1.. .... = Fixed Bit: True
    ..10 .... = Packet Type: Handshake (2)
    Version: 1 (0x00000001)
    Destination Connection ID Length: 0
    Source Connection ID Length: 8
    Source Connection ID: 4a3cdf2498808a30
    Length: 1233
    [Expert Info (Warning/Decryption): Failed to create decryption context: Secrets are not available]
        [Failed to create decryption context: Secrets are not available]
        [Severity level: Warning]
        [Group: Decryption]
    Remaining Payload […]: 914f2bedaebfa44cd95657db777c70f044080f61a7c6e91e632e33d1898454ac6e124e7f750f78799b1179a424607a6570530e1dfc309d5f9de78b42b6d5937ea722c39d64701f9157880c1938a3c3ab8e37491c3150bf4c0a888216c36ef18c1ea81495d43360cd6f3998

Frame 36: Packet, 1292 bytes on wire (10336 bits), 1292 bytes captured (10336 bits) on interface \Device\NPF_{9B9257DC-FAC1-4993-B12F-136D7BA5E874}, id 0
    Section number: 1
    Interface id: 0 (\Device\NPF_{9B9257DC-FAC1-4993-B12F-136D7BA5E874})
        Interface name: \Device\NPF_{9B9257DC-FAC1-4993-B12F-136D7BA5E874}
        Interface description: Wi-Fi
    Encapsulation type: Ethernet (1)
    Arrival Time: Apr  9, 2026 19:48:42.712782900 India Standard Time
    UTC Arrival Time: Apr  9, 2026 14:18:42.712782900 UTC
    Epoch Arrival Time: 1775744322.712782900
    [Time shift for this packet: 0.000000000 seconds]
    [Time delta from previous captured frame: 856.200 microseconds]
    [Time delta from previous displayed frame: 856.200 microseconds]
    [Time since reference or first frame: 2.270758300 seconds]
    Frame Number: 36
    Frame Length: 1292 bytes (10336 bits)
    Capture Length: 1292 bytes (10336 bits)
    [Frame is marked: False]
    [Frame is ignored: False]
    [Protocols in frame: eth:ethertype:ip:udp:quic]
    Character encoding: ASCII (0)
Ethernet II, Src: HewlettPacka_3a:cc:1d (28:92:4a:3a:cc:1d), Dst: 96:77:0b:05:d4:0b (96:77:0b:05:d4:0b)
    Destination: 96:77:0b:05:d4:0b (96:77:0b:05:d4:0b)
        .... ..1. .... .... .... .... = LG bit: Locally administered address (this is NOT the factory default)
        .... ...0 .... .... .... .... = IG bit: Individual address (unicast)
    Source: HewlettPacka_3a:cc:1d (28:92:4a:3a:cc:1d)
        .... ..0. .... .... .... .... = LG bit: Globally unique address (factory default)
        .... ...0 .... .... .... .... = IG bit: Individual address (unicast)
    Type: IPv4 (0x0800)
    [Stream index: 0]
Internet Protocol Version 4, Src: 23.202.229.23, Dst: 172.16.90.227
    0100 .... = Version: 4
    .... 0101 = Header Length: 20 bytes (5)
    Differentiated Services Field: 0x00 (DSCP: CS0, ECN: Not-ECT)
        0000 00.. = Differentiated Services Codepoint: Default (0)
        .... ..00 = Explicit Congestion Notification: Not ECN-Capable Transport (0)
    Total Length: 1278
    Identification: 0x0000 (0)
    010. .... = Flags: 0x2, Don't fragment
        0... .... = Reserved bit: Not set
        .1.. .... = Don't fragment: Set
        ..0. .... = More fragments: Not set
    ...0 0000 0000 0000 = Fragment Offset: 0
    Time to Live: 55
    Protocol: UDP (17)
    Header Checksum: 0x3b1a [validation disabled]
    [Header checksum status: Unverified]
    Source Address: 23.202.229.23
    Destination Address: 172.16.90.227
    [Stream index: 2]
User Datagram Protocol, Src Port: 443, Dst Port: 52456
    Source Port: 443
    Destination Port: 52456
    Length: 1258
    Checksum: 0x5202 [unverified]
    [Checksum Status: Unverified]
    [Stream index: 2]
    [Stream Packet Number: 7]
    [Timestamps]
        [Time since first frame: 7.885100 milliseconds]
        [Time since previous frame: 856.200 microseconds]
    UDP payload (1250 bytes)
QUIC IETF
    QUIC Connection information
        [Connection Number: 2]
    [Packet Length: 1250]
    1... .... = Header Form: Long Header (1)
    .1.. .... = Fixed Bit: True
    ..10 .... = Packet Type: Handshake (2)
    Version: 1 (0x00000001)
    Destination Connection ID Length: 0
    Source Connection ID Length: 8
    Source Connection ID: 4a3cdf2498808a30
    Length: 1233
    [Expert Info (Warning/Decryption): Failed to create decryption context: Secrets are not available]
        [Failed to create decryption context: Secrets are not available]
        [Severity level: Warning]
        [Group: Decryption]
    Remaining Payload […]: 35a678b05818ed522e9f484d53e8ab81735325930be4c7f3a59ecf066ef78d0a978fedd2b75d9d5e65ee5c70b0b15f43875fa1f3480a61032c327bcc51d08abd9f4f0c6ba8b9d1dd4ab65cd13ff47baf06a83ca83fa7e42c77724d93a7e038c5c64d0c38d3e76d905009e8

Frame 37: Packet, 81 bytes on wire (648 bits), 81 bytes captured (648 bits) on interface \Device\NPF_{9B9257DC-FAC1-4993-B12F-136D7BA5E874}, id 0
    Section number: 1
    Interface id: 0 (\Device\NPF_{9B9257DC-FAC1-4993-B12F-136D7BA5E874})
        Interface name: \Device\NPF_{9B9257DC-FAC1-4993-B12F-136D7BA5E874}
        Interface description: Wi-Fi
    Encapsulation type: Ethernet (1)
    Arrival Time: Apr  9, 2026 19:48:42.712923400 India Standard Time
    UTC Arrival Time: Apr  9, 2026 14:18:42.712923400 UTC
    Epoch Arrival Time: 1775744322.712923400
    [Time shift for this packet: 0.000000000 seconds]
    [Time delta from previous captured frame: 140.500 microseconds]
    [Time delta from previous displayed frame: 140.500 microseconds]
    [Time since reference or first frame: 2.270898800 seconds]
    Frame Number: 37
    Frame Length: 81 bytes (648 bits)
    Capture Length: 81 bytes (648 bits)
    [Frame is marked: False]
    [Frame is ignored: False]
    [Protocols in frame: eth:ethertype:ip:udp:quic]
    Character encoding: ASCII (0)
Ethernet II, Src: 96:77:0b:05:d4:0b (96:77:0b:05:d4:0b), Dst: HewlettPacka_3a:cc:1d (28:92:4a:3a:cc:1d)
    Destination: HewlettPacka_3a:cc:1d (28:92:4a:3a:cc:1d)
        .... ..0. .... .... .... .... = LG bit: Globally unique address (factory default)
        .... ...0 .... .... .... .... = IG bit: Individual address (unicast)
    Source: 96:77:0b:05:d4:0b (96:77:0b:05:d4:0b)
        .... ..1. .... .... .... .... = LG bit: Locally administered address (this is NOT the factory default)
        .... ...0 .... .... .... .... = IG bit: Individual address (unicast)
    Type: IPv4 (0x0800)
    [Stream index: 0]
Internet Protocol Version 4, Src: 172.16.90.227, Dst: 23.202.229.23
    0100 .... = Version: 4
    .... 0101 = Header Length: 20 bytes (5)
    Differentiated Services Field: 0x00 (DSCP: CS0, ECN: Not-ECT)
        0000 00.. = Differentiated Services Codepoint: Default (0)
        .... ..00 = Explicit Congestion Notification: Not ECN-Capable Transport (0)
    Total Length: 67
    Identification: 0xa96e (43374)
    010. .... = Flags: 0x2, Don't fragment
        0... .... = Reserved bit: Not set
        .1.. .... = Don't fragment: Set
        ..0. .... = More fragments: Not set
    ...0 0000 0000 0000 = Fragment Offset: 0
    Time to Live: 128
    Protocol: UDP (17)
    Header Checksum: 0x0000 [validation disabled]
    [Header checksum status: Unverified]
    Source Address: 172.16.90.227
    Destination Address: 23.202.229.23
    [Stream index: 2]
User Datagram Protocol, Src Port: 52456, Dst Port: 443
    Source Port: 52456
    Destination Port: 443
    Length: 47
    Checksum: 0x0416 [unverified]
    [Checksum Status: Unverified]
    [Stream index: 2]
    [Stream Packet Number: 8]
    [Timestamps]
        [Time since first frame: 8.025600 milliseconds]
        [Time since previous frame: 140.500 microseconds]
    UDP payload (39 bytes)
QUIC IETF
    QUIC Connection information
        [Connection Number: 2]
    [Packet Length: 39]
    1... .... = Header Form: Long Header (1)
    .1.. .... = Fixed Bit: True
    ..10 .... = Packet Type: Handshake (2)
    Version: 1 (0x00000001)
    Destination Connection ID Length: 8
    Destination Connection ID: 4a3cdf2498808a30
    Source Connection ID Length: 0
    Length: 22
    [Expert Info (Warning/Decryption): Failed to create decryption context: Secrets are not available]
        [Failed to create decryption context: Secrets are not available]
        [Severity level: Warning]
        [Group: Decryption]
    Remaining Payload: 4a617e39692925c3401919b034f85e1d873d0f6ec14b

Frame 38: Packet, 1292 bytes on wire (10336 bits), 1292 bytes captured (10336 bits) on interface \Device\NPF_{9B9257DC-FAC1-4993-B12F-136D7BA5E874}, id 0
    Section number: 1
    Interface id: 0 (\Device\NPF_{9B9257DC-FAC1-4993-B12F-136D7BA5E874})
        Interface name: \Device\NPF_{9B9257DC-FAC1-4993-B12F-136D7BA5E874}
        Interface description: Wi-Fi
    Encapsulation type: Ethernet (1)
    Arrival Time: Apr  9, 2026 19:48:42.713444000 India Standard Time
    UTC Arrival Time: Apr  9, 2026 14:18:42.713444000 UTC
    Epoch Arrival Time: 1775744322.713444000
    [Time shift for this packet: 0.000000000 seconds]
    [Time delta from previous captured frame: 520.600 microseconds]
    [Time delta from previous displayed frame: 520.600 microseconds]
    [Time since reference or first frame: 2.271419400 seconds]
    Frame Number: 38
    Frame Length: 1292 bytes (10336 bits)
    Capture Length: 1292 bytes (10336 bits)
    [Frame is marked: False]
    [Frame is ignored: False]
    [Protocols in frame: eth:ethertype:ip:udp:quic]
    Character encoding: ASCII (0)
Ethernet II, Src: HewlettPacka_3a:cc:1d (28:92:4a:3a:cc:1d), Dst: 96:77:0b:05:d4:0b (96:77:0b:05:d4:0b)
    Destination: 96:77:0b:05:d4:0b (96:77:0b:05:d4:0b)
        .... ..1. .... .... .... .... = LG bit: Locally administered address (this is NOT the factory default)
        .... ...0 .... .... .... .... = IG bit: Individual address (unicast)
    Source: HewlettPacka_3a:cc:1d (28:92:4a:3a:cc:1d)
        .... ..0. .... .... .... .... = LG bit: Globally unique address (factory default)
        .... ...0 .... .... .... .... = IG bit: Individual address (unicast)
    Type: IPv4 (0x0800)
    [Stream index: 0]
Internet Protocol Version 4, Src: 23.202.229.23, Dst: 172.16.90.227
    0100 .... = Version: 4
    .... 0101 = Header Length: 20 bytes (5)
    Differentiated Services Field: 0x00 (DSCP: CS0, ECN: Not-ECT)
        0000 00.. = Differentiated Services Codepoint: Default (0)
        .... ..00 = Explicit Congestion Notification: Not ECN-Capable Transport (0)
    Total Length: 1278
    Identification: 0x0000 (0)
    010. .... = Flags: 0x2, Don't fragment
        0... .... = Reserved bit: Not set
        .1.. .... = Don't fragment: Set
        ..0. .... = More fragments: Not set
    ...0 0000 0000 0000 = Fragment Offset: 0
    Time to Live: 55
    Protocol: UDP (17)
    Header Checksum: 0x3b1a [validation disabled]
    [Header checksum status: Unverified]
    Source Address: 23.202.229.23
    Destination Address: 172.16.90.227
    [Stream index: 2]
User Datagram Protocol, Src Port: 443, Dst Port: 52456
    Source Port: 443
    Destination Port: 52456
    Length: 1258
    Checksum: 0x615a [unverified]
    [Checksum Status: Unverified]
    [Stream index: 2]
    [Stream Packet Number: 9]
    [Timestamps]
        [Time since first frame: 8.546200 milliseconds]
        [Time since previous frame: 520.600 microseconds]
    UDP payload (1250 bytes)
QUIC IETF
    QUIC Connection information
        [Connection Number: 2]
    [Packet Length: 1250]
    1... .... = Header Form: Long Header (1)
    .1.. .... = Fixed Bit: True
    ..10 .... = Packet Type: Handshake (2)
    Version: 1 (0x00000001)
    Destination Connection ID Length: 0
    Source Connection ID Length: 8
    Source Connection ID: 4a3cdf2498808a30
    Length: 1233
    [Expert Info (Warning/Decryption): Failed to create decryption context: Secrets are not available]
        [Failed to create decryption context: Secrets are not available]
        [Severity level: Warning]
        [Group: Decryption]
    Remaining Payload […]: 350dee11167fd208a3dbae6e7a469813f0bf7a0a7d5318b5302a96cc8dd426be887344b206007a5f89c92d0b09dc93b42b423003c62ed7024689a1dbb7cb80d2cca52a7e335b3150772ac966fd8f9896e450e75af146d0331a0f4edfa21c63648ba4dd943c90dc72852eee

Frame 39: Packet, 669 bytes on wire (5352 bits), 669 bytes captured (5352 bits) on interface \Device\NPF_{9B9257DC-FAC1-4993-B12F-136D7BA5E874}, id 0
    Section number: 1
    Interface id: 0 (\Device\NPF_{9B9257DC-FAC1-4993-B12F-136D7BA5E874})
        Interface name: \Device\NPF_{9B9257DC-FAC1-4993-B12F-136D7BA5E874}
        Interface description: Wi-Fi
    Encapsulation type: Ethernet (1)
    Arrival Time: Apr  9, 2026 19:48:42.715414100 India Standard Time
    UTC Arrival Time: Apr  9, 2026 14:18:42.715414100 UTC
    Epoch Arrival Time: 1775744322.715414100
    [Time shift for this packet: 0.000000000 seconds]
    [Time delta from previous captured frame: 1.970100 milliseconds]
    [Time delta from previous displayed frame: 1.970100 milliseconds]
    [Time since reference or first frame: 2.273389500 seconds]
    Frame Number: 39
    Frame Length: 669 bytes (5352 bits)
    Capture Length: 669 bytes (5352 bits)
    [Frame is marked: False]
    [Frame is ignored: False]
    [Protocols in frame: eth:ethertype:ip:udp:quic]
    Character encoding: ASCII (0)
Ethernet II, Src: HewlettPacka_3a:cc:1d (28:92:4a:3a:cc:1d), Dst: 96:77:0b:05:d4:0b (96:77:0b:05:d4:0b)
    Destination: 96:77:0b:05:d4:0b (96:77:0b:05:d4:0b)
        .... ..1. .... .... .... .... = LG bit: Locally administered address (this is NOT the factory default)
        .... ...0 .... .... .... .... = IG bit: Individual address (unicast)
    Source: HewlettPacka_3a:cc:1d (28:92:4a:3a:cc:1d)
        .... ..0. .... .... .... .... = LG bit: Globally unique address (factory default)
        .... ...0 .... .... .... .... = IG bit: Individual address (unicast)
    Type: IPv4 (0x0800)
    [Stream index: 0]
Internet Protocol Version 4, Src: 23.202.229.23, Dst: 172.16.90.227
    0100 .... = Version: 4
    .... 0101 = Header Length: 20 bytes (5)
    Differentiated Services Field: 0x00 (DSCP: CS0, ECN: Not-ECT)
        0000 00.. = Differentiated Services Codepoint: Default (0)
        .... ..00 = Explicit Congestion Notification: Not ECN-Capable Transport (0)
    Total Length: 655
    Identification: 0x0000 (0)
    010. .... = Flags: 0x2, Don't fragment
        0... .... = Reserved bit: Not set
        .1.. .... = Don't fragment: Set
        ..0. .... = More fragments: Not set
    ...0 0000 0000 0000 = Fragment Offset: 0
    Time to Live: 55
    Protocol: UDP (17)
    Header Checksum: 0x3d89 [validation disabled]
    [Header checksum status: Unverified]
    Source Address: 23.202.229.23
    Destination Address: 172.16.90.227
    [Stream index: 2]
User Datagram Protocol, Src Port: 443, Dst Port: 52456
    Source Port: 443
    Destination Port: 52456
    Length: 635
    Checksum: 0xd252 [unverified]
    [Checksum Status: Unverified]
    [Stream index: 2]
    [Stream Packet Number: 10]
    [Timestamps]
        [Time since first frame: 10.516300 milliseconds]
        [Time since previous frame: 1.970100 milliseconds]
    UDP payload (627 bytes)
QUIC IETF
    QUIC Connection information
        [Connection Number: 2]
    [Packet Length: 627]
    1... .... = Header Form: Long Header (1)
    .1.. .... = Fixed Bit: True
    ..10 .... = Packet Type: Handshake (2)
    Version: 1 (0x00000001)
    Destination Connection ID Length: 0
    Source Connection ID Length: 8
    Source Connection ID: 4a3cdf2498808a30
    Length: 610
    [Expert Info (Warning/Decryption): Failed to create decryption context: Secrets are not available]
        [Failed to create decryption context: Secrets are not available]
        [Severity level: Warning]
        [Group: Decryption]
    Remaining Payload […]: a87c7dd38eb6d6bc99acdd3969e3107ff44ec0d985ef55515d571ac9c2e09da017c5de816a003d8466bbf9f09b2e06732d3ad198b720f931bb97a7e5e2beff23d01fd3c7c147a22e575bfe1a4609df92d33bb8071259f5178fc8f60576ed4b2e65d9aef4140d2923e06bd6

Frame 40: Packet, 81 bytes on wire (648 bits), 81 bytes captured (648 bits) on interface \Device\NPF_{9B9257DC-FAC1-4993-B12F-136D7BA5E874}, id 0
    Section number: 1
    Interface id: 0 (\Device\NPF_{9B9257DC-FAC1-4993-B12F-136D7BA5E874})
        Interface name: \Device\NPF_{9B9257DC-FAC1-4993-B12F-136D7BA5E874}
        Interface description: Wi-Fi
    Encapsulation type: Ethernet (1)
    Arrival Time: Apr  9, 2026 19:48:42.715821600 India Standard Time
    UTC Arrival Time: Apr  9, 2026 14:18:42.715821600 UTC
    Epoch Arrival Time: 1775744322.715821600
    [Time shift for this packet: 0.000000000 seconds]
    [Time delta from previous captured frame: 407.500 microseconds]
    [Time delta from previous displayed frame: 407.500 microseconds]
    [Time since reference or first frame: 2.273797000 seconds]
    Frame Number: 40
    Frame Length: 81 bytes (648 bits)
    Capture Length: 81 bytes (648 bits)
    [Frame is marked: False]
    [Frame is ignored: False]
    [Protocols in frame: eth:ethertype:ip:udp:quic]
    Character encoding: ASCII (0)
Ethernet II, Src: 96:77:0b:05:d4:0b (96:77:0b:05:d4:0b), Dst: HewlettPacka_3a:cc:1d (28:92:4a:3a:cc:1d)
    Destination: HewlettPacka_3a:cc:1d (28:92:4a:3a:cc:1d)
        .... ..0. .... .... .... .... = LG bit: Globally unique address (factory default)
        .... ...0 .... .... .... .... = IG bit: Individual address (unicast)
    Source: 96:77:0b:05:d4:0b (96:77:0b:05:d4:0b)
        .... ..1. .... .... .... .... = LG bit: Locally administered address (this is NOT the factory default)
        .... ...0 .... .... .... .... = IG bit: Individual address (unicast)
    Type: IPv4 (0x0800)
    [Stream index: 0]
Internet Protocol Version 4, Src: 172.16.90.227, Dst: 23.202.229.23
    0100 .... = Version: 4
    .... 0101 = Header Length: 20 bytes (5)
    Differentiated Services Field: 0x00 (DSCP: CS0, ECN: Not-ECT)
        0000 00.. = Differentiated Services Codepoint: Default (0)
        .... ..00 = Explicit Congestion Notification: Not ECN-Capable Transport (0)
    Total Length: 67
    Identification: 0xa96f (43375)
    010. .... = Flags: 0x2, Don't fragment
        0... .... = Reserved bit: Not set
        .1.. .... = Don't fragment: Set
        ..0. .... = More fragments: Not set
    ...0 0000 0000 0000 = Fragment Offset: 0
    Time to Live: 128
    Protocol: UDP (17)
    Header Checksum: 0x0000 [validation disabled]
    [Header checksum status: Unverified]
    Source Address: 172.16.90.227
    Destination Address: 23.202.229.23
    [Stream index: 2]
User Datagram Protocol, Src Port: 52456, Dst Port: 443
    Source Port: 52456
    Destination Port: 443
    Length: 47
    Checksum: 0x0416 [unverified]
    [Checksum Status: Unverified]
    [Stream index: 2]
    [Stream Packet Number: 11]
    [Timestamps]
        [Time since first frame: 10.923800 milliseconds]
        [Time since previous frame: 407.500 microseconds]
    UDP payload (39 bytes)
QUIC IETF
    QUIC Connection information
        [Connection Number: 2]
    [Packet Length: 39]
    1... .... = Header Form: Long Header (1)
    .1.. .... = Fixed Bit: True
    ..10 .... = Packet Type: Handshake (2)
    Version: 1 (0x00000001)
    Destination Connection ID Length: 8
    Destination Connection ID: 4a3cdf2498808a30
    Source Connection ID Length: 0
    Length: 22
    [Expert Info (Warning/Decryption): Failed to create decryption context: Secrets are not available]
        [Failed to create decryption context: Secrets are not available]
        [Severity level: Warning]
        [Group: Decryption]
    Remaining Payload: f62e64437d4111a535083df9732d20cad2685946a2d6

Frame 41: Packet, 79 bytes on wire (632 bits), 79 bytes captured (632 bits) on interface \Device\NPF_{9B9257DC-FAC1-4993-B12F-136D7BA5E874}, id 0
    Section number: 1
    Interface id: 0 (\Device\NPF_{9B9257DC-FAC1-4993-B12F-136D7BA5E874})
        Interface name: \Device\NPF_{9B9257DC-FAC1-4993-B12F-136D7BA5E874}
        Interface description: Wi-Fi
    Encapsulation type: Ethernet (1)
    Arrival Time: Apr  9, 2026 19:48:42.718554900 India Standard Time
    UTC Arrival Time: Apr  9, 2026 14:18:42.718554900 UTC
    Epoch Arrival Time: 1775744322.718554900
    [Time shift for this packet: 0.000000000 seconds]
    [Time delta from previous captured frame: 2.733300 milliseconds]
    [Time delta from previous displayed frame: 2.733300 milliseconds]
    [Time since reference or first frame: 2.276530300 seconds]
    Frame Number: 41
    Frame Length: 79 bytes (632 bits)
    Capture Length: 79 bytes (632 bits)
    [Frame is marked: False]
    [Frame is ignored: False]
    [Protocols in frame: eth:ethertype:ip:udp:quic]
    Character encoding: ASCII (0)
Ethernet II, Src: 96:77:0b:05:d4:0b (96:77:0b:05:d4:0b), Dst: HewlettPacka_3a:cc:1d (28:92:4a:3a:cc:1d)
    Destination: HewlettPacka_3a:cc:1d (28:92:4a:3a:cc:1d)
        .... ..0. .... .... .... .... = LG bit: Globally unique address (factory default)
        .... ...0 .... .... .... .... = IG bit: Individual address (unicast)
    Source: 96:77:0b:05:d4:0b (96:77:0b:05:d4:0b)
        .... ..1. .... .... .... .... = LG bit: Locally administered address (this is NOT the factory default)
        .... ...0 .... .... .... .... = IG bit: Individual address (unicast)
    Type: IPv4 (0x0800)
    [Stream index: 0]
Internet Protocol Version 4, Src: 172.16.90.227, Dst: 23.202.229.23
    0100 .... = Version: 4
    .... 0101 = Header Length: 20 bytes (5)
    Differentiated Services Field: 0x00 (DSCP: CS0, ECN: Not-ECT)
        0000 00.. = Differentiated Services Codepoint: Default (0)
        .... ..00 = Explicit Congestion Notification: Not ECN-Capable Transport (0)
    Total Length: 65
    Identification: 0xa970 (43376)
    010. .... = Flags: 0x2, Don't fragment
        0... .... = Reserved bit: Not set
        .1.. .... = Don't fragment: Set
        ..0. .... = More fragments: Not set
    ...0 0000 0000 0000 = Fragment Offset: 0
    Time to Live: 128
    Protocol: UDP (17)
    Header Checksum: 0x0000 [validation disabled]
    [Header checksum status: Unverified]
    Source Address: 172.16.90.227
    Destination Address: 23.202.229.23
    [Stream index: 2]
User Datagram Protocol, Src Port: 52456, Dst Port: 443
    Source Port: 52456
    Destination Port: 443
    Length: 45
    Checksum: 0x0414 [unverified]
    [Checksum Status: Unverified]
    [Stream index: 2]
    [Stream Packet Number: 12]
    [Timestamps]
        [Time since first frame: 13.657100 milliseconds]
        [Time since previous frame: 2.733300 milliseconds]
    UDP payload (37 bytes)
QUIC IETF
    QUIC Connection information
        [Connection Number: 2]
    [Packet Length: 37]
    1... .... = Header Form: Long Header (1)
    .1.. .... = Fixed Bit: True
    ..10 .... = Packet Type: Handshake (2)
    Version: 1 (0x00000001)
    Destination Connection ID Length: 8
    Destination Connection ID: 4a3cdf2498808a30
    Source Connection ID Length: 0
    Length: 20
    [Expert Info (Warning/Decryption): Failed to create decryption context: Secrets are not available]
        [Failed to create decryption context: Secrets are not available]
        [Severity level: Warning]
        [Group: Decryption]
    Remaining Payload: 8be3a692d26e1e16aae5a4cfe858fa299d8aa66d

Frame 42: Packet, 131 bytes on wire (1048 bits), 131 bytes captured (1048 bits) on interface \Device\NPF_{9B9257DC-FAC1-4993-B12F-136D7BA5E874}, id 0
    Section number: 1
    Interface id: 0 (\Device\NPF_{9B9257DC-FAC1-4993-B12F-136D7BA5E874})
        Interface name: \Device\NPF_{9B9257DC-FAC1-4993-B12F-136D7BA5E874}
        Interface description: Wi-Fi
    Encapsulation type: Ethernet (1)
    Arrival Time: Apr  9, 2026 19:48:42.718940500 India Standard Time
    UTC Arrival Time: Apr  9, 2026 14:18:42.718940500 UTC
    Epoch Arrival Time: 1775744322.718940500
    [Time shift for this packet: 0.000000000 seconds]
    [Time delta from previous captured frame: 385.600 microseconds]
    [Time delta from previous displayed frame: 385.600 microseconds]
    [Time since reference or first frame: 2.276915900 seconds]
    Frame Number: 42
    Frame Length: 131 bytes (1048 bits)
    Capture Length: 131 bytes (1048 bits)
    [Frame is marked: False]
    [Frame is ignored: False]
    [Protocols in frame: eth:ethertype:ip:udp:quic]
    Character encoding: ASCII (0)
Ethernet II, Src: 96:77:0b:05:d4:0b (96:77:0b:05:d4:0b), Dst: HewlettPacka_3a:cc:1d (28:92:4a:3a:cc:1d)
    Destination: HewlettPacka_3a:cc:1d (28:92:4a:3a:cc:1d)
        .... ..0. .... .... .... .... = LG bit: Globally unique address (factory default)
        .... ...0 .... .... .... .... = IG bit: Individual address (unicast)
    Source: 96:77:0b:05:d4:0b (96:77:0b:05:d4:0b)
        .... ..1. .... .... .... .... = LG bit: Locally administered address (this is NOT the factory default)
        .... ...0 .... .... .... .... = IG bit: Individual address (unicast)
    Type: IPv4 (0x0800)
    [Stream index: 0]
Internet Protocol Version 4, Src: 172.16.90.227, Dst: 23.202.229.23
    0100 .... = Version: 4
    .... 0101 = Header Length: 20 bytes (5)
    Differentiated Services Field: 0x00 (DSCP: CS0, ECN: Not-ECT)
        0000 00.. = Differentiated Services Codepoint: Default (0)
        .... ..00 = Explicit Congestion Notification: Not ECN-Capable Transport (0)
    Total Length: 117
    Identification: 0xa971 (43377)
    010. .... = Flags: 0x2, Don't fragment
        0... .... = Reserved bit: Not set
        .1.. .... = Don't fragment: Set
        ..0. .... = More fragments: Not set
    ...0 0000 0000 0000 = Fragment Offset: 0
    Time to Live: 128
    Protocol: UDP (17)
    Header Checksum: 0x0000 [validation disabled]
    [Header checksum status: Unverified]
    Source Address: 172.16.90.227
    Destination Address: 23.202.229.23
    [Stream index: 2]
User Datagram Protocol, Src Port: 52456, Dst Port: 443
    Source Port: 52456
    Destination Port: 443
    Length: 97
    Checksum: 0x0448 [unverified]
    [Checksum Status: Unverified]
    [Stream index: 2]
    [Stream Packet Number: 13]
    [Timestamps]
        [Time since first frame: 14.042700 milliseconds]
        [Time since previous frame: 385.600 microseconds]
    UDP payload (89 bytes)
QUIC IETF
    QUIC Connection information
        [Connection Number: 2]
    [Packet Length: 89]
    1... .... = Header Form: Long Header (1)
    .1.. .... = Fixed Bit: True
    ..10 .... = Packet Type: Handshake (2)
    Version: 1 (0x00000001)
    Destination Connection ID Length: 8
    Destination Connection ID: 4a3cdf2498808a30
    Source Connection ID Length: 0
    Length: 72
    [Expert Info (Warning/Decryption): Failed to create decryption context: Secrets are not available]
        [Failed to create decryption context: Secrets are not available]
        [Severity level: Warning]
        [Group: Decryption]
    Remaining Payload: 2db563da98a8c32f6b437b8724e19b8ed0f3480407bd4ec1eccfc58caa3a31372ac7a9bc82023f1470bdd0ee749cf34259b2c6e322d10a264bd4821a17a1f12a53e346b666df8ba0

Frame 43: Packet, 115 bytes on wire (920 bits), 115 bytes captured (920 bits) on interface \Device\NPF_{9B9257DC-FAC1-4993-B12F-136D7BA5E874}, id 0
    Section number: 1
    Interface id: 0 (\Device\NPF_{9B9257DC-FAC1-4993-B12F-136D7BA5E874})
        Interface name: \Device\NPF_{9B9257DC-FAC1-4993-B12F-136D7BA5E874}
        Interface description: Wi-Fi
    Encapsulation type: Ethernet (1)
    Arrival Time: Apr  9, 2026 19:48:42.719055500 India Standard Time
    UTC Arrival Time: Apr  9, 2026 14:18:42.719055500 UTC
    Epoch Arrival Time: 1775744322.719055500
    [Time shift for this packet: 0.000000000 seconds]
    [Time delta from previous captured frame: 115.000 microseconds]
    [Time delta from previous displayed frame: 115.000 microseconds]
    [Time since reference or first frame: 2.277030900 seconds]
    Frame Number: 43
    Frame Length: 115 bytes (920 bits)
    Capture Length: 115 bytes (920 bits)
    [Frame is marked: False]
    [Frame is ignored: False]
    [Protocols in frame: eth:ethertype:ip:udp:quic]
    Character encoding: ASCII (0)
Ethernet II, Src: 96:77:0b:05:d4:0b (96:77:0b:05:d4:0b), Dst: HewlettPacka_3a:cc:1d (28:92:4a:3a:cc:1d)
    Destination: HewlettPacka_3a:cc:1d (28:92:4a:3a:cc:1d)
        .... ..0. .... .... .... .... = LG bit: Globally unique address (factory default)
        .... ...0 .... .... .... .... = IG bit: Individual address (unicast)
    Source: 96:77:0b:05:d4:0b (96:77:0b:05:d4:0b)
        .... ..1. .... .... .... .... = LG bit: Locally administered address (this is NOT the factory default)
        .... ...0 .... .... .... .... = IG bit: Individual address (unicast)
    Type: IPv4 (0x0800)
    [Stream index: 0]
Internet Protocol Version 4, Src: 172.16.90.227, Dst: 23.202.229.23
    0100 .... = Version: 4
    .... 0101 = Header Length: 20 bytes (5)
    Differentiated Services Field: 0x00 (DSCP: CS0, ECN: Not-ECT)
        0000 00.. = Differentiated Services Codepoint: Default (0)
        .... ..00 = Explicit Congestion Notification: Not ECN-Capable Transport (0)
    Total Length: 101
    Identification: 0xa972 (43378)
    010. .... = Flags: 0x2, Don't fragment
        0... .... = Reserved bit: Not set
        .1.. .... = Don't fragment: Set
        ..0. .... = More fragments: Not set
    ...0 0000 0000 0000 = Fragment Offset: 0
    Time to Live: 128
    Protocol: UDP (17)
    Header Checksum: 0x0000 [validation disabled]
    [Header checksum status: Unverified]
    Source Address: 172.16.90.227
    Destination Address: 23.202.229.23
    [Stream index: 2]
User Datagram Protocol, Src Port: 52456, Dst Port: 443
    Source Port: 52456
    Destination Port: 443
    Length: 81
    Checksum: 0x0438 [unverified]
    [Checksum Status: Unverified]
    [Stream index: 2]
    [Stream Packet Number: 14]
    [Timestamps]
        [Time since first frame: 14.157700 milliseconds]
        [Time since previous frame: 115.000 microseconds]
    UDP payload (73 bytes)
QUIC IETF
    QUIC Connection information
        [Connection Number: 2]
    [Packet Length: 73]
    QUIC Short Header DCID=4a3cdf2498808a30
        0... .... = Header Form: Short Header (0)
        .1.. .... = Fixed Bit: True
        ..0. .... = Spin Bit: False
        Destination Connection ID: 4a3cdf2498808a30
    [Expert Info (Warning/Decryption): Failed to create decryption context: Secrets are not available]
        [Failed to create decryption context: Secrets are not available]
        [Severity level: Warning]
        [Group: Decryption]
    Remaining Payload: c6129dd664d7eb0c550970ed2eb935f1951b5b89084852a00881559456dc9ea8943382214dadc1a95768569c8ce7495193eee6baa8d7b70772ed3d1088f3fe54

Frame 44: Packet, 411 bytes on wire (3288 bits), 411 bytes captured (3288 bits) on interface \Device\NPF_{9B9257DC-FAC1-4993-B12F-136D7BA5E874}, id 0
    Section number: 1
    Interface id: 0 (\Device\NPF_{9B9257DC-FAC1-4993-B12F-136D7BA5E874})
        Interface name: \Device\NPF_{9B9257DC-FAC1-4993-B12F-136D7BA5E874}
        Interface description: Wi-Fi
    Encapsulation type: Ethernet (1)
    Arrival Time: Apr  9, 2026 19:48:42.719287100 India Standard Time
    UTC Arrival Time: Apr  9, 2026 14:18:42.719287100 UTC
    Epoch Arrival Time: 1775744322.719287100
    [Time shift for this packet: 0.000000000 seconds]
    [Time delta from previous captured frame: 231.600 microseconds]
    [Time delta from previous displayed frame: 231.600 microseconds]
    [Time since reference or first frame: 2.277262500 seconds]
    Frame Number: 44
    Frame Length: 411 bytes (3288 bits)
    Capture Length: 411 bytes (3288 bits)
    [Frame is marked: False]
    [Frame is ignored: False]
    [Protocols in frame: eth:ethertype:ip:udp:quic]
    Character encoding: ASCII (0)
Ethernet II, Src: 96:77:0b:05:d4:0b (96:77:0b:05:d4:0b), Dst: HewlettPacka_3a:cc:1d (28:92:4a:3a:cc:1d)
    Destination: HewlettPacka_3a:cc:1d (28:92:4a:3a:cc:1d)
        .... ..0. .... .... .... .... = LG bit: Globally unique address (factory default)
        .... ...0 .... .... .... .... = IG bit: Individual address (unicast)
    Source: 96:77:0b:05:d4:0b (96:77:0b:05:d4:0b)
        .... ..1. .... .... .... .... = LG bit: Locally administered address (this is NOT the factory default)
        .... ...0 .... .... .... .... = IG bit: Individual address (unicast)
    Type: IPv4 (0x0800)
    [Stream index: 0]
Internet Protocol Version 4, Src: 172.16.90.227, Dst: 23.202.229.23
    0100 .... = Version: 4
    .... 0101 = Header Length: 20 bytes (5)
    Differentiated Services Field: 0x00 (DSCP: CS0, ECN: Not-ECT)
        0000 00.. = Differentiated Services Codepoint: Default (0)
        .... ..00 = Explicit Congestion Notification: Not ECN-Capable Transport (0)
    Total Length: 397
    Identification: 0xa973 (43379)
    010. .... = Flags: 0x2, Don't fragment
        0... .... = Reserved bit: Not set
        .1.. .... = Don't fragment: Set
        ..0. .... = More fragments: Not set
    ...0 0000 0000 0000 = Fragment Offset: 0
    Time to Live: 128
    Protocol: UDP (17)
    Header Checksum: 0x0000 [validation disabled]
    [Header checksum status: Unverified]
    Source Address: 172.16.90.227
    Destination Address: 23.202.229.23
    [Stream index: 2]
User Datagram Protocol, Src Port: 52456, Dst Port: 443
    Source Port: 52456
    Destination Port: 443
    Length: 377
    Checksum: 0x0560 [unverified]
    [Checksum Status: Unverified]
    [Stream index: 2]
    [Stream Packet Number: 15]
    [Timestamps]
        [Time since first frame: 14.389300 milliseconds]
        [Time since previous frame: 231.600 microseconds]
    UDP payload (369 bytes)
QUIC IETF
    QUIC Connection information
        [Connection Number: 2]
    [Packet Length: 369]
    QUIC Short Header DCID=4a3cdf2498808a30
        0... .... = Header Form: Short Header (0)
        .1.. .... = Fixed Bit: True
        ..0. .... = Spin Bit: False
        Destination Connection ID: 4a3cdf2498808a30
    Remaining Payload […]: 7e710ff1dfc69c94fd87a603e78531c9f9b4d2aa112ecee3d2e873d220827511f1165eccbe83d8b2fb23ae61d96e9ddccd97f3e93e89bd7a67ff798f3b5da5a704d8cf1ba3f5dd58f3ff1b4d8f555e55a0fd3a35802a7eeae5e87a1f6e10e21d7e148013d2a38c5e5dbe17

Frame 45: Packet, 457 bytes on wire (3656 bits), 457 bytes captured (3656 bits) on interface \Device\NPF_{9B9257DC-FAC1-4993-B12F-136D7BA5E874}, id 0
    Section number: 1
    Interface id: 0 (\Device\NPF_{9B9257DC-FAC1-4993-B12F-136D7BA5E874})
        Interface name: \Device\NPF_{9B9257DC-FAC1-4993-B12F-136D7BA5E874}
        Interface description: Wi-Fi
    Encapsulation type: Ethernet (1)
    Arrival Time: Apr  9, 2026 19:48:42.719352700 India Standard Time
    UTC Arrival Time: Apr  9, 2026 14:18:42.719352700 UTC
    Epoch Arrival Time: 1775744322.719352700
    [Time shift for this packet: 0.000000000 seconds]
    [Time delta from previous captured frame: 65.600 microseconds]
    [Time delta from previous displayed frame: 65.600 microseconds]
    [Time since reference or first frame: 2.277328100 seconds]
    Frame Number: 45
    Frame Length: 457 bytes (3656 bits)
    Capture Length: 457 bytes (3656 bits)
    [Frame is marked: False]
    [Frame is ignored: False]
    [Protocols in frame: eth:ethertype:ip:udp:quic]
    Character encoding: ASCII (0)
Ethernet II, Src: 96:77:0b:05:d4:0b (96:77:0b:05:d4:0b), Dst: HewlettPacka_3a:cc:1d (28:92:4a:3a:cc:1d)
    Destination: HewlettPacka_3a:cc:1d (28:92:4a:3a:cc:1d)
        .... ..0. .... .... .... .... = LG bit: Globally unique address (factory default)
        .... ...0 .... .... .... .... = IG bit: Individual address (unicast)
    Source: 96:77:0b:05:d4:0b (96:77:0b:05:d4:0b)
        .... ..1. .... .... .... .... = LG bit: Locally administered address (this is NOT the factory default)
        .... ...0 .... .... .... .... = IG bit: Individual address (unicast)
    Type: IPv4 (0x0800)
    [Stream index: 0]
Internet Protocol Version 4, Src: 172.16.90.227, Dst: 23.202.229.23
    0100 .... = Version: 4
    .... 0101 = Header Length: 20 bytes (5)
    Differentiated Services Field: 0x00 (DSCP: CS0, ECN: Not-ECT)
        0000 00.. = Differentiated Services Codepoint: Default (0)
        .... ..00 = Explicit Congestion Notification: Not ECN-Capable Transport (0)
    Total Length: 443
    Identification: 0xa974 (43380)
    010. .... = Flags: 0x2, Don't fragment
        0... .... = Reserved bit: Not set
        .1.. .... = Don't fragment: Set
        ..0. .... = More fragments: Not set
    ...0 0000 0000 0000 = Fragment Offset: 0
    Time to Live: 128
    Protocol: UDP (17)
    Header Checksum: 0x0000 [validation disabled]
    [Header checksum status: Unverified]
    Source Address: 172.16.90.227
    Destination Address: 23.202.229.23
    [Stream index: 2]
User Datagram Protocol, Src Port: 52456, Dst Port: 443
    Source Port: 52456
    Destination Port: 443
    Length: 423
    Checksum: 0x058e [unverified]
    [Checksum Status: Unverified]
    [Stream index: 2]
    [Stream Packet Number: 16]
    [Timestamps]
        [Time since first frame: 14.454900 milliseconds]
        [Time since previous frame: 65.600 microseconds]
    UDP payload (415 bytes)
QUIC IETF
    QUIC Connection information
        [Connection Number: 2]
    [Packet Length: 415]
    QUIC Short Header DCID=4a3cdf2498808a30
        0... .... = Header Form: Short Header (0)
        .1.. .... = Fixed Bit: True
        ..0. .... = Spin Bit: False
        Destination Connection ID: 4a3cdf2498808a30
    Remaining Payload […]: c24c97375e59b62f9ee5792967be3ee418c366804c0999f56cc40ef27f4ae10528477d560bb80606632db2a97879cf23d9d9236a851fb3e4c471fdb4c01e9033c67d630da9deb6a3e6cf60c53243ce7c9f2d675e869429fd14c8c0cee4af44208fe4c340f827a8fa5036d7

Frame 46: Packet, 83 bytes on wire (664 bits), 83 bytes captured (664 bits) on interface \Device\NPF_{9B9257DC-FAC1-4993-B12F-136D7BA5E874}, id 0
    Section number: 1
    Interface id: 0 (\Device\NPF_{9B9257DC-FAC1-4993-B12F-136D7BA5E874})
        Interface name: \Device\NPF_{9B9257DC-FAC1-4993-B12F-136D7BA5E874}
        Interface description: Wi-Fi
    Encapsulation type: Ethernet (1)
    Arrival Time: Apr  9, 2026 19:48:42.725841400 India Standard Time
    UTC Arrival Time: Apr  9, 2026 14:18:42.725841400 UTC
    Epoch Arrival Time: 1775744322.725841400
    [Time shift for this packet: 0.000000000 seconds]
    [Time delta from previous captured frame: 6.488700 milliseconds]
    [Time delta from previous displayed frame: 6.488700 milliseconds]
    [Time since reference or first frame: 2.283816800 seconds]
    Frame Number: 46
    Frame Length: 83 bytes (664 bits)
    Capture Length: 83 bytes (664 bits)
    [Frame is marked: False]
    [Frame is ignored: False]
    [Protocols in frame: eth:ethertype:ip:udp:quic]
    Character encoding: ASCII (0)
Ethernet II, Src: HewlettPacka_3a:cc:1d (28:92:4a:3a:cc:1d), Dst: 96:77:0b:05:d4:0b (96:77:0b:05:d4:0b)
    Destination: 96:77:0b:05:d4:0b (96:77:0b:05:d4:0b)
        .... ..1. .... .... .... .... = LG bit: Locally administered address (this is NOT the factory default)
        .... ...0 .... .... .... .... = IG bit: Individual address (unicast)
    Source: HewlettPacka_3a:cc:1d (28:92:4a:3a:cc:1d)
        .... ..0. .... .... .... .... = LG bit: Globally unique address (factory default)
        .... ...0 .... .... .... .... = IG bit: Individual address (unicast)
    Type: IPv4 (0x0800)
    [Stream index: 0]
Internet Protocol Version 4, Src: 23.202.229.23, Dst: 172.16.90.227
    0100 .... = Version: 4
    .... 0101 = Header Length: 20 bytes (5)
    Differentiated Services Field: 0x00 (DSCP: CS0, ECN: Not-ECT)
        0000 00.. = Differentiated Services Codepoint: Default (0)
        .... ..00 = Explicit Congestion Notification: Not ECN-Capable Transport (0)
    Total Length: 69
    Identification: 0x0000 (0)
    010. .... = Flags: 0x2, Don't fragment
        0... .... = Reserved bit: Not set
        .1.. .... = Don't fragment: Set
        ..0. .... = More fragments: Not set
    ...0 0000 0000 0000 = Fragment Offset: 0
    Time to Live: 55
    Protocol: UDP (17)
    Header Checksum: 0x3fd3 [validation disabled]
    [Header checksum status: Unverified]
    Source Address: 23.202.229.23
    Destination Address: 172.16.90.227
    [Stream index: 2]
User Datagram Protocol, Src Port: 443, Dst Port: 52456
    Source Port: 443
    Destination Port: 52456
    Length: 49
    Checksum: 0x6021 [unverified]
    [Checksum Status: Unverified]
    [Stream index: 2]
    [Stream Packet Number: 17]
    [Timestamps]
        [Time since first frame: 20.943600 milliseconds]
        [Time since previous frame: 6.488700 milliseconds]
    UDP payload (41 bytes)
QUIC IETF
    QUIC Connection information
        [Connection Number: 2]
    [Packet Length: 41]
    1... .... = Header Form: Long Header (1)
    .1.. .... = Fixed Bit: True
    ..10 .... = Packet Type: Handshake (2)
    Version: 1 (0x00000001)
    Destination Connection ID Length: 0
    Source Connection ID Length: 8
    Source Connection ID: 4a3cdf2498808a30
    Length: 24
    [Expert Info (Warning/Decryption): Failed to create decryption context: Secrets are not available]
        [Failed to create decryption context: Secrets are not available]
        [Severity level: Warning]
        [Group: Decryption]
    Remaining Payload: c29391e8edcc0340f0da0fd27c4f54e07fe69158a05b9bb8

Frame 47: Packet, 83 bytes on wire (664 bits), 83 bytes captured (664 bits) on interface \Device\NPF_{9B9257DC-FAC1-4993-B12F-136D7BA5E874}, id 0
    Section number: 1
    Interface id: 0 (\Device\NPF_{9B9257DC-FAC1-4993-B12F-136D7BA5E874})
        Interface name: \Device\NPF_{9B9257DC-FAC1-4993-B12F-136D7BA5E874}
        Interface description: Wi-Fi
    Encapsulation type: Ethernet (1)
    Arrival Time: Apr  9, 2026 19:48:42.725841400 India Standard Time
    UTC Arrival Time: Apr  9, 2026 14:18:42.725841400 UTC
    Epoch Arrival Time: 1775744322.725841400
    [Time shift for this packet: 0.000000000 seconds]
    [Time delta from previous captured frame: 0.000000000 seconds]
    [Time delta from previous displayed frame: 0.000000000 seconds]
    [Time since reference or first frame: 2.283816800 seconds]
    Frame Number: 47
    Frame Length: 83 bytes (664 bits)
    Capture Length: 83 bytes (664 bits)
    [Frame is marked: False]
    [Frame is ignored: False]
    [Protocols in frame: eth:ethertype:ip:udp:quic]
    Character encoding: ASCII (0)
Ethernet II, Src: HewlettPacka_3a:cc:1d (28:92:4a:3a:cc:1d), Dst: 96:77:0b:05:d4:0b (96:77:0b:05:d4:0b)
    Destination: 96:77:0b:05:d4:0b (96:77:0b:05:d4:0b)
        .... ..1. .... .... .... .... = LG bit: Locally administered address (this is NOT the factory default)
        .... ...0 .... .... .... .... = IG bit: Individual address (unicast)
    Source: HewlettPacka_3a:cc:1d (28:92:4a:3a:cc:1d)
        .... ..0. .... .... .... .... = LG bit: Globally unique address (factory default)
        .... ...0 .... .... .... .... = IG bit: Individual address (unicast)
    Type: IPv4 (0x0800)
    [Stream index: 0]
Internet Protocol Version 4, Src: 23.202.229.23, Dst: 172.16.90.227
    0100 .... = Version: 4
    .... 0101 = Header Length: 20 bytes (5)
    Differentiated Services Field: 0x00 (DSCP: CS0, ECN: Not-ECT)
        0000 00.. = Differentiated Services Codepoint: Default (0)
        .... ..00 = Explicit Congestion Notification: Not ECN-Capable Transport (0)
    Total Length: 69
    Identification: 0x0000 (0)
    010. .... = Flags: 0x2, Don't fragment
        0... .... = Reserved bit: Not set
        .1.. .... = Don't fragment: Set
        ..0. .... = More fragments: Not set
    ...0 0000 0000 0000 = Fragment Offset: 0
    Time to Live: 55
    Protocol: UDP (17)
    Header Checksum: 0x3fd3 [validation disabled]
    [Header checksum status: Unverified]
    Source Address: 23.202.229.23
    Destination Address: 172.16.90.227
    [Stream index: 2]
User Datagram Protocol, Src Port: 443, Dst Port: 52456
    Source Port: 443
    Destination Port: 52456
    Length: 49
    Checksum: 0xf257 [unverified]
    [Checksum Status: Unverified]
    [Stream index: 2]
    [Stream Packet Number: 18]
    [Timestamps]
        [Time since first frame: 20.943600 milliseconds]
        [Time since previous frame: 0.000000000 seconds]
    UDP payload (41 bytes)
QUIC IETF
    QUIC Connection information
        [Connection Number: 2]
    [Packet Length: 41]
    1... .... = Header Form: Long Header (1)
    .1.. .... = Fixed Bit: True
    ..10 .... = Packet Type: Handshake (2)
    Version: 1 (0x00000001)
    Destination Connection ID Length: 0
    Source Connection ID Length: 8
    Source Connection ID: 4a3cdf2498808a30
    Length: 24
    [Expert Info (Warning/Decryption): Failed to create decryption context: Secrets are not available]
        [Failed to create decryption context: Secrets are not available]
        [Severity level: Warning]
        [Group: Decryption]
    Remaining Payload: 55abea3f0866914e7ac962151af1d074ab89143fdaadf1bd

Frame 48: Packet, 345 bytes on wire (2760 bits), 345 bytes captured (2760 bits) on interface \Device\NPF_{9B9257DC-FAC1-4993-B12F-136D7BA5E874}, id 0
    Section number: 1
    Interface id: 0 (\Device\NPF_{9B9257DC-FAC1-4993-B12F-136D7BA5E874})
        Interface name: \Device\NPF_{9B9257DC-FAC1-4993-B12F-136D7BA5E874}
        Interface description: Wi-Fi
    Encapsulation type: Ethernet (1)
    Arrival Time: Apr  9, 2026 19:48:42.725841400 India Standard Time
    UTC Arrival Time: Apr  9, 2026 14:18:42.725841400 UTC
    Epoch Arrival Time: 1775744322.725841400
    [Time shift for this packet: 0.000000000 seconds]
    [Time delta from previous captured frame: 0.000000000 seconds]
    [Time delta from previous displayed frame: 0.000000000 seconds]
    [Time since reference or first frame: 2.283816800 seconds]
    Frame Number: 48
    Frame Length: 345 bytes (2760 bits)
    Capture Length: 345 bytes (2760 bits)
    [Frame is marked: False]
    [Frame is ignored: False]
    [Protocols in frame: eth:ethertype:ip:udp:quic]
    Character encoding: ASCII (0)
Ethernet II, Src: HewlettPacka_3a:cc:1d (28:92:4a:3a:cc:1d), Dst: 96:77:0b:05:d4:0b (96:77:0b:05:d4:0b)
    Destination: 96:77:0b:05:d4:0b (96:77:0b:05:d4:0b)
        .... ..1. .... .... .... .... = LG bit: Locally administered address (this is NOT the factory default)
        .... ...0 .... .... .... .... = IG bit: Individual address (unicast)
    Source: HewlettPacka_3a:cc:1d (28:92:4a:3a:cc:1d)
        .... ..0. .... .... .... .... = LG bit: Globally unique address (factory default)
        .... ...0 .... .... .... .... = IG bit: Individual address (unicast)
    Type: IPv4 (0x0800)
    [Stream index: 0]
Internet Protocol Version 4, Src: 23.202.229.23, Dst: 172.16.90.227
    0100 .... = Version: 4
    .... 0101 = Header Length: 20 bytes (5)
    Differentiated Services Field: 0x00 (DSCP: CS0, ECN: Not-ECT)
        0000 00.. = Differentiated Services Codepoint: Default (0)
        .... ..00 = Explicit Congestion Notification: Not ECN-Capable Transport (0)
    Total Length: 331
    Identification: 0x0000 (0)
    010. .... = Flags: 0x2, Don't fragment
        0... .... = Reserved bit: Not set
        .1.. .... = Don't fragment: Set
        ..0. .... = More fragments: Not set
    ...0 0000 0000 0000 = Fragment Offset: 0
    Time to Live: 55
    Protocol: UDP (17)
    Header Checksum: 0x3ecd [validation disabled]
    [Header checksum status: Unverified]
    Source Address: 23.202.229.23
    Destination Address: 172.16.90.227
    [Stream index: 2]
User Datagram Protocol, Src Port: 443, Dst Port: 52456
    Source Port: 443
    Destination Port: 52456
    Length: 311
    Checksum: 0x9e05 [unverified]
    [Checksum Status: Unverified]
    [Stream index: 2]
    [Stream Packet Number: 19]
    [Timestamps]
        [Time since first frame: 20.943600 milliseconds]
        [Time since previous frame: 0.000000000 seconds]
    UDP payload (303 bytes)
QUIC IETF
    QUIC Connection information
        [Connection Number: 2]
    [Packet Length: 303]
    QUIC Short Header
        0... .... = Header Form: Short Header (0)
        .1.. .... = Fixed Bit: True
        ..0. .... = Spin Bit: False
    Remaining Payload […]: e759e4310d061d5aef8f59a3536140fc3a9858af46eb1cb9423392df3cfd0f2eb84acb006e154d52dd59883ebd1694c11bed1bd9578780b6b55fe7045063a43eec116f27d1c04f8e3181d92f49a8a5059d4b65c638f0dd1019ba7e66fb1d0a9a6100fbeacbc1d95a3537ff

Frame 49: Packet, 346 bytes on wire (2768 bits), 346 bytes captured (2768 bits) on interface \Device\NPF_{9B9257DC-FAC1-4993-B12F-136D7BA5E874}, id 0
    Section number: 1
    Interface id: 0 (\Device\NPF_{9B9257DC-FAC1-4993-B12F-136D7BA5E874})
        Interface name: \Device\NPF_{9B9257DC-FAC1-4993-B12F-136D7BA5E874}
        Interface description: Wi-Fi
    Encapsulation type: Ethernet (1)
    Arrival Time: Apr  9, 2026 19:48:42.725841400 India Standard Time
    UTC Arrival Time: Apr  9, 2026 14:18:42.725841400 UTC
    Epoch Arrival Time: 1775744322.725841400
    [Time shift for this packet: 0.000000000 seconds]
    [Time delta from previous captured frame: 0.000000000 seconds]
    [Time delta from previous displayed frame: 0.000000000 seconds]
    [Time since reference or first frame: 2.283816800 seconds]
    Frame Number: 49
    Frame Length: 346 bytes (2768 bits)
    Capture Length: 346 bytes (2768 bits)
    [Frame is marked: False]
    [Frame is ignored: False]
    [Protocols in frame: eth:ethertype:ip:udp:quic]
    Character encoding: ASCII (0)
Ethernet II, Src: HewlettPacka_3a:cc:1d (28:92:4a:3a:cc:1d), Dst: 96:77:0b:05:d4:0b (96:77:0b:05:d4:0b)
    Destination: 96:77:0b:05:d4:0b (96:77:0b:05:d4:0b)
        .... ..1. .... .... .... .... = LG bit: Locally administered address (this is NOT the factory default)
        .... ...0 .... .... .... .... = IG bit: Individual address (unicast)
    Source: HewlettPacka_3a:cc:1d (28:92:4a:3a:cc:1d)
        .... ..0. .... .... .... .... = LG bit: Globally unique address (factory default)
        .... ...0 .... .... .... .... = IG bit: Individual address (unicast)
    Type: IPv4 (0x0800)
    [Stream index: 0]
Internet Protocol Version 4, Src: 23.202.229.23, Dst: 172.16.90.227
    0100 .... = Version: 4
    .... 0101 = Header Length: 20 bytes (5)
    Differentiated Services Field: 0x00 (DSCP: CS0, ECN: Not-ECT)
        0000 00.. = Differentiated Services Codepoint: Default (0)
        .... ..00 = Explicit Congestion Notification: Not ECN-Capable Transport (0)
    Total Length: 332
    Identification: 0x0000 (0)
    010. .... = Flags: 0x2, Don't fragment
        0... .... = Reserved bit: Not set
        .1.. .... = Don't fragment: Set
        ..0. .... = More fragments: Not set
    ...0 0000 0000 0000 = Fragment Offset: 0
    Time to Live: 55
    Protocol: UDP (17)
    Header Checksum: 0x3ecc [validation disabled]
    [Header checksum status: Unverified]
    Source Address: 23.202.229.23
    Destination Address: 172.16.90.227
    [Stream index: 2]
User Datagram Protocol, Src Port: 443, Dst Port: 52456
    Source Port: 443
    Destination Port: 52456
    Length: 312
    Checksum: 0xb24c [unverified]
    [Checksum Status: Unverified]
    [Stream index: 2]
    [Stream Packet Number: 20]
    [Timestamps]
        [Time since first frame: 20.943600 milliseconds]
        [Time since previous frame: 0.000000000 seconds]
    UDP payload (304 bytes)
QUIC IETF
    QUIC Connection information
        [Connection Number: 2]
    [Packet Length: 304]
    QUIC Short Header
        0... .... = Header Form: Short Header (0)
        .1.. .... = Fixed Bit: True
        ..0. .... = Spin Bit: False
    Remaining Payload […]: fc6a2e1ac541f2f724dfa5d281a24174d6a55fb9f325318d7959ed5c861f74713005b3d9cee54d37901aa2e6a458ef7120b0fe846ba1596d24e9f26feafe4680402a73b3aa06cb77758e9f67b634c1c8bdf734e2f56d2e938b981be1ba2c76db7f85fdfd1253075aeeb0d9

Frame 50: Packet, 104 bytes on wire (832 bits), 104 bytes captured (832 bits) on interface \Device\NPF_{9B9257DC-FAC1-4993-B12F-136D7BA5E874}, id 0
    Section number: 1
    Interface id: 0 (\Device\NPF_{9B9257DC-FAC1-4993-B12F-136D7BA5E874})
        Interface name: \Device\NPF_{9B9257DC-FAC1-4993-B12F-136D7BA5E874}
        Interface description: Wi-Fi
    Encapsulation type: Ethernet (1)
    Arrival Time: Apr  9, 2026 19:48:42.725841400 India Standard Time
    UTC Arrival Time: Apr  9, 2026 14:18:42.725841400 UTC
    Epoch Arrival Time: 1775744322.725841400
    [Time shift for this packet: 0.000000000 seconds]
    [Time delta from previous captured frame: 0.000000000 seconds]
    [Time delta from previous displayed frame: 0.000000000 seconds]
    [Time since reference or first frame: 2.283816800 seconds]
    Frame Number: 50
    Frame Length: 104 bytes (832 bits)
    Capture Length: 104 bytes (832 bits)
    [Frame is marked: False]
    [Frame is ignored: False]
    [Protocols in frame: eth:ethertype:ip:udp:quic]
    Character encoding: ASCII (0)
Ethernet II, Src: HewlettPacka_3a:cc:1d (28:92:4a:3a:cc:1d), Dst: 96:77:0b:05:d4:0b (96:77:0b:05:d4:0b)
    Destination: 96:77:0b:05:d4:0b (96:77:0b:05:d4:0b)
        .... ..1. .... .... .... .... = LG bit: Locally administered address (this is NOT the factory default)
        .... ...0 .... .... .... .... = IG bit: Individual address (unicast)
    Source: HewlettPacka_3a:cc:1d (28:92:4a:3a:cc:1d)
        .... ..0. .... .... .... .... = LG bit: Globally unique address (factory default)
        .... ...0 .... .... .... .... = IG bit: Individual address (unicast)
    Type: IPv4 (0x0800)
    [Stream index: 0]
Internet Protocol Version 4, Src: 23.202.229.23, Dst: 172.16.90.227
    0100 .... = Version: 4
    .... 0101 = Header Length: 20 bytes (5)
    Differentiated Services Field: 0x00 (DSCP: CS0, ECN: Not-ECT)
        0000 00.. = Differentiated Services Codepoint: Default (0)
        .... ..00 = Explicit Congestion Notification: Not ECN-Capable Transport (0)
    Total Length: 90
    Identification: 0x0000 (0)
    010. .... = Flags: 0x2, Don't fragment
        0... .... = Reserved bit: Not set
        .1.. .... = Don't fragment: Set
        ..0. .... = More fragments: Not set
    ...0 0000 0000 0000 = Fragment Offset: 0
    Time to Live: 55
    Protocol: UDP (17)
    Header Checksum: 0x3fbe [validation disabled]
    [Header checksum status: Unverified]
    Source Address: 23.202.229.23
    Destination Address: 172.16.90.227
    [Stream index: 2]
User Datagram Protocol, Src Port: 443, Dst Port: 52456
    Source Port: 443
    Destination Port: 52456
    Length: 70
    Checksum: 0x149a [unverified]
    [Checksum Status: Unverified]
    [Stream index: 2]
    [Stream Packet Number: 21]
    [Timestamps]
        [Time since first frame: 20.943600 milliseconds]
        [Time since previous frame: 0.000000000 seconds]
    UDP payload (62 bytes)
QUIC IETF
    QUIC Connection information
        [Connection Number: 2]
    [Packet Length: 62]
    QUIC Short Header
        0... .... = Header Form: Short Header (0)
        .1.. .... = Fixed Bit: True
        ..0. .... = Spin Bit: False
    Remaining Payload: 4d9c86f3813c794e76cd7bfff4a2dc021e22fad7cfccc5cea66b0b7072834a52f9f922877c707606e390f87bb4933d0d187fbe70d3917e94ec9f189094

Frame 51: Packet, 63 bytes on wire (504 bits), 63 bytes captured (504 bits) on interface \Device\NPF_{9B9257DC-FAC1-4993-B12F-136D7BA5E874}, id 0
    Section number: 1
    Interface id: 0 (\Device\NPF_{9B9257DC-FAC1-4993-B12F-136D7BA5E874})
        Interface name: \Device\NPF_{9B9257DC-FAC1-4993-B12F-136D7BA5E874}
        Interface description: Wi-Fi
    Encapsulation type: Ethernet (1)
    Arrival Time: Apr  9, 2026 19:48:42.725841400 India Standard Time
    UTC Arrival Time: Apr  9, 2026 14:18:42.725841400 UTC
    Epoch Arrival Time: 1775744322.725841400
    [Time shift for this packet: 0.000000000 seconds]
    [Time delta from previous captured frame: 0.000000000 seconds]
    [Time delta from previous displayed frame: 0.000000000 seconds]
    [Time since reference or first frame: 2.283816800 seconds]
    Frame Number: 51
    Frame Length: 63 bytes (504 bits)
    Capture Length: 63 bytes (504 bits)
    [Frame is marked: False]
    [Frame is ignored: False]
    [Protocols in frame: eth:ethertype:ip:udp:quic]
    Character encoding: ASCII (0)
Ethernet II, Src: HewlettPacka_3a:cc:1d (28:92:4a:3a:cc:1d), Dst: 96:77:0b:05:d4:0b (96:77:0b:05:d4:0b)
    Destination: 96:77:0b:05:d4:0b (96:77:0b:05:d4:0b)
        .... ..1. .... .... .... .... = LG bit: Locally administered address (this is NOT the factory default)
        .... ...0 .... .... .... .... = IG bit: Individual address (unicast)
    Source: HewlettPacka_3a:cc:1d (28:92:4a:3a:cc:1d)
        .... ..0. .... .... .... .... = LG bit: Globally unique address (factory default)
        .... ...0 .... .... .... .... = IG bit: Individual address (unicast)
    Type: IPv4 (0x0800)
    [Stream index: 0]
Internet Protocol Version 4, Src: 23.202.229.23, Dst: 172.16.90.227
    0100 .... = Version: 4
    .... 0101 = Header Length: 20 bytes (5)
    Differentiated Services Field: 0x00 (DSCP: CS0, ECN: Not-ECT)
        0000 00.. = Differentiated Services Codepoint: Default (0)
        .... ..00 = Explicit Congestion Notification: Not ECN-Capable Transport (0)
    Total Length: 49
    Identification: 0x0000 (0)
    010. .... = Flags: 0x2, Don't fragment
        0... .... = Reserved bit: Not set
        .1.. .... = Don't fragment: Set
        ..0. .... = More fragments: Not set
    ...0 0000 0000 0000 = Fragment Offset: 0
    Time to Live: 55
    Protocol: UDP (17)
    Header Checksum: 0x3fe7 [validation disabled]
    [Header checksum status: Unverified]
    Source Address: 23.202.229.23
    Destination Address: 172.16.90.227
    [Stream index: 2]
User Datagram Protocol, Src Port: 443, Dst Port: 52456
    Source Port: 443
    Destination Port: 52456
    Length: 29
    Checksum: 0x352d [unverified]
    [Checksum Status: Unverified]
    [Stream index: 2]
    [Stream Packet Number: 22]
    [Timestamps]
        [Time since first frame: 20.943600 milliseconds]
        [Time since previous frame: 0.000000000 seconds]
    UDP payload (21 bytes)
QUIC IETF
    QUIC Connection information
        [Connection Number: 2]
    [Packet Length: 21]
    QUIC Short Header
        0... .... = Header Form: Short Header (0)
        .1.. .... = Fixed Bit: True
        ..0. .... = Spin Bit: False
    Remaining Payload: 24eac28ab6fe8eaf53cfb5020f1e47119244ef46

Frame 52: Packet, 112 bytes on wire (896 bits), 112 bytes captured (896 bits) on interface \Device\NPF_{9B9257DC-FAC1-4993-B12F-136D7BA5E874}, id 0
    Section number: 1
    Interface id: 0 (\Device\NPF_{9B9257DC-FAC1-4993-B12F-136D7BA5E874})
        Interface name: \Device\NPF_{9B9257DC-FAC1-4993-B12F-136D7BA5E874}
        Interface description: Wi-Fi
    Encapsulation type: Ethernet (1)
    Arrival Time: Apr  9, 2026 19:48:42.725841400 India Standard Time
    UTC Arrival Time: Apr  9, 2026 14:18:42.725841400 UTC
    Epoch Arrival Time: 1775744322.725841400
    [Time shift for this packet: 0.000000000 seconds]
    [Time delta from previous captured frame: 0.000000000 seconds]
    [Time delta from previous displayed frame: 0.000000000 seconds]
    [Time since reference or first frame: 2.283816800 seconds]
    Frame Number: 52
    Frame Length: 112 bytes (896 bits)
    Capture Length: 112 bytes (896 bits)
    [Frame is marked: False]
    [Frame is ignored: False]
    [Protocols in frame: eth:ethertype:ip:udp:quic]
    Character encoding: ASCII (0)
Ethernet II, Src: HewlettPacka_3a:cc:1d (28:92:4a:3a:cc:1d), Dst: 96:77:0b:05:d4:0b (96:77:0b:05:d4:0b)
    Destination: 96:77:0b:05:d4:0b (96:77:0b:05:d4:0b)
        .... ..1. .... .... .... .... = LG bit: Locally administered address (this is NOT the factory default)
        .... ...0 .... .... .... .... = IG bit: Individual address (unicast)
    Source: HewlettPacka_3a:cc:1d (28:92:4a:3a:cc:1d)
        .... ..0. .... .... .... .... = LG bit: Globally unique address (factory default)
        .... ...0 .... .... .... .... = IG bit: Individual address (unicast)
    Type: IPv4 (0x0800)
    [Stream index: 0]
Internet Protocol Version 4, Src: 23.202.229.23, Dst: 172.16.90.227
    0100 .... = Version: 4
    .... 0101 = Header Length: 20 bytes (5)
    Differentiated Services Field: 0x00 (DSCP: CS0, ECN: Not-ECT)
        0000 00.. = Differentiated Services Codepoint: Default (0)
        .... ..00 = Explicit Congestion Notification: Not ECN-Capable Transport (0)
    Total Length: 98
    Identification: 0x0000 (0)
    010. .... = Flags: 0x2, Don't fragment
        0... .... = Reserved bit: Not set
        .1.. .... = Don't fragment: Set
        ..0. .... = More fragments: Not set
    ...0 0000 0000 0000 = Fragment Offset: 0
    Time to Live: 55
    Protocol: UDP (17)
    Header Checksum: 0x3fb6 [validation disabled]
    [Header checksum status: Unverified]
    Source Address: 23.202.229.23
    Destination Address: 172.16.90.227
    [Stream index: 2]
User Datagram Protocol, Src Port: 443, Dst Port: 52456
    Source Port: 443
    Destination Port: 52456
    Length: 78
    Checksum: 0xfbf9 [unverified]
    [Checksum Status: Unverified]
    [Stream index: 2]
    [Stream Packet Number: 23]
    [Timestamps]
        [Time since first frame: 20.943600 milliseconds]
        [Time since previous frame: 0.000000000 seconds]
    UDP payload (70 bytes)
QUIC IETF
    QUIC Connection information
        [Connection Number: 2]
    [Packet Length: 70]
    QUIC Short Header
        0... .... = Header Form: Short Header (0)
        .1.. .... = Fixed Bit: True
        ..0. .... = Spin Bit: False
    Remaining Payload: 4d7c9a3b454e82e42457adc9a01722e6aa238f64d05c713926db21faf7843baa4e29916c6b8d1138036e2dbc3e5c182062df0ab430785d8339fb8385453882c2f500f8a650

Frame 53: Packet, 65 bytes on wire (520 bits), 65 bytes captured (520 bits) on interface \Device\NPF_{9B9257DC-FAC1-4993-B12F-136D7BA5E874}, id 0
    Section number: 1
    Interface id: 0 (\Device\NPF_{9B9257DC-FAC1-4993-B12F-136D7BA5E874})
        Interface name: \Device\NPF_{9B9257DC-FAC1-4993-B12F-136D7BA5E874}
        Interface description: Wi-Fi
    Encapsulation type: Ethernet (1)
    Arrival Time: Apr  9, 2026 19:48:42.725841400 India Standard Time
    UTC Arrival Time: Apr  9, 2026 14:18:42.725841400 UTC
    Epoch Arrival Time: 1775744322.725841400
    [Time shift for this packet: 0.000000000 seconds]
    [Time delta from previous captured frame: 0.000000000 seconds]
    [Time delta from previous displayed frame: 0.000000000 seconds]
    [Time since reference or first frame: 2.283816800 seconds]
    Frame Number: 53
    Frame Length: 65 bytes (520 bits)
    Capture Length: 65 bytes (520 bits)
    [Frame is marked: False]
    [Frame is ignored: False]
    [Protocols in frame: eth:ethertype:ip:udp:quic]
    Character encoding: ASCII (0)
Ethernet II, Src: HewlettPacka_3a:cc:1d (28:92:4a:3a:cc:1d), Dst: 96:77:0b:05:d4:0b (96:77:0b:05:d4:0b)
    Destination: 96:77:0b:05:d4:0b (96:77:0b:05:d4:0b)
        .... ..1. .... .... .... .... = LG bit: Locally administered address (this is NOT the factory default)
        .... ...0 .... .... .... .... = IG bit: Individual address (unicast)
    Source: HewlettPacka_3a:cc:1d (28:92:4a:3a:cc:1d)
        .... ..0. .... .... .... .... = LG bit: Globally unique address (factory default)
        .... ...0 .... .... .... .... = IG bit: Individual address (unicast)
    Type: IPv4 (0x0800)
    [Stream index: 0]
Internet Protocol Version 4, Src: 23.202.229.23, Dst: 172.16.90.227
    0100 .... = Version: 4
    .... 0101 = Header Length: 20 bytes (5)
    Differentiated Services Field: 0x00 (DSCP: CS0, ECN: Not-ECT)
        0000 00.. = Differentiated Services Codepoint: Default (0)
        .... ..00 = Explicit Congestion Notification: Not ECN-Capable Transport (0)
    Total Length: 51
    Identification: 0x0000 (0)
    010. .... = Flags: 0x2, Don't fragment
        0... .... = Reserved bit: Not set
        .1.. .... = Don't fragment: Set
        ..0. .... = More fragments: Not set
    ...0 0000 0000 0000 = Fragment Offset: 0
    Time to Live: 55
    Protocol: UDP (17)
    Header Checksum: 0x3fe5 [validation disabled]
    [Header checksum status: Unverified]
    Source Address: 23.202.229.23
    Destination Address: 172.16.90.227
    [Stream index: 2]
User Datagram Protocol, Src Port: 443, Dst Port: 52456
    Source Port: 443
    Destination Port: 52456
    Length: 31
    Checksum: 0x685e [unverified]
    [Checksum Status: Unverified]
    [Stream index: 2]
    [Stream Packet Number: 24]
    [Timestamps]
        [Time since first frame: 20.943600 milliseconds]
        [Time since previous frame: 0.000000000 seconds]
    UDP payload (23 bytes)
QUIC IETF
    QUIC Connection information
        [Connection Number: 2]
    [Packet Length: 23]
    QUIC Short Header
        0... .... = Header Form: Short Header (0)
        .1.. .... = Fixed Bit: True
        ..0. .... = Spin Bit: False
    Remaining Payload: dc17f7b0c66fdc1925066637b446444d3ff4c13fdd16

Frame 54: Packet, 73 bytes on wire (584 bits), 73 bytes captured (584 bits) on interface \Device\NPF_{9B9257DC-FAC1-4993-B12F-136D7BA5E874}, id 0
    Section number: 1
    Interface id: 0 (\Device\NPF_{9B9257DC-FAC1-4993-B12F-136D7BA5E874})
        Interface name: \Device\NPF_{9B9257DC-FAC1-4993-B12F-136D7BA5E874}
        Interface description: Wi-Fi
    Encapsulation type: Ethernet (1)
    Arrival Time: Apr  9, 2026 19:48:42.726092000 India Standard Time
    UTC Arrival Time: Apr  9, 2026 14:18:42.726092000 UTC
    Epoch Arrival Time: 1775744322.726092000
    [Time shift for this packet: 0.000000000 seconds]
    [Time delta from previous captured frame: 250.600 microseconds]
    [Time delta from previous displayed frame: 250.600 microseconds]
    [Time since reference or first frame: 2.284067400 seconds]
    Frame Number: 54
    Frame Length: 73 bytes (584 bits)
    Capture Length: 73 bytes (584 bits)
    [Frame is marked: False]
    [Frame is ignored: False]
    [Protocols in frame: eth:ethertype:ip:udp:quic]
    Character encoding: ASCII (0)
Ethernet II, Src: 96:77:0b:05:d4:0b (96:77:0b:05:d4:0b), Dst: HewlettPacka_3a:cc:1d (28:92:4a:3a:cc:1d)
    Destination: HewlettPacka_3a:cc:1d (28:92:4a:3a:cc:1d)
        .... ..0. .... .... .... .... = LG bit: Globally unique address (factory default)
        .... ...0 .... .... .... .... = IG bit: Individual address (unicast)
    Source: 96:77:0b:05:d4:0b (96:77:0b:05:d4:0b)
        .... ..1. .... .... .... .... = LG bit: Locally administered address (this is NOT the factory default)
        .... ...0 .... .... .... .... = IG bit: Individual address (unicast)
    Type: IPv4 (0x0800)
    [Stream index: 0]
Internet Protocol Version 4, Src: 172.16.90.227, Dst: 23.202.229.23
    0100 .... = Version: 4
    .... 0101 = Header Length: 20 bytes (5)
    Differentiated Services Field: 0x00 (DSCP: CS0, ECN: Not-ECT)
        0000 00.. = Differentiated Services Codepoint: Default (0)
        .... ..00 = Explicit Congestion Notification: Not ECN-Capable Transport (0)
    Total Length: 59
    Identification: 0xa975 (43381)
    010. .... = Flags: 0x2, Don't fragment
        0... .... = Reserved bit: Not set
        .1.. .... = Don't fragment: Set
        ..0. .... = More fragments: Not set
    ...0 0000 0000 0000 = Fragment Offset: 0
    Time to Live: 128
    Protocol: UDP (17)
    Header Checksum: 0x0000 [validation disabled]
    [Header checksum status: Unverified]
    Source Address: 172.16.90.227
    Destination Address: 23.202.229.23
    [Stream index: 2]
User Datagram Protocol, Src Port: 52456, Dst Port: 443
    Source Port: 52456
    Destination Port: 443
    Length: 39
    Checksum: 0x040e [unverified]
    [Checksum Status: Unverified]
    [Stream index: 2]
    [Stream Packet Number: 25]
    [Timestamps]
        [Time since first frame: 21.194200 milliseconds]
        [Time since previous frame: 250.600 microseconds]
    UDP payload (31 bytes)
QUIC IETF
    QUIC Connection information
        [Connection Number: 2]
    [Packet Length: 31]
    QUIC Short Header DCID=4a3cdf2498808a30
        0... .... = Header Form: Short Header (0)
        .1.. .... = Fixed Bit: True
        ..0. .... = Spin Bit: False
        Destination Connection ID: 4a3cdf2498808a30
    Remaining Payload: 490c0af8181cc285e33f57c888a8398fbd0595d54326

Frame 55: Packet, 73 bytes on wire (584 bits), 73 bytes captured (584 bits) on interface \Device\NPF_{9B9257DC-FAC1-4993-B12F-136D7BA5E874}, id 0
    Section number: 1
    Interface id: 0 (\Device\NPF_{9B9257DC-FAC1-4993-B12F-136D7BA5E874})
        Interface name: \Device\NPF_{9B9257DC-FAC1-4993-B12F-136D7BA5E874}
        Interface description: Wi-Fi
    Encapsulation type: Ethernet (1)
    Arrival Time: Apr  9, 2026 19:48:42.726201500 India Standard Time
    UTC Arrival Time: Apr  9, 2026 14:18:42.726201500 UTC
    Epoch Arrival Time: 1775744322.726201500
    [Time shift for this packet: 0.000000000 seconds]
    [Time delta from previous captured frame: 109.500 microseconds]
    [Time delta from previous displayed frame: 109.500 microseconds]
    [Time since reference or first frame: 2.284176900 seconds]
    Frame Number: 55
    Frame Length: 73 bytes (584 bits)
    Capture Length: 73 bytes (584 bits)
    [Frame is marked: False]
    [Frame is ignored: False]
    [Protocols in frame: eth:ethertype:ip:udp:quic]
    Character encoding: ASCII (0)
Ethernet II, Src: 96:77:0b:05:d4:0b (96:77:0b:05:d4:0b), Dst: HewlettPacka_3a:cc:1d (28:92:4a:3a:cc:1d)
    Destination: HewlettPacka_3a:cc:1d (28:92:4a:3a:cc:1d)
        .... ..0. .... .... .... .... = LG bit: Globally unique address (factory default)
        .... ...0 .... .... .... .... = IG bit: Individual address (unicast)
    Source: 96:77:0b:05:d4:0b (96:77:0b:05:d4:0b)
        .... ..1. .... .... .... .... = LG bit: Locally administered address (this is NOT the factory default)
        .... ...0 .... .... .... .... = IG bit: Individual address (unicast)
    Type: IPv4 (0x0800)
    [Stream index: 0]
Internet Protocol Version 4, Src: 172.16.90.227, Dst: 23.202.229.23
    0100 .... = Version: 4
    .... 0101 = Header Length: 20 bytes (5)
    Differentiated Services Field: 0x00 (DSCP: CS0, ECN: Not-ECT)
        0000 00.. = Differentiated Services Codepoint: Default (0)
        .... ..00 = Explicit Congestion Notification: Not ECN-Capable Transport (0)
    Total Length: 59
    Identification: 0xa976 (43382)
    010. .... = Flags: 0x2, Don't fragment
        0... .... = Reserved bit: Not set
        .1.. .... = Don't fragment: Set
        ..0. .... = More fragments: Not set
    ...0 0000 0000 0000 = Fragment Offset: 0
    Time to Live: 128
    Protocol: UDP (17)
    Header Checksum: 0x0000 [validation disabled]
    [Header checksum status: Unverified]
    Source Address: 172.16.90.227
    Destination Address: 23.202.229.23
    [Stream index: 2]
User Datagram Protocol, Src Port: 52456, Dst Port: 443
    Source Port: 52456
    Destination Port: 443
    Length: 39
    Checksum: 0x040e [unverified]
    [Checksum Status: Unverified]
    [Stream index: 2]
    [Stream Packet Number: 26]
    [Timestamps]
        [Time since first frame: 21.303700 milliseconds]
        [Time since previous frame: 109.500 microseconds]
    UDP payload (31 bytes)
QUIC IETF
    QUIC Connection information
        [Connection Number: 2]
    [Packet Length: 31]
    QUIC Short Header DCID=4a3cdf2498808a30
        0... .... = Header Form: Short Header (0)
        .1.. .... = Fixed Bit: True
        ..0. .... = Spin Bit: False
        Destination Connection ID: 4a3cdf2498808a30
    Remaining Payload: 99097d7b83022abf8a819e50dee84e56aa5f5f03d129

Frame 56: Packet, 1266 bytes on wire (10128 bits), 1266 bytes captured (10128 bits) on interface \Device\NPF_{9B9257DC-FAC1-4993-B12F-136D7BA5E874}, id 0
    Section number: 1
    Interface id: 0 (\Device\NPF_{9B9257DC-FAC1-4993-B12F-136D7BA5E874})
        Interface name: \Device\NPF_{9B9257DC-FAC1-4993-B12F-136D7BA5E874}
        Interface description: Wi-Fi
    Encapsulation type: Ethernet (1)
    Arrival Time: Apr  9, 2026 19:48:42.737436900 India Standard Time
    UTC Arrival Time: Apr  9, 2026 14:18:42.737436900 UTC
    Epoch Arrival Time: 1775744322.737436900
    [Time shift for this packet: 0.000000000 seconds]
    [Time delta from previous captured frame: 11.235400 milliseconds]
    [Time delta from previous displayed frame: 11.235400 milliseconds]
    [Time since reference or first frame: 2.295412300 seconds]
    Frame Number: 56
    Frame Length: 1266 bytes (10128 bits)
    Capture Length: 1266 bytes (10128 bits)
    [Frame is marked: False]
    [Frame is ignored: False]
    [Protocols in frame: eth:ethertype:vlan:ethertype:ip:udp:quic:tls]
    Character encoding: ASCII (0)
Ethernet II, Src: HewlettPacka_3a:cc:1d (28:92:4a:3a:cc:1d), Dst: 96:77:0b:05:d4:0b (96:77:0b:05:d4:0b)
    Destination: 96:77:0b:05:d4:0b (96:77:0b:05:d4:0b)
        .... ..1. .... .... .... .... = LG bit: Locally administered address (this is NOT the factory default)
        .... ...0 .... .... .... .... = IG bit: Individual address (unicast)
    Source: HewlettPacka_3a:cc:1d (28:92:4a:3a:cc:1d)
        .... ..0. .... .... .... .... = LG bit: Globally unique address (factory default)
        .... ...0 .... .... .... .... = IG bit: Individual address (unicast)
    Type: 802.1Q Virtual LAN (0x8100)
    [Stream index: 0]
802.1Q Virtual LAN, PRI: 0, DEI: 0, ID: 0
    000. .... .... .... = Priority: Best Effort (default) (0)
    ...0 .... .... .... = DEI: Ineligible
    .... 0000 0000 0000 = ID: 0
    Type: IPv4 (0x0800)
Internet Protocol Version 4, Src: 40.104.77.114, Dst: 172.16.90.227
    0100 .... = Version: 4
    .... 0101 = Header Length: 20 bytes (5)
    Differentiated Services Field: 0x00 (DSCP: CS0, ECN: Not-ECT)
        0000 00.. = Differentiated Services Codepoint: Default (0)
        .... ..00 = Explicit Congestion Notification: Not ECN-Capable Transport (0)
    Total Length: 1248
    Identification: 0xe326 (58150)
    010. .... = Flags: 0x2, Don't fragment
        0... .... = Reserved bit: Not set
        .1.. .... = Don't fragment: Set
        ..0. .... = More fragments: Not set
    ...0 0000 0000 0000 = Fragment Offset: 0
    Time to Live: 116
    Protocol: UDP (17)
    Header Checksum: 0xa218 [validation disabled]
    [Header checksum status: Unverified]
    Source Address: 40.104.77.114
    Destination Address: 172.16.90.227
    [Stream index: 1]
User Datagram Protocol, Src Port: 443, Dst Port: 65397
    Source Port: 443
    Destination Port: 65397
    Length: 1228
    Checksum: 0x060b [unverified]
    [Checksum Status: Unverified]
    [Stream index: 3]
    [Stream Packet Number: 3]
    [Timestamps]
        [Time since first frame: 26.235900 milliseconds]
        [Time since previous frame: 26.161800 milliseconds]
    UDP payload (1220 bytes)
QUIC IETF
    QUIC Connection information
        [Connection Number: 3]
    [Packet Length: 1220]
    1... .... = Header Form: Long Header (1)
    .1.. .... = Fixed Bit: True
    ..00 .... = Packet Type: Initial (0)
    [.... 00.. = Reserved: 0]
    [.... ..11 = Packet Number Length: 4 bytes (3)]
    Version: 1 (0x00000001)
    Destination Connection ID Length: 0
    Source Connection ID Length: 14
    Source Connection ID: 5a28684d728e1f9623b79dc4fe6f
    Token Length: 0
    Length: 1196
    [Packet Number: 0]
    Payload […]: 66c01dc3f9ec301cfce931dc23195222aef4e0b3fb7cca122e6a5cd5487bcf25e89d2daa27e32f0db28f7e078a2d40bc807b3c863bfbad99b0a8372299632162a4b086ec22b19bfa3e87173d39b318d7c11364b717fef021624381bbdc1e536a350a0d1b9efbf3a47e483d95b28a77dd
    ACK
        Frame Type: ACK (0x0000000000000002)
        Largest Acknowledged: 2
        ACK Delay: 2
        ACK Range Count: 0
        First ACK Range: 1
    CRYPTO
        Frame Type: CRYPTO (0x0000000000000006)
        Offset: 0
        Length: 56
        Crypto Data
        TLSv1.3 Record Layer: Handshake Protocol: Hello Retry Request
            Handshake Protocol: Hello Retry Request
                Handshake Type: Server Hello (2)
                Length: 52
                Version: TLS 1.2 (0x0303)
                    [Expert Info (Chat/Deprecated): This legacy_version field MUST be ignored. The supported_versions extension is present and MUST be used instead.]
                        [This legacy_version field MUST be ignored. The supported_versions extension is present and MUST be used instead.]
                        [Severity level: Chat]
                        [Group: Deprecated]
                Random: cf21ad74e59a6111be1d8c021e65b891c2a211167abb8c5e079e09e2c8a8339c (HelloRetryRequest magic)
                Session ID Length: 0
                Cipher Suite: TLS_AES_256_GCM_SHA384 (0x1302)
                Compression Method: null (0)
                Extensions Length: 12
                Extension: supported_versions (len=2) TLS 1.3
                    Type: supported_versions (43)
                    Length: 2
                    Supported Version: TLS 1.3 (0x0304)
                Extension: key_share (len=2) secp384r1
                    Type: key_share (51)
                    Length: 2
                    Key Share extension
                        Selected Group: secp384r1 (24)
                [JA3S Fullstring: 771,4866,43-51]
                [JA3S: 15af977ce25de452b96affa2addb1036]
    PADDING Length: 1112
        Frame Type: PADDING (0x0000000000000000)
        [Padding Length: 1112]

Frame 57: Packet, 1292 bytes on wire (10336 bits), 1292 bytes captured (10336 bits) on interface \Device\NPF_{9B9257DC-FAC1-4993-B12F-136D7BA5E874}, id 0
    Section number: 1
    Interface id: 0 (\Device\NPF_{9B9257DC-FAC1-4993-B12F-136D7BA5E874})
        Interface name: \Device\NPF_{9B9257DC-FAC1-4993-B12F-136D7BA5E874}
        Interface description: Wi-Fi
    Encapsulation type: Ethernet (1)
    Arrival Time: Apr  9, 2026 19:48:42.738014000 India Standard Time
    UTC Arrival Time: Apr  9, 2026 14:18:42.738014000 UTC
    Epoch Arrival Time: 1775744322.738014000
    [Time shift for this packet: 0.000000000 seconds]
    [Time delta from previous captured frame: 577.100 microseconds]
    [Time delta from previous displayed frame: 577.100 microseconds]
    [Time since reference or first frame: 2.295989400 seconds]
    Frame Number: 57
    Frame Length: 1292 bytes (10336 bits)
    Capture Length: 1292 bytes (10336 bits)
    [Frame is marked: False]
    [Frame is ignored: False]
    [Protocols in frame: eth:ethertype:ip:udp:quic:tls]
    Character encoding: ASCII (0)
Ethernet II, Src: 96:77:0b:05:d4:0b (96:77:0b:05:d4:0b), Dst: HewlettPacka_3a:cc:1d (28:92:4a:3a:cc:1d)
    Destination: HewlettPacka_3a:cc:1d (28:92:4a:3a:cc:1d)
        .... ..0. .... .... .... .... = LG bit: Globally unique address (factory default)
        .... ...0 .... .... .... .... = IG bit: Individual address (unicast)
    Source: 96:77:0b:05:d4:0b (96:77:0b:05:d4:0b)
        .... ..1. .... .... .... .... = LG bit: Locally administered address (this is NOT the factory default)
        .... ...0 .... .... .... .... = IG bit: Individual address (unicast)
    Type: IPv4 (0x0800)
    [Stream index: 0]
Internet Protocol Version 4, Src: 172.16.90.227, Dst: 40.104.77.114
    0100 .... = Version: 4
    .... 0101 = Header Length: 20 bytes (5)
    Differentiated Services Field: 0x00 (DSCP: CS0, ECN: Not-ECT)
        0000 00.. = Differentiated Services Codepoint: Default (0)
        .... ..00 = Explicit Congestion Notification: Not ECN-Capable Transport (0)
    Total Length: 1278
    Identification: 0x64c6 (25798)
    010. .... = Flags: 0x2, Don't fragment
        0... .... = Reserved bit: Not set
        .1.. .... = Don't fragment: Set
        ..0. .... = More fragments: Not set
    ...0 0000 0000 0000 = Fragment Offset: 0
    Time to Live: 128
    Protocol: UDP (17)
    Header Checksum: 0x0000 [validation disabled]
    [Header checksum status: Unverified]
    Source Address: 172.16.90.227
    Destination Address: 40.104.77.114
    [Stream index: 1]
User Datagram Protocol, Src Port: 65397, Dst Port: 443
    Source Port: 65397
    Destination Port: 443
    Length: 1258
    Checksum: 0x81c9 [unverified]
    [Checksum Status: Unverified]
    [Stream index: 3]
    [Stream Packet Number: 4]
    [Timestamps]
        [Time since first frame: 26.813000 milliseconds]
        [Time since previous frame: 577.100 microseconds]
    UDP payload (1250 bytes)
QUIC IETF
    QUIC Connection information
        [Connection Number: 3]
    [Packet Length: 1250]
    1... .... = Header Form: Long Header (1)
    .1.. .... = Fixed Bit: True
    ..00 .... = Packet Type: Initial (0)
    [.... 00.. = Reserved: 0]
    [.... ..01 = Packet Number Length: 2 bytes (1)]
    Version: 1 (0x00000001)
    Destination Connection ID Length: 14
    Destination Connection ID: 5a28684d728e1f9623b79dc4fe6f
    Source Connection ID Length: 0
    Token Length: 0
    Length: 1226
    [Packet Number: 3]
    Payload […]: b66fed09aef08d50dcf4b9ef71ccf368235360521e009865848290a786a845e5bbda7b7caab7b28c4201c8c861e8e6aa0f196ab629086bea04c65d9cc476915a0701a2b0a9953a8f87d4dbf4686c35f633e6192da40423126448dde25b64a64584895cd6b371d03a748539d8b96bc501
    ACK
        Frame Type: ACK (0x0000000000000002)
        Largest Acknowledged: 0
        ACK Delay: 50
        ACK Range Count: 0
        First ACK Range: 0
    CRYPTO
        Frame Type: CRYPTO (0x0000000000000006)
        Offset: 3170
        Length: 3
        Crypto Data
    CRYPTO
        Frame Type: CRYPTO (0x0000000000000006)
        Offset: 2232
        Length: 929
        Crypto Data
    CRYPTO
        Frame Type: CRYPTO (0x0000000000000006)
        Offset: 3173
        Length: 136
        Crypto Data
    PADDING Length: 55
        Frame Type: PADDING (0x0000000000000000)
        [Padding Length: 55]
    PING
        Frame Type: PING (0x0000000000000001)
    PADDING Length: 46
        Frame Type: PADDING (0x0000000000000000)
        [Padding Length: 46]
    PING
        Frame Type: PING (0x0000000000000001)
    CRYPTO
        Frame Type: CRYPTO (0x0000000000000006)
        Offset: 3161
        Length: 9
        Crypto Data
        [4 Reassembled QUIC CRYPTO Data Fragments (1077 bytes): #57(929), #57(9), #57(3), #57(136)]
            [Frame: 57, payload: 0-928 (929 bytes)]
            [Frame: 57, payload: 929-937 (9 bytes)]
            [Frame: 57, payload: 938-940 (3 bytes)]
            [Frame: 57, payload: 941-1076 (136 bytes)]
            [Fragment count: 4]
        TLSv1.3 Record Layer: Handshake Protocol: Client Hello
            Handshake Protocol: Client Hello
                Handshake Type: Client Hello (1)
                Length: 1073
                Version: TLS 1.2 (0x0303)
                    [Expert Info (Chat/Deprecated): This legacy_version field MUST be ignored. The supported_versions extension is present and MUST be used instead.]
                        [This legacy_version field MUST be ignored. The supported_versions extension is present and MUST be used instead.]
                        [Severity level: Chat]
                        [Group: Deprecated]
                Random: 0bb96e557e6ea87d26e3805418880722b1cc63fac0d4af5f32373ea42ae1d77b
                Session ID Length: 0
                Cipher Suites Length: 6
                Cipher Suites (3 suites)
                    Cipher Suite: TLS_AES_128_GCM_SHA256 (0x1301)
                    Cipher Suite: TLS_AES_256_GCM_SHA384 (0x1302)
                    Cipher Suite: TLS_CHACHA20_POLY1305_SHA256 (0x1303)
                Compression Methods Length: 1
                Compression Methods (1 method)
                    Compression Method: null (0)
                Extensions Length: 1026
                Extension: psk_key_exchange_modes (len=2)
                    Type: psk_key_exchange_modes (45)
                    Length: 2
                    PSK Key Exchange Modes Length: 1
                    PSK Key Exchange Mode: PSK with (EC)DHE key establishment (psk_dhe_ke) (1)
                Extension: key_share (len=103) secp384r1
                    Type: key_share (51)
                    Length: 103
                    Key Share extension
                        Client Key Share Length: 101
                        Key Share Entry: Group: secp384r1, Key Exchange length: 97
                            Group: secp384r1 (24)
                            Key Exchange Length: 97
                            Key Exchange: 046b878f11d30214d113d7a175d52f2569d91b7f83023b736d747d516df2a3f9f4ecfa46689f04b9e59432a05387edf5e656520c2e4349552e627ddab7a16f00b73e5c0d145bafb54bb5f61b6deefabbc4dbaf208da1603d52ad3cb91f0caf266c
                Extension: quic_transport_parameters (len=89)
                    Type: quic_transport_parameters (57)
                    Length: 89
                    Parameter: initial_max_stream_data_bidi_remote (len=4) 6291456
                        Type: initial_max_stream_data_bidi_remote (0x06)
                        Length: 4
                        Value: 80600000
                        initial_max_stream_data_bidi_remote: 6291456
                    Parameter: max_datagram_frame_size (len=4) 65536
                        Type: max_datagram_frame_size (0x20)
                        Length: 4
                        Value: 80010000
                        max_datagram_frame_size: 65536
                    Parameter: version_information (len=12)
                        Type: version_information (0x11)
                        Length: 12
                        Value: 00000001eabafa5a00000001
                        Chosen Version: 1 (0x00000001)
                        Other Version: Unknown (0xeabafa5a) (GREASE)
                        Other Version: 1 (0x00000001)
                    Parameter: GREASE (len=9)
                        Type: GREASE (0xa4c25c278fc7085)
                        Length: 9
                        Value: 649773f832943a867c
                    Parameter: initial_max_data (len=4) 15728640
                        Type: initial_max_data (0x04)
                        Length: 4
                        Value: 80f00000
                        initial_max_data: 15728640
                    Parameter: initial_max_streams_uni (len=2) 103
                        Type: initial_max_streams_uni (0x09)
                        Length: 2
                        Value: 4067
                        initial_max_streams_uni: 103
                    Parameter: initial_max_stream_data_uni (len=4) 6291456
                        Type: initial_max_stream_data_uni (0x07)
                        Length: 4
                        Value: 80600000
                        initial_max_stream_data_uni: 6291456
                    Parameter: google_initial_rtt (len=4) 149169 us
                        Type: google_initial_rtt (0x3127)
                        Length: 4
                        Value: 800246b1
                        Google Initial RTT: 149169
                    Parameter: initial_max_streams_bidi (len=2) 100
                        Type: initial_max_streams_bidi (0x08)
                        Length: 2
                        Value: 4064
                        initial_max_streams_bidi: 100
                    Parameter: initial_source_connection_id (len=0)
                        Type: initial_source_connection_id (0x0f)
                        Length: 0
                        Initial Source Connection ID: <MISSING>
                    Parameter: max_udp_payload_size (len=2) 1472
                        Type: max_udp_payload_size (0x03)
                        Length: 2
                        Value: 45c0
                        max_udp_payload_size: 1472
                    Parameter: max_idle_timeout (len=4) 30000 ms
                        Type: max_idle_timeout (0x01)
                        Length: 4
                        Value: 80007530
                        max_idle_timeout: 30000
                    Parameter: initial_max_stream_data_bidi_local (len=4) 6291456
                        Type: initial_max_stream_data_bidi_local (0x05)
                        Length: 4
                        Value: 80600000
                        initial_max_stream_data_bidi_local: 6291456
                Extension: compress_certificate (len=3)
                    Type: compress_certificate (27)
                    Length: 3
                    Algorithms Length: 2
                    Algorithm: brotli (2)
                Extension: server_name (len=25) name=substrate.office.com
                    Type: server_name (0)
                    Length: 25
                    Server Name Indication extension
                        Server Name list length: 23
                        Server Name Type: host_name (0)
                        Server Name length: 20
                        Server Name: substrate.office.com
                Extension: application_layer_protocol_negotiation (len=5)
                    Type: application_layer_protocol_negotiation (16)
                    Length: 5
                    ALPN Extension Length: 3
                    ALPN Protocol
                        ALPN string length: 2
                        ALPN Next Protocol: h3
                Extension: encrypted_client_hello (len=250)
                    Type: encrypted_client_hello (65037)
                    Length: 250
                    Client Hello type: Outer Client Hello (0)
                    Cipher Suite: HKDF-SHA256/AES-128-GCM
                        KDF Id: HKDF-SHA256 (1)
                        AEAD Id: AES-128-GCM (1)
                    Config Id: 88
                    Enc length: 32
                    Enc: db2f128b3895d0692ebec04cd3217b0f603ccb6fcd54badbc1c9123379fd8704
                    Payload length: 208
                    Payload […]: a77b856e888d8da552b8a14a86a8d4d6417f3870e55c29d2e9420bf066c48ae5c18219309b87d6d5101ad3fc19c655c4fa7976813f50552685ba1d631150803076bd177a231f6c647e4c38dc097d1aca980eee9d895194207d7f36b6b4d98e358c66df947548269cdbf536ba31a10ca2
                Extension: supported_versions (len=3) TLS 1.3
                    Type: supported_versions (43)
                    Length: 3
                    Supported Versions length: 2
                    Supported Version: TLS 1.3 (0x0304)
                Extension: application_settings (len=5)
                    Type: application_settings (17613)
                    Length: 5
                    ALPS Extension Length: 3
                    Supported ALPN List
                        Supported ALPN Length: 2
                        Supported ALPN: h3
                Extension: supported_groups (len=10)
                    Type: supported_groups (10)
                    Length: 10
                    Supported Groups List Length: 8
                    Supported Groups (4 groups)
                        Supported Group: X25519MLKEM768 (0x11ec)
                        Supported Group: x25519 (0x001d)
                        Supported Group: secp256r1 (0x0017)
                        Supported Group: secp384r1 (0x0018)
                Extension: signature_algorithms (len=20)
                    Type: signature_algorithms (13)
                    Length: 20
                    Signature Hash Algorithms Length: 18
                    Signature Hash Algorithms (9 algorithms)
                        Signature Algorithm: ecdsa_secp256r1_sha256 (0x0403)
                            Signature Hash Algorithm Hash: SHA256 (4)
                            Signature Hash Algorithm Signature: ECDSA (3)
                        Signature Algorithm: rsa_pss_rsae_sha256 (0x0804)
                            Signature Hash Algorithm Hash: Unknown (8)
                            Signature Hash Algorithm Signature: Unknown (4)
                        Signature Algorithm: rsa_pkcs1_sha256 (0x0401)
                            Signature Hash Algorithm Hash: SHA256 (4)
                            Signature Hash Algorithm Signature: RSA (1)
                        Signature Algorithm: ecdsa_secp384r1_sha384 (0x0503)
                            Signature Hash Algorithm Hash: SHA384 (5)
                            Signature Hash Algorithm Signature: ECDSA (3)
                        Signature Algorithm: rsa_pss_rsae_sha384 (0x0805)
                            Signature Hash Algorithm Hash: Unknown (8)
                            Signature Hash Algorithm Signature: Unknown (5)
                        Signature Algorithm: rsa_pkcs1_sha384 (0x0501)
                            Signature Hash Algorithm Hash: SHA384 (5)
                            Signature Hash Algorithm Signature: RSA (1)
                        Signature Algorithm: rsa_pss_rsae_sha512 (0x0806)
                            Signature Hash Algorithm Hash: Unknown (8)
                            Signature Hash Algorithm Signature: Unknown (6)
                        Signature Algorithm: rsa_pkcs1_sha512 (0x0601)
                            Signature Hash Algorithm Hash: SHA512 (6)
                            Signature Hash Algorithm Signature: RSA (1)
                        Signature Algorithm: rsa_pkcs1_sha1 (0x0201)
                            Signature Hash Algorithm Hash: SHA1 (2)
                            Signature Hash Algorithm Signature: RSA (1)
                Extension: pre_shared_key (len=463)
                    Type: pre_shared_key (41)
                    Length: 463
                    Pre-Shared Key extension
                        Identities Length: 410
                        PSK Identity (length: 404)
                            Identity Length: 404
                            Identity […]: 00000000bd813b8e066caa46b38590949da9ce4630cb342f2001cd36ccac5c2b65ae2089f8a0acc370684cd287582e6a3c86fc8907c87058ffbd7b0eb21993e90f411e63a64cc6f35a1ed6d467a1ecabc7b4e8ccf6d0ed43b6ece2c0e0acfb9ea4e2fe943b19706c65f6142f28aeea1
                            Obfuscated Ticket Age: 3480676370
                        PSK Binders length: 49
                        PSK Binders
                            PSK Binder (length: 48)
                                Binder Length: 48
                                Binder: 26e26753c37cf378b504d0f1bd8d48cea7f9e76c05765df828d7145f896696088cbb767bb8415b3dc071391dcded2d59
                [JA4: q13d0312h3_55b375c5d22e_5a06198afb93]
                [JA4_r: q13d0312h3_1301,1302,1303_000a,000d,001b,0029,002b,002d,0033,0039,44cd,fe0d_0403,0804,0401,0503,0805,0501,0806,0601,0201]
                [JA3 Fullstring: 771,4865-4866-4867,45-51-57-27-0-16-65037-43-17613-10-13-41,4588-29-23-24,]
                [JA3: a283519ef1804a9bec07d1366d213cc9]
    PING
        Frame Type: PING (0x0000000000000001)
    PING
        Frame Type: PING (0x0000000000000001)
    PING
        Frame Type: PING (0x0000000000000001)
    PING
        Frame Type: PING (0x0000000000000001)
    PING
        Frame Type: PING (0x0000000000000001)

Frame 58: Packet, 66 bytes on wire (528 bits), 66 bytes captured (528 bits) on interface \Device\NPF_{9B9257DC-FAC1-4993-B12F-136D7BA5E874}, id 0
    Section number: 1
    Interface id: 0 (\Device\NPF_{9B9257DC-FAC1-4993-B12F-136D7BA5E874})
        Interface name: \Device\NPF_{9B9257DC-FAC1-4993-B12F-136D7BA5E874}
        Interface description: Wi-Fi
    Encapsulation type: Ethernet (1)
    Arrival Time: Apr  9, 2026 19:48:42.760766200 India Standard Time
    UTC Arrival Time: Apr  9, 2026 14:18:42.760766200 UTC
    Epoch Arrival Time: 1775744322.760766200
    [Time shift for this packet: 0.000000000 seconds]
    [Time delta from previous captured frame: 22.752200 milliseconds]
    [Time delta from previous displayed frame: 22.752200 milliseconds]
    [Time since reference or first frame: 2.318741600 seconds]
    Frame Number: 58
    Frame Length: 66 bytes (528 bits)
    Capture Length: 66 bytes (528 bits)
    [Frame is marked: False]
    [Frame is ignored: False]
    [Protocols in frame: eth:ethertype:ip:udp:quic]
    Character encoding: ASCII (0)
Ethernet II, Src: HewlettPacka_3a:cc:1d (28:92:4a:3a:cc:1d), Dst: 96:77:0b:05:d4:0b (96:77:0b:05:d4:0b)
    Destination: 96:77:0b:05:d4:0b (96:77:0b:05:d4:0b)
        .... ..1. .... .... .... .... = LG bit: Locally administered address (this is NOT the factory default)
        .... ...0 .... .... .... .... = IG bit: Individual address (unicast)
    Source: HewlettPacka_3a:cc:1d (28:92:4a:3a:cc:1d)
        .... ..0. .... .... .... .... = LG bit: Globally unique address (factory default)
        .... ...0 .... .... .... .... = IG bit: Individual address (unicast)
    Type: IPv4 (0x0800)
    [Stream index: 0]
Internet Protocol Version 4, Src: 23.202.229.23, Dst: 172.16.90.227
    0100 .... = Version: 4
    .... 0101 = Header Length: 20 bytes (5)
    Differentiated Services Field: 0x00 (DSCP: CS0, ECN: Not-ECT)
        0000 00.. = Differentiated Services Codepoint: Default (0)
        .... ..00 = Explicit Congestion Notification: Not ECN-Capable Transport (0)
    Total Length: 52
    Identification: 0x0000 (0)
    010. .... = Flags: 0x2, Don't fragment
        0... .... = Reserved bit: Not set
        .1.. .... = Don't fragment: Set
        ..0. .... = More fragments: Not set
    ...0 0000 0000 0000 = Fragment Offset: 0
    Time to Live: 55
    Protocol: UDP (17)
    Header Checksum: 0x3fe4 [validation disabled]
    [Header checksum status: Unverified]
    Source Address: 23.202.229.23
    Destination Address: 172.16.90.227
    [Stream index: 2]
User Datagram Protocol, Src Port: 443, Dst Port: 52456
    Source Port: 443
    Destination Port: 52456
    Length: 32
    Checksum: 0x8be8 [unverified]
    [Checksum Status: Unverified]
    [Stream index: 2]
    [Stream Packet Number: 27]
    [Timestamps]
        [Time since first frame: 55.868400 milliseconds]
        [Time since previous frame: 34.564700 milliseconds]
    UDP payload (24 bytes)
QUIC IETF
    QUIC Connection information
        [Connection Number: 2]
    [Packet Length: 24]
    QUIC Short Header
        0... .... = Header Form: Short Header (0)
        .1.. .... = Fixed Bit: True
        ..0. .... = Spin Bit: False
    Remaining Payload: 1ca9985d6500cbb118835a9d9ec0e8923f15a4362bcb5d

Frame 59: Packet, 73 bytes on wire (584 bits), 73 bytes captured (584 bits) on interface \Device\NPF_{9B9257DC-FAC1-4993-B12F-136D7BA5E874}, id 0
    Section number: 1
    Interface id: 0 (\Device\NPF_{9B9257DC-FAC1-4993-B12F-136D7BA5E874})
        Interface name: \Device\NPF_{9B9257DC-FAC1-4993-B12F-136D7BA5E874}
        Interface description: Wi-Fi
    Encapsulation type: Ethernet (1)
    Arrival Time: Apr  9, 2026 19:48:42.760910300 India Standard Time
    UTC Arrival Time: Apr  9, 2026 14:18:42.760910300 UTC
    Epoch Arrival Time: 1775744322.760910300
    [Time shift for this packet: 0.000000000 seconds]
    [Time delta from previous captured frame: 144.100 microseconds]
    [Time delta from previous displayed frame: 144.100 microseconds]
    [Time since reference or first frame: 2.318885700 seconds]
    Frame Number: 59
    Frame Length: 73 bytes (584 bits)
    Capture Length: 73 bytes (584 bits)
    [Frame is marked: False]
    [Frame is ignored: False]
    [Protocols in frame: eth:ethertype:ip:udp:quic]
    Character encoding: ASCII (0)
Ethernet II, Src: 96:77:0b:05:d4:0b (96:77:0b:05:d4:0b), Dst: HewlettPacka_3a:cc:1d (28:92:4a:3a:cc:1d)
    Destination: HewlettPacka_3a:cc:1d (28:92:4a:3a:cc:1d)
        .... ..0. .... .... .... .... = LG bit: Globally unique address (factory default)
        .... ...0 .... .... .... .... = IG bit: Individual address (unicast)
    Source: 96:77:0b:05:d4:0b (96:77:0b:05:d4:0b)
        .... ..1. .... .... .... .... = LG bit: Locally administered address (this is NOT the factory default)
        .... ...0 .... .... .... .... = IG bit: Individual address (unicast)
    Type: IPv4 (0x0800)
    [Stream index: 0]
Internet Protocol Version 4, Src: 172.16.90.227, Dst: 23.202.229.23
    0100 .... = Version: 4
    .... 0101 = Header Length: 20 bytes (5)
    Differentiated Services Field: 0x00 (DSCP: CS0, ECN: Not-ECT)
        0000 00.. = Differentiated Services Codepoint: Default (0)
        .... ..00 = Explicit Congestion Notification: Not ECN-Capable Transport (0)
    Total Length: 59
    Identification: 0xa977 (43383)
    010. .... = Flags: 0x2, Don't fragment
        0... .... = Reserved bit: Not set
        .1.. .... = Don't fragment: Set
        ..0. .... = More fragments: Not set
    ...0 0000 0000 0000 = Fragment Offset: 0
    Time to Live: 128
    Protocol: UDP (17)
    Header Checksum: 0x0000 [validation disabled]
    [Header checksum status: Unverified]
    Source Address: 172.16.90.227
    Destination Address: 23.202.229.23
    [Stream index: 2]
User Datagram Protocol, Src Port: 52456, Dst Port: 443
    Source Port: 52456
    Destination Port: 443
    Length: 39
    Checksum: 0x040e [unverified]
    [Checksum Status: Unverified]
    [Stream index: 2]
    [Stream Packet Number: 28]
    [Timestamps]
        [Time since first frame: 56.012500 milliseconds]
        [Time since previous frame: 144.100 microseconds]
    UDP payload (31 bytes)
QUIC IETF
    QUIC Connection information
        [Connection Number: 2]
    [Packet Length: 31]
    QUIC Short Header DCID=4a3cdf2498808a30
        0... .... = Header Form: Short Header (0)
        .1.. .... = Fixed Bit: True
        ..0. .... = Spin Bit: False
        Destination Connection ID: 4a3cdf2498808a30
    Remaining Payload: 85ff0f896c96aafc6d6914635fd8ada961f037599b51

Frame 60: Packet, 1494 bytes on wire (11952 bits), 1494 bytes captured (11952 bits) on interface \Device\NPF_{9B9257DC-FAC1-4993-B12F-136D7BA5E874}, id 0
    Section number: 1
    Interface id: 0 (\Device\NPF_{9B9257DC-FAC1-4993-B12F-136D7BA5E874})
        Interface name: \Device\NPF_{9B9257DC-FAC1-4993-B12F-136D7BA5E874}
        Interface description: Wi-Fi
    Encapsulation type: Ethernet (1)
    Arrival Time: Apr  9, 2026 19:48:42.761095500 India Standard Time
    UTC Arrival Time: Apr  9, 2026 14:18:42.761095500 UTC
    Epoch Arrival Time: 1775744322.761095500
    [Time shift for this packet: 0.000000000 seconds]
    [Time delta from previous captured frame: 185.200 microseconds]
    [Time delta from previous displayed frame: 185.200 microseconds]
    [Time since reference or first frame: 2.319070900 seconds]
    Frame Number: 60
    Frame Length: 1494 bytes (11952 bits)
    Capture Length: 1494 bytes (11952 bits)
    [Frame is marked: False]
    [Frame is ignored: False]
    [Protocols in frame: eth:ethertype:ip:udp:quic]
    Character encoding: ASCII (0)
Ethernet II, Src: HewlettPacka_3a:cc:1d (28:92:4a:3a:cc:1d), Dst: 96:77:0b:05:d4:0b (96:77:0b:05:d4:0b)
    Destination: 96:77:0b:05:d4:0b (96:77:0b:05:d4:0b)
        .... ..1. .... .... .... .... = LG bit: Locally administered address (this is NOT the factory default)
        .... ...0 .... .... .... .... = IG bit: Individual address (unicast)
    Source: HewlettPacka_3a:cc:1d (28:92:4a:3a:cc:1d)
        .... ..0. .... .... .... .... = LG bit: Globally unique address (factory default)
        .... ...0 .... .... .... .... = IG bit: Individual address (unicast)
    Type: IPv4 (0x0800)
    [Stream index: 0]
Internet Protocol Version 4, Src: 23.202.229.23, Dst: 172.16.90.227
    0100 .... = Version: 4
    .... 0101 = Header Length: 20 bytes (5)
    Differentiated Services Field: 0x00 (DSCP: CS0, ECN: Not-ECT)
        0000 00.. = Differentiated Services Codepoint: Default (0)
        .... ..00 = Explicit Congestion Notification: Not ECN-Capable Transport (0)
    Total Length: 1480
    Identification: 0x0000 (0)
    010. .... = Flags: 0x2, Don't fragment
        0... .... = Reserved bit: Not set
        .1.. .... = Don't fragment: Set
        ..0. .... = More fragments: Not set
    ...0 0000 0000 0000 = Fragment Offset: 0
    Time to Live: 55
    Protocol: UDP (17)
    Header Checksum: 0x3a50 [validation disabled]
    [Header checksum status: Unverified]
    Source Address: 23.202.229.23
    Destination Address: 172.16.90.227
    [Stream index: 2]
User Datagram Protocol, Src Port: 443, Dst Port: 52456
    Source Port: 443
    Destination Port: 52456
    Length: 1460
    Checksum: 0x9237 [unverified]
    [Checksum Status: Unverified]
    [Stream index: 2]
    [Stream Packet Number: 29]
    [Timestamps]
        [Time since first frame: 56.197700 milliseconds]
        [Time since previous frame: 185.200 microseconds]
    UDP payload (1452 bytes)
QUIC IETF
    QUIC Connection information
        [Connection Number: 2]
    [Packet Length: 1452]
    QUIC Short Header
        0... .... = Header Form: Short Header (0)
        .1.. .... = Fixed Bit: True
        ..0. .... = Spin Bit: False
    Remaining Payload […]: 5e61f341678172afdf98f53a5a9c30189a942cbebf10355f74c973b5cbbdc1b049cc07f845ff80dad6d76102f3619f39fc5509aebb1d7fff5ddcd927a738b25bf0f1dbf032fd97a436e7064e537928c2f2380baa6fb20215c9e5aa0a784d2c779c31e2a01ac5a2427bd03d

Frame 61: Packet, 112 bytes on wire (896 bits), 112 bytes captured (896 bits) on interface \Device\NPF_{9B9257DC-FAC1-4993-B12F-136D7BA5E874}, id 0
    Section number: 1
    Interface id: 0 (\Device\NPF_{9B9257DC-FAC1-4993-B12F-136D7BA5E874})
        Interface name: \Device\NPF_{9B9257DC-FAC1-4993-B12F-136D7BA5E874}
        Interface description: Wi-Fi
    Encapsulation type: Ethernet (1)
    Arrival Time: Apr  9, 2026 19:48:42.762209800 India Standard Time
    UTC Arrival Time: Apr  9, 2026 14:18:42.762209800 UTC
    Epoch Arrival Time: 1775744322.762209800
    [Time shift for this packet: 0.000000000 seconds]
    [Time delta from previous captured frame: 1.114300 milliseconds]
    [Time delta from previous displayed frame: 1.114300 milliseconds]
    [Time since reference or first frame: 2.320185200 seconds]
    Frame Number: 61
    Frame Length: 112 bytes (896 bits)
    Capture Length: 112 bytes (896 bits)
    [Frame is marked: False]
    [Frame is ignored: False]
    [Protocols in frame: eth:ethertype:ip:udp:quic]
    Character encoding: ASCII (0)
Ethernet II, Src: HewlettPacka_3a:cc:1d (28:92:4a:3a:cc:1d), Dst: 96:77:0b:05:d4:0b (96:77:0b:05:d4:0b)
    Destination: 96:77:0b:05:d4:0b (96:77:0b:05:d4:0b)
        .... ..1. .... .... .... .... = LG bit: Locally administered address (this is NOT the factory default)
        .... ...0 .... .... .... .... = IG bit: Individual address (unicast)
    Source: HewlettPacka_3a:cc:1d (28:92:4a:3a:cc:1d)
        .... ..0. .... .... .... .... = LG bit: Globally unique address (factory default)
        .... ...0 .... .... .... .... = IG bit: Individual address (unicast)
    Type: IPv4 (0x0800)
    [Stream index: 0]
Internet Protocol Version 4, Src: 23.202.229.23, Dst: 172.16.90.227
    0100 .... = Version: 4
    .... 0101 = Header Length: 20 bytes (5)
    Differentiated Services Field: 0x00 (DSCP: CS0, ECN: Not-ECT)
        0000 00.. = Differentiated Services Codepoint: Default (0)
        .... ..00 = Explicit Congestion Notification: Not ECN-Capable Transport (0)
    Total Length: 98
    Identification: 0x0000 (0)
    010. .... = Flags: 0x2, Don't fragment
        0... .... = Reserved bit: Not set
        .1.. .... = Don't fragment: Set
        ..0. .... = More fragments: Not set
    ...0 0000 0000 0000 = Fragment Offset: 0
    Time to Live: 55
    Protocol: UDP (17)
    Header Checksum: 0x3fb6 [validation disabled]
    [Header checksum status: Unverified]
    Source Address: 23.202.229.23
    Destination Address: 172.16.90.227
    [Stream index: 2]
User Datagram Protocol, Src Port: 443, Dst Port: 52456
    Source Port: 443
    Destination Port: 52456
    Length: 78
    Checksum: 0xc039 [unverified]
    [Checksum Status: Unverified]
    [Stream index: 2]
    [Stream Packet Number: 30]
    [Timestamps]
        [Time since first frame: 57.312000 milliseconds]
        [Time since previous frame: 1.114300 milliseconds]
    UDP payload (70 bytes)
QUIC IETF
    QUIC Connection information
        [Connection Number: 2]
    [Packet Length: 70]
    QUIC Short Header
        0... .... = Header Form: Short Header (0)
        .1.. .... = Fixed Bit: True
        ..0. .... = Spin Bit: False
    Remaining Payload: fc7ac4196a000f16d49db7a6d763a2f73e60aac077cb448abf5a6d9de98c1e0c1611d23008171b1dfbebd4ced9793da95f781d643364d56ad5f581ff8c9130906d59fd638c

Frame 62: Packet, 75 bytes on wire (600 bits), 75 bytes captured (600 bits) on interface \Device\NPF_{9B9257DC-FAC1-4993-B12F-136D7BA5E874}, id 0
    Section number: 1
    Interface id: 0 (\Device\NPF_{9B9257DC-FAC1-4993-B12F-136D7BA5E874})
        Interface name: \Device\NPF_{9B9257DC-FAC1-4993-B12F-136D7BA5E874}
        Interface description: Wi-Fi
    Encapsulation type: Ethernet (1)
    Arrival Time: Apr  9, 2026 19:48:42.762333400 India Standard Time
    UTC Arrival Time: Apr  9, 2026 14:18:42.762333400 UTC
    Epoch Arrival Time: 1775744322.762333400
    [Time shift for this packet: 0.000000000 seconds]
    [Time delta from previous captured frame: 123.600 microseconds]
    [Time delta from previous displayed frame: 123.600 microseconds]
    [Time since reference or first frame: 2.320308800 seconds]
    Frame Number: 62
    Frame Length: 75 bytes (600 bits)
    Capture Length: 75 bytes (600 bits)
    [Frame is marked: False]
    [Frame is ignored: False]
    [Protocols in frame: eth:ethertype:ip:udp:quic]
    Character encoding: ASCII (0)
Ethernet II, Src: 96:77:0b:05:d4:0b (96:77:0b:05:d4:0b), Dst: HewlettPacka_3a:cc:1d (28:92:4a:3a:cc:1d)
    Destination: HewlettPacka_3a:cc:1d (28:92:4a:3a:cc:1d)
        .... ..0. .... .... .... .... = LG bit: Globally unique address (factory default)
        .... ...0 .... .... .... .... = IG bit: Individual address (unicast)
    Source: 96:77:0b:05:d4:0b (96:77:0b:05:d4:0b)
        .... ..1. .... .... .... .... = LG bit: Locally administered address (this is NOT the factory default)
        .... ...0 .... .... .... .... = IG bit: Individual address (unicast)
    Type: IPv4 (0x0800)
    [Stream index: 0]
Internet Protocol Version 4, Src: 172.16.90.227, Dst: 23.202.229.23
    0100 .... = Version: 4
    .... 0101 = Header Length: 20 bytes (5)
    Differentiated Services Field: 0x00 (DSCP: CS0, ECN: Not-ECT)
        0000 00.. = Differentiated Services Codepoint: Default (0)
        .... ..00 = Explicit Congestion Notification: Not ECN-Capable Transport (0)
    Total Length: 61
    Identification: 0xa978 (43384)
    010. .... = Flags: 0x2, Don't fragment
        0... .... = Reserved bit: Not set
        .1.. .... = Don't fragment: Set
        ..0. .... = More fragments: Not set
    ...0 0000 0000 0000 = Fragment Offset: 0
    Time to Live: 128
    Protocol: UDP (17)
    Header Checksum: 0x0000 [validation disabled]
    [Header checksum status: Unverified]
    Source Address: 172.16.90.227
    Destination Address: 23.202.229.23
    [Stream index: 2]
User Datagram Protocol, Src Port: 52456, Dst Port: 443
    Source Port: 52456
    Destination Port: 443
    Length: 41
    Checksum: 0x0410 [unverified]
    [Checksum Status: Unverified]
    [Stream index: 2]
    [Stream Packet Number: 31]
    [Timestamps]
        [Time since first frame: 57.435600 milliseconds]
        [Time since previous frame: 123.600 microseconds]
    UDP payload (33 bytes)
QUIC IETF
    QUIC Connection information
        [Connection Number: 2]
    [Packet Length: 33]
    QUIC Short Header DCID=4a3cdf2498808a30
        0... .... = Header Form: Short Header (0)
        .1.. .... = Fixed Bit: True
        ..0. .... = Spin Bit: False
        Destination Connection ID: 4a3cdf2498808a30
    Remaining Payload: 9206e2209cf9c70c4beeb5763c8fc346c8b0b5e0f323cdfd

Frame 63: Packet, 1266 bytes on wire (10128 bits), 1266 bytes captured (10128 bits) on interface \Device\NPF_{9B9257DC-FAC1-4993-B12F-136D7BA5E874}, id 0
    Section number: 1
    Interface id: 0 (\Device\NPF_{9B9257DC-FAC1-4993-B12F-136D7BA5E874})
        Interface name: \Device\NPF_{9B9257DC-FAC1-4993-B12F-136D7BA5E874}
        Interface description: Wi-Fi
    Encapsulation type: Ethernet (1)
    Arrival Time: Apr  9, 2026 19:48:42.764938800 India Standard Time
    UTC Arrival Time: Apr  9, 2026 14:18:42.764938800 UTC
    Epoch Arrival Time: 1775744322.764938800
    [Time shift for this packet: 0.000000000 seconds]
    [Time delta from previous captured frame: 2.605400 milliseconds]
    [Time delta from previous displayed frame: 2.605400 milliseconds]
    [Time since reference or first frame: 2.322914200 seconds]
    Frame Number: 63
    Frame Length: 1266 bytes (10128 bits)
    Capture Length: 1266 bytes (10128 bits)
    [Frame is marked: False]
    [Frame is ignored: False]
    [Protocols in frame: eth:ethertype:vlan:ethertype:ip:udp:quic:tls]
    Character encoding: ASCII (0)
Ethernet II, Src: HewlettPacka_3a:cc:1d (28:92:4a:3a:cc:1d), Dst: 96:77:0b:05:d4:0b (96:77:0b:05:d4:0b)
    Destination: 96:77:0b:05:d4:0b (96:77:0b:05:d4:0b)
        .... ..1. .... .... .... .... = LG bit: Locally administered address (this is NOT the factory default)
        .... ...0 .... .... .... .... = IG bit: Individual address (unicast)
    Source: HewlettPacka_3a:cc:1d (28:92:4a:3a:cc:1d)
        .... ..0. .... .... .... .... = LG bit: Globally unique address (factory default)
        .... ...0 .... .... .... .... = IG bit: Individual address (unicast)
    Type: 802.1Q Virtual LAN (0x8100)
    [Stream index: 0]
802.1Q Virtual LAN, PRI: 0, DEI: 0, ID: 0
    000. .... .... .... = Priority: Best Effort (default) (0)
    ...0 .... .... .... = DEI: Ineligible
    .... 0000 0000 0000 = ID: 0
    Type: IPv4 (0x0800)
Internet Protocol Version 4, Src: 40.104.77.114, Dst: 172.16.90.227
    0100 .... = Version: 4
    .... 0101 = Header Length: 20 bytes (5)
    Differentiated Services Field: 0x00 (DSCP: CS0, ECN: Not-ECT)
        0000 00.. = Differentiated Services Codepoint: Default (0)
        .... ..00 = Explicit Congestion Notification: Not ECN-Capable Transport (0)
    Total Length: 1248
    Identification: 0xe327 (58151)
    010. .... = Flags: 0x2, Don't fragment
        0... .... = Reserved bit: Not set
        .1.. .... = Don't fragment: Set
        ..0. .... = More fragments: Not set
    ...0 0000 0000 0000 = Fragment Offset: 0
    Time to Live: 116
    Protocol: UDP (17)
    Header Checksum: 0xa217 [validation disabled]
    [Header checksum status: Unverified]
    Source Address: 40.104.77.114
    Destination Address: 172.16.90.227
    [Stream index: 1]
User Datagram Protocol, Src Port: 443, Dst Port: 65397
    Source Port: 443
    Destination Port: 65397
    Length: 1228
    Checksum: 0x6e97 [unverified]
    [Checksum Status: Unverified]
    [Stream index: 3]
    [Stream Packet Number: 5]
    [Timestamps]
        [Time since first frame: 53.737800 milliseconds]
        [Time since previous frame: 26.924800 milliseconds]
    UDP payload (1220 bytes)
QUIC IETF
    QUIC Connection information
        [Connection Number: 3]
    [Packet Length: 208]
    1... .... = Header Form: Long Header (1)
    .1.. .... = Fixed Bit: True
    ..00 .... = Packet Type: Initial (0)
    [.... 00.. = Reserved: 0]
    [.... ..11 = Packet Number Length: 4 bytes (3)]
    Version: 1 (0x00000001)
    Destination Connection ID Length: 0
    Source Connection ID Length: 14
    Source Connection ID: 5a28684d728e1f9623b79dc4fe6f
    Token Length: 0
    Length: 184
    [Packet Number: 1]
    Payload […]: d28cdeee8464347ba607e9a0eba59222965b646698a35e78f1baf0fc2de6f8e0e4069d21a14cc7fb60a5812733cbc7438ad44f2ec5d2209ea295fc35af4f5d0cbd17038609b763dc4426b8e17b689d0824315c60f4c22f8a260836434ac3e5c59e66679661d2f04d58b62ddacfd39328
    ACK
        Frame Type: ACK (0x0000000000000002)
        Largest Acknowledged: 3
        ACK Delay: 7
        ACK Range Count: 0
        First ACK Range: 0
    CRYPTO
        Frame Type: CRYPTO (0x0000000000000006)
        Offset: 56
        Length: 155
        Crypto Data
        TLSv1.3 Record Layer: Handshake Protocol: Server Hello
            Handshake Protocol: Server Hello
                Handshake Type: Server Hello (2)
                Length: 151
                Version: TLS 1.2 (0x0303)
                    [Expert Info (Chat/Deprecated): This legacy_version field MUST be ignored. The supported_versions extension is present and MUST be used instead.]
                        [This legacy_version field MUST be ignored. The supported_versions extension is present and MUST be used instead.]
                        [Severity level: Chat]
                        [Group: Deprecated]
                Random: 63bf44ce70db92d4c6f9e7b7f2e9fafbf8dce70571fd26abe521eabc46c484d4
                Session ID Length: 0
                Cipher Suite: TLS_AES_256_GCM_SHA384 (0x1302)
                Compression Method: null (0)
                Extensions Length: 111
                Extension: supported_versions (len=2) TLS 1.3
                    Type: supported_versions (43)
                    Length: 2
                    Supported Version: TLS 1.3 (0x0304)
                Extension: key_share (len=101) secp384r1
                    Type: key_share (51)
                    Length: 101
                    Key Share extension
                        Key Share Entry: Group: secp384r1, Key Exchange length: 97
                            Group: secp384r1 (24)
                            Key Exchange Length: 97
                            Key Exchange: 04a1289b8a90d0050c1fe816fbd7d8e84c5cab00584c4485ac3fb2de5554b42f4ef7e5ec58fb77f5521f5178bc7c9a47c6f8a49f2030da72bc7d719a014838e3781a4715fe25ead935184bf0198bcaadd0acef0c008ee6a159601dfedb76da12b7
                [JA3S Fullstring: 771,4866,43-51]
                [JA3S: 15af977ce25de452b96affa2addb1036]
QUIC IETF
    [Packet Length: 1012]
    1... .... = Header Form: Long Header (1)
    .1.. .... = Fixed Bit: True
    ..10 .... = Packet Type: Handshake (2)
    Version: 1 (0x00000001)
    Destination Connection ID Length: 0
    Source Connection ID Length: 14
    Source Connection ID: 5a28684d728e1f9623b79dc4fe6f
    Length: 989
    [Expert Info (Warning/Decryption): Failed to create decryption context: Secrets are not available]
        [Failed to create decryption context: Secrets are not available]
        [Severity level: Warning]
        [Group: Decryption]
    Remaining Payload […]: a52f05e5aa8b80cae8e8fffe253d39a49d522eeaecd57a6b2fd43cea28585065d8957b452b081675e5feb716ff8f575af2a46be78324f5f92c7b1f623094ab85100a80aec99f2c32635820168a1091fdc75996190e5a5c51b33d968aefd8f596a72ddc30904779ca90df31

Frame 64: Packet, 1266 bytes on wire (10128 bits), 1266 bytes captured (10128 bits) on interface \Device\NPF_{9B9257DC-FAC1-4993-B12F-136D7BA5E874}, id 0
    Section number: 1
    Interface id: 0 (\Device\NPF_{9B9257DC-FAC1-4993-B12F-136D7BA5E874})
        Interface name: \Device\NPF_{9B9257DC-FAC1-4993-B12F-136D7BA5E874}
        Interface description: Wi-Fi
    Encapsulation type: Ethernet (1)
    Arrival Time: Apr  9, 2026 19:48:42.764938800 India Standard Time
    UTC Arrival Time: Apr  9, 2026 14:18:42.764938800 UTC
    Epoch Arrival Time: 1775744322.764938800
    [Time shift for this packet: 0.000000000 seconds]
    [Time delta from previous captured frame: 0.000000000 seconds]
    [Time delta from previous displayed frame: 0.000000000 seconds]
    [Time since reference or first frame: 2.322914200 seconds]
    Frame Number: 64
    Frame Length: 1266 bytes (10128 bits)
    Capture Length: 1266 bytes (10128 bits)
    [Frame is marked: False]
    [Frame is ignored: False]
    [Protocols in frame: eth:ethertype:vlan:ethertype:ip:udp:quic]
    Character encoding: ASCII (0)
Ethernet II, Src: HewlettPacka_3a:cc:1d (28:92:4a:3a:cc:1d), Dst: 96:77:0b:05:d4:0b (96:77:0b:05:d4:0b)
    Destination: 96:77:0b:05:d4:0b (96:77:0b:05:d4:0b)
        .... ..1. .... .... .... .... = LG bit: Locally administered address (this is NOT the factory default)
        .... ...0 .... .... .... .... = IG bit: Individual address (unicast)
    Source: HewlettPacka_3a:cc:1d (28:92:4a:3a:cc:1d)
        .... ..0. .... .... .... .... = LG bit: Globally unique address (factory default)
        .... ...0 .... .... .... .... = IG bit: Individual address (unicast)
    Type: 802.1Q Virtual LAN (0x8100)
    [Stream index: 0]
802.1Q Virtual LAN, PRI: 0, DEI: 0, ID: 0
    000. .... .... .... = Priority: Best Effort (default) (0)
    ...0 .... .... .... = DEI: Ineligible
    .... 0000 0000 0000 = ID: 0
    Type: IPv4 (0x0800)
Internet Protocol Version 4, Src: 40.104.77.114, Dst: 172.16.90.227
    0100 .... = Version: 4
    .... 0101 = Header Length: 20 bytes (5)
    Differentiated Services Field: 0x00 (DSCP: CS0, ECN: Not-ECT)
        0000 00.. = Differentiated Services Codepoint: Default (0)
        .... ..00 = Explicit Congestion Notification: Not ECN-Capable Transport (0)
    Total Length: 1248
    Identification: 0xe328 (58152)
    010. .... = Flags: 0x2, Don't fragment
        0... .... = Reserved bit: Not set
        .1.. .... = Don't fragment: Set
        ..0. .... = More fragments: Not set
    ...0 0000 0000 0000 = Fragment Offset: 0
    Time to Live: 116
    Protocol: UDP (17)
    Header Checksum: 0xa216 [validation disabled]
    [Header checksum status: Unverified]
    Source Address: 40.104.77.114
    Destination Address: 172.16.90.227
    [Stream index: 1]
User Datagram Protocol, Src Port: 443, Dst Port: 65397
    Source Port: 443
    Destination Port: 65397
    Length: 1228
    Checksum: 0xf4e1 [unverified]
    [Checksum Status: Unverified]
    [Stream index: 3]
    [Stream Packet Number: 6]
    [Timestamps]
        [Time since first frame: 53.737800 milliseconds]
        [Time since previous frame: 0.000000000 seconds]
    UDP payload (1220 bytes)
QUIC IETF
    QUIC Connection information
        [Connection Number: 3]
    [Packet Length: 1220]
    1... .... = Header Form: Long Header (1)
    .1.. .... = Fixed Bit: True
    ..10 .... = Packet Type: Handshake (2)
    Version: 1 (0x00000001)
    Destination Connection ID Length: 0
    Source Connection ID Length: 14
    Source Connection ID: 5a28684d728e1f9623b79dc4fe6f
    Length: 1197
    [Expert Info (Warning/Decryption): Failed to create decryption context: Secrets are not available]
        [Failed to create decryption context: Secrets are not available]
        [Severity level: Warning]
        [Group: Decryption]
    Remaining Payload […]: a80aaf190c0fa6405be037a9fd7f874ee3c02736ddeae62dffb5cd4842b73b7b9e07779262bcca969c4ddab47b097571c7133a451c81158cda75bc4af0140350abb646a42ebb87928e4aeb0400c4fbb8f7b68fa20e691d978c0fa995cde53d4a038249676bed83a8076077

Frame 65: Packet, 87 bytes on wire (696 bits), 87 bytes captured (696 bits) on interface \Device\NPF_{9B9257DC-FAC1-4993-B12F-136D7BA5E874}, id 0
    Section number: 1
    Interface id: 0 (\Device\NPF_{9B9257DC-FAC1-4993-B12F-136D7BA5E874})
        Interface name: \Device\NPF_{9B9257DC-FAC1-4993-B12F-136D7BA5E874}
        Interface description: Wi-Fi
    Encapsulation type: Ethernet (1)
    Arrival Time: Apr  9, 2026 19:48:42.765410200 India Standard Time
    UTC Arrival Time: Apr  9, 2026 14:18:42.765410200 UTC
    Epoch Arrival Time: 1775744322.765410200
    [Time shift for this packet: 0.000000000 seconds]
    [Time delta from previous captured frame: 471.400 microseconds]
    [Time delta from previous displayed frame: 471.400 microseconds]
    [Time since reference or first frame: 2.323385600 seconds]
    Frame Number: 65
    Frame Length: 87 bytes (696 bits)
    Capture Length: 87 bytes (696 bits)
    [Frame is marked: False]
    [Frame is ignored: False]
    [Protocols in frame: eth:ethertype:ip:udp:quic]
    Character encoding: ASCII (0)
Ethernet II, Src: 96:77:0b:05:d4:0b (96:77:0b:05:d4:0b), Dst: HewlettPacka_3a:cc:1d (28:92:4a:3a:cc:1d)
    Destination: HewlettPacka_3a:cc:1d (28:92:4a:3a:cc:1d)
        .... ..0. .... .... .... .... = LG bit: Globally unique address (factory default)
        .... ...0 .... .... .... .... = IG bit: Individual address (unicast)
    Source: 96:77:0b:05:d4:0b (96:77:0b:05:d4:0b)
        .... ..1. .... .... .... .... = LG bit: Locally administered address (this is NOT the factory default)
        .... ...0 .... .... .... .... = IG bit: Individual address (unicast)
    Type: IPv4 (0x0800)
    [Stream index: 0]
Internet Protocol Version 4, Src: 172.16.90.227, Dst: 40.104.77.114
    0100 .... = Version: 4
    .... 0101 = Header Length: 20 bytes (5)
    Differentiated Services Field: 0x00 (DSCP: CS0, ECN: Not-ECT)
        0000 00.. = Differentiated Services Codepoint: Default (0)
        .... ..00 = Explicit Congestion Notification: Not ECN-Capable Transport (0)
    Total Length: 73
    Identification: 0x64c7 (25799)
    010. .... = Flags: 0x2, Don't fragment
        0... .... = Reserved bit: Not set
        .1.. .... = Don't fragment: Set
        ..0. .... = More fragments: Not set
    ...0 0000 0000 0000 = Fragment Offset: 0
    Time to Live: 128
    Protocol: UDP (17)
    Header Checksum: 0x0000 [validation disabled]
    [Header checksum status: Unverified]
    Source Address: 172.16.90.227
    Destination Address: 40.104.77.114
    [Stream index: 1]
User Datagram Protocol, Src Port: 65397, Dst Port: 443
    Source Port: 65397
    Destination Port: 443
    Length: 53
    Checksum: 0x7d14 [unverified]
    [Checksum Status: Unverified]
    [Stream index: 3]
    [Stream Packet Number: 7]
    [Timestamps]
        [Time since first frame: 54.209200 milliseconds]
        [Time since previous frame: 471.400 microseconds]
    UDP payload (45 bytes)
QUIC IETF
    QUIC Connection information
        [Connection Number: 3]
    [Packet Length: 45]
    1... .... = Header Form: Long Header (1)
    .1.. .... = Fixed Bit: True
    ..10 .... = Packet Type: Handshake (2)
    Version: 1 (0x00000001)
    Destination Connection ID Length: 14
    Destination Connection ID: 5a28684d728e1f9623b79dc4fe6f
    Source Connection ID Length: 0
    Length: 22
    [Expert Info (Warning/Decryption): Failed to create decryption context: Secrets are not available]
        [Failed to create decryption context: Secrets are not available]
        [Severity level: Warning]
        [Group: Decryption]
    Remaining Payload: 2a574a1c83b24b10f3a7b4d48647b4cce58b673cbd83

Frame 66: Packet, 1266 bytes on wire (10128 bits), 1266 bytes captured (10128 bits) on interface \Device\NPF_{9B9257DC-FAC1-4993-B12F-136D7BA5E874}, id 0
    Section number: 1
    Interface id: 0 (\Device\NPF_{9B9257DC-FAC1-4993-B12F-136D7BA5E874})
        Interface name: \Device\NPF_{9B9257DC-FAC1-4993-B12F-136D7BA5E874}
        Interface description: Wi-Fi
    Encapsulation type: Ethernet (1)
    Arrival Time: Apr  9, 2026 19:48:42.765567700 India Standard Time
    UTC Arrival Time: Apr  9, 2026 14:18:42.765567700 UTC
    Epoch Arrival Time: 1775744322.765567700
    [Time shift for this packet: 0.000000000 seconds]
    [Time delta from previous captured frame: 157.500 microseconds]
    [Time delta from previous displayed frame: 157.500 microseconds]
    [Time since reference or first frame: 2.323543100 seconds]
    Frame Number: 66
    Frame Length: 1266 bytes (10128 bits)
    Capture Length: 1266 bytes (10128 bits)
    [Frame is marked: False]
    [Frame is ignored: False]
    [Protocols in frame: eth:ethertype:vlan:ethertype:ip:udp:quic]
    Character encoding: ASCII (0)
Ethernet II, Src: HewlettPacka_3a:cc:1d (28:92:4a:3a:cc:1d), Dst: 96:77:0b:05:d4:0b (96:77:0b:05:d4:0b)
    Destination: 96:77:0b:05:d4:0b (96:77:0b:05:d4:0b)
        .... ..1. .... .... .... .... = LG bit: Locally administered address (this is NOT the factory default)
        .... ...0 .... .... .... .... = IG bit: Individual address (unicast)
    Source: HewlettPacka_3a:cc:1d (28:92:4a:3a:cc:1d)
        .... ..0. .... .... .... .... = LG bit: Globally unique address (factory default)
        .... ...0 .... .... .... .... = IG bit: Individual address (unicast)
    Type: 802.1Q Virtual LAN (0x8100)
    [Stream index: 0]
802.1Q Virtual LAN, PRI: 0, DEI: 0, ID: 0
    000. .... .... .... = Priority: Best Effort (default) (0)
    ...0 .... .... .... = DEI: Ineligible
    .... 0000 0000 0000 = ID: 0
    Type: IPv4 (0x0800)
Internet Protocol Version 4, Src: 40.104.77.114, Dst: 172.16.90.227
    0100 .... = Version: 4
    .... 0101 = Header Length: 20 bytes (5)
    Differentiated Services Field: 0x00 (DSCP: CS0, ECN: Not-ECT)
        0000 00.. = Differentiated Services Codepoint: Default (0)
        .... ..00 = Explicit Congestion Notification: Not ECN-Capable Transport (0)
    Total Length: 1248
    Identification: 0xe329 (58153)
    010. .... = Flags: 0x2, Don't fragment
        0... .... = Reserved bit: Not set
        .1.. .... = Don't fragment: Set
        ..0. .... = More fragments: Not set
    ...0 0000 0000 0000 = Fragment Offset: 0
    Time to Live: 116
    Protocol: UDP (17)
    Header Checksum: 0xa215 [validation disabled]
    [Header checksum status: Unverified]
    Source Address: 40.104.77.114
    Destination Address: 172.16.90.227
    [Stream index: 1]
User Datagram Protocol, Src Port: 443, Dst Port: 65397
    Source Port: 443
    Destination Port: 65397
    Length: 1228
    Checksum: 0x84af [unverified]
    [Checksum Status: Unverified]
    [Stream index: 3]
    [Stream Packet Number: 8]
    [Timestamps]
        [Time since first frame: 54.366700 milliseconds]
        [Time since previous frame: 157.500 microseconds]
    UDP payload (1220 bytes)
QUIC IETF
    QUIC Connection information
        [Connection Number: 3]
    [Packet Length: 1220]
    1... .... = Header Form: Long Header (1)
    .1.. .... = Fixed Bit: True
    ..10 .... = Packet Type: Handshake (2)
    Version: 1 (0x00000001)
    Destination Connection ID Length: 0
    Source Connection ID Length: 14
    Source Connection ID: 5a28684d728e1f9623b79dc4fe6f
    Length: 1197
    [Expert Info (Warning/Decryption): Failed to create decryption context: Secrets are not available]
        [Failed to create decryption context: Secrets are not available]
        [Severity level: Warning]
        [Group: Decryption]
    Remaining Payload […]: 85a9cf9be78b667769733d3a91cdeb95c99ed3bff12c3f709f58f9ded38b657bf8868a8c79cc475f33151c7d10e270389aec3ea8b733e6be1122980a5f89be79286a8e92ce9ac51eaecc206e8dc7803251faa75957f5e7f5791f5377f31704cd76b21bd40cf0130ceaa56f

Frame 67: Packet, 678 bytes on wire (5424 bits), 678 bytes captured (5424 bits) on interface \Device\NPF_{9B9257DC-FAC1-4993-B12F-136D7BA5E874}, id 0
    Section number: 1
    Interface id: 0 (\Device\NPF_{9B9257DC-FAC1-4993-B12F-136D7BA5E874})
        Interface name: \Device\NPF_{9B9257DC-FAC1-4993-B12F-136D7BA5E874}
        Interface description: Wi-Fi
    Encapsulation type: Ethernet (1)
    Arrival Time: Apr  9, 2026 19:48:42.766278700 India Standard Time
    UTC Arrival Time: Apr  9, 2026 14:18:42.766278700 UTC
    Epoch Arrival Time: 1775744322.766278700
    [Time shift for this packet: 0.000000000 seconds]
    [Time delta from previous captured frame: 711.000 microseconds]
    [Time delta from previous displayed frame: 711.000 microseconds]
    [Time since reference or first frame: 2.324254100 seconds]
    Frame Number: 67
    Frame Length: 678 bytes (5424 bits)
    Capture Length: 678 bytes (5424 bits)
    [Frame is marked: False]
    [Frame is ignored: False]
    [Protocols in frame: eth:ethertype:vlan:ethertype:ip:udp:quic]
    Character encoding: ASCII (0)
Ethernet II, Src: HewlettPacka_3a:cc:1d (28:92:4a:3a:cc:1d), Dst: 96:77:0b:05:d4:0b (96:77:0b:05:d4:0b)
    Destination: 96:77:0b:05:d4:0b (96:77:0b:05:d4:0b)
        .... ..1. .... .... .... .... = LG bit: Locally administered address (this is NOT the factory default)
        .... ...0 .... .... .... .... = IG bit: Individual address (unicast)
    Source: HewlettPacka_3a:cc:1d (28:92:4a:3a:cc:1d)
        .... ..0. .... .... .... .... = LG bit: Globally unique address (factory default)
        .... ...0 .... .... .... .... = IG bit: Individual address (unicast)
    Type: 802.1Q Virtual LAN (0x8100)
    [Stream index: 0]
802.1Q Virtual LAN, PRI: 0, DEI: 0, ID: 0
    000. .... .... .... = Priority: Best Effort (default) (0)
    ...0 .... .... .... = DEI: Ineligible
    .... 0000 0000 0000 = ID: 0
    Type: IPv4 (0x0800)
Internet Protocol Version 4, Src: 40.104.77.114, Dst: 172.16.90.227
    0100 .... = Version: 4
    .... 0101 = Header Length: 20 bytes (5)
    Differentiated Services Field: 0x00 (DSCP: CS0, ECN: Not-ECT)
        0000 00.. = Differentiated Services Codepoint: Default (0)
        .... ..00 = Explicit Congestion Notification: Not ECN-Capable Transport (0)
    Total Length: 660
    Identification: 0xe32a (58154)
    010. .... = Flags: 0x2, Don't fragment
        0... .... = Reserved bit: Not set
        .1.. .... = Don't fragment: Set
        ..0. .... = More fragments: Not set
    ...0 0000 0000 0000 = Fragment Offset: 0
    Time to Live: 116
    Protocol: UDP (17)
    Header Checksum: 0xa460 [validation disabled]
    [Header checksum status: Unverified]
    Source Address: 40.104.77.114
    Destination Address: 172.16.90.227
    [Stream index: 1]
User Datagram Protocol, Src Port: 443, Dst Port: 65397
    Source Port: 443
    Destination Port: 65397
    Length: 640
    Checksum: 0x6da8 [unverified]
    [Checksum Status: Unverified]
    [Stream index: 3]
    [Stream Packet Number: 9]
    [Timestamps]
        [Time since first frame: 55.077700 milliseconds]
        [Time since previous frame: 711.000 microseconds]
    UDP payload (632 bytes)
QUIC IETF
    QUIC Connection information
        [Connection Number: 3]
    [Packet Length: 588]
    1... .... = Header Form: Long Header (1)
    .1.. .... = Fixed Bit: True
    ..10 .... = Packet Type: Handshake (2)
    Version: 1 (0x00000001)
    Destination Connection ID Length: 0
    Source Connection ID Length: 14
    Source Connection ID: 5a28684d728e1f9623b79dc4fe6f
    Length: 565
    [Expert Info (Warning/Decryption): Failed to create decryption context: Secrets are not available]
        [Failed to create decryption context: Secrets are not available]
        [Severity level: Warning]
        [Group: Decryption]
    Remaining Payload […]: 5aeaabf657c172d40db937bd80c2c9c642d29110f711532029d9a4b8c8f81659ee01b166b3cafd3744905c1d14d4f55f7df6c3c10f2c44585666cdec58dba14f58b57df2f0345b92c1d60fd23aa72762d23651700ced03d09bff076f1a09415c72340edb3a31a7cd7c27a2
QUIC IETF
    [Packet Length: 44]
    QUIC Short Header
        0... .... = Header Form: Short Header (0)
        .1.. .... = Fixed Bit: True
        ..0. .... = Spin Bit: False
    [Expert Info (Warning/Decryption): Failed to create decryption context: Secrets are not available]
        [Failed to create decryption context: Secrets are not available]
        [Severity level: Warning]
        [Group: Decryption]
    Remaining Payload: 88a0beed1a88f7bdc4468de4c0a27b34b7ea33bfb63f40fd921bd25e411da82a651cb91ea2c3844cb774d2

Frame 68: Packet, 87 bytes on wire (696 bits), 87 bytes captured (696 bits) on interface \Device\NPF_{9B9257DC-FAC1-4993-B12F-136D7BA5E874}, id 0
    Section number: 1
    Interface id: 0 (\Device\NPF_{9B9257DC-FAC1-4993-B12F-136D7BA5E874})
        Interface name: \Device\NPF_{9B9257DC-FAC1-4993-B12F-136D7BA5E874}
        Interface description: Wi-Fi
    Encapsulation type: Ethernet (1)
    Arrival Time: Apr  9, 2026 19:48:42.766444500 India Standard Time
    UTC Arrival Time: Apr  9, 2026 14:18:42.766444500 UTC
    Epoch Arrival Time: 1775744322.766444500
    [Time shift for this packet: 0.000000000 seconds]
    [Time delta from previous captured frame: 165.800 microseconds]
    [Time delta from previous displayed frame: 165.800 microseconds]
    [Time since reference or first frame: 2.324419900 seconds]
    Frame Number: 68
    Frame Length: 87 bytes (696 bits)
    Capture Length: 87 bytes (696 bits)
    [Frame is marked: False]
    [Frame is ignored: False]
    [Protocols in frame: eth:ethertype:ip:udp:quic]
    Character encoding: ASCII (0)
Ethernet II, Src: 96:77:0b:05:d4:0b (96:77:0b:05:d4:0b), Dst: HewlettPacka_3a:cc:1d (28:92:4a:3a:cc:1d)
    Destination: HewlettPacka_3a:cc:1d (28:92:4a:3a:cc:1d)
        .... ..0. .... .... .... .... = LG bit: Globally unique address (factory default)
        .... ...0 .... .... .... .... = IG bit: Individual address (unicast)
    Source: 96:77:0b:05:d4:0b (96:77:0b:05:d4:0b)
        .... ..1. .... .... .... .... = LG bit: Locally administered address (this is NOT the factory default)
        .... ...0 .... .... .... .... = IG bit: Individual address (unicast)
    Type: IPv4 (0x0800)
    [Stream index: 0]
Internet Protocol Version 4, Src: 172.16.90.227, Dst: 40.104.77.114
    0100 .... = Version: 4
    .... 0101 = Header Length: 20 bytes (5)
    Differentiated Services Field: 0x00 (DSCP: CS0, ECN: Not-ECT)
        0000 00.. = Differentiated Services Codepoint: Default (0)
        .... ..00 = Explicit Congestion Notification: Not ECN-Capable Transport (0)
    Total Length: 73
    Identification: 0x64c8 (25800)
    010. .... = Flags: 0x2, Don't fragment
        0... .... = Reserved bit: Not set
        .1.. .... = Don't fragment: Set
        ..0. .... = More fragments: Not set
    ...0 0000 0000 0000 = Fragment Offset: 0
    Time to Live: 128
    Protocol: UDP (17)
    Header Checksum: 0x0000 [validation disabled]
    [Header checksum status: Unverified]
    Source Address: 172.16.90.227
    Destination Address: 40.104.77.114
    [Stream index: 1]
User Datagram Protocol, Src Port: 65397, Dst Port: 443
    Source Port: 65397
    Destination Port: 443
    Length: 53
    Checksum: 0x7d14 [unverified]
    [Checksum Status: Unverified]
    [Stream index: 3]
    [Stream Packet Number: 10]
    [Timestamps]
        [Time since first frame: 55.243500 milliseconds]
        [Time since previous frame: 165.800 microseconds]
    UDP payload (45 bytes)
QUIC IETF
    QUIC Connection information
        [Connection Number: 3]
    [Packet Length: 45]
    1... .... = Header Form: Long Header (1)
    .1.. .... = Fixed Bit: True
    ..10 .... = Packet Type: Handshake (2)
    Version: 1 (0x00000001)
    Destination Connection ID Length: 14
    Destination Connection ID: 5a28684d728e1f9623b79dc4fe6f
    Source Connection ID Length: 0
    Length: 22
    [Expert Info (Warning/Decryption): Failed to create decryption context: Secrets are not available]
        [Failed to create decryption context: Secrets are not available]
        [Severity level: Warning]
        [Group: Decryption]
    Remaining Payload: 5f335ca3760733991702388ccb23508ef16e07de1a1d

Frame 69: Packet, 137 bytes on wire (1096 bits), 137 bytes captured (1096 bits) on interface \Device\NPF_{9B9257DC-FAC1-4993-B12F-136D7BA5E874}, id 0
    Section number: 1
    Interface id: 0 (\Device\NPF_{9B9257DC-FAC1-4993-B12F-136D7BA5E874})
        Interface name: \Device\NPF_{9B9257DC-FAC1-4993-B12F-136D7BA5E874}
        Interface description: Wi-Fi
    Encapsulation type: Ethernet (1)
    Arrival Time: Apr  9, 2026 19:48:42.767160100 India Standard Time
    UTC Arrival Time: Apr  9, 2026 14:18:42.767160100 UTC
    Epoch Arrival Time: 1775744322.767160100
    [Time shift for this packet: 0.000000000 seconds]
    [Time delta from previous captured frame: 715.600 microseconds]
    [Time delta from previous displayed frame: 715.600 microseconds]
    [Time since reference or first frame: 2.325135500 seconds]
    Frame Number: 69
    Frame Length: 137 bytes (1096 bits)
    Capture Length: 137 bytes (1096 bits)
    [Frame is marked: False]
    [Frame is ignored: False]
    [Protocols in frame: eth:ethertype:ip:udp:quic]
    Character encoding: ASCII (0)
Ethernet II, Src: 96:77:0b:05:d4:0b (96:77:0b:05:d4:0b), Dst: HewlettPacka_3a:cc:1d (28:92:4a:3a:cc:1d)
    Destination: HewlettPacka_3a:cc:1d (28:92:4a:3a:cc:1d)
        .... ..0. .... .... .... .... = LG bit: Globally unique address (factory default)
        .... ...0 .... .... .... .... = IG bit: Individual address (unicast)
    Source: 96:77:0b:05:d4:0b (96:77:0b:05:d4:0b)
        .... ..1. .... .... .... .... = LG bit: Locally administered address (this is NOT the factory default)
        .... ...0 .... .... .... .... = IG bit: Individual address (unicast)
    Type: IPv4 (0x0800)
    [Stream index: 0]
Internet Protocol Version 4, Src: 172.16.90.227, Dst: 40.104.77.114
    0100 .... = Version: 4
    .... 0101 = Header Length: 20 bytes (5)
    Differentiated Services Field: 0x00 (DSCP: CS0, ECN: Not-ECT)
        0000 00.. = Differentiated Services Codepoint: Default (0)
        .... ..00 = Explicit Congestion Notification: Not ECN-Capable Transport (0)
    Total Length: 123
    Identification: 0x64c9 (25801)
    010. .... = Flags: 0x2, Don't fragment
        0... .... = Reserved bit: Not set
        .1.. .... = Don't fragment: Set
        ..0. .... = More fragments: Not set
    ...0 0000 0000 0000 = Fragment Offset: 0
    Time to Live: 128
    Protocol: UDP (17)
    Header Checksum: 0x0000 [validation disabled]
    [Header checksum status: Unverified]
    Source Address: 172.16.90.227
    Destination Address: 40.104.77.114
    [Stream index: 1]
User Datagram Protocol, Src Port: 65397, Dst Port: 443
    Source Port: 65397
    Destination Port: 443
    Length: 103
    Checksum: 0x7d46 [unverified]
    [Checksum Status: Unverified]
    [Stream index: 3]
    [Stream Packet Number: 11]
    [Timestamps]
        [Time since first frame: 55.959100 milliseconds]
        [Time since previous frame: 715.600 microseconds]
    UDP payload (95 bytes)
QUIC IETF
    QUIC Connection information
        [Connection Number: 3]
    [Packet Length: 95]
    1... .... = Header Form: Long Header (1)
    .1.. .... = Fixed Bit: True
    ..10 .... = Packet Type: Handshake (2)
    Version: 1 (0x00000001)
    Destination Connection ID Length: 14
    Destination Connection ID: 5a28684d728e1f9623b79dc4fe6f
    Source Connection ID Length: 0
    Length: 72
    [Expert Info (Warning/Decryption): Failed to create decryption context: Secrets are not available]
        [Failed to create decryption context: Secrets are not available]
        [Severity level: Warning]
        [Group: Decryption]
    Remaining Payload: b51c7fa2633932b73601a3177cd1ced31f9ae5a6b2e6f144abe2ac4a14cf777e6e025b73fe5732dedbea28450cabdce62bdb5d7b729d9bbbfb72720ede6891b20e9045bdb3851360

Frame 70: Packet, 116 bytes on wire (928 bits), 116 bytes captured (928 bits) on interface \Device\NPF_{9B9257DC-FAC1-4993-B12F-136D7BA5E874}, id 0
    Section number: 1
    Interface id: 0 (\Device\NPF_{9B9257DC-FAC1-4993-B12F-136D7BA5E874})
        Interface name: \Device\NPF_{9B9257DC-FAC1-4993-B12F-136D7BA5E874}
        Interface description: Wi-Fi
    Encapsulation type: Ethernet (1)
    Arrival Time: Apr  9, 2026 19:48:42.767249700 India Standard Time
    UTC Arrival Time: Apr  9, 2026 14:18:42.767249700 UTC
    Epoch Arrival Time: 1775744322.767249700
    [Time shift for this packet: 0.000000000 seconds]
    [Time delta from previous captured frame: 89.600 microseconds]
    [Time delta from previous displayed frame: 89.600 microseconds]
    [Time since reference or first frame: 2.325225100 seconds]
    Frame Number: 70
    Frame Length: 116 bytes (928 bits)
    Capture Length: 116 bytes (928 bits)
    [Frame is marked: False]
    [Frame is ignored: False]
    [Protocols in frame: eth:ethertype:ip:udp:quic]
    Character encoding: ASCII (0)
Ethernet II, Src: 96:77:0b:05:d4:0b (96:77:0b:05:d4:0b), Dst: HewlettPacka_3a:cc:1d (28:92:4a:3a:cc:1d)
    Destination: HewlettPacka_3a:cc:1d (28:92:4a:3a:cc:1d)
        .... ..0. .... .... .... .... = LG bit: Globally unique address (factory default)
        .... ...0 .... .... .... .... = IG bit: Individual address (unicast)
    Source: 96:77:0b:05:d4:0b (96:77:0b:05:d4:0b)
        .... ..1. .... .... .... .... = LG bit: Locally administered address (this is NOT the factory default)
        .... ...0 .... .... .... .... = IG bit: Individual address (unicast)
    Type: IPv4 (0x0800)
    [Stream index: 0]
Internet Protocol Version 4, Src: 172.16.90.227, Dst: 40.104.77.114
    0100 .... = Version: 4
    .... 0101 = Header Length: 20 bytes (5)
    Differentiated Services Field: 0x00 (DSCP: CS0, ECN: Not-ECT)
        0000 00.. = Differentiated Services Codepoint: Default (0)
        .... ..00 = Explicit Congestion Notification: Not ECN-Capable Transport (0)
    Total Length: 102
    Identification: 0x64ca (25802)
    010. .... = Flags: 0x2, Don't fragment
        0... .... = Reserved bit: Not set
        .1.. .... = Don't fragment: Set
        ..0. .... = More fragments: Not set
    ...0 0000 0000 0000 = Fragment Offset: 0
    Time to Live: 128
    Protocol: UDP (17)
    Header Checksum: 0x0000 [validation disabled]
    [Header checksum status: Unverified]
    Source Address: 172.16.90.227
    Destination Address: 40.104.77.114
    [Stream index: 1]
User Datagram Protocol, Src Port: 65397, Dst Port: 443
    Source Port: 65397
    Destination Port: 443
    Length: 82
    Checksum: 0x7d31 [unverified]
    [Checksum Status: Unverified]
    [Stream index: 3]
    [Stream Packet Number: 12]
    [Timestamps]
        [Time since first frame: 56.048700 milliseconds]
        [Time since previous frame: 89.600 microseconds]
    UDP payload (74 bytes)
QUIC IETF
    QUIC Connection information
        [Connection Number: 3]
    [Packet Length: 74]
    QUIC Short Header DCID=5a28684d728e1f9623b79dc4fe6f
        0... .... = Header Form: Short Header (0)
        .1.. .... = Fixed Bit: True
        ..0. .... = Spin Bit: False
        Destination Connection ID: 5a28684d728e1f9623b79dc4fe6f
    Remaining Payload: e768b2cd02011fed3f83dfbd10304a46e72bb38ebec5a0f66cf9cbf8195ee5b199c43001baaa4a4e3db6e8087c8a05b0e56b77bab9ca08010f3e45

Frame 71: Packet, 1288 bytes on wire (10304 bits), 1288 bytes captured (10304 bits) on interface \Device\NPF_{9B9257DC-FAC1-4993-B12F-136D7BA5E874}, id 0
    Section number: 1
    Interface id: 0 (\Device\NPF_{9B9257DC-FAC1-4993-B12F-136D7BA5E874})
        Interface name: \Device\NPF_{9B9257DC-FAC1-4993-B12F-136D7BA5E874}
        Interface description: Wi-Fi
    Encapsulation type: Ethernet (1)
    Arrival Time: Apr  9, 2026 19:48:42.767505900 India Standard Time
    UTC Arrival Time: Apr  9, 2026 14:18:42.767505900 UTC
    Epoch Arrival Time: 1775744322.767505900
    [Time shift for this packet: 0.000000000 seconds]
    [Time delta from previous captured frame: 256.200 microseconds]
    [Time delta from previous displayed frame: 256.200 microseconds]
    [Time since reference or first frame: 2.325481300 seconds]
    Frame Number: 71
    Frame Length: 1288 bytes (10304 bits)
    Capture Length: 1288 bytes (10304 bits)
    [Frame is marked: False]
    [Frame is ignored: False]
    [Protocols in frame: eth:ethertype:ip:udp:quic]
    Character encoding: ASCII (0)
Ethernet II, Src: 96:77:0b:05:d4:0b (96:77:0b:05:d4:0b), Dst: HewlettPacka_3a:cc:1d (28:92:4a:3a:cc:1d)
    Destination: HewlettPacka_3a:cc:1d (28:92:4a:3a:cc:1d)
        .... ..0. .... .... .... .... = LG bit: Globally unique address (factory default)
        .... ...0 .... .... .... .... = IG bit: Individual address (unicast)
    Source: 96:77:0b:05:d4:0b (96:77:0b:05:d4:0b)
        .... ..1. .... .... .... .... = LG bit: Locally administered address (this is NOT the factory default)
        .... ...0 .... .... .... .... = IG bit: Individual address (unicast)
    Type: IPv4 (0x0800)
    [Stream index: 0]
Internet Protocol Version 4, Src: 172.16.90.227, Dst: 40.104.77.114
    0100 .... = Version: 4
    .... 0101 = Header Length: 20 bytes (5)
    Differentiated Services Field: 0x00 (DSCP: CS0, ECN: Not-ECT)
        0000 00.. = Differentiated Services Codepoint: Default (0)
        .... ..00 = Explicit Congestion Notification: Not ECN-Capable Transport (0)
    Total Length: 1274
    Identification: 0x64cb (25803)
    010. .... = Flags: 0x2, Don't fragment
        0... .... = Reserved bit: Not set
        .1.. .... = Don't fragment: Set
        ..0. .... = More fragments: Not set
    ...0 0000 0000 0000 = Fragment Offset: 0
    Time to Live: 128
    Protocol: UDP (17)
    Header Checksum: 0x0000 [validation disabled]
    [Header checksum status: Unverified]
    Source Address: 172.16.90.227
    Destination Address: 40.104.77.114
    [Stream index: 1]
User Datagram Protocol, Src Port: 65397, Dst Port: 443
    Source Port: 65397
    Destination Port: 443
    Length: 1254
    Checksum: 0x81c5 [unverified]
    [Checksum Status: Unverified]
    [Stream index: 3]
    [Stream Packet Number: 13]
    [Timestamps]
        [Time since first frame: 56.304900 milliseconds]
        [Time since previous frame: 256.200 microseconds]
    UDP payload (1246 bytes)
QUIC IETF
    QUIC Connection information
        [Connection Number: 3]
    [Packet Length: 1246]
    QUIC Short Header DCID=5a28684d728e1f9623b79dc4fe6f
        0... .... = Header Form: Short Header (0)
        .1.. .... = Fixed Bit: True
        ..0. .... = Spin Bit: False
        Destination Connection ID: 5a28684d728e1f9623b79dc4fe6f
    Remaining Payload […]: 17ba499827509106eb6abcc826a2ab691ec669d4a7d7044285c78eb726caad784dfa01c1ac513a3088c26c2c480de54061ec70810b4f723f71e8377437d8da5ea305d3af325d3c4eea0ce5364cfe3cd233ee71f33693e743fc748cd1f60633e9bca20935f03962f74cff5f

Frame 72: Packet, 387 bytes on wire (3096 bits), 387 bytes captured (3096 bits) on interface \Device\NPF_{9B9257DC-FAC1-4993-B12F-136D7BA5E874}, id 0
    Section number: 1
    Interface id: 0 (\Device\NPF_{9B9257DC-FAC1-4993-B12F-136D7BA5E874})
        Interface name: \Device\NPF_{9B9257DC-FAC1-4993-B12F-136D7BA5E874}
        Interface description: Wi-Fi
    Encapsulation type: Ethernet (1)
    Arrival Time: Apr  9, 2026 19:48:42.767536800 India Standard Time
    UTC Arrival Time: Apr  9, 2026 14:18:42.767536800 UTC
    Epoch Arrival Time: 1775744322.767536800
    [Time shift for this packet: 0.000000000 seconds]
    [Time delta from previous captured frame: 30.900 microseconds]
    [Time delta from previous displayed frame: 30.900 microseconds]
    [Time since reference or first frame: 2.325512200 seconds]
    Frame Number: 72
    Frame Length: 387 bytes (3096 bits)
    Capture Length: 387 bytes (3096 bits)
    [Frame is marked: False]
    [Frame is ignored: False]
    [Protocols in frame: eth:ethertype:ip:udp:quic]
    Character encoding: ASCII (0)
Ethernet II, Src: 96:77:0b:05:d4:0b (96:77:0b:05:d4:0b), Dst: HewlettPacka_3a:cc:1d (28:92:4a:3a:cc:1d)
    Destination: HewlettPacka_3a:cc:1d (28:92:4a:3a:cc:1d)
        .... ..0. .... .... .... .... = LG bit: Globally unique address (factory default)
        .... ...0 .... .... .... .... = IG bit: Individual address (unicast)
    Source: 96:77:0b:05:d4:0b (96:77:0b:05:d4:0b)
        .... ..1. .... .... .... .... = LG bit: Locally administered address (this is NOT the factory default)
        .... ...0 .... .... .... .... = IG bit: Individual address (unicast)
    Type: IPv4 (0x0800)
    [Stream index: 0]
Internet Protocol Version 4, Src: 172.16.90.227, Dst: 40.104.77.114
    0100 .... = Version: 4
    .... 0101 = Header Length: 20 bytes (5)
    Differentiated Services Field: 0x00 (DSCP: CS0, ECN: Not-ECT)
        0000 00.. = Differentiated Services Codepoint: Default (0)
        .... ..00 = Explicit Congestion Notification: Not ECN-Capable Transport (0)
    Total Length: 373
    Identification: 0x64cc (25804)
    010. .... = Flags: 0x2, Don't fragment
        0... .... = Reserved bit: Not set
        .1.. .... = Don't fragment: Set
        ..0. .... = More fragments: Not set
    ...0 0000 0000 0000 = Fragment Offset: 0
    Time to Live: 128
    Protocol: UDP (17)
    Header Checksum: 0x0000 [validation disabled]
    [Header checksum status: Unverified]
    Source Address: 172.16.90.227
    Destination Address: 40.104.77.114
    [Stream index: 1]
User Datagram Protocol, Src Port: 65397, Dst Port: 443
    Source Port: 65397
    Destination Port: 443
    Length: 353
    Checksum: 0x7e40 [unverified]
    [Checksum Status: Unverified]
    [Stream index: 3]
    [Stream Packet Number: 14]
    [Timestamps]
        [Time since first frame: 56.335800 milliseconds]
        [Time since previous frame: 30.900 microseconds]
    UDP payload (345 bytes)
QUIC IETF
    QUIC Connection information
        [Connection Number: 3]
    [Packet Length: 345]
    QUIC Short Header DCID=5a28684d728e1f9623b79dc4fe6f
        0... .... = Header Form: Short Header (0)
        .1.. .... = Fixed Bit: True
        ..0. .... = Spin Bit: False
        Destination Connection ID: 5a28684d728e1f9623b79dc4fe6f
    Remaining Payload […]: a7366ec9c15c9556c2c9811becb91a20dd57a77936fbdc70663337ed62580c59db6762f27775549d2f7c2a113d616521f00240a598959b8605077c1629edd665704d945d60ba0800c0d194d2ac6bb699f25300be7d1af2a0d481e3b29ca51e7052fab602057ed4c2fb0f96

Frame 73: Packet, 1266 bytes on wire (10128 bits), 1266 bytes captured (10128 bits) on interface \Device\NPF_{9B9257DC-FAC1-4993-B12F-136D7BA5E874}, id 0
    Section number: 1
    Interface id: 0 (\Device\NPF_{9B9257DC-FAC1-4993-B12F-136D7BA5E874})
        Interface name: \Device\NPF_{9B9257DC-FAC1-4993-B12F-136D7BA5E874}
        Interface description: Wi-Fi
    Encapsulation type: Ethernet (1)
    Arrival Time: Apr  9, 2026 19:48:42.791855100 India Standard Time
    UTC Arrival Time: Apr  9, 2026 14:18:42.791855100 UTC
    Epoch Arrival Time: 1775744322.791855100
    [Time shift for this packet: 0.000000000 seconds]
    [Time delta from previous captured frame: 24.318300 milliseconds]
    [Time delta from previous displayed frame: 24.318300 milliseconds]
    [Time since reference or first frame: 2.349830500 seconds]
    Frame Number: 73
    Frame Length: 1266 bytes (10128 bits)
    Capture Length: 1266 bytes (10128 bits)
    [Frame is marked: False]
    [Frame is ignored: False]
    [Protocols in frame: eth:ethertype:vlan:ethertype:ip:udp:quic]
    Character encoding: ASCII (0)
Ethernet II, Src: HewlettPacka_3a:cc:1d (28:92:4a:3a:cc:1d), Dst: 96:77:0b:05:d4:0b (96:77:0b:05:d4:0b)
    Destination: 96:77:0b:05:d4:0b (96:77:0b:05:d4:0b)
        .... ..1. .... .... .... .... = LG bit: Locally administered address (this is NOT the factory default)
        .... ...0 .... .... .... .... = IG bit: Individual address (unicast)
    Source: HewlettPacka_3a:cc:1d (28:92:4a:3a:cc:1d)
        .... ..0. .... .... .... .... = LG bit: Globally unique address (factory default)
        .... ...0 .... .... .... .... = IG bit: Individual address (unicast)
    Type: 802.1Q Virtual LAN (0x8100)
    [Stream index: 0]
802.1Q Virtual LAN, PRI: 0, DEI: 0, ID: 0
    000. .... .... .... = Priority: Best Effort (default) (0)
    ...0 .... .... .... = DEI: Ineligible
    .... 0000 0000 0000 = ID: 0
    Type: IPv4 (0x0800)
Internet Protocol Version 4, Src: 40.104.77.114, Dst: 172.16.90.227
    0100 .... = Version: 4
    .... 0101 = Header Length: 20 bytes (5)
    Differentiated Services Field: 0x00 (DSCP: CS0, ECN: Not-ECT)
        0000 00.. = Differentiated Services Codepoint: Default (0)
        .... ..00 = Explicit Congestion Notification: Not ECN-Capable Transport (0)
    Total Length: 1248
    Identification: 0xe32b (58155)
    010. .... = Flags: 0x2, Don't fragment
        0... .... = Reserved bit: Not set
        .1.. .... = Don't fragment: Set
        ..0. .... = More fragments: Not set
    ...0 0000 0000 0000 = Fragment Offset: 0
    Time to Live: 116
    Protocol: UDP (17)
    Header Checksum: 0xa213 [validation disabled]
    [Header checksum status: Unverified]
    Source Address: 40.104.77.114
    Destination Address: 172.16.90.227
    [Stream index: 1]
User Datagram Protocol, Src Port: 443, Dst Port: 65397
    Source Port: 443
    Destination Port: 65397
    Length: 1228
    Checksum: 0x2911 [unverified]
    [Checksum Status: Unverified]
    [Stream index: 3]
    [Stream Packet Number: 15]
    [Timestamps]
        [Time since first frame: 80.654100 milliseconds]
        [Time since previous frame: 24.318300 milliseconds]
    UDP payload (1220 bytes)
QUIC IETF
    QUIC Connection information
        [Connection Number: 3]
    [Packet Length: 1220]
    QUIC Short Header
        0... .... = Header Form: Short Header (0)
        .1.. .... = Fixed Bit: True
        ..0. .... = Spin Bit: False
    Remaining Payload […]: c081c096143299e794984c8b26ea28d83aabc4621737905532e21f0f3e0e1ab1e1f0052900512e569ae95e47bac609d2a2cfdc3246b95846640a01ba631eb53e705afbc8dcfe97678700ee281c09c59bc06e9da6f1e9427baa3638db7a7aad91ec99aba00f93057ceb8c93

Frame 74: Packet, 1298 bytes on wire (10384 bits), 1298 bytes captured (10384 bits) on interface \Device\NPF_{9B9257DC-FAC1-4993-B12F-136D7BA5E874}, id 0
    Section number: 1
    Interface id: 0 (\Device\NPF_{9B9257DC-FAC1-4993-B12F-136D7BA5E874})
        Interface name: \Device\NPF_{9B9257DC-FAC1-4993-B12F-136D7BA5E874}
        Interface description: Wi-Fi
    Encapsulation type: Ethernet (1)
    Arrival Time: Apr  9, 2026 19:48:42.792009000 India Standard Time
    UTC Arrival Time: Apr  9, 2026 14:18:42.792009000 UTC
    Epoch Arrival Time: 1775744322.792009000
    [Time shift for this packet: 0.000000000 seconds]
    [Time delta from previous captured frame: 153.900 microseconds]
    [Time delta from previous displayed frame: 153.900 microseconds]
    [Time since reference or first frame: 2.349984400 seconds]
    Frame Number: 74
    Frame Length: 1298 bytes (10384 bits)
    Capture Length: 1298 bytes (10384 bits)
    [Frame is marked: False]
    [Frame is ignored: False]
    [Protocols in frame: eth:ethertype:vlan:ethertype:ip:udp:quic]
    Character encoding: ASCII (0)
Ethernet II, Src: HewlettPacka_3a:cc:1d (28:92:4a:3a:cc:1d), Dst: 96:77:0b:05:d4:0b (96:77:0b:05:d4:0b)
    Destination: 96:77:0b:05:d4:0b (96:77:0b:05:d4:0b)
        .... ..1. .... .... .... .... = LG bit: Locally administered address (this is NOT the factory default)
        .... ...0 .... .... .... .... = IG bit: Individual address (unicast)
    Source: HewlettPacka_3a:cc:1d (28:92:4a:3a:cc:1d)
        .... ..0. .... .... .... .... = LG bit: Globally unique address (factory default)
        .... ...0 .... .... .... .... = IG bit: Individual address (unicast)
    Type: 802.1Q Virtual LAN (0x8100)
    [Stream index: 0]
802.1Q Virtual LAN, PRI: 0, DEI: 0, ID: 0
    000. .... .... .... = Priority: Best Effort (default) (0)
    ...0 .... .... .... = DEI: Ineligible
    .... 0000 0000 0000 = ID: 0
    Type: IPv4 (0x0800)
Internet Protocol Version 4, Src: 40.104.77.114, Dst: 172.16.90.227
    0100 .... = Version: 4
    .... 0101 = Header Length: 20 bytes (5)
    Differentiated Services Field: 0x00 (DSCP: CS0, ECN: Not-ECT)
        0000 00.. = Differentiated Services Codepoint: Default (0)
        .... ..00 = Explicit Congestion Notification: Not ECN-Capable Transport (0)
    Total Length: 1280
    Identification: 0xe32c (58156)
    010. .... = Flags: 0x2, Don't fragment
        0... .... = Reserved bit: Not set
        .1.. .... = Don't fragment: Set
        ..0. .... = More fragments: Not set
    ...0 0000 0000 0000 = Fragment Offset: 0
    Time to Live: 116
    Protocol: UDP (17)
    Header Checksum: 0xa1f2 [validation disabled]
    [Header checksum status: Unverified]
    Source Address: 40.104.77.114
    Destination Address: 172.16.90.227
    [Stream index: 1]
User Datagram Protocol, Src Port: 443, Dst Port: 65397
    Source Port: 443
    Destination Port: 65397
    Length: 1260
    Checksum: 0x4d6f [unverified]
    [Checksum Status: Unverified]
    [Stream index: 3]
    [Stream Packet Number: 16]
    [Timestamps]
        [Time since first frame: 80.808000 milliseconds]
        [Time since previous frame: 153.900 microseconds]
    UDP payload (1252 bytes)
QUIC IETF
    QUIC Connection information
        [Connection Number: 3]
    [Packet Length: 1252]
    QUIC Short Header
        0... .... = Header Form: Short Header (0)
        .1.. .... = Fixed Bit: True
        ..0. .... = Spin Bit: False
    Remaining Payload […]: 20c7d63f19cf7f4083a72a1b89f462c40fe2f04c2bbb61bbb07ea96105efce44b67e5f7cc63914e175ae9d75614636697963d9afa7c65e742639593194709fdb3e56f6c97ed16543053c51ee8877957499c242942298659dd61c5ca5ffb4608bbc3504ab392db65e245b17

Frame 75: Packet, 79 bytes on wire (632 bits), 79 bytes captured (632 bits) on interface \Device\NPF_{9B9257DC-FAC1-4993-B12F-136D7BA5E874}, id 0
    Section number: 1
    Interface id: 0 (\Device\NPF_{9B9257DC-FAC1-4993-B12F-136D7BA5E874})
        Interface name: \Device\NPF_{9B9257DC-FAC1-4993-B12F-136D7BA5E874}
        Interface description: Wi-Fi
    Encapsulation type: Ethernet (1)
    Arrival Time: Apr  9, 2026 19:48:42.792122700 India Standard Time
    UTC Arrival Time: Apr  9, 2026 14:18:42.792122700 UTC
    Epoch Arrival Time: 1775744322.792122700
    [Time shift for this packet: 0.000000000 seconds]
    [Time delta from previous captured frame: 113.700 microseconds]
    [Time delta from previous displayed frame: 113.700 microseconds]
    [Time since reference or first frame: 2.350098100 seconds]
    Frame Number: 75
    Frame Length: 79 bytes (632 bits)
    Capture Length: 79 bytes (632 bits)
    [Frame is marked: False]
    [Frame is ignored: False]
    [Protocols in frame: eth:ethertype:ip:udp:quic]
    Character encoding: ASCII (0)
Ethernet II, Src: 96:77:0b:05:d4:0b (96:77:0b:05:d4:0b), Dst: HewlettPacka_3a:cc:1d (28:92:4a:3a:cc:1d)
    Destination: HewlettPacka_3a:cc:1d (28:92:4a:3a:cc:1d)
        .... ..0. .... .... .... .... = LG bit: Globally unique address (factory default)
        .... ...0 .... .... .... .... = IG bit: Individual address (unicast)
    Source: 96:77:0b:05:d4:0b (96:77:0b:05:d4:0b)
        .... ..1. .... .... .... .... = LG bit: Locally administered address (this is NOT the factory default)
        .... ...0 .... .... .... .... = IG bit: Individual address (unicast)
    Type: IPv4 (0x0800)
    [Stream index: 0]
Internet Protocol Version 4, Src: 172.16.90.227, Dst: 40.104.77.114
    0100 .... = Version: 4
    .... 0101 = Header Length: 20 bytes (5)
    Differentiated Services Field: 0x00 (DSCP: CS0, ECN: Not-ECT)
        0000 00.. = Differentiated Services Codepoint: Default (0)
        .... ..00 = Explicit Congestion Notification: Not ECN-Capable Transport (0)
    Total Length: 65
    Identification: 0x64cd (25805)
    010. .... = Flags: 0x2, Don't fragment
        0... .... = Reserved bit: Not set
        .1.. .... = Don't fragment: Set
        ..0. .... = More fragments: Not set
    ...0 0000 0000 0000 = Fragment Offset: 0
    Time to Live: 128
    Protocol: UDP (17)
    Header Checksum: 0x0000 [validation disabled]
    [Header checksum status: Unverified]
    Source Address: 172.16.90.227
    Destination Address: 40.104.77.114
    [Stream index: 1]
User Datagram Protocol, Src Port: 65397, Dst Port: 443
    Source Port: 65397
    Destination Port: 443
    Length: 45
    Checksum: 0x7d0c [unverified]
    [Checksum Status: Unverified]
    [Stream index: 3]
    [Stream Packet Number: 17]
    [Timestamps]
        [Time since first frame: 80.921700 milliseconds]
        [Time since previous frame: 113.700 microseconds]
    UDP payload (37 bytes)
QUIC IETF
    QUIC Connection information
        [Connection Number: 3]
    [Packet Length: 37]
    QUIC Short Header DCID=5a28684d728e1f9623b79dc4fe6f
        0... .... = Header Form: Short Header (0)
        .1.. .... = Fixed Bit: True
        ..0. .... = Spin Bit: False
        Destination Connection ID: 5a28684d728e1f9623b79dc4fe6f
    Remaining Payload: 96704580189df759018bd615cab7cabc31b92ea93ed9

Frame 76: Packet, 89 bytes on wire (712 bits), 89 bytes captured (712 bits) on interface \Device\NPF_{9B9257DC-FAC1-4993-B12F-136D7BA5E874}, id 0
    Section number: 1
    Interface id: 0 (\Device\NPF_{9B9257DC-FAC1-4993-B12F-136D7BA5E874})
        Interface name: \Device\NPF_{9B9257DC-FAC1-4993-B12F-136D7BA5E874}
        Interface description: Wi-Fi
    Encapsulation type: Ethernet (1)
    Arrival Time: Apr  9, 2026 19:48:42.792860300 India Standard Time
    UTC Arrival Time: Apr  9, 2026 14:18:42.792860300 UTC
    Epoch Arrival Time: 1775744322.792860300
    [Time shift for this packet: 0.000000000 seconds]
    [Time delta from previous captured frame: 737.600 microseconds]
    [Time delta from previous displayed frame: 737.600 microseconds]
    [Time since reference or first frame: 2.350835700 seconds]
    Frame Number: 76
    Frame Length: 89 bytes (712 bits)
    Capture Length: 89 bytes (712 bits)
    [Frame is marked: False]
    [Frame is ignored: False]
    [Protocols in frame: eth:ethertype:vlan:ethertype:ip:udp:quic]
    Character encoding: ASCII (0)
Ethernet II, Src: HewlettPacka_3a:cc:1d (28:92:4a:3a:cc:1d), Dst: 96:77:0b:05:d4:0b (96:77:0b:05:d4:0b)
    Destination: 96:77:0b:05:d4:0b (96:77:0b:05:d4:0b)
        .... ..1. .... .... .... .... = LG bit: Locally administered address (this is NOT the factory default)
        .... ...0 .... .... .... .... = IG bit: Individual address (unicast)
    Source: HewlettPacka_3a:cc:1d (28:92:4a:3a:cc:1d)
        .... ..0. .... .... .... .... = LG bit: Globally unique address (factory default)
        .... ...0 .... .... .... .... = IG bit: Individual address (unicast)
    Type: 802.1Q Virtual LAN (0x8100)
    [Stream index: 0]
802.1Q Virtual LAN, PRI: 0, DEI: 0, ID: 0
    000. .... .... .... = Priority: Best Effort (default) (0)
    ...0 .... .... .... = DEI: Ineligible
    .... 0000 0000 0000 = ID: 0
    Type: IPv4 (0x0800)
Internet Protocol Version 4, Src: 40.104.77.114, Dst: 172.16.90.227
    0100 .... = Version: 4
    .... 0101 = Header Length: 20 bytes (5)
    Differentiated Services Field: 0x00 (DSCP: CS0, ECN: Not-ECT)
        0000 00.. = Differentiated Services Codepoint: Default (0)
        .... ..00 = Explicit Congestion Notification: Not ECN-Capable Transport (0)
    Total Length: 71
    Identification: 0xe32d (58157)
    010. .... = Flags: 0x2, Don't fragment
        0... .... = Reserved bit: Not set
        .1.. .... = Don't fragment: Set
        ..0. .... = More fragments: Not set
    ...0 0000 0000 0000 = Fragment Offset: 0
    Time to Live: 116
    Protocol: UDP (17)
    Header Checksum: 0xa6aa [validation disabled]
    [Header checksum status: Unverified]
    Source Address: 40.104.77.114
    Destination Address: 172.16.90.227
    [Stream index: 1]
User Datagram Protocol, Src Port: 443, Dst Port: 65397
    Source Port: 443
    Destination Port: 65397
    Length: 51
    Checksum: 0x2341 [unverified]
    [Checksum Status: Unverified]
    [Stream index: 3]
    [Stream Packet Number: 18]
    [Timestamps]
        [Time since first frame: 81.659300 milliseconds]
        [Time since previous frame: 737.600 microseconds]
    UDP payload (43 bytes)
QUIC IETF
    QUIC Connection information
        [Connection Number: 3]
    [Packet Length: 43]
    QUIC Short Header
        0... .... = Header Form: Short Header (0)
        .1.. .... = Fixed Bit: True
        ..0. .... = Spin Bit: False
    Remaining Payload: 112e183abf1c7ae5ae601a89e310e2e62aebb017e8563628817a0ec12a596448d7187c9a2cf50a64b258

Frame 77: Packet, 70 bytes on wire (560 bits), 70 bytes captured (560 bits) on interface \Device\NPF_{9B9257DC-FAC1-4993-B12F-136D7BA5E874}, id 0
    Section number: 1
    Interface id: 0 (\Device\NPF_{9B9257DC-FAC1-4993-B12F-136D7BA5E874})
        Interface name: \Device\NPF_{9B9257DC-FAC1-4993-B12F-136D7BA5E874}
        Interface description: Wi-Fi
    Encapsulation type: Ethernet (1)
    Arrival Time: Apr  9, 2026 19:48:42.792969900 India Standard Time
    UTC Arrival Time: Apr  9, 2026 14:18:42.792969900 UTC
    Epoch Arrival Time: 1775744322.792969900
    [Time shift for this packet: 0.000000000 seconds]
    [Time delta from previous captured frame: 109.600 microseconds]
    [Time delta from previous displayed frame: 109.600 microseconds]
    [Time since reference or first frame: 2.350945300 seconds]
    Frame Number: 77
    Frame Length: 70 bytes (560 bits)
    Capture Length: 70 bytes (560 bits)
    [Frame is marked: False]
    [Frame is ignored: False]
    [Protocols in frame: eth:ethertype:ip:udp:quic]
    Character encoding: ASCII (0)
Ethernet II, Src: HewlettPacka_3a:cc:1d (28:92:4a:3a:cc:1d), Dst: 96:77:0b:05:d4:0b (96:77:0b:05:d4:0b)
    Destination: 96:77:0b:05:d4:0b (96:77:0b:05:d4:0b)
        .... ..1. .... .... .... .... = LG bit: Locally administered address (this is NOT the factory default)
        .... ...0 .... .... .... .... = IG bit: Individual address (unicast)
    Source: HewlettPacka_3a:cc:1d (28:92:4a:3a:cc:1d)
        .... ..0. .... .... .... .... = LG bit: Globally unique address (factory default)
        .... ...0 .... .... .... .... = IG bit: Individual address (unicast)
    Type: IPv4 (0x0800)
    [Stream index: 0]
Internet Protocol Version 4, Src: 40.104.77.114, Dst: 172.16.90.227
    0100 .... = Version: 4
    .... 0101 = Header Length: 20 bytes (5)
    Differentiated Services Field: 0x00 (DSCP: CS0, ECN: Not-ECT)
        0000 00.. = Differentiated Services Codepoint: Default (0)
        .... ..00 = Explicit Congestion Notification: Not ECN-Capable Transport (0)
    Total Length: 56
    Identification: 0xe32e (58158)
    010. .... = Flags: 0x2, Don't fragment
        0... .... = Reserved bit: Not set
        .1.. .... = Don't fragment: Set
        ..0. .... = More fragments: Not set
    ...0 0000 0000 0000 = Fragment Offset: 0
    Time to Live: 116
    Protocol: UDP (17)
    Header Checksum: 0xa6b8 [validation disabled]
    [Header checksum status: Unverified]
    Source Address: 40.104.77.114
    Destination Address: 172.16.90.227
    [Stream index: 1]
User Datagram Protocol, Src Port: 443, Dst Port: 65397
    Source Port: 443
    Destination Port: 65397
    Length: 36
    Checksum: 0xb536 [unverified]
    [Checksum Status: Unverified]
    [Stream index: 3]
    [Stream Packet Number: 19]
    [Timestamps]
        [Time since first frame: 81.768900 milliseconds]
        [Time since previous frame: 109.600 microseconds]
    UDP payload (28 bytes)
QUIC IETF
    QUIC Connection information
        [Connection Number: 3]
    [Packet Length: 28]
    QUIC Short Header
        0... .... = Header Form: Short Header (0)
        .1.. .... = Fixed Bit: True
        ..0. .... = Spin Bit: False
    Remaining Payload: 87a65384a0b20f8ca4df555be4310e86aa3281cbf7895171d62bad

Frame 78: Packet, 79 bytes on wire (632 bits), 79 bytes captured (632 bits) on interface \Device\NPF_{9B9257DC-FAC1-4993-B12F-136D7BA5E874}, id 0
    Section number: 1
    Interface id: 0 (\Device\NPF_{9B9257DC-FAC1-4993-B12F-136D7BA5E874})
        Interface name: \Device\NPF_{9B9257DC-FAC1-4993-B12F-136D7BA5E874}
        Interface description: Wi-Fi
    Encapsulation type: Ethernet (1)
    Arrival Time: Apr  9, 2026 19:48:42.793042700 India Standard Time
    UTC Arrival Time: Apr  9, 2026 14:18:42.793042700 UTC
    Epoch Arrival Time: 1775744322.793042700
    [Time shift for this packet: 0.000000000 seconds]
    [Time delta from previous captured frame: 72.800 microseconds]
    [Time delta from previous displayed frame: 72.800 microseconds]
    [Time since reference or first frame: 2.351018100 seconds]
    Frame Number: 78
    Frame Length: 79 bytes (632 bits)
    Capture Length: 79 bytes (632 bits)
    [Frame is marked: False]
    [Frame is ignored: False]
    [Protocols in frame: eth:ethertype:ip:udp:quic]
    Character encoding: ASCII (0)
Ethernet II, Src: 96:77:0b:05:d4:0b (96:77:0b:05:d4:0b), Dst: HewlettPacka_3a:cc:1d (28:92:4a:3a:cc:1d)
    Destination: HewlettPacka_3a:cc:1d (28:92:4a:3a:cc:1d)
        .... ..0. .... .... .... .... = LG bit: Globally unique address (factory default)
        .... ...0 .... .... .... .... = IG bit: Individual address (unicast)
    Source: 96:77:0b:05:d4:0b (96:77:0b:05:d4:0b)
        .... ..1. .... .... .... .... = LG bit: Locally administered address (this is NOT the factory default)
        .... ...0 .... .... .... .... = IG bit: Individual address (unicast)
    Type: IPv4 (0x0800)
    [Stream index: 0]
Internet Protocol Version 4, Src: 172.16.90.227, Dst: 40.104.77.114
    0100 .... = Version: 4
    .... 0101 = Header Length: 20 bytes (5)
    Differentiated Services Field: 0x00 (DSCP: CS0, ECN: Not-ECT)
        0000 00.. = Differentiated Services Codepoint: Default (0)
        .... ..00 = Explicit Congestion Notification: Not ECN-Capable Transport (0)
    Total Length: 65
    Identification: 0x64ce (25806)
    010. .... = Flags: 0x2, Don't fragment
        0... .... = Reserved bit: Not set
        .1.. .... = Don't fragment: Set
        ..0. .... = More fragments: Not set
    ...0 0000 0000 0000 = Fragment Offset: 0
    Time to Live: 128
    Protocol: UDP (17)
    Header Checksum: 0x0000 [validation disabled]
    [Header checksum status: Unverified]
    Source Address: 172.16.90.227
    Destination Address: 40.104.77.114
    [Stream index: 1]
User Datagram Protocol, Src Port: 65397, Dst Port: 443
    Source Port: 65397
    Destination Port: 443
    Length: 45
    Checksum: 0x7d0c [unverified]
    [Checksum Status: Unverified]
    [Stream index: 3]
    [Stream Packet Number: 20]
    [Timestamps]
        [Time since first frame: 81.841700 milliseconds]
        [Time since previous frame: 72.800 microseconds]
    UDP payload (37 bytes)
QUIC IETF
    QUIC Connection information
        [Connection Number: 3]
    [Packet Length: 37]
    QUIC Short Header DCID=5a28684d728e1f9623b79dc4fe6f
        0... .... = Header Form: Short Header (0)
        .1.. .... = Fixed Bit: True
        ..0. .... = Spin Bit: False
        Destination Connection ID: 5a28684d728e1f9623b79dc4fe6f
    Remaining Payload: 5ef7ecdfa438143d6cc9436e97d9c8c859a4846aff6b

Frame 79: Packet, 1374 bytes on wire (10992 bits), 1374 bytes captured (10992 bits) on interface \Device\NPF_{9B9257DC-FAC1-4993-B12F-136D7BA5E874}, id 0
    Section number: 1
    Interface id: 0 (\Device\NPF_{9B9257DC-FAC1-4993-B12F-136D7BA5E874})
        Interface name: \Device\NPF_{9B9257DC-FAC1-4993-B12F-136D7BA5E874}
        Interface description: Wi-Fi
    Encapsulation type: Ethernet (1)
    Arrival Time: Apr  9, 2026 19:48:42.816770300 India Standard Time
    UTC Arrival Time: Apr  9, 2026 14:18:42.816770300 UTC
    Epoch Arrival Time: 1775744322.816770300
    [Time shift for this packet: 0.000000000 seconds]
    [Time delta from previous captured frame: 23.727600 milliseconds]
    [Time delta from previous displayed frame: 23.727600 milliseconds]
    [Time since reference or first frame: 2.374745700 seconds]
    Frame Number: 79
    Frame Length: 1374 bytes (10992 bits)
    Capture Length: 1374 bytes (10992 bits)
    [Frame is marked: False]
    [Frame is ignored: False]
    [Protocols in frame: eth:ethertype:ip:udp:quic]
    Character encoding: ASCII (0)
Ethernet II, Src: HewlettPacka_3a:cc:1d (28:92:4a:3a:cc:1d), Dst: 96:77:0b:05:d4:0b (96:77:0b:05:d4:0b)
    Destination: 96:77:0b:05:d4:0b (96:77:0b:05:d4:0b)
        .... ..1. .... .... .... .... = LG bit: Locally administered address (this is NOT the factory default)
        .... ...0 .... .... .... .... = IG bit: Individual address (unicast)
    Source: HewlettPacka_3a:cc:1d (28:92:4a:3a:cc:1d)
        .... ..0. .... .... .... .... = LG bit: Globally unique address (factory default)
        .... ...0 .... .... .... .... = IG bit: Individual address (unicast)
    Type: IPv4 (0x0800)
    [Stream index: 0]
Internet Protocol Version 4, Src: 40.104.77.114, Dst: 172.16.90.227
    0100 .... = Version: 4
    .... 0101 = Header Length: 20 bytes (5)
    Differentiated Services Field: 0x00 (DSCP: CS0, ECN: Not-ECT)
        0000 00.. = Differentiated Services Codepoint: Default (0)
        .... ..00 = Explicit Congestion Notification: Not ECN-Capable Transport (0)
    Total Length: 1360
    Identification: 0xe32f (58159)
    010. .... = Flags: 0x2, Don't fragment
        0... .... = Reserved bit: Not set
        .1.. .... = Don't fragment: Set
        ..0. .... = More fragments: Not set
    ...0 0000 0000 0000 = Fragment Offset: 0
    Time to Live: 116
    Protocol: UDP (17)
    Header Checksum: 0xa19f [validation disabled]
    [Header checksum status: Unverified]
    Source Address: 40.104.77.114
    Destination Address: 172.16.90.227
    [Stream index: 1]
User Datagram Protocol, Src Port: 443, Dst Port: 65397
    Source Port: 443
    Destination Port: 65397
    Length: 1340
    Checksum: 0x4afb [unverified]
    [Checksum Status: Unverified]
    [Stream index: 3]
    [Stream Packet Number: 21]
    [Timestamps]
        [Time since first frame: 105.569300 milliseconds]
        [Time since previous frame: 23.727600 milliseconds]
    UDP payload (1332 bytes)
QUIC IETF
    QUIC Connection information
        [Connection Number: 3]
    [Packet Length: 1332]
    QUIC Short Header
        0... .... = Header Form: Short Header (0)
        .1.. .... = Fixed Bit: True
        ..0. .... = Spin Bit: False
    Remaining Payload […]: 9e9fd9a317a1733748f00190c97dffa89aed4764a21b88de71517c7b45aa5b39e8dc1ffc588d2e03f1ec9658af73e217405f315559b448f40d06988fc3905626f44eb2d068e8311714cb17c11135906f065c13e495200724a25227abd207f17a728d916ce25072fcd3259c

Frame 80: Packet, 613 bytes on wire (4904 bits), 613 bytes captured (4904 bits) on interface \Device\NPF_{9B9257DC-FAC1-4993-B12F-136D7BA5E874}, id 0
    Section number: 1
    Interface id: 0 (\Device\NPF_{9B9257DC-FAC1-4993-B12F-136D7BA5E874})
        Interface name: \Device\NPF_{9B9257DC-FAC1-4993-B12F-136D7BA5E874}
        Interface description: Wi-Fi
    Encapsulation type: Ethernet (1)
    Arrival Time: Apr  9, 2026 19:48:42.841682700 India Standard Time
    UTC Arrival Time: Apr  9, 2026 14:18:42.841682700 UTC
    Epoch Arrival Time: 1775744322.841682700
    [Time shift for this packet: 0.000000000 seconds]
    [Time delta from previous captured frame: 24.912400 milliseconds]
    [Time delta from previous displayed frame: 24.912400 milliseconds]
    [Time since reference or first frame: 2.399658100 seconds]
    Frame Number: 80
    Frame Length: 613 bytes (4904 bits)
    Capture Length: 613 bytes (4904 bits)
    [Frame is marked: False]
    [Frame is ignored: False]
    [Protocols in frame: eth:ethertype:ip:udp:quic]
    Character encoding: ASCII (0)
Ethernet II, Src: HewlettPacka_3a:cc:1d (28:92:4a:3a:cc:1d), Dst: 96:77:0b:05:d4:0b (96:77:0b:05:d4:0b)
    Destination: 96:77:0b:05:d4:0b (96:77:0b:05:d4:0b)
        .... ..1. .... .... .... .... = LG bit: Locally administered address (this is NOT the factory default)
        .... ...0 .... .... .... .... = IG bit: Individual address (unicast)
    Source: HewlettPacka_3a:cc:1d (28:92:4a:3a:cc:1d)
        .... ..0. .... .... .... .... = LG bit: Globally unique address (factory default)
        .... ...0 .... .... .... .... = IG bit: Individual address (unicast)
    Type: IPv4 (0x0800)
    [Stream index: 0]
Internet Protocol Version 4, Src: 23.202.229.23, Dst: 172.16.90.227
    0100 .... = Version: 4
    .... 0101 = Header Length: 20 bytes (5)
    Differentiated Services Field: 0x00 (DSCP: CS0, ECN: Not-ECT)
        0000 00.. = Differentiated Services Codepoint: Default (0)
        .... ..00 = Explicit Congestion Notification: Not ECN-Capable Transport (0)
    Total Length: 599
    Identification: 0x0000 (0)
    010. .... = Flags: 0x2, Don't fragment
        0... .... = Reserved bit: Not set
        .1.. .... = Don't fragment: Set
        ..0. .... = More fragments: Not set
    ...0 0000 0000 0000 = Fragment Offset: 0
    Time to Live: 55
    Protocol: UDP (17)
    Header Checksum: 0x3dc1 [validation disabled]
    [Header checksum status: Unverified]
    Source Address: 23.202.229.23
    Destination Address: 172.16.90.227
    [Stream index: 2]
User Datagram Protocol, Src Port: 443, Dst Port: 52456
    Source Port: 443
    Destination Port: 52456
    Length: 579
    Checksum: 0x5b6f [unverified]
    [Checksum Status: Unverified]
    [Stream index: 2]
    [Stream Packet Number: 32]
    [Timestamps]
        [Time since first frame: 136.784900 milliseconds]
        [Time since previous frame: 79.349300 milliseconds]
    UDP payload (571 bytes)
QUIC IETF
    QUIC Connection information
        [Connection Number: 2]
    [Packet Length: 571]
    QUIC Short Header
        0... .... = Header Form: Short Header (0)
        .1.. .... = Fixed Bit: True
        ..0. .... = Spin Bit: False
    Remaining Payload […]: f284791fb8258b1431c62acffaa1b05be2e82eb57c623b10da07efff994b46a9fc025457df0046fa09deac6ef19de9f5fcd186aded5b1dc7b53b2213265703ac95b882416318cfa6f1a7886eced5ed34fa3bfd576db5e113b2408258858f8286eeb045c4bc868029d0ee60

Frame 81: Packet, 79 bytes on wire (632 bits), 79 bytes captured (632 bits) on interface \Device\NPF_{9B9257DC-FAC1-4993-B12F-136D7BA5E874}, id 0
    Section number: 1
    Interface id: 0 (\Device\NPF_{9B9257DC-FAC1-4993-B12F-136D7BA5E874})
        Interface name: \Device\NPF_{9B9257DC-FAC1-4993-B12F-136D7BA5E874}
        Interface description: Wi-Fi
    Encapsulation type: Ethernet (1)
    Arrival Time: Apr  9, 2026 19:48:42.841936200 India Standard Time
    UTC Arrival Time: Apr  9, 2026 14:18:42.841936200 UTC
    Epoch Arrival Time: 1775744322.841936200
    [Time shift for this packet: 0.000000000 seconds]
    [Time delta from previous captured frame: 253.500 microseconds]
    [Time delta from previous displayed frame: 253.500 microseconds]
    [Time since reference or first frame: 2.399911600 seconds]
    Frame Number: 81
    Frame Length: 79 bytes (632 bits)
    Capture Length: 79 bytes (632 bits)
    [Frame is marked: False]
    [Frame is ignored: False]
    [Protocols in frame: eth:ethertype:ip:udp:quic]
    Character encoding: ASCII (0)
Ethernet II, Src: 96:77:0b:05:d4:0b (96:77:0b:05:d4:0b), Dst: HewlettPacka_3a:cc:1d (28:92:4a:3a:cc:1d)
    Destination: HewlettPacka_3a:cc:1d (28:92:4a:3a:cc:1d)
        .... ..0. .... .... .... .... = LG bit: Globally unique address (factory default)
        .... ...0 .... .... .... .... = IG bit: Individual address (unicast)
    Source: 96:77:0b:05:d4:0b (96:77:0b:05:d4:0b)
        .... ..1. .... .... .... .... = LG bit: Locally administered address (this is NOT the factory default)
        .... ...0 .... .... .... .... = IG bit: Individual address (unicast)
    Type: IPv4 (0x0800)
    [Stream index: 0]
Internet Protocol Version 4, Src: 172.16.90.227, Dst: 23.202.229.23
    0100 .... = Version: 4
    .... 0101 = Header Length: 20 bytes (5)
    Differentiated Services Field: 0x00 (DSCP: CS0, ECN: Not-ECT)
        0000 00.. = Differentiated Services Codepoint: Default (0)
        .... ..00 = Explicit Congestion Notification: Not ECN-Capable Transport (0)
    Total Length: 65
    Identification: 0xa979 (43385)
    010. .... = Flags: 0x2, Don't fragment
        0... .... = Reserved bit: Not set
        .1.. .... = Don't fragment: Set
        ..0. .... = More fragments: Not set
    ...0 0000 0000 0000 = Fragment Offset: 0
    Time to Live: 128
    Protocol: UDP (17)
    Header Checksum: 0x0000 [validation disabled]
    [Header checksum status: Unverified]
    Source Address: 172.16.90.227
    Destination Address: 23.202.229.23
    [Stream index: 2]
User Datagram Protocol, Src Port: 52456, Dst Port: 443
    Source Port: 52456
    Destination Port: 443
    Length: 45
    Checksum: 0x0414 [unverified]
    [Checksum Status: Unverified]
    [Stream index: 2]
    [Stream Packet Number: 33]
    [Timestamps]
        [Time since first frame: 137.038400 milliseconds]
        [Time since previous frame: 253.500 microseconds]
    UDP payload (37 bytes)
QUIC IETF
    QUIC Connection information
        [Connection Number: 2]
    [Packet Length: 37]
    QUIC Short Header DCID=4a3cdf2498808a30
        0... .... = Header Form: Short Header (0)
        .1.. .... = Fixed Bit: True
        ..0. .... = Spin Bit: False
        Destination Connection ID: 4a3cdf2498808a30
    Remaining Payload: 4efc20cb9caf125a4ede39ba2b09826c7225f8aedf4815c8c7151276

Frame 82: Packet, 493 bytes on wire (3944 bits), 493 bytes captured (3944 bits) on interface \Device\NPF_{9B9257DC-FAC1-4993-B12F-136D7BA5E874}, id 0
    Section number: 1
    Interface id: 0 (\Device\NPF_{9B9257DC-FAC1-4993-B12F-136D7BA5E874})
        Interface name: \Device\NPF_{9B9257DC-FAC1-4993-B12F-136D7BA5E874}
        Interface description: Wi-Fi
    Encapsulation type: Ethernet (1)
    Arrival Time: Apr  9, 2026 19:48:42.842046000 India Standard Time
    UTC Arrival Time: Apr  9, 2026 14:18:42.842046000 UTC
    Epoch Arrival Time: 1775744322.842046000
    [Time shift for this packet: 0.000000000 seconds]
    [Time delta from previous captured frame: 109.800 microseconds]
    [Time delta from previous displayed frame: 109.800 microseconds]
    [Time since reference or first frame: 2.400021400 seconds]
    Frame Number: 82
    Frame Length: 493 bytes (3944 bits)
    Capture Length: 493 bytes (3944 bits)
    [Frame is marked: False]
    [Frame is ignored: False]
    [Protocols in frame: eth:ethertype:ip:udp:quic]
    Character encoding: ASCII (0)
Ethernet II, Src: HewlettPacka_3a:cc:1d (28:92:4a:3a:cc:1d), Dst: 96:77:0b:05:d4:0b (96:77:0b:05:d4:0b)
    Destination: 96:77:0b:05:d4:0b (96:77:0b:05:d4:0b)
        .... ..1. .... .... .... .... = LG bit: Locally administered address (this is NOT the factory default)
        .... ...0 .... .... .... .... = IG bit: Individual address (unicast)
    Source: HewlettPacka_3a:cc:1d (28:92:4a:3a:cc:1d)
        .... ..0. .... .... .... .... = LG bit: Globally unique address (factory default)
        .... ...0 .... .... .... .... = IG bit: Individual address (unicast)
    Type: IPv4 (0x0800)
    [Stream index: 0]
Internet Protocol Version 4, Src: 23.202.229.23, Dst: 172.16.90.227
    0100 .... = Version: 4
    .... 0101 = Header Length: 20 bytes (5)
    Differentiated Services Field: 0x00 (DSCP: CS0, ECN: Not-ECT)
        0000 00.. = Differentiated Services Codepoint: Default (0)
        .... ..00 = Explicit Congestion Notification: Not ECN-Capable Transport (0)
    Total Length: 479
    Identification: 0x0000 (0)
    010. .... = Flags: 0x2, Don't fragment
        0... .... = Reserved bit: Not set
        .1.. .... = Don't fragment: Set
        ..0. .... = More fragments: Not set
    ...0 0000 0000 0000 = Fragment Offset: 0
    Time to Live: 55
    Protocol: UDP (17)
    Header Checksum: 0x3e39 [validation disabled]
    [Header checksum status: Unverified]
    Source Address: 23.202.229.23
    Destination Address: 172.16.90.227
    [Stream index: 2]
User Datagram Protocol, Src Port: 443, Dst Port: 52456
    Source Port: 443
    Destination Port: 52456
    Length: 459
    Checksum: 0xf16e [unverified]
    [Checksum Status: Unverified]
    [Stream index: 2]
    [Stream Packet Number: 34]
    [Timestamps]
        [Time since first frame: 137.148200 milliseconds]
        [Time since previous frame: 109.800 microseconds]
    UDP payload (451 bytes)
QUIC IETF
    QUIC Connection information
        [Connection Number: 2]
    [Packet Length: 451]
    QUIC Short Header
        0... .... = Header Form: Short Header (0)
        .1.. .... = Fixed Bit: True
        ..0. .... = Spin Bit: False
    Remaining Payload […]: c37b16053c3fe26dacb77f77464e2367ce3a7586516e959703b1b29ea281cf31802789e3061e7169575fb37b90b00f2ab511b89867a7f0809af545d14571a8ecb9e7125b5eee622450bfa4b0c418fefb2f365371ad1e6f3642e49fcd0c04474b85995344625654e49ccedc

Frame 83: Packet, 64 bytes on wire (512 bits), 64 bytes captured (512 bits) on interface \Device\NPF_{9B9257DC-FAC1-4993-B12F-136D7BA5E874}, id 0
    Section number: 1
    Interface id: 0 (\Device\NPF_{9B9257DC-FAC1-4993-B12F-136D7BA5E874})
        Interface name: \Device\NPF_{9B9257DC-FAC1-4993-B12F-136D7BA5E874}
        Interface description: Wi-Fi
    Encapsulation type: Ethernet (1)
    Arrival Time: Apr  9, 2026 19:48:42.842046000 India Standard Time
    UTC Arrival Time: Apr  9, 2026 14:18:42.842046000 UTC
    Epoch Arrival Time: 1775744322.842046000
    [Time shift for this packet: 0.000000000 seconds]
    [Time delta from previous captured frame: 0.000000000 seconds]
    [Time delta from previous displayed frame: 0.000000000 seconds]
    [Time since reference or first frame: 2.400021400 seconds]
    Frame Number: 83
    Frame Length: 64 bytes (512 bits)
    Capture Length: 64 bytes (512 bits)
    [Frame is marked: False]
    [Frame is ignored: False]
    [Protocols in frame: eth:ethertype:ip:udp:quic]
    Character encoding: ASCII (0)
Ethernet II, Src: HewlettPacka_3a:cc:1d (28:92:4a:3a:cc:1d), Dst: 96:77:0b:05:d4:0b (96:77:0b:05:d4:0b)
    Destination: 96:77:0b:05:d4:0b (96:77:0b:05:d4:0b)
        .... ..1. .... .... .... .... = LG bit: Locally administered address (this is NOT the factory default)
        .... ...0 .... .... .... .... = IG bit: Individual address (unicast)
    Source: HewlettPacka_3a:cc:1d (28:92:4a:3a:cc:1d)
        .... ..0. .... .... .... .... = LG bit: Globally unique address (factory default)
        .... ...0 .... .... .... .... = IG bit: Individual address (unicast)
    Type: IPv4 (0x0800)
    [Stream index: 0]
Internet Protocol Version 4, Src: 23.202.229.23, Dst: 172.16.90.227
    0100 .... = Version: 4
    .... 0101 = Header Length: 20 bytes (5)
    Differentiated Services Field: 0x00 (DSCP: CS0, ECN: Not-ECT)
        0000 00.. = Differentiated Services Codepoint: Default (0)
        .... ..00 = Explicit Congestion Notification: Not ECN-Capable Transport (0)
    Total Length: 50
    Identification: 0x0000 (0)
    010. .... = Flags: 0x2, Don't fragment
        0... .... = Reserved bit: Not set
        .1.. .... = Don't fragment: Set
        ..0. .... = More fragments: Not set
    ...0 0000 0000 0000 = Fragment Offset: 0
    Time to Live: 55
    Protocol: UDP (17)
    Header Checksum: 0x3fe6 [validation disabled]
    [Header checksum status: Unverified]
    Source Address: 23.202.229.23
    Destination Address: 172.16.90.227
    [Stream index: 2]
User Datagram Protocol, Src Port: 443, Dst Port: 52456
    Source Port: 443
    Destination Port: 52456
    Length: 30
    Checksum: 0x5a7b [unverified]
    [Checksum Status: Unverified]
    [Stream index: 2]
    [Stream Packet Number: 35]
    [Timestamps]
        [Time since first frame: 137.148200 milliseconds]
        [Time since previous frame: 0.000000000 seconds]
    UDP payload (22 bytes)
QUIC IETF
    QUIC Connection information
        [Connection Number: 2]
    [Packet Length: 22]
    QUIC Short Header
        0... .... = Header Form: Short Header (0)
        .1.. .... = Fixed Bit: True
        ..0. .... = Spin Bit: False
    Remaining Payload: be329aa8b392c7898d275f4a5074dd23d4477e2b7d

Frame 84: Packet, 75 bytes on wire (600 bits), 75 bytes captured (600 bits) on interface \Device\NPF_{9B9257DC-FAC1-4993-B12F-136D7BA5E874}, id 0
    Section number: 1
    Interface id: 0 (\Device\NPF_{9B9257DC-FAC1-4993-B12F-136D7BA5E874})
        Interface name: \Device\NPF_{9B9257DC-FAC1-4993-B12F-136D7BA5E874}
        Interface description: Wi-Fi
    Encapsulation type: Ethernet (1)
    Arrival Time: Apr  9, 2026 19:48:42.842343800 India Standard Time
    UTC Arrival Time: Apr  9, 2026 14:18:42.842343800 UTC
    Epoch Arrival Time: 1775744322.842343800
    [Time shift for this packet: 0.000000000 seconds]
    [Time delta from previous captured frame: 297.800 microseconds]
    [Time delta from previous displayed frame: 297.800 microseconds]
    [Time since reference or first frame: 2.400319200 seconds]
    Frame Number: 84
    Frame Length: 75 bytes (600 bits)
    Capture Length: 75 bytes (600 bits)
    [Frame is marked: False]
    [Frame is ignored: False]
    [Protocols in frame: eth:ethertype:ip:udp:quic]
    Character encoding: ASCII (0)
Ethernet II, Src: 96:77:0b:05:d4:0b (96:77:0b:05:d4:0b), Dst: HewlettPacka_3a:cc:1d (28:92:4a:3a:cc:1d)
    Destination: HewlettPacka_3a:cc:1d (28:92:4a:3a:cc:1d)
        .... ..0. .... .... .... .... = LG bit: Globally unique address (factory default)
        .... ...0 .... .... .... .... = IG bit: Individual address (unicast)
    Source: 96:77:0b:05:d4:0b (96:77:0b:05:d4:0b)
        .... ..1. .... .... .... .... = LG bit: Locally administered address (this is NOT the factory default)
        .... ...0 .... .... .... .... = IG bit: Individual address (unicast)
    Type: IPv4 (0x0800)
    [Stream index: 0]
Internet Protocol Version 4, Src: 172.16.90.227, Dst: 23.202.229.23
    0100 .... = Version: 4
    .... 0101 = Header Length: 20 bytes (5)
    Differentiated Services Field: 0x00 (DSCP: CS0, ECN: Not-ECT)
        0000 00.. = Differentiated Services Codepoint: Default (0)
        .... ..00 = Explicit Congestion Notification: Not ECN-Capable Transport (0)
    Total Length: 61
    Identification: 0xa97a (43386)
    010. .... = Flags: 0x2, Don't fragment
        0... .... = Reserved bit: Not set
        .1.. .... = Don't fragment: Set
        ..0. .... = More fragments: Not set
    ...0 0000 0000 0000 = Fragment Offset: 0
    Time to Live: 128
    Protocol: UDP (17)
    Header Checksum: 0x0000 [validation disabled]
    [Header checksum status: Unverified]
    Source Address: 172.16.90.227
    Destination Address: 23.202.229.23
    [Stream index: 2]
User Datagram Protocol, Src Port: 52456, Dst Port: 443
    Source Port: 52456
    Destination Port: 443
    Length: 41
    Checksum: 0x0410 [unverified]
    [Checksum Status: Unverified]
    [Stream index: 2]
    [Stream Packet Number: 36]
    [Timestamps]
        [Time since first frame: 137.446000 milliseconds]
        [Time since previous frame: 297.800 microseconds]
    UDP payload (33 bytes)
QUIC IETF
    QUIC Connection information
        [Connection Number: 2]
    [Packet Length: 33]
    QUIC Short Header DCID=4a3cdf2498808a30
        0... .... = Header Form: Short Header (0)
        .1.. .... = Fixed Bit: True
        ..0. .... = Spin Bit: False
        Destination Connection ID: 4a3cdf2498808a30
    Remaining Payload: c87cf9d3df911d110b39731f3f0589b5723e0a813947a95c

Frame 85: Packet, 75 bytes on wire (600 bits), 75 bytes captured (600 bits) on interface \Device\NPF_{9B9257DC-FAC1-4993-B12F-136D7BA5E874}, id 0
    Section number: 1
    Interface id: 0 (\Device\NPF_{9B9257DC-FAC1-4993-B12F-136D7BA5E874})
        Interface name: \Device\NPF_{9B9257DC-FAC1-4993-B12F-136D7BA5E874}
        Interface description: Wi-Fi
    Encapsulation type: Ethernet (1)
    Arrival Time: Apr  9, 2026 19:48:42.842380600 India Standard Time
    UTC Arrival Time: Apr  9, 2026 14:18:42.842380600 UTC
    Epoch Arrival Time: 1775744322.842380600
    [Time shift for this packet: 0.000000000 seconds]
    [Time delta from previous captured frame: 36.800 microseconds]
    [Time delta from previous displayed frame: 36.800 microseconds]
    [Time since reference or first frame: 2.400356000 seconds]
    Frame Number: 85
    Frame Length: 75 bytes (600 bits)
    Capture Length: 75 bytes (600 bits)
    [Frame is marked: False]
    [Frame is ignored: False]
    [Protocols in frame: eth:ethertype:ip:udp:quic]
    Character encoding: ASCII (0)
Ethernet II, Src: 96:77:0b:05:d4:0b (96:77:0b:05:d4:0b), Dst: HewlettPacka_3a:cc:1d (28:92:4a:3a:cc:1d)
    Destination: HewlettPacka_3a:cc:1d (28:92:4a:3a:cc:1d)
        .... ..0. .... .... .... .... = LG bit: Globally unique address (factory default)
        .... ...0 .... .... .... .... = IG bit: Individual address (unicast)
    Source: 96:77:0b:05:d4:0b (96:77:0b:05:d4:0b)
        .... ..1. .... .... .... .... = LG bit: Locally administered address (this is NOT the factory default)
        .... ...0 .... .... .... .... = IG bit: Individual address (unicast)
    Type: IPv4 (0x0800)
    [Stream index: 0]
Internet Protocol Version 4, Src: 172.16.90.227, Dst: 23.202.229.23
    0100 .... = Version: 4
    .... 0101 = Header Length: 20 bytes (5)
    Differentiated Services Field: 0x00 (DSCP: CS0, ECN: Not-ECT)
        0000 00.. = Differentiated Services Codepoint: Default (0)
        .... ..00 = Explicit Congestion Notification: Not ECN-Capable Transport (0)
    Total Length: 61
    Identification: 0xa97b (43387)
    010. .... = Flags: 0x2, Don't fragment
        0... .... = Reserved bit: Not set
        .1.. .... = Don't fragment: Set
        ..0. .... = More fragments: Not set
    ...0 0000 0000 0000 = Fragment Offset: 0
    Time to Live: 128
    Protocol: UDP (17)
    Header Checksum: 0x0000 [validation disabled]
    [Header checksum status: Unverified]
    Source Address: 172.16.90.227
    Destination Address: 23.202.229.23
    [Stream index: 2]
User Datagram Protocol, Src Port: 52456, Dst Port: 443
    Source Port: 52456
    Destination Port: 443
    Length: 41
    Checksum: 0x0410 [unverified]
    [Checksum Status: Unverified]
    [Stream index: 2]
    [Stream Packet Number: 37]
    [Timestamps]
        [Time since first frame: 137.482800 milliseconds]
        [Time since previous frame: 36.800 microseconds]
    UDP payload (33 bytes)
QUIC IETF
    QUIC Connection information
        [Connection Number: 2]
    [Packet Length: 33]
    QUIC Short Header DCID=4a3cdf2498808a30
        0... .... = Header Form: Short Header (0)
        .1.. .... = Fixed Bit: True
        ..0. .... = Spin Bit: False
        Destination Connection ID: 4a3cdf2498808a30
    Remaining Payload: bb3d2342b6789a3bca641cd3413b902403ecb69f136b8982

Frame 86: Packet, 80 bytes on wire (640 bits), 80 bytes captured (640 bits) on interface \Device\NPF_{9B9257DC-FAC1-4993-B12F-136D7BA5E874}, id 0
    Section number: 1
    Interface id: 0 (\Device\NPF_{9B9257DC-FAC1-4993-B12F-136D7BA5E874})
        Interface name: \Device\NPF_{9B9257DC-FAC1-4993-B12F-136D7BA5E874}
        Interface description: Wi-Fi
    Encapsulation type: Ethernet (1)
    Arrival Time: Apr  9, 2026 19:48:42.842412500 India Standard Time
    UTC Arrival Time: Apr  9, 2026 14:18:42.842412500 UTC
    Epoch Arrival Time: 1775744322.842412500
    [Time shift for this packet: 0.000000000 seconds]
    [Time delta from previous captured frame: 31.900 microseconds]
    [Time delta from previous displayed frame: 31.900 microseconds]
    [Time since reference or first frame: 2.400387900 seconds]
    Frame Number: 86
    Frame Length: 80 bytes (640 bits)
    Capture Length: 80 bytes (640 bits)
    [Frame is marked: False]
    [Frame is ignored: False]
    [Protocols in frame: eth:ethertype:ip:udp:quic]
    Character encoding: ASCII (0)
Ethernet II, Src: 96:77:0b:05:d4:0b (96:77:0b:05:d4:0b), Dst: HewlettPacka_3a:cc:1d (28:92:4a:3a:cc:1d)
    Destination: HewlettPacka_3a:cc:1d (28:92:4a:3a:cc:1d)
        .... ..0. .... .... .... .... = LG bit: Globally unique address (factory default)
        .... ...0 .... .... .... .... = IG bit: Individual address (unicast)
    Source: 96:77:0b:05:d4:0b (96:77:0b:05:d4:0b)
        .... ..1. .... .... .... .... = LG bit: Locally administered address (this is NOT the factory default)
        .... ...0 .... .... .... .... = IG bit: Individual address (unicast)
    Type: IPv4 (0x0800)
    [Stream index: 0]
Internet Protocol Version 4, Src: 172.16.90.227, Dst: 40.104.77.114
    0100 .... = Version: 4
    .... 0101 = Header Length: 20 bytes (5)
    Differentiated Services Field: 0x00 (DSCP: CS0, ECN: Not-ECT)
        0000 00.. = Differentiated Services Codepoint: Default (0)
        .... ..00 = Explicit Congestion Notification: Not ECN-Capable Transport (0)
    Total Length: 66
    Identification: 0x64cf (25807)
    010. .... = Flags: 0x2, Don't fragment
        0... .... = Reserved bit: Not set
        .1.. .... = Don't fragment: Set
        ..0. .... = More fragments: Not set
    ...0 0000 0000 0000 = Fragment Offset: 0
    Time to Live: 128
    Protocol: UDP (17)
    Header Checksum: 0x0000 [validation disabled]
    [Header checksum status: Unverified]
    Source Address: 172.16.90.227
    Destination Address: 40.104.77.114
    [Stream index: 1]
User Datagram Protocol, Src Port: 65397, Dst Port: 443
    Source Port: 65397
    Destination Port: 443
    Length: 46
    Checksum: 0x7d0d [unverified]
    [Checksum Status: Unverified]
    [Stream index: 3]
    [Stream Packet Number: 22]
    [Timestamps]
        [Time since first frame: 131.211500 milliseconds]
        [Time since previous frame: 25.642200 milliseconds]
    UDP payload (38 bytes)
QUIC IETF
    QUIC Connection information
        [Connection Number: 3]
    [Packet Length: 38]
    QUIC Short Header DCID=5a28684d728e1f9623b79dc4fe6f
        0... .... = Header Form: Short Header (0)
        .1.. .... = Fixed Bit: True
        ..0. .... = Spin Bit: False
        Destination Connection ID: 5a28684d728e1f9623b79dc4fe6f
    Remaining Payload: f77996e88e3a663a7f04458740bd0c339f827a5bd57752

Frame 87: Packet, 1454 bytes on wire (11632 bits), 1454 bytes captured (11632 bits) on interface \Device\NPF_{9B9257DC-FAC1-4993-B12F-136D7BA5E874}, id 0
    Section number: 1
    Interface id: 0 (\Device\NPF_{9B9257DC-FAC1-4993-B12F-136D7BA5E874})
        Interface name: \Device\NPF_{9B9257DC-FAC1-4993-B12F-136D7BA5E874}
        Interface description: Wi-Fi
    Encapsulation type: Ethernet (1)
    Arrival Time: Apr  9, 2026 19:48:42.868852600 India Standard Time
    UTC Arrival Time: Apr  9, 2026 14:18:42.868852600 UTC
    Epoch Arrival Time: 1775744322.868852600
    [Time shift for this packet: 0.000000000 seconds]
    [Time delta from previous captured frame: 26.440100 milliseconds]
    [Time delta from previous displayed frame: 26.440100 milliseconds]
    [Time since reference or first frame: 2.426828000 seconds]
    Frame Number: 87
    Frame Length: 1454 bytes (11632 bits)
    Capture Length: 1454 bytes (11632 bits)
    [Frame is marked: False]
    [Frame is ignored: False]
    [Protocols in frame: eth:ethertype:ip:udp:quic]
    Character encoding: ASCII (0)
Ethernet II, Src: HewlettPacka_3a:cc:1d (28:92:4a:3a:cc:1d), Dst: 96:77:0b:05:d4:0b (96:77:0b:05:d4:0b)
    Destination: 96:77:0b:05:d4:0b (96:77:0b:05:d4:0b)
        .... ..1. .... .... .... .... = LG bit: Locally administered address (this is NOT the factory default)
        .... ...0 .... .... .... .... = IG bit: Individual address (unicast)
    Source: HewlettPacka_3a:cc:1d (28:92:4a:3a:cc:1d)
        .... ..0. .... .... .... .... = LG bit: Globally unique address (factory default)
        .... ...0 .... .... .... .... = IG bit: Individual address (unicast)
    Type: IPv4 (0x0800)
    [Stream index: 0]
Internet Protocol Version 4, Src: 40.104.77.114, Dst: 172.16.90.227
    0100 .... = Version: 4
    .... 0101 = Header Length: 20 bytes (5)
    Differentiated Services Field: 0x00 (DSCP: CS0, ECN: Not-ECT)
        0000 00.. = Differentiated Services Codepoint: Default (0)
        .... ..00 = Explicit Congestion Notification: Not ECN-Capable Transport (0)
    Total Length: 1440
    Identification: 0xe330 (58160)
    010. .... = Flags: 0x2, Don't fragment
        0... .... = Reserved bit: Not set
        .1.. .... = Don't fragment: Set
        ..0. .... = More fragments: Not set
    ...0 0000 0000 0000 = Fragment Offset: 0
    Time to Live: 116
    Protocol: UDP (17)
    Header Checksum: 0xa14e [validation disabled]
    [Header checksum status: Unverified]
    Source Address: 40.104.77.114
    Destination Address: 172.16.90.227
    [Stream index: 1]
User Datagram Protocol, Src Port: 443, Dst Port: 65397
    Source Port: 443
    Destination Port: 65397
    Length: 1420
    Checksum: 0x5684 [unverified]
    [Checksum Status: Unverified]
    [Stream index: 3]
    [Stream Packet Number: 23]
    [Timestamps]
        [Time since first frame: 157.651600 milliseconds]
        [Time since previous frame: 26.440100 milliseconds]
    UDP payload (1412 bytes)
QUIC IETF
    QUIC Connection information
        [Connection Number: 3]
    [Packet Length: 1412]
    QUIC Short Header
        0... .... = Header Form: Short Header (0)
        .1.. .... = Fixed Bit: True
        ..0. .... = Spin Bit: False
    Remaining Payload […]: 6ffe72d881703c194a3761a3584306cfc55302bc2962f974f74e1dd382a34bee3ad73c9fe1c076dfd710397236e29c64a5fd3fc6aa853afe406506ce3316305c3f6497049b7204dd796d4fffff8be44a29b214bbe06e26b008e625cf604607fbb4b4c2b72f93bbcbef8eee

Frame 88: Packet, 66 bytes on wire (528 bits), 66 bytes captured (528 bits) on interface \Device\NPF_{9B9257DC-FAC1-4993-B12F-136D7BA5E874}, id 0
    Section number: 1
    Interface id: 0 (\Device\NPF_{9B9257DC-FAC1-4993-B12F-136D7BA5E874})
        Interface name: \Device\NPF_{9B9257DC-FAC1-4993-B12F-136D7BA5E874}
        Interface description: Wi-Fi
    Encapsulation type: Ethernet (1)
    Arrival Time: Apr  9, 2026 19:48:42.873138000 India Standard Time
    UTC Arrival Time: Apr  9, 2026 14:18:42.873138000 UTC
    Epoch Arrival Time: 1775744322.873138000
    [Time shift for this packet: 0.000000000 seconds]
    [Time delta from previous captured frame: 4.285400 milliseconds]
    [Time delta from previous displayed frame: 4.285400 milliseconds]
    [Time since reference or first frame: 2.431113400 seconds]
    Frame Number: 88
    Frame Length: 66 bytes (528 bits)
    Capture Length: 66 bytes (528 bits)
    [Frame is marked: False]
    [Frame is ignored: False]
    [Protocols in frame: eth:ethertype:ip:udp:quic]
    Character encoding: ASCII (0)
Ethernet II, Src: HewlettPacka_3a:cc:1d (28:92:4a:3a:cc:1d), Dst: 96:77:0b:05:d4:0b (96:77:0b:05:d4:0b)
    Destination: 96:77:0b:05:d4:0b (96:77:0b:05:d4:0b)
        .... ..1. .... .... .... .... = LG bit: Locally administered address (this is NOT the factory default)
        .... ...0 .... .... .... .... = IG bit: Individual address (unicast)
    Source: HewlettPacka_3a:cc:1d (28:92:4a:3a:cc:1d)
        .... ..0. .... .... .... .... = LG bit: Globally unique address (factory default)
        .... ...0 .... .... .... .... = IG bit: Individual address (unicast)
    Type: IPv4 (0x0800)
    [Stream index: 0]
Internet Protocol Version 4, Src: 23.202.229.23, Dst: 172.16.90.227
    0100 .... = Version: 4
    .... 0101 = Header Length: 20 bytes (5)
    Differentiated Services Field: 0x00 (DSCP: CS0, ECN: Not-ECT)
        0000 00.. = Differentiated Services Codepoint: Default (0)
        .... ..00 = Explicit Congestion Notification: Not ECN-Capable Transport (0)
    Total Length: 52
    Identification: 0x0000 (0)
    010. .... = Flags: 0x2, Don't fragment
        0... .... = Reserved bit: Not set
        .1.. .... = Don't fragment: Set
        ..0. .... = More fragments: Not set
    ...0 0000 0000 0000 = Fragment Offset: 0
    Time to Live: 55
    Protocol: UDP (17)
    Header Checksum: 0x3fe4 [validation disabled]
    [Header checksum status: Unverified]
    Source Address: 23.202.229.23
    Destination Address: 172.16.90.227
    [Stream index: 2]
User Datagram Protocol, Src Port: 443, Dst Port: 52456
    Source Port: 443
    Destination Port: 52456
    Length: 32
    Checksum: 0x7a21 [unverified]
    [Checksum Status: Unverified]
    [Stream index: 2]
    [Stream Packet Number: 38]
    [Timestamps]
        [Time since first frame: 168.240200 milliseconds]
        [Time since previous frame: 30.757400 milliseconds]
    UDP payload (24 bytes)
QUIC IETF
    QUIC Connection information
        [Connection Number: 2]
    [Packet Length: 24]
    QUIC Short Header
        0... .... = Header Form: Short Header (0)
        .1.. .... = Fixed Bit: True
        ..0. .... = Spin Bit: False
    Remaining Payload: 33b322f96bb263cbf9a01fcff145c8b3cc9f1341cfe06a

Frame 89: Packet, 80 bytes on wire (640 bits), 80 bytes captured (640 bits) on interface \Device\NPF_{9B9257DC-FAC1-4993-B12F-136D7BA5E874}, id 0
    Section number: 1
    Interface id: 0 (\Device\NPF_{9B9257DC-FAC1-4993-B12F-136D7BA5E874})
        Interface name: \Device\NPF_{9B9257DC-FAC1-4993-B12F-136D7BA5E874}
        Interface description: Wi-Fi
    Encapsulation type: Ethernet (1)
    Arrival Time: Apr  9, 2026 19:48:42.895280900 India Standard Time
    UTC Arrival Time: Apr  9, 2026 14:18:42.895280900 UTC
    Epoch Arrival Time: 1775744322.895280900
    [Time shift for this packet: 0.000000000 seconds]
    [Time delta from previous captured frame: 22.142900 milliseconds]
    [Time delta from previous displayed frame: 22.142900 milliseconds]
    [Time since reference or first frame: 2.453256300 seconds]
    Frame Number: 89
    Frame Length: 80 bytes (640 bits)
    Capture Length: 80 bytes (640 bits)
    [Frame is marked: False]
    [Frame is ignored: False]
    [Protocols in frame: eth:ethertype:ip:udp:quic]
    Character encoding: ASCII (0)
Ethernet II, Src: 96:77:0b:05:d4:0b (96:77:0b:05:d4:0b), Dst: HewlettPacka_3a:cc:1d (28:92:4a:3a:cc:1d)
    Destination: HewlettPacka_3a:cc:1d (28:92:4a:3a:cc:1d)
        .... ..0. .... .... .... .... = LG bit: Globally unique address (factory default)
        .... ...0 .... .... .... .... = IG bit: Individual address (unicast)
    Source: 96:77:0b:05:d4:0b (96:77:0b:05:d4:0b)
        .... ..1. .... .... .... .... = LG bit: Locally administered address (this is NOT the factory default)
        .... ...0 .... .... .... .... = IG bit: Individual address (unicast)
    Type: IPv4 (0x0800)
    [Stream index: 0]
Internet Protocol Version 4, Src: 172.16.90.227, Dst: 40.104.77.114
    0100 .... = Version: 4
    .... 0101 = Header Length: 20 bytes (5)
    Differentiated Services Field: 0x00 (DSCP: CS0, ECN: Not-ECT)
        0000 00.. = Differentiated Services Codepoint: Default (0)
        .... ..00 = Explicit Congestion Notification: Not ECN-Capable Transport (0)
    Total Length: 66
    Identification: 0x64d0 (25808)
    010. .... = Flags: 0x2, Don't fragment
        0... .... = Reserved bit: Not set
        .1.. .... = Don't fragment: Set
        ..0. .... = More fragments: Not set
    ...0 0000 0000 0000 = Fragment Offset: 0
    Time to Live: 128
    Protocol: UDP (17)
    Header Checksum: 0x0000 [validation disabled]
    [Header checksum status: Unverified]
    Source Address: 172.16.90.227
    Destination Address: 40.104.77.114
    [Stream index: 1]
User Datagram Protocol, Src Port: 65397, Dst Port: 443
    Source Port: 65397
    Destination Port: 443
    Length: 46
    Checksum: 0x7d0d [unverified]
    [Checksum Status: Unverified]
    [Stream index: 3]
    [Stream Packet Number: 24]
    [Timestamps]
        [Time since first frame: 184.079900 milliseconds]
        [Time since previous frame: 26.428300 milliseconds]
    UDP payload (38 bytes)
QUIC IETF
    QUIC Connection information
        [Connection Number: 3]
    [Packet Length: 38]
    QUIC Short Header DCID=5a28684d728e1f9623b79dc4fe6f
        0... .... = Header Form: Short Header (0)
        .1.. .... = Fixed Bit: True
        ..0. .... = Spin Bit: False
        Destination Connection ID: 5a28684d728e1f9623b79dc4fe6f
    Remaining Payload: 30b2cd37f576bfa03b83fa0fd4e1c1e79d62f336557413

Frame 90: Packet, 1514 bytes on wire (12112 bits), 1514 bytes captured (12112 bits) on interface \Device\NPF_{9B9257DC-FAC1-4993-B12F-136D7BA5E874}, id 0
    Section number: 1
    Interface id: 0 (\Device\NPF_{9B9257DC-FAC1-4993-B12F-136D7BA5E874})
        Interface name: \Device\NPF_{9B9257DC-FAC1-4993-B12F-136D7BA5E874}
        Interface description: Wi-Fi
    Encapsulation type: Ethernet (1)
    Arrival Time: Apr  9, 2026 19:48:42.935908300 India Standard Time
    UTC Arrival Time: Apr  9, 2026 14:18:42.935908300 UTC
    Epoch Arrival Time: 1775744322.935908300
    [Time shift for this packet: 0.000000000 seconds]
    [Time delta from previous captured frame: 40.627400 milliseconds]
    [Time delta from previous displayed frame: 40.627400 milliseconds]
    [Time since reference or first frame: 2.493883700 seconds]
    Frame Number: 90
    Frame Length: 1514 bytes (12112 bits)
    Capture Length: 1514 bytes (12112 bits)
    [Frame is marked: False]
    [Frame is ignored: False]
    [Protocols in frame: eth:ethertype:ip:udp:quic]
    Character encoding: ASCII (0)
Ethernet II, Src: HewlettPacka_3a:cc:1d (28:92:4a:3a:cc:1d), Dst: 96:77:0b:05:d4:0b (96:77:0b:05:d4:0b)
    Destination: 96:77:0b:05:d4:0b (96:77:0b:05:d4:0b)
        .... ..1. .... .... .... .... = LG bit: Locally administered address (this is NOT the factory default)
        .... ...0 .... .... .... .... = IG bit: Individual address (unicast)
    Source: HewlettPacka_3a:cc:1d (28:92:4a:3a:cc:1d)
        .... ..0. .... .... .... .... = LG bit: Globally unique address (factory default)
        .... ...0 .... .... .... .... = IG bit: Individual address (unicast)
    Type: IPv4 (0x0800)
    [Stream index: 0]
Internet Protocol Version 4, Src: 40.104.77.114, Dst: 172.16.90.227
    0100 .... = Version: 4
    .... 0101 = Header Length: 20 bytes (5)
    Differentiated Services Field: 0x00 (DSCP: CS0, ECN: Not-ECT)
        0000 00.. = Differentiated Services Codepoint: Default (0)
        .... ..00 = Explicit Congestion Notification: Not ECN-Capable Transport (0)
    Total Length: 1500
    Identification: 0xe331 (58161)
    010. .... = Flags: 0x2, Don't fragment
        0... .... = Reserved bit: Not set
        .1.. .... = Don't fragment: Set
        ..0. .... = More fragments: Not set
    ...0 0000 0000 0000 = Fragment Offset: 0
    Time to Live: 116
    Protocol: UDP (17)
    Header Checksum: 0xa111 [validation disabled]
    [Header checksum status: Unverified]
    Source Address: 40.104.77.114
    Destination Address: 172.16.90.227
    [Stream index: 1]
User Datagram Protocol, Src Port: 443, Dst Port: 65397
    Source Port: 443
    Destination Port: 65397
    Length: 1480
    Checksum: 0xace5 [unverified]
    [Checksum Status: Unverified]
    [Stream index: 3]
    [Stream Packet Number: 25]
    [Timestamps]
        [Time since first frame: 224.707300 milliseconds]
        [Time since previous frame: 40.627400 milliseconds]
    UDP payload (1472 bytes)
QUIC IETF
    QUIC Connection information
        [Connection Number: 3]
    [Packet Length: 1472]
    QUIC Short Header
        0... .... = Header Form: Short Header (0)
        .1.. .... = Fixed Bit: True
        ..0. .... = Spin Bit: False
    Remaining Payload […]: 84fe0c55f55f9021dcb0e875ab0de7020e34c8a1aa5ab20827440299c14d95b028e9d94a3404d01e85086232836b9fe556e9833b2a1acd3a52817423e69e81fb64106872535bc53a5e03b28e4eecc1af79b64ca19741c5ae553c74f52249530db21659976cd0a4450f7c70

Frame 91: Packet, 1006 bytes on wire (8048 bits), 1006 bytes captured (8048 bits) on interface \Device\NPF_{9B9257DC-FAC1-4993-B12F-136D7BA5E874}, id 0
    Section number: 1
    Interface id: 0 (\Device\NPF_{9B9257DC-FAC1-4993-B12F-136D7BA5E874})
        Interface name: \Device\NPF_{9B9257DC-FAC1-4993-B12F-136D7BA5E874}
        Interface description: Wi-Fi
    Encapsulation type: Ethernet (1)
    Arrival Time: Apr  9, 2026 19:48:42.942449100 India Standard Time
    UTC Arrival Time: Apr  9, 2026 14:18:42.942449100 UTC
    Epoch Arrival Time: 1775744322.942449100
    [Time shift for this packet: 0.000000000 seconds]
    [Time delta from previous captured frame: 6.540800 milliseconds]
    [Time delta from previous displayed frame: 6.540800 milliseconds]
    [Time since reference or first frame: 2.500424500 seconds]
    Frame Number: 91
    Frame Length: 1006 bytes (8048 bits)
    Capture Length: 1006 bytes (8048 bits)
    [Frame is marked: False]
    [Frame is ignored: False]
    [Protocols in frame: eth:ethertype:ip:udp:quic]
    Character encoding: ASCII (0)
Ethernet II, Src: HewlettPacka_3a:cc:1d (28:92:4a:3a:cc:1d), Dst: 96:77:0b:05:d4:0b (96:77:0b:05:d4:0b)
    Destination: 96:77:0b:05:d4:0b (96:77:0b:05:d4:0b)
        .... ..1. .... .... .... .... = LG bit: Locally administered address (this is NOT the factory default)
        .... ...0 .... .... .... .... = IG bit: Individual address (unicast)
    Source: HewlettPacka_3a:cc:1d (28:92:4a:3a:cc:1d)
        .... ..0. .... .... .... .... = LG bit: Globally unique address (factory default)
        .... ...0 .... .... .... .... = IG bit: Individual address (unicast)
    Type: IPv4 (0x0800)
    [Stream index: 0]
Internet Protocol Version 4, Src: 40.104.77.114, Dst: 172.16.90.227
    0100 .... = Version: 4
    .... 0101 = Header Length: 20 bytes (5)
    Differentiated Services Field: 0x00 (DSCP: CS0, ECN: Not-ECT)
        0000 00.. = Differentiated Services Codepoint: Default (0)
        .... ..00 = Explicit Congestion Notification: Not ECN-Capable Transport (0)
    Total Length: 992
    Identification: 0xe332 (58162)
    010. .... = Flags: 0x2, Don't fragment
        0... .... = Reserved bit: Not set
        .1.. .... = Don't fragment: Set
        ..0. .... = More fragments: Not set
    ...0 0000 0000 0000 = Fragment Offset: 0
    Time to Live: 116
    Protocol: UDP (17)
    Header Checksum: 0xa30c [validation disabled]
    [Header checksum status: Unverified]
    Source Address: 40.104.77.114
    Destination Address: 172.16.90.227
    [Stream index: 1]
User Datagram Protocol, Src Port: 443, Dst Port: 65397
    Source Port: 443
    Destination Port: 65397
    Length: 972
    Checksum: 0xceeb [unverified]
    [Checksum Status: Unverified]
    [Stream index: 3]
    [Stream Packet Number: 26]
    [Timestamps]
        [Time since first frame: 231.248100 milliseconds]
        [Time since previous frame: 6.540800 milliseconds]
    UDP payload (964 bytes)
QUIC IETF
    QUIC Connection information
        [Connection Number: 3]
    [Packet Length: 964]
    QUIC Short Header
        0... .... = Header Form: Short Header (0)
        .1.. .... = Fixed Bit: True
        ..0. .... = Spin Bit: False
    Remaining Payload […]: 53fc1bca6fd0210e606300e4216acb256c73c2a89513a832432a90ce52901b236b6d61d3205ac6e0f04ce3f25b001e417598812d2fff997f202a61ddfdeb66661c49f763a37ef273ada44bdc630a93e0bfe088d62e7be995932ed60bc85e901463abe344c39bb9b0ef80d4

Frame 92: Packet, 83 bytes on wire (664 bits), 83 bytes captured (664 bits) on interface \Device\NPF_{9B9257DC-FAC1-4993-B12F-136D7BA5E874}, id 0
    Section number: 1
    Interface id: 0 (\Device\NPF_{9B9257DC-FAC1-4993-B12F-136D7BA5E874})
        Interface name: \Device\NPF_{9B9257DC-FAC1-4993-B12F-136D7BA5E874}
        Interface description: Wi-Fi
    Encapsulation type: Ethernet (1)
    Arrival Time: Apr  9, 2026 19:48:42.942669500 India Standard Time
    UTC Arrival Time: Apr  9, 2026 14:18:42.942669500 UTC
    Epoch Arrival Time: 1775744322.942669500
    [Time shift for this packet: 0.000000000 seconds]
    [Time delta from previous captured frame: 220.400 microseconds]
    [Time delta from previous displayed frame: 220.400 microseconds]
    [Time since reference or first frame: 2.500644900 seconds]
    Frame Number: 92
    Frame Length: 83 bytes (664 bits)
    Capture Length: 83 bytes (664 bits)
    [Frame is marked: False]
    [Frame is ignored: False]
    [Protocols in frame: eth:ethertype:ip:udp:quic]
    Character encoding: ASCII (0)
Ethernet II, Src: 96:77:0b:05:d4:0b (96:77:0b:05:d4:0b), Dst: HewlettPacka_3a:cc:1d (28:92:4a:3a:cc:1d)
    Destination: HewlettPacka_3a:cc:1d (28:92:4a:3a:cc:1d)
        .... ..0. .... .... .... .... = LG bit: Globally unique address (factory default)
        .... ...0 .... .... .... .... = IG bit: Individual address (unicast)
    Source: 96:77:0b:05:d4:0b (96:77:0b:05:d4:0b)
        .... ..1. .... .... .... .... = LG bit: Locally administered address (this is NOT the factory default)
        .... ...0 .... .... .... .... = IG bit: Individual address (unicast)
    Type: IPv4 (0x0800)
    [Stream index: 0]
Internet Protocol Version 4, Src: 172.16.90.227, Dst: 40.104.77.114
    0100 .... = Version: 4
    .... 0101 = Header Length: 20 bytes (5)
    Differentiated Services Field: 0x00 (DSCP: CS0, ECN: Not-ECT)
        0000 00.. = Differentiated Services Codepoint: Default (0)
        .... ..00 = Explicit Congestion Notification: Not ECN-Capable Transport (0)
    Total Length: 69
    Identification: 0x64d1 (25809)
    010. .... = Flags: 0x2, Don't fragment
        0... .... = Reserved bit: Not set
        .1.. .... = Don't fragment: Set
        ..0. .... = More fragments: Not set
    ...0 0000 0000 0000 = Fragment Offset: 0
    Time to Live: 128
    Protocol: UDP (17)
    Header Checksum: 0x0000 [validation disabled]
    [Header checksum status: Unverified]
    Source Address: 172.16.90.227
    Destination Address: 40.104.77.114
    [Stream index: 1]
User Datagram Protocol, Src Port: 65397, Dst Port: 443
    Source Port: 65397
    Destination Port: 443
    Length: 49
    Checksum: 0x7d10 [unverified]
    [Checksum Status: Unverified]
    [Stream index: 3]
    [Stream Packet Number: 27]
    [Timestamps]
        [Time since first frame: 231.468500 milliseconds]
        [Time since previous frame: 220.400 microseconds]
    UDP payload (41 bytes)
QUIC IETF
    QUIC Connection information
        [Connection Number: 3]
    [Packet Length: 41]
    QUIC Short Header DCID=5a28684d728e1f9623b79dc4fe6f
        0... .... = Header Form: Short Header (0)
        .1.. .... = Fixed Bit: True
        ..0. .... = Spin Bit: False
        Destination Connection ID: 5a28684d728e1f9623b79dc4fe6f
    Remaining Payload: f15ed4443a122647d9c4022684bbb9ba6b3a83e78f43ec66d049

Frame 93: Packet, 1454 bytes on wire (11632 bits), 1454 bytes captured (11632 bits) on interface \Device\NPF_{9B9257DC-FAC1-4993-B12F-136D7BA5E874}, id 0
    Section number: 1
    Interface id: 0 (\Device\NPF_{9B9257DC-FAC1-4993-B12F-136D7BA5E874})
        Interface name: \Device\NPF_{9B9257DC-FAC1-4993-B12F-136D7BA5E874}
        Interface description: Wi-Fi
    Encapsulation type: Ethernet (1)
    Arrival Time: Apr  9, 2026 19:48:42.943200100 India Standard Time
    UTC Arrival Time: Apr  9, 2026 14:18:42.943200100 UTC
    Epoch Arrival Time: 1775744322.943200100
    [Time shift for this packet: 0.000000000 seconds]
    [Time delta from previous captured frame: 530.600 microseconds]
    [Time delta from previous displayed frame: 530.600 microseconds]
    [Time since reference or first frame: 2.501175500 seconds]
    Frame Number: 93
    Frame Length: 1454 bytes (11632 bits)
    Capture Length: 1454 bytes (11632 bits)
    [Frame is marked: False]
    [Frame is ignored: False]
    [Protocols in frame: eth:ethertype:ip:udp:quic]
    Character encoding: ASCII (0)
Ethernet II, Src: HewlettPacka_3a:cc:1d (28:92:4a:3a:cc:1d), Dst: 96:77:0b:05:d4:0b (96:77:0b:05:d4:0b)
    Destination: 96:77:0b:05:d4:0b (96:77:0b:05:d4:0b)
        .... ..1. .... .... .... .... = LG bit: Locally administered address (this is NOT the factory default)
        .... ...0 .... .... .... .... = IG bit: Individual address (unicast)
    Source: HewlettPacka_3a:cc:1d (28:92:4a:3a:cc:1d)
        .... ..0. .... .... .... .... = LG bit: Globally unique address (factory default)
        .... ...0 .... .... .... .... = IG bit: Individual address (unicast)
    Type: IPv4 (0x0800)
    [Stream index: 0]
Internet Protocol Version 4, Src: 40.104.77.114, Dst: 172.16.90.227
    0100 .... = Version: 4
    .... 0101 = Header Length: 20 bytes (5)
    Differentiated Services Field: 0x00 (DSCP: CS0, ECN: Not-ECT)
        0000 00.. = Differentiated Services Codepoint: Default (0)
        .... ..00 = Explicit Congestion Notification: Not ECN-Capable Transport (0)
    Total Length: 1440
    Identification: 0xe333 (58163)
    010. .... = Flags: 0x2, Don't fragment
        0... .... = Reserved bit: Not set
        .1.. .... = Don't fragment: Set
        ..0. .... = More fragments: Not set
    ...0 0000 0000 0000 = Fragment Offset: 0
    Time to Live: 116
    Protocol: UDP (17)
    Header Checksum: 0xa14b [validation disabled]
    [Header checksum status: Unverified]
    Source Address: 40.104.77.114
    Destination Address: 172.16.90.227
    [Stream index: 1]
User Datagram Protocol, Src Port: 443, Dst Port: 65397
    Source Port: 443
    Destination Port: 65397
    Length: 1420
    Checksum: 0x10df [unverified]
    [Checksum Status: Unverified]
    [Stream index: 3]
    [Stream Packet Number: 28]
    [Timestamps]
        [Time since first frame: 231.999100 milliseconds]
        [Time since previous frame: 530.600 microseconds]
    UDP payload (1412 bytes)
QUIC IETF
    QUIC Connection information
        [Connection Number: 3]
    [Packet Length: 1412]
    QUIC Short Header
        0... .... = Header Form: Short Header (0)
        .1.. .... = Fixed Bit: True
        ..0. .... = Spin Bit: False
    Remaining Payload […]: 780342e9b59d8ef548b7f77634e4cc67e91fce8405bf13fa7b7d9c3e2f66dd79d464ad939b93c9a54bfbb82d949e8510a4afe1f59b3546bdc0288fe8145bad5bbb2eec30365be4baab16f20c49a8f85e0d1bd1a541f7debe7900062853bdb84d99942591094f5e0695ddc3

Frame 94: Packet, 839 bytes on wire (6712 bits), 839 bytes captured (6712 bits) on interface \Device\NPF_{9B9257DC-FAC1-4993-B12F-136D7BA5E874}, id 0
    Section number: 1
    Interface id: 0 (\Device\NPF_{9B9257DC-FAC1-4993-B12F-136D7BA5E874})
        Interface name: \Device\NPF_{9B9257DC-FAC1-4993-B12F-136D7BA5E874}
        Interface description: Wi-Fi
    Encapsulation type: Ethernet (1)
    Arrival Time: Apr  9, 2026 19:48:42.944519700 India Standard Time
    UTC Arrival Time: Apr  9, 2026 14:18:42.944519700 UTC
    Epoch Arrival Time: 1775744322.944519700
    [Time shift for this packet: 0.000000000 seconds]
    [Time delta from previous captured frame: 1.319600 milliseconds]
    [Time delta from previous displayed frame: 1.319600 milliseconds]
    [Time since reference or first frame: 2.502495100 seconds]
    Frame Number: 94
    Frame Length: 839 bytes (6712 bits)
    Capture Length: 839 bytes (6712 bits)
    [Frame is marked: False]
    [Frame is ignored: False]
    [Protocols in frame: eth:ethertype:ip:udp:quic]
    Character encoding: ASCII (0)
Ethernet II, Src: HewlettPacka_3a:cc:1d (28:92:4a:3a:cc:1d), Dst: 96:77:0b:05:d4:0b (96:77:0b:05:d4:0b)
    Destination: 96:77:0b:05:d4:0b (96:77:0b:05:d4:0b)
        .... ..1. .... .... .... .... = LG bit: Locally administered address (this is NOT the factory default)
        .... ...0 .... .... .... .... = IG bit: Individual address (unicast)
    Source: HewlettPacka_3a:cc:1d (28:92:4a:3a:cc:1d)
        .... ..0. .... .... .... .... = LG bit: Globally unique address (factory default)
        .... ...0 .... .... .... .... = IG bit: Individual address (unicast)
    Type: IPv4 (0x0800)
    [Stream index: 0]
Internet Protocol Version 4, Src: 40.104.77.114, Dst: 172.16.90.227
    0100 .... = Version: 4
    .... 0101 = Header Length: 20 bytes (5)
    Differentiated Services Field: 0x00 (DSCP: CS0, ECN: Not-ECT)
        0000 00.. = Differentiated Services Codepoint: Default (0)
        .... ..00 = Explicit Congestion Notification: Not ECN-Capable Transport (0)
    Total Length: 825
    Identification: 0xe334 (58164)
    010. .... = Flags: 0x2, Don't fragment
        0... .... = Reserved bit: Not set
        .1.. .... = Don't fragment: Set
        ..0. .... = More fragments: Not set
    ...0 0000 0000 0000 = Fragment Offset: 0
    Time to Live: 116
    Protocol: UDP (17)
    Header Checksum: 0xa3b1 [validation disabled]
    [Header checksum status: Unverified]
    Source Address: 40.104.77.114
    Destination Address: 172.16.90.227
    [Stream index: 1]
User Datagram Protocol, Src Port: 443, Dst Port: 65397
    Source Port: 443
    Destination Port: 65397
    Length: 805
    Checksum: 0xb2f8 [unverified]
    [Checksum Status: Unverified]
    [Stream index: 3]
    [Stream Packet Number: 29]
    [Timestamps]
        [Time since first frame: 233.318700 milliseconds]
        [Time since previous frame: 1.319600 milliseconds]
    UDP payload (797 bytes)
QUIC IETF
    QUIC Connection information
        [Connection Number: 3]
    [Packet Length: 797]
    QUIC Short Header
        0... .... = Header Form: Short Header (0)
        .1.. .... = Fixed Bit: True
        ..0. .... = Spin Bit: False
    Remaining Payload […]: 29063b38d7fe8ce635930291b4d579f7cf46538b5fe653e84c76b17c10b9897d0256f1115a136d9e9be85598bf65cb2ed15fdf049becc9d9ca65eac325df96eb72c0a308d2847c17dabc31ea73284690a7a4fe58de6a3d6dbd1b35b8656224106985195b5165f9ff4cbfcc

Frame 95: Packet, 79 bytes on wire (632 bits), 79 bytes captured (632 bits) on interface \Device\NPF_{9B9257DC-FAC1-4993-B12F-136D7BA5E874}, id 0
    Section number: 1
    Interface id: 0 (\Device\NPF_{9B9257DC-FAC1-4993-B12F-136D7BA5E874})
        Interface name: \Device\NPF_{9B9257DC-FAC1-4993-B12F-136D7BA5E874}
        Interface description: Wi-Fi
    Encapsulation type: Ethernet (1)
    Arrival Time: Apr  9, 2026 19:48:42.944617100 India Standard Time
    UTC Arrival Time: Apr  9, 2026 14:18:42.944617100 UTC
    Epoch Arrival Time: 1775744322.944617100
    [Time shift for this packet: 0.000000000 seconds]
    [Time delta from previous captured frame: 97.400 microseconds]
    [Time delta from previous displayed frame: 97.400 microseconds]
    [Time since reference or first frame: 2.502592500 seconds]
    Frame Number: 95
    Frame Length: 79 bytes (632 bits)
    Capture Length: 79 bytes (632 bits)
    [Frame is marked: False]
    [Frame is ignored: False]
    [Protocols in frame: eth:ethertype:ip:udp:quic]
    Character encoding: ASCII (0)
Ethernet II, Src: 96:77:0b:05:d4:0b (96:77:0b:05:d4:0b), Dst: HewlettPacka_3a:cc:1d (28:92:4a:3a:cc:1d)
    Destination: HewlettPacka_3a:cc:1d (28:92:4a:3a:cc:1d)
        .... ..0. .... .... .... .... = LG bit: Globally unique address (factory default)
        .... ...0 .... .... .... .... = IG bit: Individual address (unicast)
    Source: 96:77:0b:05:d4:0b (96:77:0b:05:d4:0b)
        .... ..1. .... .... .... .... = LG bit: Locally administered address (this is NOT the factory default)
        .... ...0 .... .... .... .... = IG bit: Individual address (unicast)
    Type: IPv4 (0x0800)
    [Stream index: 0]
Internet Protocol Version 4, Src: 172.16.90.227, Dst: 40.104.77.114
    0100 .... = Version: 4
    .... 0101 = Header Length: 20 bytes (5)
    Differentiated Services Field: 0x00 (DSCP: CS0, ECN: Not-ECT)
        0000 00.. = Differentiated Services Codepoint: Default (0)
        .... ..00 = Explicit Congestion Notification: Not ECN-Capable Transport (0)
    Total Length: 65
    Identification: 0x64d2 (25810)
    010. .... = Flags: 0x2, Don't fragment
        0... .... = Reserved bit: Not set
        .1.. .... = Don't fragment: Set
        ..0. .... = More fragments: Not set
    ...0 0000 0000 0000 = Fragment Offset: 0
    Time to Live: 128
    Protocol: UDP (17)
    Header Checksum: 0x0000 [validation disabled]
    [Header checksum status: Unverified]
    Source Address: 172.16.90.227
    Destination Address: 40.104.77.114
    [Stream index: 1]
User Datagram Protocol, Src Port: 65397, Dst Port: 443
    Source Port: 65397
    Destination Port: 443
    Length: 45
    Checksum: 0x7d0c [unverified]
    [Checksum Status: Unverified]
    [Stream index: 3]
    [Stream Packet Number: 30]
    [Timestamps]
        [Time since first frame: 233.416100 milliseconds]
        [Time since previous frame: 97.400 microseconds]
    UDP payload (37 bytes)
QUIC IETF
    QUIC Connection information
        [Connection Number: 3]
    [Packet Length: 37]
    QUIC Short Header DCID=5a28684d728e1f9623b79dc4fe6f
        0... .... = Header Form: Short Header (0)
        .1.. .... = Fixed Bit: True
        ..0. .... = Spin Bit: False
        Destination Connection ID: 5a28684d728e1f9623b79dc4fe6f
    Remaining Payload: efbaa32d8b2f678e0c1aa205ce1c7455373de24a8a0e

Frame 96: Packet, 1289 bytes on wire (10312 bits), 1289 bytes captured (10312 bits) on interface \Device\NPF_{9B9257DC-FAC1-4993-B12F-136D7BA5E874}, id 0
    Section number: 1
    Interface id: 0 (\Device\NPF_{9B9257DC-FAC1-4993-B12F-136D7BA5E874})
        Interface name: \Device\NPF_{9B9257DC-FAC1-4993-B12F-136D7BA5E874}
        Interface description: Wi-Fi
    Encapsulation type: Ethernet (1)
    Arrival Time: Apr  9, 2026 19:48:42.945079600 India Standard Time
    UTC Arrival Time: Apr  9, 2026 14:18:42.945079600 UTC
    Epoch Arrival Time: 1775744322.945079600
    [Time shift for this packet: 0.000000000 seconds]
    [Time delta from previous captured frame: 462.500 microseconds]
    [Time delta from previous displayed frame: 462.500 microseconds]
    [Time since reference or first frame: 2.503055000 seconds]
    Frame Number: 96
    Frame Length: 1289 bytes (10312 bits)
    Capture Length: 1289 bytes (10312 bits)
    [Frame is marked: False]
    [Frame is ignored: False]
    [Protocols in frame: eth:ethertype:ip:udp:quic]
    Character encoding: ASCII (0)
Ethernet II, Src: HewlettPacka_3a:cc:1d (28:92:4a:3a:cc:1d), Dst: 96:77:0b:05:d4:0b (96:77:0b:05:d4:0b)
    Destination: 96:77:0b:05:d4:0b (96:77:0b:05:d4:0b)
        .... ..1. .... .... .... .... = LG bit: Locally administered address (this is NOT the factory default)
        .... ...0 .... .... .... .... = IG bit: Individual address (unicast)
    Source: HewlettPacka_3a:cc:1d (28:92:4a:3a:cc:1d)
        .... ..0. .... .... .... .... = LG bit: Globally unique address (factory default)
        .... ...0 .... .... .... .... = IG bit: Individual address (unicast)
    Type: IPv4 (0x0800)
    [Stream index: 0]
Internet Protocol Version 4, Src: 40.104.77.114, Dst: 172.16.90.227
    0100 .... = Version: 4
    .... 0101 = Header Length: 20 bytes (5)
    Differentiated Services Field: 0x00 (DSCP: CS0, ECN: Not-ECT)
        0000 00.. = Differentiated Services Codepoint: Default (0)
        .... ..00 = Explicit Congestion Notification: Not ECN-Capable Transport (0)
    Total Length: 1275
    Identification: 0xe335 (58165)
    010. .... = Flags: 0x2, Don't fragment
        0... .... = Reserved bit: Not set
        .1.. .... = Don't fragment: Set
        ..0. .... = More fragments: Not set
    ...0 0000 0000 0000 = Fragment Offset: 0
    Time to Live: 116
    Protocol: UDP (17)
    Header Checksum: 0xa1ee [validation disabled]
    [Header checksum status: Unverified]
    Source Address: 40.104.77.114
    Destination Address: 172.16.90.227
    [Stream index: 1]
User Datagram Protocol, Src Port: 443, Dst Port: 65397
    Source Port: 443
    Destination Port: 65397
    Length: 1255
    Checksum: 0x846b [unverified]
    [Checksum Status: Unverified]
    [Stream index: 3]
    [Stream Packet Number: 31]
    [Timestamps]
        [Time since first frame: 233.878600 milliseconds]
        [Time since previous frame: 462.500 microseconds]
    UDP payload (1247 bytes)
QUIC IETF
    QUIC Connection information
        [Connection Number: 3]
    [Packet Length: 1247]
    QUIC Short Header
        0... .... = Header Form: Short Header (0)
        .1.. .... = Fixed Bit: True
        ..0. .... = Spin Bit: False
    Remaining Payload […]: 005e00b02915fbdcce2729c43bd8d05d2da445053eb8a50533e6809d37e2ea0adaf8939ba0049c368ad78e1635899af1ddeb49cc0090202a480e344b2e8ab230db6adb0ae3792bec9b01d1a187405d9a61ab9f0e0e98c93a3e618e8793a7621bc88228ab87b7062f6a30f9

Frame 97: Packet, 578 bytes on wire (4624 bits), 578 bytes captured (4624 bits) on interface \Device\NPF_{9B9257DC-FAC1-4993-B12F-136D7BA5E874}, id 0
    Section number: 1
    Interface id: 0 (\Device\NPF_{9B9257DC-FAC1-4993-B12F-136D7BA5E874})
        Interface name: \Device\NPF_{9B9257DC-FAC1-4993-B12F-136D7BA5E874}
        Interface description: Wi-Fi
    Encapsulation type: Ethernet (1)
    Arrival Time: Apr  9, 2026 19:48:42.946014500 India Standard Time
    UTC Arrival Time: Apr  9, 2026 14:18:42.946014500 UTC
    Epoch Arrival Time: 1775744322.946014500
    [Time shift for this packet: 0.000000000 seconds]
    [Time delta from previous captured frame: 934.900 microseconds]
    [Time delta from previous displayed frame: 934.900 microseconds]
    [Time since reference or first frame: 2.503989900 seconds]
    Frame Number: 97
    Frame Length: 578 bytes (4624 bits)
    Capture Length: 578 bytes (4624 bits)
    [Frame is marked: False]
    [Frame is ignored: False]
    [Protocols in frame: eth:ethertype:ip:udp:quic]
    Character encoding: ASCII (0)
Ethernet II, Src: HewlettPacka_3a:cc:1d (28:92:4a:3a:cc:1d), Dst: 96:77:0b:05:d4:0b (96:77:0b:05:d4:0b)
    Destination: 96:77:0b:05:d4:0b (96:77:0b:05:d4:0b)
        .... ..1. .... .... .... .... = LG bit: Locally administered address (this is NOT the factory default)
        .... ...0 .... .... .... .... = IG bit: Individual address (unicast)
    Source: HewlettPacka_3a:cc:1d (28:92:4a:3a:cc:1d)
        .... ..0. .... .... .... .... = LG bit: Globally unique address (factory default)
        .... ...0 .... .... .... .... = IG bit: Individual address (unicast)
    Type: IPv4 (0x0800)
    [Stream index: 0]
Internet Protocol Version 4, Src: 40.104.77.114, Dst: 172.16.90.227
    0100 .... = Version: 4
    .... 0101 = Header Length: 20 bytes (5)
    Differentiated Services Field: 0x00 (DSCP: CS0, ECN: Not-ECT)
        0000 00.. = Differentiated Services Codepoint: Default (0)
        .... ..00 = Explicit Congestion Notification: Not ECN-Capable Transport (0)
    Total Length: 564
    Identification: 0xe336 (58166)
    010. .... = Flags: 0x2, Don't fragment
        0... .... = Reserved bit: Not set
        .1.. .... = Don't fragment: Set
        ..0. .... = More fragments: Not set
    ...0 0000 0000 0000 = Fragment Offset: 0
    Time to Live: 116
    Protocol: UDP (17)
    Header Checksum: 0xa4b4 [validation disabled]
    [Header checksum status: Unverified]
    Source Address: 40.104.77.114
    Destination Address: 172.16.90.227
    [Stream index: 1]
User Datagram Protocol, Src Port: 443, Dst Port: 65397
    Source Port: 443
    Destination Port: 65397
    Length: 544
    Checksum: 0x19db [unverified]
    [Checksum Status: Unverified]
    [Stream index: 3]
    [Stream Packet Number: 32]
    [Timestamps]
        [Time since first frame: 234.813500 milliseconds]
        [Time since previous frame: 934.900 microseconds]
    UDP payload (536 bytes)
QUIC IETF
    QUIC Connection information
        [Connection Number: 3]
    [Packet Length: 536]
    QUIC Short Header
        0... .... = Header Form: Short Header (0)
        .1.. .... = Fixed Bit: True
        ..0. .... = Spin Bit: False
    Remaining Payload […]: e2ea1d15b00ddf66c20a1261b039ad48d55ab04b3f2a0a82343aec15dd4de70299b1ec77919111cecd08e24f96624ded67b1773729e7c145007f98edd0dc9982d0088dc7701368bddcaa273209d37bfacc342d75dc784db9b8d8d0cb5ed04427a261737048f5dcb48bc1a9

Frame 98: Packet, 69 bytes on wire (552 bits), 69 bytes captured (552 bits) on interface \Device\NPF_{9B9257DC-FAC1-4993-B12F-136D7BA5E874}, id 0
    Section number: 1
    Interface id: 0 (\Device\NPF_{9B9257DC-FAC1-4993-B12F-136D7BA5E874})
        Interface name: \Device\NPF_{9B9257DC-FAC1-4993-B12F-136D7BA5E874}
        Interface description: Wi-Fi
    Encapsulation type: Ethernet (1)
    Arrival Time: Apr  9, 2026 19:48:42.946104000 India Standard Time
    UTC Arrival Time: Apr  9, 2026 14:18:42.946104000 UTC
    Epoch Arrival Time: 1775744322.946104000
    [Time shift for this packet: 0.000000000 seconds]
    [Time delta from previous captured frame: 89.500 microseconds]
    [Time delta from previous displayed frame: 89.500 microseconds]
    [Time since reference or first frame: 2.504079400 seconds]
    Frame Number: 98
    Frame Length: 69 bytes (552 bits)
    Capture Length: 69 bytes (552 bits)
    [Frame is marked: False]
    [Frame is ignored: False]
    [Protocols in frame: eth:ethertype:ip:udp:quic]
    Character encoding: ASCII (0)
Ethernet II, Src: HewlettPacka_3a:cc:1d (28:92:4a:3a:cc:1d), Dst: 96:77:0b:05:d4:0b (96:77:0b:05:d4:0b)
    Destination: 96:77:0b:05:d4:0b (96:77:0b:05:d4:0b)
        .... ..1. .... .... .... .... = LG bit: Locally administered address (this is NOT the factory default)
        .... ...0 .... .... .... .... = IG bit: Individual address (unicast)
    Source: HewlettPacka_3a:cc:1d (28:92:4a:3a:cc:1d)
        .... ..0. .... .... .... .... = LG bit: Globally unique address (factory default)
        .... ...0 .... .... .... .... = IG bit: Individual address (unicast)
    Type: IPv4 (0x0800)
    [Stream index: 0]
Internet Protocol Version 4, Src: 40.104.77.114, Dst: 172.16.90.227
    0100 .... = Version: 4
    .... 0101 = Header Length: 20 bytes (5)
    Differentiated Services Field: 0x00 (DSCP: CS0, ECN: Not-ECT)
        0000 00.. = Differentiated Services Codepoint: Default (0)
        .... ..00 = Explicit Congestion Notification: Not ECN-Capable Transport (0)
    Total Length: 55
    Identification: 0xe337 (58167)
    010. .... = Flags: 0x2, Don't fragment
        0... .... = Reserved bit: Not set
        .1.. .... = Don't fragment: Set
        ..0. .... = More fragments: Not set
    ...0 0000 0000 0000 = Fragment Offset: 0
    Time to Live: 116
    Protocol: UDP (17)
    Header Checksum: 0xa6b0 [validation disabled]
    [Header checksum status: Unverified]
    Source Address: 40.104.77.114
    Destination Address: 172.16.90.227
    [Stream index: 1]
User Datagram Protocol, Src Port: 443, Dst Port: 65397
    Source Port: 443
    Destination Port: 65397
    Length: 35
    Checksum: 0x9141 [unverified]
    [Checksum Status: Unverified]
    [Stream index: 3]
    [Stream Packet Number: 33]
    [Timestamps]
        [Time since first frame: 234.903000 milliseconds]
        [Time since previous frame: 89.500 microseconds]
    UDP payload (27 bytes)
QUIC IETF
    QUIC Connection information
        [Connection Number: 3]
    [Packet Length: 27]
    QUIC Short Header
        0... .... = Header Form: Short Header (0)
        .1.. .... = Fixed Bit: True
        ..0. .... = Spin Bit: False
    Remaining Payload: 18bd60527ba3086c96e87171151bbd7120801033688e2833ce31

Frame 99: Packet, 79 bytes on wire (632 bits), 79 bytes captured (632 bits) on interface \Device\NPF_{9B9257DC-FAC1-4993-B12F-136D7BA5E874}, id 0
    Section number: 1
    Interface id: 0 (\Device\NPF_{9B9257DC-FAC1-4993-B12F-136D7BA5E874})
        Interface name: \Device\NPF_{9B9257DC-FAC1-4993-B12F-136D7BA5E874}
        Interface description: Wi-Fi
    Encapsulation type: Ethernet (1)
    Arrival Time: Apr  9, 2026 19:48:42.946145600 India Standard Time
    UTC Arrival Time: Apr  9, 2026 14:18:42.946145600 UTC
    Epoch Arrival Time: 1775744322.946145600
    [Time shift for this packet: 0.000000000 seconds]
    [Time delta from previous captured frame: 41.600 microseconds]
    [Time delta from previous displayed frame: 41.600 microseconds]
    [Time since reference or first frame: 2.504121000 seconds]
    Frame Number: 99
    Frame Length: 79 bytes (632 bits)
    Capture Length: 79 bytes (632 bits)
    [Frame is marked: False]
    [Frame is ignored: False]
    [Protocols in frame: eth:ethertype:ip:udp:quic]
    Character encoding: ASCII (0)
Ethernet II, Src: 96:77:0b:05:d4:0b (96:77:0b:05:d4:0b), Dst: HewlettPacka_3a:cc:1d (28:92:4a:3a:cc:1d)
    Destination: HewlettPacka_3a:cc:1d (28:92:4a:3a:cc:1d)
        .... ..0. .... .... .... .... = LG bit: Globally unique address (factory default)
        .... ...0 .... .... .... .... = IG bit: Individual address (unicast)
    Source: 96:77:0b:05:d4:0b (96:77:0b:05:d4:0b)
        .... ..1. .... .... .... .... = LG bit: Locally administered address (this is NOT the factory default)
        .... ...0 .... .... .... .... = IG bit: Individual address (unicast)
    Type: IPv4 (0x0800)
    [Stream index: 0]
Internet Protocol Version 4, Src: 172.16.90.227, Dst: 40.104.77.114
    0100 .... = Version: 4
    .... 0101 = Header Length: 20 bytes (5)
    Differentiated Services Field: 0x00 (DSCP: CS0, ECN: Not-ECT)
        0000 00.. = Differentiated Services Codepoint: Default (0)
        .... ..00 = Explicit Congestion Notification: Not ECN-Capable Transport (0)
    Total Length: 65
    Identification: 0x64d3 (25811)
    010. .... = Flags: 0x2, Don't fragment
        0... .... = Reserved bit: Not set
        .1.. .... = Don't fragment: Set
        ..0. .... = More fragments: Not set
    ...0 0000 0000 0000 = Fragment Offset: 0
    Time to Live: 128
    Protocol: UDP (17)
    Header Checksum: 0x0000 [validation disabled]
    [Header checksum status: Unverified]
    Source Address: 172.16.90.227
    Destination Address: 40.104.77.114
    [Stream index: 1]
User Datagram Protocol, Src Port: 65397, Dst Port: 443
    Source Port: 65397
    Destination Port: 443
    Length: 45
    Checksum: 0x7d0c [unverified]
    [Checksum Status: Unverified]
    [Stream index: 3]
    [Stream Packet Number: 34]
    [Timestamps]
        [Time since first frame: 234.944600 milliseconds]
        [Time since previous frame: 41.600 microseconds]
    UDP payload (37 bytes)
QUIC IETF
    QUIC Connection information
        [Connection Number: 3]
    [Packet Length: 37]
    QUIC Short Header DCID=5a28684d728e1f9623b79dc4fe6f
        0... .... = Header Form: Short Header (0)
        .1.. .... = Fixed Bit: True
        ..0. .... = Spin Bit: False
        Destination Connection ID: 5a28684d728e1f9623b79dc4fe6f
    Remaining Payload: c3a4d284cb27218d8e6ec44acbb075aff27d2a89e2cf

Frame 100: Packet, 492 bytes on wire (3936 bits), 492 bytes captured (3936 bits) on interface \Device\NPF_{9B9257DC-FAC1-4993-B12F-136D7BA5E874}, id 0
    Section number: 1
    Interface id: 0 (\Device\NPF_{9B9257DC-FAC1-4993-B12F-136D7BA5E874})
        Interface name: \Device\NPF_{9B9257DC-FAC1-4993-B12F-136D7BA5E874}
        Interface description: Wi-Fi
    Encapsulation type: Ethernet (1)
    Arrival Time: Apr  9, 2026 19:48:42.946512600 India Standard Time
    UTC Arrival Time: Apr  9, 2026 14:18:42.946512600 UTC
    Epoch Arrival Time: 1775744322.946512600
    [Time shift for this packet: 0.000000000 seconds]
    [Time delta from previous captured frame: 367.000 microseconds]
    [Time delta from previous displayed frame: 367.000 microseconds]
    [Time since reference or first frame: 2.504488000 seconds]
    Frame Number: 100
    Frame Length: 492 bytes (3936 bits)
    Capture Length: 492 bytes (3936 bits)
    [Frame is marked: False]
    [Frame is ignored: False]
    [Protocols in frame: eth:ethertype:ip:udp:quic]
    Character encoding: ASCII (0)
Ethernet II, Src: HewlettPacka_3a:cc:1d (28:92:4a:3a:cc:1d), Dst: 96:77:0b:05:d4:0b (96:77:0b:05:d4:0b)
    Destination: 96:77:0b:05:d4:0b (96:77:0b:05:d4:0b)
        .... ..1. .... .... .... .... = LG bit: Locally administered address (this is NOT the factory default)
        .... ...0 .... .... .... .... = IG bit: Individual address (unicast)
    Source: HewlettPacka_3a:cc:1d (28:92:4a:3a:cc:1d)
        .... ..0. .... .... .... .... = LG bit: Globally unique address (factory default)
        .... ...0 .... .... .... .... = IG bit: Individual address (unicast)
    Type: IPv4 (0x0800)
    [Stream index: 0]
Internet Protocol Version 4, Src: 23.202.229.23, Dst: 172.16.90.227
    0100 .... = Version: 4
    .... 0101 = Header Length: 20 bytes (5)
    Differentiated Services Field: 0x00 (DSCP: CS0, ECN: Not-ECT)
        0000 00.. = Differentiated Services Codepoint: Default (0)
        .... ..00 = Explicit Congestion Notification: Not ECN-Capable Transport (0)
    Total Length: 478
    Identification: 0x0000 (0)
    010. .... = Flags: 0x2, Don't fragment
        0... .... = Reserved bit: Not set
        .1.. .... = Don't fragment: Set
        ..0. .... = More fragments: Not set
    ...0 0000 0000 0000 = Fragment Offset: 0
    Time to Live: 55
    Protocol: UDP (17)
    Header Checksum: 0x3e3a [validation disabled]
    [Header checksum status: Unverified]
    Source Address: 23.202.229.23
    Destination Address: 172.16.90.227
    [Stream index: 2]
User Datagram Protocol, Src Port: 443, Dst Port: 52456
    Source Port: 443
    Destination Port: 52456
    Length: 458
    Checksum: 0x0c4b [unverified]
    [Checksum Status: Unverified]
    [Stream index: 2]
    [Stream Packet Number: 39]
    [Timestamps]
        [Time since first frame: 241.614800 milliseconds]
        [Time since previous frame: 73.374600 milliseconds]
    UDP payload (450 bytes)
QUIC IETF
    QUIC Connection information
        [Connection Number: 2]
    [Packet Length: 450]
    QUIC Short Header
        0... .... = Header Form: Short Header (0)
        .1.. .... = Fixed Bit: True
        ..0. .... = Spin Bit: False
    Remaining Payload […]: a0d225cf3b8fbdd6a59cef2b01326a4b9f73e85f4732e07dc4beb67e989c13a4383564ce601c2dee951ec13f0023a6f1aab1ab3b5ad527a091b8b1ea80e3ca2adc3c1c74c9475e5b0775b1e1595518b9e30ecbebe7093e342c03864bcfa464ae013bf115971c9a4e3dbc99

Frame 101: Packet, 203 bytes on wire (1624 bits), 203 bytes captured (1624 bits) on interface \Device\NPF_{9B9257DC-FAC1-4993-B12F-136D7BA5E874}, id 0
    Section number: 1
    Interface id: 0 (\Device\NPF_{9B9257DC-FAC1-4993-B12F-136D7BA5E874})
        Interface name: \Device\NPF_{9B9257DC-FAC1-4993-B12F-136D7BA5E874}
        Interface description: Wi-Fi
    Encapsulation type: Ethernet (1)
    Arrival Time: Apr  9, 2026 19:48:42.946606000 India Standard Time
    UTC Arrival Time: Apr  9, 2026 14:18:42.946606000 UTC
    Epoch Arrival Time: 1775744322.946606000
    [Time shift for this packet: 0.000000000 seconds]
    [Time delta from previous captured frame: 93.400 microseconds]
    [Time delta from previous displayed frame: 93.400 microseconds]
    [Time since reference or first frame: 2.504581400 seconds]
    Frame Number: 101
    Frame Length: 203 bytes (1624 bits)
    Capture Length: 203 bytes (1624 bits)
    [Frame is marked: False]
    [Frame is ignored: False]
    [Protocols in frame: eth:ethertype:ip:udp:quic]
    Character encoding: ASCII (0)
Ethernet II, Src: HewlettPacka_3a:cc:1d (28:92:4a:3a:cc:1d), Dst: 96:77:0b:05:d4:0b (96:77:0b:05:d4:0b)
    Destination: 96:77:0b:05:d4:0b (96:77:0b:05:d4:0b)
        .... ..1. .... .... .... .... = LG bit: Locally administered address (this is NOT the factory default)
        .... ...0 .... .... .... .... = IG bit: Individual address (unicast)
    Source: HewlettPacka_3a:cc:1d (28:92:4a:3a:cc:1d)
        .... ..0. .... .... .... .... = LG bit: Globally unique address (factory default)
        .... ...0 .... .... .... .... = IG bit: Individual address (unicast)
    Type: IPv4 (0x0800)
    [Stream index: 0]
Internet Protocol Version 4, Src: 23.202.229.23, Dst: 172.16.90.227
    0100 .... = Version: 4
    .... 0101 = Header Length: 20 bytes (5)
    Differentiated Services Field: 0x00 (DSCP: CS0, ECN: Not-ECT)
        0000 00.. = Differentiated Services Codepoint: Default (0)
        .... ..00 = Explicit Congestion Notification: Not ECN-Capable Transport (0)
    Total Length: 189
    Identification: 0x0000 (0)
    010. .... = Flags: 0x2, Don't fragment
        0... .... = Reserved bit: Not set
        .1.. .... = Don't fragment: Set
        ..0. .... = More fragments: Not set
    ...0 0000 0000 0000 = Fragment Offset: 0
    Time to Live: 55
    Protocol: UDP (17)
    Header Checksum: 0x3f5b [validation disabled]
    [Header checksum status: Unverified]
    Source Address: 23.202.229.23
    Destination Address: 172.16.90.227
    [Stream index: 2]
User Datagram Protocol, Src Port: 443, Dst Port: 52456
    Source Port: 443
    Destination Port: 52456
    Length: 169
    Checksum: 0x42b1 [unverified]
    [Checksum Status: Unverified]
    [Stream index: 2]
    [Stream Packet Number: 40]
    [Timestamps]
        [Time since first frame: 241.708200 milliseconds]
        [Time since previous frame: 93.400 microseconds]
    UDP payload (161 bytes)
QUIC IETF
    QUIC Connection information
        [Connection Number: 2]
    [Packet Length: 161]
    QUIC Short Header
        0... .... = Header Form: Short Header (0)
        .1.. .... = Fixed Bit: True
        ..0. .... = Spin Bit: False
    Remaining Payload […]: ff9bdbebf1e9cf03873390da057592f049a993c4ac5b00c68448dceb98a48f6e10c3c9dffb9c714bbdded197f405533ad343c099ca2aac14722b518c9d1347511121eefa44cbebe7dfbcef0e429e1cceafb72e8f0ff90588a1337e640b838336065dc1a3db943280de2391

Frame 102: Packet, 77 bytes on wire (616 bits), 77 bytes captured (616 bits) on interface \Device\NPF_{9B9257DC-FAC1-4993-B12F-136D7BA5E874}, id 0
    Section number: 1
    Interface id: 0 (\Device\NPF_{9B9257DC-FAC1-4993-B12F-136D7BA5E874})
        Interface name: \Device\NPF_{9B9257DC-FAC1-4993-B12F-136D7BA5E874}
        Interface description: Wi-Fi
    Encapsulation type: Ethernet (1)
    Arrival Time: Apr  9, 2026 19:48:42.946728800 India Standard Time
    UTC Arrival Time: Apr  9, 2026 14:18:42.946728800 UTC
    Epoch Arrival Time: 1775744322.946728800
    [Time shift for this packet: 0.000000000 seconds]
    [Time delta from previous captured frame: 122.800 microseconds]
    [Time delta from previous displayed frame: 122.800 microseconds]
    [Time since reference or first frame: 2.504704200 seconds]
    Frame Number: 102
    Frame Length: 77 bytes (616 bits)
    Capture Length: 77 bytes (616 bits)
    [Frame is marked: False]
    [Frame is ignored: False]
    [Protocols in frame: eth:ethertype:ip:udp:quic]
    Character encoding: ASCII (0)
Ethernet II, Src: 96:77:0b:05:d4:0b (96:77:0b:05:d4:0b), Dst: HewlettPacka_3a:cc:1d (28:92:4a:3a:cc:1d)
    Destination: HewlettPacka_3a:cc:1d (28:92:4a:3a:cc:1d)
        .... ..0. .... .... .... .... = LG bit: Globally unique address (factory default)
        .... ...0 .... .... .... .... = IG bit: Individual address (unicast)
    Source: 96:77:0b:05:d4:0b (96:77:0b:05:d4:0b)
        .... ..1. .... .... .... .... = LG bit: Locally administered address (this is NOT the factory default)
        .... ...0 .... .... .... .... = IG bit: Individual address (unicast)
    Type: IPv4 (0x0800)
    [Stream index: 0]
Internet Protocol Version 4, Src: 172.16.90.227, Dst: 23.202.229.23
    0100 .... = Version: 4
    .... 0101 = Header Length: 20 bytes (5)
    Differentiated Services Field: 0x00 (DSCP: CS0, ECN: Not-ECT)
        0000 00.. = Differentiated Services Codepoint: Default (0)
        .... ..00 = Explicit Congestion Notification: Not ECN-Capable Transport (0)
    Total Length: 63
    Identification: 0xa97c (43388)
    010. .... = Flags: 0x2, Don't fragment
        0... .... = Reserved bit: Not set
        .1.. .... = Don't fragment: Set
        ..0. .... = More fragments: Not set
    ...0 0000 0000 0000 = Fragment Offset: 0
    Time to Live: 128
    Protocol: UDP (17)
    Header Checksum: 0x0000 [validation disabled]
    [Header checksum status: Unverified]
    Source Address: 172.16.90.227
    Destination Address: 23.202.229.23
    [Stream index: 2]
User Datagram Protocol, Src Port: 52456, Dst Port: 443
    Source Port: 52456
    Destination Port: 443
    Length: 43
    Checksum: 0x0412 [unverified]
    [Checksum Status: Unverified]
    [Stream index: 2]
    [Stream Packet Number: 41]
    [Timestamps]
        [Time since first frame: 241.831000 milliseconds]
        [Time since previous frame: 122.800 microseconds]
    UDP payload (35 bytes)
QUIC IETF
    QUIC Connection information
        [Connection Number: 2]
    [Packet Length: 35]
    QUIC Short Header DCID=4a3cdf2498808a30
        0... .... = Header Form: Short Header (0)
        .1.. .... = Fixed Bit: True
        ..0. .... = Spin Bit: False
        Destination Connection ID: 4a3cdf2498808a30
    Remaining Payload: 7db3ddd0c5436ccb3a73c59e4e2e55b8d635c3a0d8ac179af405

Frame 103: Packet, 64 bytes on wire (512 bits), 64 bytes captured (512 bits) on interface \Device\NPF_{9B9257DC-FAC1-4993-B12F-136D7BA5E874}, id 0
    Section number: 1
    Interface id: 0 (\Device\NPF_{9B9257DC-FAC1-4993-B12F-136D7BA5E874})
        Interface name: \Device\NPF_{9B9257DC-FAC1-4993-B12F-136D7BA5E874}
        Interface description: Wi-Fi
    Encapsulation type: Ethernet (1)
    Arrival Time: Apr  9, 2026 19:48:42.946842600 India Standard Time
    UTC Arrival Time: Apr  9, 2026 14:18:42.946842600 UTC
    Epoch Arrival Time: 1775744322.946842600
    [Time shift for this packet: 0.000000000 seconds]
    [Time delta from previous captured frame: 113.800 microseconds]
    [Time delta from previous displayed frame: 113.800 microseconds]
    [Time since reference or first frame: 2.504818000 seconds]
    Frame Number: 103
    Frame Length: 64 bytes (512 bits)
    Capture Length: 64 bytes (512 bits)
    [Frame is marked: False]
    [Frame is ignored: False]
    [Protocols in frame: eth:ethertype:ip:udp:quic]
    Character encoding: ASCII (0)
Ethernet II, Src: HewlettPacka_3a:cc:1d (28:92:4a:3a:cc:1d), Dst: 96:77:0b:05:d4:0b (96:77:0b:05:d4:0b)
    Destination: 96:77:0b:05:d4:0b (96:77:0b:05:d4:0b)
        .... ..1. .... .... .... .... = LG bit: Locally administered address (this is NOT the factory default)
        .... ...0 .... .... .... .... = IG bit: Individual address (unicast)
    Source: HewlettPacka_3a:cc:1d (28:92:4a:3a:cc:1d)
        .... ..0. .... .... .... .... = LG bit: Globally unique address (factory default)
        .... ...0 .... .... .... .... = IG bit: Individual address (unicast)
    Type: IPv4 (0x0800)
    [Stream index: 0]
Internet Protocol Version 4, Src: 23.202.229.23, Dst: 172.16.90.227
    0100 .... = Version: 4
    .... 0101 = Header Length: 20 bytes (5)
    Differentiated Services Field: 0x00 (DSCP: CS0, ECN: Not-ECT)
        0000 00.. = Differentiated Services Codepoint: Default (0)
        .... ..00 = Explicit Congestion Notification: Not ECN-Capable Transport (0)
    Total Length: 50
    Identification: 0x0000 (0)
    010. .... = Flags: 0x2, Don't fragment
        0... .... = Reserved bit: Not set
        .1.. .... = Don't fragment: Set
        ..0. .... = More fragments: Not set
    ...0 0000 0000 0000 = Fragment Offset: 0
    Time to Live: 55
    Protocol: UDP (17)
    Header Checksum: 0x3fe6 [validation disabled]
    [Header checksum status: Unverified]
    Source Address: 23.202.229.23
    Destination Address: 172.16.90.227
    [Stream index: 2]
User Datagram Protocol, Src Port: 443, Dst Port: 52456
    Source Port: 443
    Destination Port: 52456
    Length: 30
    Checksum: 0x0b76 [unverified]
    [Checksum Status: Unverified]
    [Stream index: 2]
    [Stream Packet Number: 42]
    [Timestamps]
        [Time since first frame: 241.944800 milliseconds]
        [Time since previous frame: 113.800 microseconds]
    UDP payload (22 bytes)
QUIC IETF
    QUIC Connection information
        [Connection Number: 2]
    [Packet Length: 22]
    QUIC Short Header
        0... .... = Header Form: Short Header (0)
        .1.. .... = Fixed Bit: True
        ..0. .... = Spin Bit: False
    Remaining Payload: 150a19494977d6f7c19908ced04a9abb1a313268f2

Frame 104: Packet, 80 bytes on wire (640 bits), 80 bytes captured (640 bits) on interface \Device\NPF_{9B9257DC-FAC1-4993-B12F-136D7BA5E874}, id 0
    Section number: 1
    Interface id: 0 (\Device\NPF_{9B9257DC-FAC1-4993-B12F-136D7BA5E874})
        Interface name: \Device\NPF_{9B9257DC-FAC1-4993-B12F-136D7BA5E874}
        Interface description: Wi-Fi
    Encapsulation type: Ethernet (1)
    Arrival Time: Apr  9, 2026 19:48:42.972123400 India Standard Time
    UTC Arrival Time: Apr  9, 2026 14:18:42.972123400 UTC
    Epoch Arrival Time: 1775744322.972123400
    [Time shift for this packet: 0.000000000 seconds]
    [Time delta from previous captured frame: 25.280800 milliseconds]
    [Time delta from previous displayed frame: 25.280800 milliseconds]
    [Time since reference or first frame: 2.530098800 seconds]
    Frame Number: 104
    Frame Length: 80 bytes (640 bits)
    Capture Length: 80 bytes (640 bits)
    [Frame is marked: False]
    [Frame is ignored: False]
    [Protocols in frame: eth:ethertype:ip:udp:quic]
    Character encoding: ASCII (0)
Ethernet II, Src: 96:77:0b:05:d4:0b (96:77:0b:05:d4:0b), Dst: HewlettPacka_3a:cc:1d (28:92:4a:3a:cc:1d)
    Destination: HewlettPacka_3a:cc:1d (28:92:4a:3a:cc:1d)
        .... ..0. .... .... .... .... = LG bit: Globally unique address (factory default)
        .... ...0 .... .... .... .... = IG bit: Individual address (unicast)
    Source: 96:77:0b:05:d4:0b (96:77:0b:05:d4:0b)
        .... ..1. .... .... .... .... = LG bit: Locally administered address (this is NOT the factory default)
        .... ...0 .... .... .... .... = IG bit: Individual address (unicast)
    Type: IPv4 (0x0800)
    [Stream index: 0]
Internet Protocol Version 4, Src: 172.16.90.227, Dst: 40.104.77.114
    0100 .... = Version: 4
    .... 0101 = Header Length: 20 bytes (5)
    Differentiated Services Field: 0x00 (DSCP: CS0, ECN: Not-ECT)
        0000 00.. = Differentiated Services Codepoint: Default (0)
        .... ..00 = Explicit Congestion Notification: Not ECN-Capable Transport (0)
    Total Length: 66
    Identification: 0x64d4 (25812)
    010. .... = Flags: 0x2, Don't fragment
        0... .... = Reserved bit: Not set
        .1.. .... = Don't fragment: Set
        ..0. .... = More fragments: Not set
    ...0 0000 0000 0000 = Fragment Offset: 0
    Time to Live: 128
    Protocol: UDP (17)
    Header Checksum: 0x0000 [validation disabled]
    [Header checksum status: Unverified]
    Source Address: 172.16.90.227
    Destination Address: 40.104.77.114
    [Stream index: 1]
User Datagram Protocol, Src Port: 65397, Dst Port: 443
    Source Port: 65397
    Destination Port: 443
    Length: 46
    Checksum: 0x7d0d [unverified]
    [Checksum Status: Unverified]
    [Stream index: 3]
    [Stream Packet Number: 35]
    [Timestamps]
        [Time since first frame: 260.922400 milliseconds]
        [Time since previous frame: 25.977800 milliseconds]
    UDP payload (38 bytes)
QUIC IETF
    QUIC Connection information
        [Connection Number: 3]
    [Packet Length: 38]
    QUIC Short Header DCID=5a28684d728e1f9623b79dc4fe6f
        0... .... = Header Form: Short Header (0)
        .1.. .... = Fixed Bit: True
        ..0. .... = Spin Bit: False
        Destination Connection ID: 5a28684d728e1f9623b79dc4fe6f
    Remaining Payload: c53d47208b8c1207d512047fa11db23e8b02b158059a78

Frame 105: Packet, 74 bytes on wire (592 bits), 74 bytes captured (592 bits) on interface \Device\NPF_{9B9257DC-FAC1-4993-B12F-136D7BA5E874}, id 0
    Section number: 1
    Interface id: 0 (\Device\NPF_{9B9257DC-FAC1-4993-B12F-136D7BA5E874})
        Interface name: \Device\NPF_{9B9257DC-FAC1-4993-B12F-136D7BA5E874}
        Interface description: Wi-Fi
    Encapsulation type: Ethernet (1)
    Arrival Time: Apr  9, 2026 19:48:42.972438400 India Standard Time
    UTC Arrival Time: Apr  9, 2026 14:18:42.972438400 UTC
    Epoch Arrival Time: 1775744322.972438400
    [Time shift for this packet: 0.000000000 seconds]
    [Time delta from previous captured frame: 315.000 microseconds]
    [Time delta from previous displayed frame: 315.000 microseconds]
    [Time since reference or first frame: 2.530413800 seconds]
    Frame Number: 105
    Frame Length: 74 bytes (592 bits)
    Capture Length: 74 bytes (592 bits)
    [Frame is marked: False]
    [Frame is ignored: False]
    [Protocols in frame: eth:ethertype:ip:udp:quic]
    Character encoding: ASCII (0)
Ethernet II, Src: 96:77:0b:05:d4:0b (96:77:0b:05:d4:0b), Dst: HewlettPacka_3a:cc:1d (28:92:4a:3a:cc:1d)
    Destination: HewlettPacka_3a:cc:1d (28:92:4a:3a:cc:1d)
        .... ..0. .... .... .... .... = LG bit: Globally unique address (factory default)
        .... ...0 .... .... .... .... = IG bit: Individual address (unicast)
    Source: 96:77:0b:05:d4:0b (96:77:0b:05:d4:0b)
        .... ..1. .... .... .... .... = LG bit: Locally administered address (this is NOT the factory default)
        .... ...0 .... .... .... .... = IG bit: Individual address (unicast)
    Type: IPv4 (0x0800)
    [Stream index: 0]
Internet Protocol Version 4, Src: 172.16.90.227, Dst: 23.202.229.23
    0100 .... = Version: 4
    .... 0101 = Header Length: 20 bytes (5)
    Differentiated Services Field: 0x00 (DSCP: CS0, ECN: Not-ECT)
        0000 00.. = Differentiated Services Codepoint: Default (0)
        .... ..00 = Explicit Congestion Notification: Not ECN-Capable Transport (0)
    Total Length: 60
    Identification: 0xa97d (43389)
    010. .... = Flags: 0x2, Don't fragment
        0... .... = Reserved bit: Not set
        .1.. .... = Don't fragment: Set
        ..0. .... = More fragments: Not set
    ...0 0000 0000 0000 = Fragment Offset: 0
    Time to Live: 128
    Protocol: UDP (17)
    Header Checksum: 0x0000 [validation disabled]
    [Header checksum status: Unverified]
    Source Address: 172.16.90.227
    Destination Address: 23.202.229.23
    [Stream index: 2]
User Datagram Protocol, Src Port: 52456, Dst Port: 443
    Source Port: 52456
    Destination Port: 443
    Length: 40
    Checksum: 0x040f [unverified]
    [Checksum Status: Unverified]
    [Stream index: 2]
    [Stream Packet Number: 43]
    [Timestamps]
        [Time since first frame: 267.540600 milliseconds]
        [Time since previous frame: 25.595800 milliseconds]
    UDP payload (32 bytes)
QUIC IETF
    QUIC Connection information
        [Connection Number: 2]
    [Packet Length: 32]
    QUIC Short Header DCID=4a3cdf2498808a30
        0... .... = Header Form: Short Header (0)
        .1.. .... = Fixed Bit: True
        ..0. .... = Spin Bit: False
        Destination Connection ID: 4a3cdf2498808a30
    Remaining Payload: d4614efa874e3fe0dfa2f070f4d33b33715a79c76c2d64

Frame 106: Packet, 72 bytes on wire (576 bits), 72 bytes captured (576 bits) on interface \Device\NPF_{9B9257DC-FAC1-4993-B12F-136D7BA5E874}, id 0
    Section number: 1
    Interface id: 0 (\Device\NPF_{9B9257DC-FAC1-4993-B12F-136D7BA5E874})
        Interface name: \Device\NPF_{9B9257DC-FAC1-4993-B12F-136D7BA5E874}
        Interface description: Wi-Fi
    Encapsulation type: Ethernet (1)
    Arrival Time: Apr  9, 2026 19:48:42.985723700 India Standard Time
    UTC Arrival Time: Apr  9, 2026 14:18:42.985723700 UTC
    Epoch Arrival Time: 1775744322.985723700
    [Time shift for this packet: 0.000000000 seconds]
    [Time delta from previous captured frame: 13.285300 milliseconds]
    [Time delta from previous displayed frame: 13.285300 milliseconds]
    [Time since reference or first frame: 2.543699100 seconds]
    Frame Number: 106
    Frame Length: 72 bytes (576 bits)
    Capture Length: 72 bytes (576 bits)
    [Frame is marked: False]
    [Frame is ignored: False]
    [Protocols in frame: eth:ethertype:ip:udp:quic]
    Character encoding: ASCII (0)
Ethernet II, Src: 96:77:0b:05:d4:0b (96:77:0b:05:d4:0b), Dst: HewlettPacka_3a:cc:1d (28:92:4a:3a:cc:1d)
    Destination: HewlettPacka_3a:cc:1d (28:92:4a:3a:cc:1d)
        .... ..0. .... .... .... .... = LG bit: Globally unique address (factory default)
        .... ...0 .... .... .... .... = IG bit: Individual address (unicast)
    Source: 96:77:0b:05:d4:0b (96:77:0b:05:d4:0b)
        .... ..1. .... .... .... .... = LG bit: Locally administered address (this is NOT the factory default)
        .... ...0 .... .... .... .... = IG bit: Individual address (unicast)
    Type: IPv4 (0x0800)
    [Stream index: 0]
Internet Protocol Version 4, Src: 172.16.90.227, Dst: 23.202.229.23
    0100 .... = Version: 4
    .... 0101 = Header Length: 20 bytes (5)
    Differentiated Services Field: 0x00 (DSCP: CS0, ECN: Not-ECT)
        0000 00.. = Differentiated Services Codepoint: Default (0)
        .... ..00 = Explicit Congestion Notification: Not ECN-Capable Transport (0)
    Total Length: 58
    Identification: 0xa97e (43390)
    010. .... = Flags: 0x2, Don't fragment
        0... .... = Reserved bit: Not set
        .1.. .... = Don't fragment: Set
        ..0. .... = More fragments: Not set
    ...0 0000 0000 0000 = Fragment Offset: 0
    Time to Live: 128
    Protocol: UDP (17)
    Header Checksum: 0x0000 [validation disabled]
    [Header checksum status: Unverified]
    Source Address: 172.16.90.227
    Destination Address: 23.202.229.23
    [Stream index: 2]
User Datagram Protocol, Src Port: 52456, Dst Port: 443
    Source Port: 52456
    Destination Port: 443
    Length: 38
    Checksum: 0x040d [unverified]
    [Checksum Status: Unverified]
    [Stream index: 2]
    [Stream Packet Number: 44]
    [Timestamps]
        [Time since first frame: 280.825900 milliseconds]
        [Time since previous frame: 13.285300 milliseconds]
    UDP payload (30 bytes)
QUIC IETF
    QUIC Connection information
        [Connection Number: 2]
    [Packet Length: 30]
    QUIC Short Header DCID=4a3cdf2498808a30
        0... .... = Header Form: Short Header (0)
        .1.. .... = Fixed Bit: True
        ..0. .... = Spin Bit: False
        Destination Connection ID: 4a3cdf2498808a30
    Remaining Payload: 9819833ef5cb973aeaa0ce4d80714b439ab0030e01

Frame 107: Packet, 70 bytes on wire (560 bits), 70 bytes captured (560 bits) on interface \Device\NPF_{9B9257DC-FAC1-4993-B12F-136D7BA5E874}, id 0
    Section number: 1
    Interface id: 0 (\Device\NPF_{9B9257DC-FAC1-4993-B12F-136D7BA5E874})
        Interface name: \Device\NPF_{9B9257DC-FAC1-4993-B12F-136D7BA5E874}
        Interface description: Wi-Fi
    Encapsulation type: Ethernet (1)
    Arrival Time: Apr  9, 2026 19:48:43.013371700 India Standard Time
    UTC Arrival Time: Apr  9, 2026 14:18:43.013371700 UTC
    Epoch Arrival Time: 1775744323.013371700
    [Time shift for this packet: 0.000000000 seconds]
    [Time delta from previous captured frame: 27.648000 milliseconds]
    [Time delta from previous displayed frame: 27.648000 milliseconds]
    [Time since reference or first frame: 2.571347100 seconds]
    Frame Number: 107
    Frame Length: 70 bytes (560 bits)
    Capture Length: 70 bytes (560 bits)
    [Frame is marked: False]
    [Frame is ignored: False]
    [Protocols in frame: eth:ethertype:ip:udp:quic]
    Character encoding: ASCII (0)
Ethernet II, Src: HewlettPacka_3a:cc:1d (28:92:4a:3a:cc:1d), Dst: 96:77:0b:05:d4:0b (96:77:0b:05:d4:0b)
    Destination: 96:77:0b:05:d4:0b (96:77:0b:05:d4:0b)
        .... ..1. .... .... .... .... = LG bit: Locally administered address (this is NOT the factory default)
        .... ...0 .... .... .... .... = IG bit: Individual address (unicast)
    Source: HewlettPacka_3a:cc:1d (28:92:4a:3a:cc:1d)
        .... ..0. .... .... .... .... = LG bit: Globally unique address (factory default)
        .... ...0 .... .... .... .... = IG bit: Individual address (unicast)
    Type: IPv4 (0x0800)
    [Stream index: 0]
Internet Protocol Version 4, Src: 23.202.229.23, Dst: 172.16.90.227
    0100 .... = Version: 4
    .... 0101 = Header Length: 20 bytes (5)
    Differentiated Services Field: 0x00 (DSCP: CS0, ECN: Not-ECT)
        0000 00.. = Differentiated Services Codepoint: Default (0)
        .... ..00 = Explicit Congestion Notification: Not ECN-Capable Transport (0)
    Total Length: 56
    Identification: 0x0000 (0)
    010. .... = Flags: 0x2, Don't fragment
        0... .... = Reserved bit: Not set
        .1.. .... = Don't fragment: Set
        ..0. .... = More fragments: Not set
    ...0 0000 0000 0000 = Fragment Offset: 0
    Time to Live: 55
    Protocol: UDP (17)
    Header Checksum: 0x3fe0 [validation disabled]
    [Header checksum status: Unverified]
    Source Address: 23.202.229.23
    Destination Address: 172.16.90.227
    [Stream index: 2]
User Datagram Protocol, Src Port: 443, Dst Port: 52456
    Source Port: 443
    Destination Port: 52456
    Length: 36
    Checksum: 0x1317 [unverified]
    [Checksum Status: Unverified]
    [Stream index: 2]
    [Stream Packet Number: 45]
    [Timestamps]
        [Time since first frame: 308.473900 milliseconds]
        [Time since previous frame: 27.648000 milliseconds]
    UDP payload (28 bytes)
QUIC IETF
    QUIC Connection information
        [Connection Number: 2]
    [Packet Length: 28]
    QUIC Short Header
        0... .... = Header Form: Short Header (0)
        .1.. .... = Fixed Bit: True
        ..0. .... = Spin Bit: False
    Remaining Payload: 0c94d76bf9e43ffa1158252cbac0b019cfb7fbfe8bcb6764b1a3e6

Frame 108: Packet, 75 bytes on wire (600 bits), 75 bytes captured (600 bits) on interface \Device\NPF_{9B9257DC-FAC1-4993-B12F-136D7BA5E874}, id 0
    Section number: 1
    Interface id: 0 (\Device\NPF_{9B9257DC-FAC1-4993-B12F-136D7BA5E874})
        Interface name: \Device\NPF_{9B9257DC-FAC1-4993-B12F-136D7BA5E874}
        Interface description: Wi-Fi
    Encapsulation type: Ethernet (1)
    Arrival Time: Apr  9, 2026 19:48:43.013501400 India Standard Time
    UTC Arrival Time: Apr  9, 2026 14:18:43.013501400 UTC
    Epoch Arrival Time: 1775744323.013501400
    [Time shift for this packet: 0.000000000 seconds]
    [Time delta from previous captured frame: 129.700 microseconds]
    [Time delta from previous displayed frame: 129.700 microseconds]
    [Time since reference or first frame: 2.571476800 seconds]
    Frame Number: 108
    Frame Length: 75 bytes (600 bits)
    Capture Length: 75 bytes (600 bits)
    [Frame is marked: False]
    [Frame is ignored: False]
    [Protocols in frame: eth:ethertype:ip:udp:quic]
    Character encoding: ASCII (0)
Ethernet II, Src: 96:77:0b:05:d4:0b (96:77:0b:05:d4:0b), Dst: HewlettPacka_3a:cc:1d (28:92:4a:3a:cc:1d)
    Destination: HewlettPacka_3a:cc:1d (28:92:4a:3a:cc:1d)
        .... ..0. .... .... .... .... = LG bit: Globally unique address (factory default)
        .... ...0 .... .... .... .... = IG bit: Individual address (unicast)
    Source: 96:77:0b:05:d4:0b (96:77:0b:05:d4:0b)
        .... ..1. .... .... .... .... = LG bit: Locally administered address (this is NOT the factory default)
        .... ...0 .... .... .... .... = IG bit: Individual address (unicast)
    Type: IPv4 (0x0800)
    [Stream index: 0]
Internet Protocol Version 4, Src: 172.16.90.227, Dst: 23.202.229.23
    0100 .... = Version: 4
    .... 0101 = Header Length: 20 bytes (5)
    Differentiated Services Field: 0x00 (DSCP: CS0, ECN: Not-ECT)
        0000 00.. = Differentiated Services Codepoint: Default (0)
        .... ..00 = Explicit Congestion Notification: Not ECN-Capable Transport (0)
    Total Length: 61
    Identification: 0xa97f (43391)
    010. .... = Flags: 0x2, Don't fragment
        0... .... = Reserved bit: Not set
        .1.. .... = Don't fragment: Set
        ..0. .... = More fragments: Not set
    ...0 0000 0000 0000 = Fragment Offset: 0
    Time to Live: 128
    Protocol: UDP (17)
    Header Checksum: 0x0000 [validation disabled]
    [Header checksum status: Unverified]
    Source Address: 172.16.90.227
    Destination Address: 23.202.229.23
    [Stream index: 2]
User Datagram Protocol, Src Port: 52456, Dst Port: 443
    Source Port: 52456
    Destination Port: 443
    Length: 41
    Checksum: 0x0410 [unverified]
    [Checksum Status: Unverified]
    [Stream index: 2]
    [Stream Packet Number: 46]
    [Timestamps]
        [Time since first frame: 308.603600 milliseconds]
        [Time since previous frame: 129.700 microseconds]
    UDP payload (33 bytes)
QUIC IETF
    QUIC Connection information
        [Connection Number: 2]
    [Packet Length: 33]
    QUIC Short Header DCID=4a3cdf2498808a30
        0... .... = Header Form: Short Header (0)
        .1.. .... = Fixed Bit: True
        ..0. .... = Spin Bit: False
        Destination Connection ID: 4a3cdf2498808a30
    Remaining Payload: b0917abd1dd409fc5f32a73e29fda83cd175cca5658d33ea

Frame 109: Packet, 67 bytes on wire (536 bits), 67 bytes captured (536 bits) on interface \Device\NPF_{9B9257DC-FAC1-4993-B12F-136D7BA5E874}, id 0
    Section number: 1
    Interface id: 0 (\Device\NPF_{9B9257DC-FAC1-4993-B12F-136D7BA5E874})
        Interface name: \Device\NPF_{9B9257DC-FAC1-4993-B12F-136D7BA5E874}
        Interface description: Wi-Fi
    Encapsulation type: Ethernet (1)
    Arrival Time: Apr  9, 2026 19:48:43.018992300 India Standard Time
    UTC Arrival Time: Apr  9, 2026 14:18:43.018992300 UTC
    Epoch Arrival Time: 1775744323.018992300
    [Time shift for this packet: 0.000000000 seconds]
    [Time delta from previous captured frame: 5.490900 milliseconds]
    [Time delta from previous displayed frame: 5.490900 milliseconds]
    [Time since reference or first frame: 2.576967700 seconds]
    Frame Number: 109
    Frame Length: 67 bytes (536 bits)
    Capture Length: 67 bytes (536 bits)
    [Frame is marked: False]
    [Frame is ignored: False]
    [Protocols in frame: eth:ethertype:ip:udp:quic]
    Character encoding: ASCII (0)
Ethernet II, Src: HewlettPacka_3a:cc:1d (28:92:4a:3a:cc:1d), Dst: 96:77:0b:05:d4:0b (96:77:0b:05:d4:0b)
    Destination: 96:77:0b:05:d4:0b (96:77:0b:05:d4:0b)
        .... ..1. .... .... .... .... = LG bit: Locally administered address (this is NOT the factory default)
        .... ...0 .... .... .... .... = IG bit: Individual address (unicast)
    Source: HewlettPacka_3a:cc:1d (28:92:4a:3a:cc:1d)
        .... ..0. .... .... .... .... = LG bit: Globally unique address (factory default)
        .... ...0 .... .... .... .... = IG bit: Individual address (unicast)
    Type: IPv4 (0x0800)
    [Stream index: 0]
Internet Protocol Version 4, Src: 23.202.229.23, Dst: 172.16.90.227
    0100 .... = Version: 4
    .... 0101 = Header Length: 20 bytes (5)
    Differentiated Services Field: 0x00 (DSCP: CS0, ECN: Not-ECT)
        0000 00.. = Differentiated Services Codepoint: Default (0)
        .... ..00 = Explicit Congestion Notification: Not ECN-Capable Transport (0)
    Total Length: 53
    Identification: 0x0000 (0)
    010. .... = Flags: 0x2, Don't fragment
        0... .... = Reserved bit: Not set
        .1.. .... = Don't fragment: Set
        ..0. .... = More fragments: Not set
    ...0 0000 0000 0000 = Fragment Offset: 0
    Time to Live: 55
    Protocol: UDP (17)
    Header Checksum: 0x3fe3 [validation disabled]
    [Header checksum status: Unverified]
    Source Address: 23.202.229.23
    Destination Address: 172.16.90.227
    [Stream index: 2]
User Datagram Protocol, Src Port: 443, Dst Port: 52456
    Source Port: 443
    Destination Port: 52456
    Length: 33
    Checksum: 0xbc03 [unverified]
    [Checksum Status: Unverified]
    [Stream index: 2]
    [Stream Packet Number: 47]
    [Timestamps]
        [Time since first frame: 314.094500 milliseconds]
        [Time since previous frame: 5.490900 milliseconds]
    UDP payload (25 bytes)
QUIC IETF
    QUIC Connection information
        [Connection Number: 2]
    [Packet Length: 25]
    QUIC Short Header
        0... .... = Header Form: Short Header (0)
        .1.. .... = Fixed Bit: True
        ..0. .... = Spin Bit: False
    Remaining Payload: 0d1fad3f8bffb34e0e7c1b959ce3d76a186979ef3514cfb1

Frame 110: Packet, 69 bytes on wire (552 bits), 69 bytes captured (552 bits) on interface \Device\NPF_{9B9257DC-FAC1-4993-B12F-136D7BA5E874}, id 0
    Section number: 1
    Interface id: 0 (\Device\NPF_{9B9257DC-FAC1-4993-B12F-136D7BA5E874})
        Interface name: \Device\NPF_{9B9257DC-FAC1-4993-B12F-136D7BA5E874}
        Interface description: Wi-Fi
    Encapsulation type: Ethernet (1)
    Arrival Time: Apr  9, 2026 19:48:43.019199300 India Standard Time
    UTC Arrival Time: Apr  9, 2026 14:18:43.019199300 UTC
    Epoch Arrival Time: 1775744323.019199300
    [Time shift for this packet: 0.000000000 seconds]
    [Time delta from previous captured frame: 207.000 microseconds]
    [Time delta from previous displayed frame: 207.000 microseconds]
    [Time since reference or first frame: 2.577174700 seconds]
    Frame Number: 110
    Frame Length: 69 bytes (552 bits)
    Capture Length: 69 bytes (552 bits)
    [Frame is marked: False]
    [Frame is ignored: False]
    [Protocols in frame: eth:ethertype:ip:udp:quic]
    Character encoding: ASCII (0)
Ethernet II, Src: HewlettPacka_3a:cc:1d (28:92:4a:3a:cc:1d), Dst: 96:77:0b:05:d4:0b (96:77:0b:05:d4:0b)
    Destination: 96:77:0b:05:d4:0b (96:77:0b:05:d4:0b)
        .... ..1. .... .... .... .... = LG bit: Locally administered address (this is NOT the factory default)
        .... ...0 .... .... .... .... = IG bit: Individual address (unicast)
    Source: HewlettPacka_3a:cc:1d (28:92:4a:3a:cc:1d)
        .... ..0. .... .... .... .... = LG bit: Globally unique address (factory default)
        .... ...0 .... .... .... .... = IG bit: Individual address (unicast)
    Type: IPv4 (0x0800)
    [Stream index: 0]
Internet Protocol Version 4, Src: 40.104.77.114, Dst: 172.16.90.227
    0100 .... = Version: 4
    .... 0101 = Header Length: 20 bytes (5)
    Differentiated Services Field: 0x00 (DSCP: CS0, ECN: Not-ECT)
        0000 00.. = Differentiated Services Codepoint: Default (0)
        .... ..00 = Explicit Congestion Notification: Not ECN-Capable Transport (0)
    Total Length: 55
    Identification: 0xe338 (58168)
    010. .... = Flags: 0x2, Don't fragment
        0... .... = Reserved bit: Not set
        .1.. .... = Don't fragment: Set
        ..0. .... = More fragments: Not set
    ...0 0000 0000 0000 = Fragment Offset: 0
    Time to Live: 116
    Protocol: UDP (17)
    Header Checksum: 0xa6af [validation disabled]
    [Header checksum status: Unverified]
    Source Address: 40.104.77.114
    Destination Address: 172.16.90.227
    [Stream index: 1]
User Datagram Protocol, Src Port: 443, Dst Port: 65397
    Source Port: 443
    Destination Port: 65397
    Length: 35
    Checksum: 0xad44 [unverified]
    [Checksum Status: Unverified]
    [Stream index: 3]
    [Stream Packet Number: 36]
    [Timestamps]
        [Time since first frame: 307.998300 milliseconds]
        [Time since previous frame: 47.075900 milliseconds]
    UDP payload (27 bytes)
QUIC IETF
    QUIC Connection information
        [Connection Number: 3]
    [Packet Length: 27]
    QUIC Short Header
        0... .... = Header Form: Short Header (0)
        .1.. .... = Fixed Bit: True
        ..0. .... = Spin Bit: False
    Remaining Payload: 867b3539fbe05e02b4504e00e0dfdaa0e7e6f95f4e067579ec55

Frame 111: Packet, 71 bytes on wire (568 bits), 71 bytes captured (568 bits) on interface \Device\NPF_{9B9257DC-FAC1-4993-B12F-136D7BA5E874}, id 0
    Section number: 1
    Interface id: 0 (\Device\NPF_{9B9257DC-FAC1-4993-B12F-136D7BA5E874})
        Interface name: \Device\NPF_{9B9257DC-FAC1-4993-B12F-136D7BA5E874}
        Interface description: Wi-Fi
    Encapsulation type: Ethernet (1)
    Arrival Time: Apr  9, 2026 19:48:43.021385000 India Standard Time
    UTC Arrival Time: Apr  9, 2026 14:18:43.021385000 UTC
    Epoch Arrival Time: 1775744323.021385000
    [Time shift for this packet: 0.000000000 seconds]
    [Time delta from previous captured frame: 2.185700 milliseconds]
    [Time delta from previous displayed frame: 2.185700 milliseconds]
    [Time since reference or first frame: 2.579360400 seconds]
    Frame Number: 111
    Frame Length: 71 bytes (568 bits)
    Capture Length: 71 bytes (568 bits)
    [Frame is marked: False]
    [Frame is ignored: False]
    [Protocols in frame: eth:ethertype:ip:udp:quic]
    Character encoding: ASCII (0)
Ethernet II, Src: HewlettPacka_3a:cc:1d (28:92:4a:3a:cc:1d), Dst: 96:77:0b:05:d4:0b (96:77:0b:05:d4:0b)
    Destination: 96:77:0b:05:d4:0b (96:77:0b:05:d4:0b)
        .... ..1. .... .... .... .... = LG bit: Locally administered address (this is NOT the factory default)
        .... ...0 .... .... .... .... = IG bit: Individual address (unicast)
    Source: HewlettPacka_3a:cc:1d (28:92:4a:3a:cc:1d)
        .... ..0. .... .... .... .... = LG bit: Globally unique address (factory default)
        .... ...0 .... .... .... .... = IG bit: Individual address (unicast)
    Type: IPv4 (0x0800)
    [Stream index: 0]
Internet Protocol Version 4, Src: 40.104.77.114, Dst: 172.16.90.227
    0100 .... = Version: 4
    .... 0101 = Header Length: 20 bytes (5)
    Differentiated Services Field: 0x00 (DSCP: CS0, ECN: Not-ECT)
        0000 00.. = Differentiated Services Codepoint: Default (0)
        .... ..00 = Explicit Congestion Notification: Not ECN-Capable Transport (0)
    Total Length: 57
    Identification: 0xe339 (58169)
    010. .... = Flags: 0x2, Don't fragment
        0... .... = Reserved bit: Not set
        .1.. .... = Don't fragment: Set
        ..0. .... = More fragments: Not set
    ...0 0000 0000 0000 = Fragment Offset: 0
    Time to Live: 116
    Protocol: UDP (17)
    Header Checksum: 0xa6ac [validation disabled]
    [Header checksum status: Unverified]
    Source Address: 40.104.77.114
    Destination Address: 172.16.90.227
    [Stream index: 1]
User Datagram Protocol, Src Port: 443, Dst Port: 65397
    Source Port: 443
    Destination Port: 65397
    Length: 37
    Checksum: 0xc2ab [unverified]
    [Checksum Status: Unverified]
    [Stream index: 3]
    [Stream Packet Number: 37]
    [Timestamps]
        [Time since first frame: 310.184000 milliseconds]
        [Time since previous frame: 2.185700 milliseconds]
    UDP payload (29 bytes)
QUIC IETF
    QUIC Connection information
        [Connection Number: 3]
    [Packet Length: 29]
    QUIC Short Header
        0... .... = Header Form: Short Header (0)
        .1.. .... = Fixed Bit: True
        ..0. .... = Spin Bit: False
    Remaining Payload: 95d6bfc4491c788976d5f9ae9984e2938c06b2fc85df5869976e40d9

Frame 112: Packet, 80 bytes on wire (640 bits), 80 bytes captured (640 bits) on interface \Device\NPF_{9B9257DC-FAC1-4993-B12F-136D7BA5E874}, id 0
    Section number: 1
    Interface id: 0 (\Device\NPF_{9B9257DC-FAC1-4993-B12F-136D7BA5E874})
        Interface name: \Device\NPF_{9B9257DC-FAC1-4993-B12F-136D7BA5E874}
        Interface description: Wi-Fi
    Encapsulation type: Ethernet (1)
    Arrival Time: Apr  9, 2026 19:48:43.046786300 India Standard Time
    UTC Arrival Time: Apr  9, 2026 14:18:43.046786300 UTC
    Epoch Arrival Time: 1775744323.046786300
    [Time shift for this packet: 0.000000000 seconds]
    [Time delta from previous captured frame: 25.401300 milliseconds]
    [Time delta from previous displayed frame: 25.401300 milliseconds]
    [Time since reference or first frame: 2.604761700 seconds]
    Frame Number: 112
    Frame Length: 80 bytes (640 bits)
    Capture Length: 80 bytes (640 bits)
    [Frame is marked: False]
    [Frame is ignored: False]
    [Protocols in frame: eth:ethertype:ip:udp:quic]
    Character encoding: ASCII (0)
Ethernet II, Src: 96:77:0b:05:d4:0b (96:77:0b:05:d4:0b), Dst: HewlettPacka_3a:cc:1d (28:92:4a:3a:cc:1d)
    Destination: HewlettPacka_3a:cc:1d (28:92:4a:3a:cc:1d)
        .... ..0. .... .... .... .... = LG bit: Globally unique address (factory default)
        .... ...0 .... .... .... .... = IG bit: Individual address (unicast)
    Source: 96:77:0b:05:d4:0b (96:77:0b:05:d4:0b)
        .... ..1. .... .... .... .... = LG bit: Locally administered address (this is NOT the factory default)
        .... ...0 .... .... .... .... = IG bit: Individual address (unicast)
    Type: IPv4 (0x0800)
    [Stream index: 0]
Internet Protocol Version 4, Src: 172.16.90.227, Dst: 40.104.77.114
    0100 .... = Version: 4
    .... 0101 = Header Length: 20 bytes (5)
    Differentiated Services Field: 0x00 (DSCP: CS0, ECN: Not-ECT)
        0000 00.. = Differentiated Services Codepoint: Default (0)
        .... ..00 = Explicit Congestion Notification: Not ECN-Capable Transport (0)
    Total Length: 66
    Identification: 0x64d5 (25813)
    010. .... = Flags: 0x2, Don't fragment
        0... .... = Reserved bit: Not set
        .1.. .... = Don't fragment: Set
        ..0. .... = More fragments: Not set
    ...0 0000 0000 0000 = Fragment Offset: 0
    Time to Live: 128
    Protocol: UDP (17)
    Header Checksum: 0x0000 [validation disabled]
    [Header checksum status: Unverified]
    Source Address: 172.16.90.227
    Destination Address: 40.104.77.114
    [Stream index: 1]
User Datagram Protocol, Src Port: 65397, Dst Port: 443
    Source Port: 65397
    Destination Port: 443
    Length: 46
    Checksum: 0x7d0d [unverified]
    [Checksum Status: Unverified]
    [Stream index: 3]
    [Stream Packet Number: 38]
    [Timestamps]
        [Time since first frame: 335.585300 milliseconds]
        [Time since previous frame: 25.401300 milliseconds]
    UDP payload (38 bytes)
QUIC IETF
    QUIC Connection information
        [Connection Number: 3]
    [Packet Length: 38]
    QUIC Short Header DCID=5a28684d728e1f9623b79dc4fe6f
        0... .... = Header Form: Short Header (0)
        .1.. .... = Fixed Bit: True
        ..0. .... = Spin Bit: False
        Destination Connection ID: 5a28684d728e1f9623b79dc4fe6f
    Remaining Payload: ed87ad77d80ebb0dd02d44257ad24964f0f47cf63c6328

Frame 113: Packet, 1292 bytes on wire (10336 bits), 1292 bytes captured (10336 bits) on interface \Device\NPF_{9B9257DC-FAC1-4993-B12F-136D7BA5E874}, id 0
    Section number: 1
    Interface id: 0 (\Device\NPF_{9B9257DC-FAC1-4993-B12F-136D7BA5E874})
        Interface name: \Device\NPF_{9B9257DC-FAC1-4993-B12F-136D7BA5E874}
        Interface description: Wi-Fi
    Encapsulation type: Ethernet (1)
    Arrival Time: Apr  9, 2026 19:48:44.445165600 India Standard Time
    UTC Arrival Time: Apr  9, 2026 14:18:44.445165600 UTC
    Epoch Arrival Time: 1775744324.445165600
    [Time shift for this packet: 0.000000000 seconds]
    [Time delta from previous captured frame: 1.398379300 seconds]
    [Time delta from previous displayed frame: 1.398379300 seconds]
    [Time since reference or first frame: 4.003141000 seconds]
    Frame Number: 113
    Frame Length: 1292 bytes (10336 bits)
    Capture Length: 1292 bytes (10336 bits)
    [Frame is marked: False]
    [Frame is ignored: False]
    [Protocols in frame: eth:ethertype:ip:udp:quic]
    Character encoding: ASCII (0)
Ethernet II, Src: 96:77:0b:05:d4:0b (96:77:0b:05:d4:0b), Dst: HewlettPacka_3a:cc:1d (28:92:4a:3a:cc:1d)
    Destination: HewlettPacka_3a:cc:1d (28:92:4a:3a:cc:1d)
        .... ..0. .... .... .... .... = LG bit: Globally unique address (factory default)
        .... ...0 .... .... .... .... = IG bit: Individual address (unicast)
    Source: 96:77:0b:05:d4:0b (96:77:0b:05:d4:0b)
        .... ..1. .... .... .... .... = LG bit: Locally administered address (this is NOT the factory default)
        .... ...0 .... .... .... .... = IG bit: Individual address (unicast)
    Type: IPv4 (0x0800)
    [Stream index: 0]
Internet Protocol Version 4, Src: 172.16.90.227, Dst: 151.101.65.164
    0100 .... = Version: 4
    .... 0101 = Header Length: 20 bytes (5)
    Differentiated Services Field: 0x00 (DSCP: CS0, ECN: Not-ECT)
        0000 00.. = Differentiated Services Codepoint: Default (0)
        .... ..00 = Explicit Congestion Notification: Not ECN-Capable Transport (0)
    Total Length: 1278
    Identification: 0x59fd (23037)
    010. .... = Flags: 0x2, Don't fragment
        0... .... = Reserved bit: Not set
        .1.. .... = Don't fragment: Set
        ..0. .... = More fragments: Not set
    ...0 0000 0000 0000 = Fragment Offset: 0
    Time to Live: 128
    Protocol: UDP (17)
    Header Checksum: 0x0000 [validation disabled]
    [Header checksum status: Unverified]
    Source Address: 172.16.90.227
    Destination Address: 151.101.65.164
    [Stream index: 0]
User Datagram Protocol, Src Port: 52244, Dst Port: 443
    Source Port: 52244
    Destination Port: 443
    Length: 1258
    Checksum: 0xe4f8 [unverified]
    [Checksum Status: Unverified]
    [Stream index: 0]
    [Stream Packet Number: 6]
    [Timestamps]
        [Time since first frame: 4.003141000 seconds]
        [Time since previous frame: 1.896956200 seconds]
    UDP payload (1250 bytes)
QUIC IETF
    QUIC Connection information
        [Connection Number: 0]
    [Packet Length: 1250]
    1... .... = Header Form: Long Header (1)
    .1.. .... = Fixed Bit: True
    ..00 .... = Packet Type: Initial (0)
    [.... 00.. = Reserved: 0]
    [.... ..01 = Packet Number Length: 2 bytes (1)]
    Version: 1 (0x00000001)
    Destination Connection ID Length: 8
    Destination Connection ID: 4e40295428aa5207
    Source Connection ID Length: 0
    Token Length: 0
    Length: 1232
    [Packet Number: 9]
    Payload […]: 3a3263f1754ffc5d80a6b97ab1c2a6bf9ee624211a5707b5e79d172eab8b207278b16aa85c2787b3ce871a1cd8141b0dfa13d34528d93ffb774989e1d3d856b2b3028a3aa1e0189eb7ae6b43678c3a7897277a33612f8c895e19639b63b6191f707e6f3826b88a8edcb467013d69570c
    CONNECTION_CLOSE (Transport) Error code: NO_ERROR
        Frame Type: CONNECTION_CLOSE (Transport) (0x000000000000001c)
        Error code: NO_ERROR (0)
        Frame Type: 0
        Reason phrase Length: 89
        Reason phrase: 25:No recent network activity after 4003153us. Timeout:4s num_undecryptable_packets: 0 {}
    PADDING Length: 1120
        Frame Type: PADDING (0x0000000000000000)
        [Padding Length: 1120]

Frame 114: Packet, 1292 bytes on wire (10336 bits), 1292 bytes captured (10336 bits) on interface \Device\NPF_{9B9257DC-FAC1-4993-B12F-136D7BA5E874}, id 0
    Section number: 1
    Interface id: 0 (\Device\NPF_{9B9257DC-FAC1-4993-B12F-136D7BA5E874})
        Interface name: \Device\NPF_{9B9257DC-FAC1-4993-B12F-136D7BA5E874}
        Interface description: Wi-Fi
    Encapsulation type: Ethernet (1)
    Arrival Time: Apr  9, 2026 19:48:44.467822200 India Standard Time
    UTC Arrival Time: Apr  9, 2026 14:18:44.467822200 UTC
    Epoch Arrival Time: 1775744324.467822200
    [Time shift for this packet: 0.000000000 seconds]
    [Time delta from previous captured frame: 22.656600 milliseconds]
    [Time delta from previous displayed frame: 22.656600 milliseconds]
    [Time since reference or first frame: 4.025797600 seconds]
    Frame Number: 114
    Frame Length: 1292 bytes (10336 bits)
    Capture Length: 1292 bytes (10336 bits)
    [Frame is marked: False]
    [Frame is ignored: False]
    [Protocols in frame: eth:ethertype:ip:udp:quic:tls:tls]
    Character encoding: ASCII (0)
Ethernet II, Src: 96:77:0b:05:d4:0b (96:77:0b:05:d4:0b), Dst: HewlettPacka_3a:cc:1d (28:92:4a:3a:cc:1d)
    Destination: HewlettPacka_3a:cc:1d (28:92:4a:3a:cc:1d)
        .... ..0. .... .... .... .... = LG bit: Globally unique address (factory default)
        .... ...0 .... .... .... .... = IG bit: Individual address (unicast)
    Source: 96:77:0b:05:d4:0b (96:77:0b:05:d4:0b)
        .... ..1. .... .... .... .... = LG bit: Locally administered address (this is NOT the factory default)
        .... ...0 .... .... .... .... = IG bit: Individual address (unicast)
    Type: IPv4 (0x0800)
    [Stream index: 0]
Internet Protocol Version 4, Src: 172.16.90.227, Dst: 23.202.229.23
    0100 .... = Version: 4
    .... 0101 = Header Length: 20 bytes (5)
    Differentiated Services Field: 0x00 (DSCP: CS0, ECN: Not-ECT)
        0000 00.. = Differentiated Services Codepoint: Default (0)
        .... ..00 = Explicit Congestion Notification: Not ECN-Capable Transport (0)
    Total Length: 1278
    Identification: 0xa980 (43392)
    010. .... = Flags: 0x2, Don't fragment
        0... .... = Reserved bit: Not set
        .1.. .... = Don't fragment: Set
        ..0. .... = More fragments: Not set
    ...0 0000 0000 0000 = Fragment Offset: 0
    Time to Live: 128
    Protocol: UDP (17)
    Header Checksum: 0x0000 [validation disabled]
    [Header checksum status: Unverified]
    Source Address: 172.16.90.227
    Destination Address: 23.202.229.23
    [Stream index: 2]
User Datagram Protocol, Src Port: 64501, Dst Port: 443
    Source Port: 64501
    Destination Port: 443
    Length: 1258
    Checksum: 0x08d1 [unverified]
    [Checksum Status: Unverified]
    [Stream index: 4]
    [Stream Packet Number: 1]
    [Timestamps]
        [Time since first frame: 0.000000000 seconds]
        [Time since previous frame: 0.000000000 seconds]
    UDP payload (1250 bytes)
QUIC IETF
    QUIC Connection information
        [Connection Number: 4]
    [Packet Length: 1250]
    1... .... = Header Form: Long Header (1)
    .1.. .... = Fixed Bit: True
    ..00 .... = Packet Type: Initial (0)
    [.... 00.. = Reserved: 0]
    [.... ..00 = Packet Number Length: 1 bytes (0)]
    Version: 1 (0x00000001)
    Destination Connection ID Length: 8
    Destination Connection ID: 6dcc9a1ef420291f
    Source Connection ID Length: 0
    Token Length: 50
    Token: 41a0f03e23764d82d70069d7b542000000c745a7953edb49118260b34020bbf918752990d00b9d98d1e3f595530dba714c1d
    Length: 1182
    [Packet Number: 1]
    Payload […]: e26ddb6cd650a53c053617c15ddc20431a2c2a9650f84682b59a7a70e6675bb365e2f04fbbb11f1a74db520f7be62867e988090766cd9f6dafa9ccae6d1940feaabb5d629d20bdb959cf340450aace52f0441311948c6fba7b67caff25206abaca2f6c81c24d427a00d8d484f913b449
    PING
        Frame Type: PING (0x0000000000000001)
    PING
        Frame Type: PING (0x0000000000000001)
    PADDING Length: 37
        Frame Type: PADDING (0x0000000000000000)
        [Padding Length: 37]
    PING
        Frame Type: PING (0x0000000000000001)
    PADDING Length: 3
        Frame Type: PADDING (0x0000000000000000)
        [Padding Length: 3]
    PING
        Frame Type: PING (0x0000000000000001)
    PADDING Length: 12
        Frame Type: PADDING (0x0000000000000000)
        [Padding Length: 12]
    CRYPTO
        Frame Type: CRYPTO (0x0000000000000006)
        Offset: 0
        Length: 2
        Crypto Data
        TLSv1.3 Record Layer: Handshake Protocol: Client Hello (fragment)
            Handshake Protocol: Client Hello (fragment)
    PADDING Length: 10
        Frame Type: PADDING (0x0000000000000000)
        [Padding Length: 10]
    PING
        Frame Type: PING (0x0000000000000001)
    PING
        Frame Type: PING (0x0000000000000001)
    PING
        Frame Type: PING (0x0000000000000001)
    CRYPTO
        Frame Type: CRYPTO (0x0000000000000006)
        Offset: 4
        Length: 71
        Crypto Data
    CRYPTO
        Frame Type: CRYPTO (0x0000000000000006)
        Offset: 2
        Length: 2
        Crypto Data
        [2 Reassembled QUIC CRYPTO Data Fragments (73 bytes): #114(2), #114(71)]
            [Frame: 114, payload: 0-1 (2 bytes)]
            [Frame: 114, payload: 2-72 (71 bytes)]
            [Fragment count: 2]
        TLSv1.3 Record Layer: Handshake Protocol: Client Hello (fragment)
            Handshake Protocol: Client Hello (fragment)
    CRYPTO
        Frame Type: CRYPTO (0x0000000000000006)
        Offset: 1130
        Length: 528
        Crypto Data
    PADDING Length: 16
        Frame Type: PADDING (0x0000000000000000)
        [Padding Length: 16]
    PING
        Frame Type: PING (0x0000000000000001)
    PADDING Length: 7
        Frame Type: PADDING (0x0000000000000000)
        [Padding Length: 7]
    PING
        Frame Type: PING (0x0000000000000001)
    CRYPTO
        Frame Type: CRYPTO (0x0000000000000006)
        Offset: 1658
        Length: 448
        Crypto Data

Frame 115: Packet, 1292 bytes on wire (10336 bits), 1292 bytes captured (10336 bits) on interface \Device\NPF_{9B9257DC-FAC1-4993-B12F-136D7BA5E874}, id 0
    Section number: 1
    Interface id: 0 (\Device\NPF_{9B9257DC-FAC1-4993-B12F-136D7BA5E874})
        Interface name: \Device\NPF_{9B9257DC-FAC1-4993-B12F-136D7BA5E874}
        Interface description: Wi-Fi
    Encapsulation type: Ethernet (1)
    Arrival Time: Apr  9, 2026 19:48:44.467870200 India Standard Time
    UTC Arrival Time: Apr  9, 2026 14:18:44.467870200 UTC
    Epoch Arrival Time: 1775744324.467870200
    [Time shift for this packet: 0.000000000 seconds]
    [Time delta from previous captured frame: 48.000 microseconds]
    [Time delta from previous displayed frame: 48.000 microseconds]
    [Time since reference or first frame: 4.025845600 seconds]
    Frame Number: 115
    Frame Length: 1292 bytes (10336 bits)
    Capture Length: 1292 bytes (10336 bits)
    [Frame is marked: False]
    [Frame is ignored: False]
    [Protocols in frame: eth:ethertype:ip:udp:quic:tls]
    Character encoding: ASCII (0)
Ethernet II, Src: 96:77:0b:05:d4:0b (96:77:0b:05:d4:0b), Dst: HewlettPacka_3a:cc:1d (28:92:4a:3a:cc:1d)
    Destination: HewlettPacka_3a:cc:1d (28:92:4a:3a:cc:1d)
        .... ..0. .... .... .... .... = LG bit: Globally unique address (factory default)
        .... ...0 .... .... .... .... = IG bit: Individual address (unicast)
    Source: 96:77:0b:05:d4:0b (96:77:0b:05:d4:0b)
        .... ..1. .... .... .... .... = LG bit: Locally administered address (this is NOT the factory default)
        .... ...0 .... .... .... .... = IG bit: Individual address (unicast)
    Type: IPv4 (0x0800)
    [Stream index: 0]
Internet Protocol Version 4, Src: 172.16.90.227, Dst: 23.202.229.23
    0100 .... = Version: 4
    .... 0101 = Header Length: 20 bytes (5)
    Differentiated Services Field: 0x00 (DSCP: CS0, ECN: Not-ECT)
        0000 00.. = Differentiated Services Codepoint: Default (0)
        .... ..00 = Explicit Congestion Notification: Not ECN-Capable Transport (0)
    Total Length: 1278
    Identification: 0xa981 (43393)
    010. .... = Flags: 0x2, Don't fragment
        0... .... = Reserved bit: Not set
        .1.. .... = Don't fragment: Set
        ..0. .... = More fragments: Not set
    ...0 0000 0000 0000 = Fragment Offset: 0
    Time to Live: 128
    Protocol: UDP (17)
    Header Checksum: 0x0000 [validation disabled]
    [Header checksum status: Unverified]
    Source Address: 172.16.90.227
    Destination Address: 23.202.229.23
    [Stream index: 2]
User Datagram Protocol, Src Port: 64501, Dst Port: 443
    Source Port: 64501
    Destination Port: 443
    Length: 1258
    Checksum: 0x08d1 [unverified]
    [Checksum Status: Unverified]
    [Stream index: 4]
    [Stream Packet Number: 2]
    [Timestamps]
        [Time since first frame: 48.000 microseconds]
        [Time since previous frame: 48.000 microseconds]
    UDP payload (1250 bytes)
QUIC IETF
    QUIC Connection information
        [Connection Number: 4]
    [Packet Length: 1250]
    1... .... = Header Form: Long Header (1)
    .1.. .... = Fixed Bit: True
    ..00 .... = Packet Type: Initial (0)
    [.... 00.. = Reserved: 0]
    [.... ..01 = Packet Number Length: 2 bytes (1)]
    Version: 1 (0x00000001)
    Destination Connection ID Length: 8
    Destination Connection ID: 6dcc9a1ef420291f
    Source Connection ID Length: 0
    Token Length: 50
    Token: 41a0f03e23764d82d70069d7b542000000c745a7953edb49118260b34020bbf918752990d00b9d98d1e3f595530dba714c1d
    Length: 1182
    [Packet Number: 2]
    Payload […]: a453638e9e41cbc71f8ec2dfa983c8a229f4f658dabfd5d1e60eb2e8c1b004629e14c3d78ef0417f2d30644f4efa6533de781bc8f29255bb369fff5df968c390a6a737dee0f8e1f0c7fdee7086087d51e2ab781f2213c04c408505a0e85a7c65caf11a7614b377b134ea8a1c7638228a
    PING
        Frame Type: PING (0x0000000000000001)
    PADDING Length: 23
        Frame Type: PADDING (0x0000000000000000)
        [Padding Length: 23]
    PING
        Frame Type: PING (0x0000000000000001)
    CRYPTO
        Frame Type: CRYPTO (0x0000000000000006)
        Offset: 75
        Length: 37
        Crypto Data
    PADDING Length: 38
        Frame Type: PADDING (0x0000000000000000)
        [Padding Length: 38]
    PING
        Frame Type: PING (0x0000000000000001)
    PADDING Length: 13
        Frame Type: PADDING (0x0000000000000000)
        [Padding Length: 13]
    CRYPTO
        Frame Type: CRYPTO (0x0000000000000006)
        Offset: 636
        Length: 494
        Crypto Data
    CRYPTO
        Frame Type: CRYPTO (0x0000000000000006)
        Offset: 112
        Length: 123
        Crypto Data
    PING
        Frame Type: PING (0x0000000000000001)
    PADDING Length: 1
        Frame Type: PADDING (0x0000000000000000)
        [Padding Length: 1]
    PING
        Frame Type: PING (0x0000000000000001)
    PADDING Length: 3
        Frame Type: PADDING (0x0000000000000000)
        [Padding Length: 3]
    CRYPTO
        Frame Type: CRYPTO (0x0000000000000006)
        Offset: 408
        Length: 228
        Crypto Data
    PING
        Frame Type: PING (0x0000000000000001)
    CRYPTO
        Frame Type: CRYPTO (0x0000000000000006)
        Offset: 235
        Length: 173
        Crypto Data
        [7 Reassembled QUIC CRYPTO Data Fragments (2031 bytes): #115(37), #115(123), #115(173), #115(228), #115(494), #114(528), #114(448)]
            [Frame: 115, payload: 0-36 (37 bytes)]
            [Frame: 115, payload: 37-159 (123 bytes)]
            [Frame: 115, payload: 160-332 (173 bytes)]
            [Frame: 115, payload: 333-560 (228 bytes)]
            [Frame: 115, payload: 561-1054 (494 bytes)]
            [Frame: 114, payload: 1055-1582 (528 bytes)]
            [Frame: 114, payload: 1583-2030 (448 bytes)]
            [Fragment count: 7]
        TLSv1.3 Record Layer: Handshake Protocol: Client Hello
            Handshake Protocol: Client Hello (last fragment)
            [3 Reassembled Handshake Fragments (2106 bytes): #114(2), #114(73), #115(2031)]
                [Frame: 114, payload: 0-1 (2 bytes)]
                [Frame: 114, payload: 2-74 (73 bytes)]
                [Frame: 115, payload: 75-2105 (2031 bytes)]
                [Handshake Fragment count: 3]
            Handshake Protocol: Client Hello
                Handshake Type: Client Hello (1)
                Length: 2102
                Version: TLS 1.2 (0x0303)
                    [Expert Info (Chat/Deprecated): This legacy_version field MUST be ignored. The supported_versions extension is present and MUST be used instead.]
                        [This legacy_version field MUST be ignored. The supported_versions extension is present and MUST be used instead.]
                        [Severity level: Chat]
                        [Group: Deprecated]
                Random: 8367cae9ab805b0e0b8ff5518c865ecebb6717eceea9791102e0b3850562cd8c
                Session ID Length: 0
                Cipher Suites Length: 6
                Cipher Suites (3 suites)
                    Cipher Suite: TLS_AES_128_GCM_SHA256 (0x1301)
                    Cipher Suite: TLS_AES_256_GCM_SHA384 (0x1302)
                    Cipher Suite: TLS_CHACHA20_POLY1305_SHA256 (0x1303)
                Compression Methods Length: 1
                Compression Methods (1 method)
                    Compression Method: null (0)
                Extensions Length: 2055
                Extension: application_settings (len=5)
                    Type: application_settings (17613)
                    Length: 5
                    ALPS Extension Length: 3
                    Supported ALPN List
                        Supported ALPN Length: 2
                        Supported ALPN: h3
                Extension: supported_versions (len=3) TLS 1.3
                    Type: supported_versions (43)
                    Length: 3
                    Supported Versions length: 2
                    Supported Version: TLS 1.3 (0x0304)
                Extension: supported_groups (len=10)
                    Type: supported_groups (10)
                    Length: 10
                    Supported Groups List Length: 8
                    Supported Groups (4 groups)
                        Supported Group: X25519MLKEM768 (0x11ec)
                        Supported Group: x25519 (0x001d)
                        Supported Group: secp256r1 (0x0017)
                        Supported Group: secp384r1 (0x0018)
                Extension: server_name (len=17) name=www.bing.com
                    Type: server_name (0)
                    Length: 17
                    Server Name Indication extension
                        Server Name list length: 15
                        Server Name Type: host_name (0)
                        Server Name length: 12
                        Server Name: www.bing.com
                Extension: key_share (len=1258) X25519MLKEM768, x25519
                    Type: key_share (51)
                    Length: 1258
                    Key Share extension
                        Client Key Share Length: 1256
                        Key Share Entry: Group: X25519MLKEM768, Key Exchange length: 1216
                            Group: X25519MLKEM768 (4588)
                            Key Exchange Length: 1216
                            Key Exchange […]: 794a963837330d948d5be2aedcd1713e49c9b7a63429640196302c963953a51c8e8a544cf1062bf471367d84629764a1a78b7adc8c0035344f74592622760e1a31a525575daf5370c6795182c517e79a01f6c7c4d719402272aa50875df2232a31fa38e0c874b888846b85bd7d1
                        Key Share Entry: Group: x25519, Key Exchange length: 32
                            Group: x25519 (29)
                            Key Exchange Length: 32
                            Key Exchange: b565f6cc9124965fac6bc10cb5ffbd66a41fcb5508cb3e9c4ce59622edc92102
                Extension: compress_certificate (len=3)
                    Type: compress_certificate (27)
                    Length: 3
                    Algorithms Length: 2
                    Algorithm: brotli (2)
                Extension: application_layer_protocol_negotiation (len=5)
                    Type: application_layer_protocol_negotiation (16)
                    Length: 5
                    ALPN Extension Length: 3
                    ALPN Protocol
                        ALPN string length: 2
                        ALPN Next Protocol: h3
                Extension: quic_transport_parameters (len=87)
                    Type: quic_transport_parameters (57)
                    Length: 87
                    Parameter: initial_max_stream_data_bidi_remote (len=4) 6291456
                        Type: initial_max_stream_data_bidi_remote (0x06)
                        Length: 4
                        Value: 80600000
                        initial_max_stream_data_bidi_remote: 6291456
                    Parameter: initial_max_stream_data_uni (len=4) 6291456
                        Type: initial_max_stream_data_uni (0x07)
                        Length: 4
                        Value: 80600000
                        initial_max_stream_data_uni: 6291456
                    Parameter: google_connection_options (len=4)
                        Type: google_connection_options (0x3128)
                        Length: 4
                        Value: 45434350
                        Google Connection options: 45434350
                    Parameter: max_idle_timeout (len=4) 30000 ms
                        Type: max_idle_timeout (0x01)
                        Length: 4
                        Value: 80007530
                        max_idle_timeout: 30000
                    Parameter: initial_max_streams_bidi (len=2) 100
                        Type: initial_max_streams_bidi (0x08)
                        Length: 2
                        Value: 4064
                        initial_max_streams_bidi: 100
                    Parameter: version_information (len=12)
                        Type: version_information (0x11)
                        Length: 12
                        Value: 00000001fa3a8a3a00000001
                        Chosen Version: 1 (0x00000001)
                        Other Version: Unknown (0xfa3a8a3a) (GREASE)
                        Other Version: 1 (0x00000001)
                    Parameter: max_udp_payload_size (len=2) 1472
                        Type: max_udp_payload_size (0x03)
                        Length: 2
                        Value: 45c0
                        max_udp_payload_size: 1472
                    Parameter: initial_max_data (len=4) 15728640
                        Type: initial_max_data (0x04)
                        Length: 4
                        Value: 80f00000
                        initial_max_data: 15728640
                    Parameter: initial_max_streams_uni (len=2) 103
                        Type: initial_max_streams_uni (0x09)
                        Length: 2
                        Value: 4067
                        initial_max_streams_uni: 103
                    Parameter: initial_max_stream_data_bidi_local (len=4) 6291456
                        Type: initial_max_stream_data_bidi_local (0x05)
                        Length: 4
                        Value: 80600000
                        initial_max_stream_data_bidi_local: 6291456
                    Parameter: GREASE (len=2)
                        Type: GREASE (0x1f3286a1fd7d527e)
                        Length: 2
                        Value: 3287
                    Parameter: max_datagram_frame_size (len=4) 65536
                        Type: max_datagram_frame_size (0x20)
                        Length: 4
                        Value: 80010000
                        max_datagram_frame_size: 65536
                    Parameter: initial_source_connection_id (len=0)
                        Type: initial_source_connection_id (0x0f)
                        Length: 0
                        Initial Source Connection ID: <MISSING>
                    Parameter: google_initial_rtt (len=2) 7283 us
                        Type: google_initial_rtt (0x3127)
                        Length: 2
                        Value: 5c73
                        Google Initial RTT: 7283
                Extension: psk_key_exchange_modes (len=2)
                    Type: psk_key_exchange_modes (45)
                    Length: 2
                    PSK Key Exchange Modes Length: 1
                    PSK Key Exchange Mode: PSK with (EC)DHE key establishment (psk_dhe_ke) (1)
                Extension: signature_algorithms (len=20)
                    Type: signature_algorithms (13)
                    Length: 20
                    Signature Hash Algorithms Length: 18
                    Signature Hash Algorithms (9 algorithms)
                        Signature Algorithm: ecdsa_secp256r1_sha256 (0x0403)
                            Signature Hash Algorithm Hash: SHA256 (4)
                            Signature Hash Algorithm Signature: ECDSA (3)
                        Signature Algorithm: rsa_pss_rsae_sha256 (0x0804)
                            Signature Hash Algorithm Hash: Unknown (8)
                            Signature Hash Algorithm Signature: Unknown (4)
                        Signature Algorithm: rsa_pkcs1_sha256 (0x0401)
                            Signature Hash Algorithm Hash: SHA256 (4)
                            Signature Hash Algorithm Signature: RSA (1)
                        Signature Algorithm: ecdsa_secp384r1_sha384 (0x0503)
                            Signature Hash Algorithm Hash: SHA384 (5)
                            Signature Hash Algorithm Signature: ECDSA (3)
                        Signature Algorithm: rsa_pss_rsae_sha384 (0x0805)
                            Signature Hash Algorithm Hash: Unknown (8)
                            Signature Hash Algorithm Signature: Unknown (5)
                        Signature Algorithm: rsa_pkcs1_sha384 (0x0501)
                            Signature Hash Algorithm Hash: SHA384 (5)
                            Signature Hash Algorithm Signature: RSA (1)
                        Signature Algorithm: rsa_pss_rsae_sha512 (0x0806)
                            Signature Hash Algorithm Hash: Unknown (8)
                            Signature Hash Algorithm Signature: Unknown (6)
                        Signature Algorithm: rsa_pkcs1_sha512 (0x0601)
                            Signature Hash Algorithm Hash: SHA512 (6)
                            Signature Hash Algorithm Signature: RSA (1)
                        Signature Algorithm: rsa_pkcs1_sha1 (0x0201)
                            Signature Hash Algorithm Hash: SHA1 (2)
                            Signature Hash Algorithm Signature: RSA (1)
                Extension: encrypted_client_hello (len=282)
                    Type: encrypted_client_hello (65037)
                    Length: 282
                    Client Hello type: Outer Client Hello (0)
                    Cipher Suite: HKDF-SHA256/AES-128-GCM
                        KDF Id: HKDF-SHA256 (1)
                        AEAD Id: AES-128-GCM (1)
                    Config Id: 126
                    Enc length: 32
                    Enc: df6ff51a0d83f3231df8b3bf4a36fee21f69f7abe3e3fbfda57c5a3be12a7b71
                    Payload length: 240
                    Payload […]: d455d668817af950311df59785722788fe6fb4fd3fb84ba7821a3db3ae2679300dc2d059e9e52429264a158126ac84dbaf7055dcf599e8f5d175f2e54ab8d1389cfcb3e96dbb8376520547a57254e8d671dfe8e022e9be4e44c10903f59d59a0b06683275628d45b8eb37b16c3cf2e18
                Extension: pre_shared_key (len=315)
                    Type: pre_shared_key (41)
                    Length: 315
                    Pre-Shared Key extension
                        Identities Length: 262
                        PSK Identity (length: 256)
                            Identity Length: 256
                            Identity […]: 0001511fe970b1d1d2a902b4a7905e9a50e7c8f1dada1acc661fc9f9b2086a55c2493ae817173f6b63ae1a9f0d6e44c95e7ca0cf53c182619bd8c9df8a0a08387a7b11aad045040da84526d4a107f06ca65d82ad82c6fbed7b3233b5be41fb1e8b50164fd72548d4f628e746f97a599
                            Obfuscated Ticket Age: 116611420
                        PSK Binders length: 49
                        PSK Binders
                            PSK Binder (length: 48)
                                Binder Length: 48
                                Binder: 4399b2f6a961b1bbde588738c303c592396435cb5063ac074b3948cf1f781d55974e18c653aa40e8fd7a49b9f8d99178
                [JA4: q13d0312h3_55b375c5d22e_5a06198afb93]
                [JA4_r: q13d0312h3_1301,1302,1303_000a,000d,001b,0029,002b,002d,0033,0039,44cd,fe0d_0403,0804,0401,0503,0805,0501,0806,0601,0201]
                [JA3 Fullstring: 771,4865-4866-4867,17613-43-10-0-51-27-16-57-45-13-65037-41,4588-29-23-24,]
                [JA3: 02a137faa1a011c407a70ba2a75a41de]
    PING
        Frame Type: PING (0x0000000000000001)

Frame 116: Packet, 1292 bytes on wire (10336 bits), 1292 bytes captured (10336 bits) on interface \Device\NPF_{9B9257DC-FAC1-4993-B12F-136D7BA5E874}, id 0
    Section number: 1
    Interface id: 0 (\Device\NPF_{9B9257DC-FAC1-4993-B12F-136D7BA5E874})
        Interface name: \Device\NPF_{9B9257DC-FAC1-4993-B12F-136D7BA5E874}
        Interface description: Wi-Fi
    Encapsulation type: Ethernet (1)
    Arrival Time: Apr  9, 2026 19:48:44.498791200 India Standard Time
    UTC Arrival Time: Apr  9, 2026 14:18:44.498791200 UTC
    Epoch Arrival Time: 1775744324.498791200
    [Time shift for this packet: 0.000000000 seconds]
    [Time delta from previous captured frame: 30.921000 milliseconds]
    [Time delta from previous displayed frame: 30.921000 milliseconds]
    [Time since reference or first frame: 4.056766600 seconds]
    Frame Number: 116
    Frame Length: 1292 bytes (10336 bits)
    Capture Length: 1292 bytes (10336 bits)
    [Frame is marked: False]
    [Frame is ignored: False]
    [Protocols in frame: eth:ethertype:ip:udp:quic]
    Character encoding: ASCII (0)
Ethernet II, Src: 96:77:0b:05:d4:0b (96:77:0b:05:d4:0b), Dst: HewlettPacka_3a:cc:1d (28:92:4a:3a:cc:1d)
    Destination: HewlettPacka_3a:cc:1d (28:92:4a:3a:cc:1d)
        .... ..0. .... .... .... .... = LG bit: Globally unique address (factory default)
        .... ...0 .... .... .... .... = IG bit: Individual address (unicast)
    Source: 96:77:0b:05:d4:0b (96:77:0b:05:d4:0b)
        .... ..1. .... .... .... .... = LG bit: Locally administered address (this is NOT the factory default)
        .... ...0 .... .... .... .... = IG bit: Individual address (unicast)
    Type: IPv4 (0x0800)
    [Stream index: 0]
Internet Protocol Version 4, Src: 172.16.90.227, Dst: 23.202.229.23
    0100 .... = Version: 4
    .... 0101 = Header Length: 20 bytes (5)
    Differentiated Services Field: 0x00 (DSCP: CS0, ECN: Not-ECT)
        0000 00.. = Differentiated Services Codepoint: Default (0)
        .... ..00 = Explicit Congestion Notification: Not ECN-Capable Transport (0)
    Total Length: 1278
    Identification: 0xa982 (43394)
    010. .... = Flags: 0x2, Don't fragment
        0... .... = Reserved bit: Not set
        .1.. .... = Don't fragment: Set
        ..0. .... = More fragments: Not set
    ...0 0000 0000 0000 = Fragment Offset: 0
    Time to Live: 128
    Protocol: UDP (17)
    Header Checksum: 0x0000 [validation disabled]
    [Header checksum status: Unverified]
    Source Address: 172.16.90.227
    Destination Address: 23.202.229.23
    [Stream index: 2]
User Datagram Protocol, Src Port: 64501, Dst Port: 443
    Source Port: 64501
    Destination Port: 443
    Length: 1258
    Checksum: 0x08d1 [unverified]
    [Checksum Status: Unverified]
    [Stream index: 4]
    [Stream Packet Number: 3]
    [Timestamps]
        [Time since first frame: 30.969000 milliseconds]
        [Time since previous frame: 30.921000 milliseconds]
    UDP payload (1250 bytes)
QUIC IETF
    QUIC Connection information
        [Connection Number: 4]
    [Packet Length: 1250]
    1... .... = Header Form: Long Header (1)
    .1.. .... = Fixed Bit: True
    ..00 .... = Packet Type: Initial (0)
    [.... 00.. = Reserved: 0]
    [.... ..00 = Packet Number Length: 1 bytes (0)]
    Version: 1 (0x00000001)
    Destination Connection ID Length: 8
    Destination Connection ID: 6dcc9a1ef420291f
    Source Connection ID Length: 0
    Token Length: 50
    Token: 41a0f03e23764d82d70069d7b542000000c745a7953edb49118260b34020bbf918752990d00b9d98d1e3f595530dba714c1d
    Length: 1182
    [Packet Number: 4]
    Payload […]: 87fdd2fe12a1a04f4f68b5b8a622b274986589ad68bb8185fb5ac95273587fb75cc32ada2d02ffa68fff9cda2391d62df79d761760a7b56726eb27de2bdaac07a2a5f4ee2d1fe6c0690508b65b10f921758504c46177d28fcd5330420c4e9f3cb1214b39e457c8daf08f688ab2c69463
    PING
        Frame Type: PING (0x0000000000000001)
    PADDING Length: 7
        Frame Type: PADDING (0x0000000000000000)
        [Padding Length: 7]
    PING
        Frame Type: PING (0x0000000000000001)
    PING
        Frame Type: PING (0x0000000000000001)
    CRYPTO
        Frame Type: CRYPTO (0x0000000000000006)
        Offset: 1547
        Length: 313
        Crypto Data
        This QUIC frame has a reused stream offset (retransmission?)
            [Expert Info (Note/Sequence): This QUIC frame has a reused stream offset (retransmission?)]
                [This QUIC frame has a reused stream offset (retransmission?)]
                [Severity level: Note]
                [Group: Sequence]
    PING
        Frame Type: PING (0x0000000000000001)
    PING
        Frame Type: PING (0x0000000000000001)
    PING
        Frame Type: PING (0x0000000000000001)
    PADDING Length: 65
        Frame Type: PADDING (0x0000000000000000)
        [Padding Length: 65]
    PING
        Frame Type: PING (0x0000000000000001)
    PADDING Length: 14
        Frame Type: PADDING (0x0000000000000000)
        [Padding Length: 14]
    PING
        Frame Type: PING (0x0000000000000001)
    PING
        Frame Type: PING (0x0000000000000001)
    CRYPTO
        Frame Type: CRYPTO (0x0000000000000006)
        Offset: 0
        Length: 75
        Crypto Data
        This QUIC frame has a reused stream offset (retransmission?)
            [Expert Info (Note/Sequence): This QUIC frame has a reused stream offset (retransmission?)]
                [This QUIC frame has a reused stream offset (retransmission?)]
                [Severity level: Note]
                [Group: Sequence]
    CRYPTO
        Frame Type: CRYPTO (0x0000000000000006)
        Offset: 1860
        Length: 246
        Crypto Data
        This QUIC frame has a reused stream offset (retransmission?)
            [Expert Info (Note/Sequence): This QUIC frame has a reused stream offset (retransmission?)]
                [This QUIC frame has a reused stream offset (retransmission?)]
                [Severity level: Note]
                [Group: Sequence]
    CRYPTO
        Frame Type: CRYPTO (0x0000000000000006)
        Offset: 1130
        Length: 417
        Crypto Data
        This QUIC frame has a reused stream offset (retransmission?)
            [Expert Info (Note/Sequence): This QUIC frame has a reused stream offset (retransmission?)]
                [This QUIC frame has a reused stream offset (retransmission?)]
                [Severity level: Note]
                [Group: Sequence]

Frame 117: Packet, 1286 bytes on wire (10288 bits), 1286 bytes captured (10288 bits) on interface \Device\NPF_{9B9257DC-FAC1-4993-B12F-136D7BA5E874}, id 0
    Section number: 1
    Interface id: 0 (\Device\NPF_{9B9257DC-FAC1-4993-B12F-136D7BA5E874})
        Interface name: \Device\NPF_{9B9257DC-FAC1-4993-B12F-136D7BA5E874}
        Interface description: Wi-Fi
    Encapsulation type: Ethernet (1)
    Arrival Time: Apr  9, 2026 19:48:44.538423100 India Standard Time
    UTC Arrival Time: Apr  9, 2026 14:18:44.538423100 UTC
    Epoch Arrival Time: 1775744324.538423100
    [Time shift for this packet: 0.000000000 seconds]
    [Time delta from previous captured frame: 39.631900 milliseconds]
    [Time delta from previous displayed frame: 39.631900 milliseconds]
    [Time since reference or first frame: 4.096398500 seconds]
    Frame Number: 117
    Frame Length: 1286 bytes (10288 bits)
    Capture Length: 1286 bytes (10288 bits)
    [Frame is marked: False]
    [Frame is ignored: False]
    [Protocols in frame: eth:ethertype:ip:udp:data]
    Character encoding: ASCII (0)
Ethernet II, Src: 96:77:0b:05:d4:0b (96:77:0b:05:d4:0b), Dst: HewlettPacka_3a:cc:1d (28:92:4a:3a:cc:1d)
    Destination: HewlettPacka_3a:cc:1d (28:92:4a:3a:cc:1d)
        .... ..0. .... .... .... .... = LG bit: Globally unique address (factory default)
        .... ...0 .... .... .... .... = IG bit: Individual address (unicast)
    Source: 96:77:0b:05:d4:0b (96:77:0b:05:d4:0b)
        .... ..1. .... .... .... .... = LG bit: Locally administered address (this is NOT the factory default)
        .... ...0 .... .... .... .... = IG bit: Individual address (unicast)
    Type: IPv4 (0x0800)
    [Stream index: 0]
Internet Protocol Version 4, Src: 172.16.90.227, Dst: 151.101.130.214
    0100 .... = Version: 4
    .... 0101 = Header Length: 20 bytes (5)
    Differentiated Services Field: 0x00 (DSCP: CS0, ECN: Not-ECT)
        0000 00.. = Differentiated Services Codepoint: Default (0)
        .... ..00 = Explicit Congestion Notification: Not ECN-Capable Transport (0)
    Total Length: 1272
    Identification: 0x4e6c (20076)
    010. .... = Flags: 0x2, Don't fragment
        0... .... = Reserved bit: Not set
        .1.. .... = Don't fragment: Set
        ..0. .... = More fragments: Not set
    ...0 0000 0000 0000 = Fragment Offset: 0
    Time to Live: 128
    Protocol: UDP (17)
    Header Checksum: 0x0000 [validation disabled]
    [Header checksum status: Unverified]
    Source Address: 172.16.90.227
    Destination Address: 151.101.130.214
    [Stream index: 3]
User Datagram Protocol, Src Port: 51051, Dst Port: 443
    Source Port: 51051
    Destination Port: 443
    Length: 1252
    Checksum: 0x2625 [unverified]
    [Checksum Status: Unverified]
    [Stream index: 5]
    [Stream Packet Number: 1]
    [Timestamps]
        [Time since first frame: 0.000000000 seconds]
        [Time since previous frame: 0.000000000 seconds]
    UDP payload (1244 bytes)
Data (1244 bytes)

0000  4a a8 37 ed 43 e7 bf d2 34 da 87 44 81 7d 88 99   J.7.C...4..D.}..
0010  fe fe 35 c7 68 cb 7c 91 48 c0 38 74 d2 1d 9a 1b   ..5.h.|.H.8t....
0020  c8 63 dd e4 d3 8f 00 70 8c db 58 8f ca b8 75 ad   .c.....p..X...u.
0030  02 09 d0 9c 71 66 4f c7 23 9c 08 de 57 a5 d2 9b   ....qfO.#...W...
0040  91 22 57 13 85 36 e4 d4 43 ee e4 32 cb 0d 7e 9b   ."W..6..C..2..~.
0050  ed e7 00 d3 a7 d8 8b fc d8 84 06 b1 39 27 06 4f   ............9'.O
0060  a4 f4 60 c5 1f 5f 25 75 e1 bb b7 d2 06 47 07 89   ..`.._%u.....G..
0070  d1 24 26 b5 bc bc ab 51 db 80 55 6e 6b 20 22 06   .$&....Q..Unk ".
0080  3f ed 95 a3 cb 5e ea 71 97 43 f9 b6 34 22 bc ea   ?....^.q.C..4"..
0090  8f 1f 3e cf d3 24 98 a7 23 64 29 1e 6d ea 2c f8   ..>..$..#d).m.,.
00a0  9e 77 2b 76 8c 1c 22 2f 14 ff 03 2c da 9f 90 40   .w+v.."/...,...@
00b0  eb 0a b1 94 fa e1 09 4e 6c 41 65 27 58 b2 80 6f   .......NlAe'X..o
00c0  e4 f2 ed 84 eb 26 3b f7 51 2c f2 1a 59 86 2d b1   .....&;.Q,..Y.-.
00d0  7f 08 cf 08 17 69 1a 4b fc 66 68 12 7e 0c 54 36   .....i.K.fh.~.T6
00e0  1c a2 28 d1 a6 f4 6c 99 2b ff c1 b7 22 35 e9 4a   ..(...l.+..."5.J
00f0  75 01 ea ab 08 2a c4 2e eb f7 d7 38 cb 60 06 06   u....*.....8.`..
0100  04 f8 01 93 f9 30 ee 42 aa 4c 66 b7 87 3b 64 27   .....0.B.Lf..;d'
0110  ab b8 a9 a7 3f e8 45 b7 a3 74 bb 3c 6c fc c9 ec   ....?.E..t.<l...
0120  4e 79 d5 19 42 5a 5f b6 20 ac b4 e4 2f ef 7c e5   Ny..BZ_. .../.|.
0130  c6 f2 eb 17 b7 44 0d 4e e1 2c 29 92 45 c2 c3 38   .....D.N.,).E..8
0140  89 74 6d f5 db 07 7c c3 96 18 4a fb 95 16 94 b3   .tm...|...J.....
0150  b8 95 c7 91 35 8a 78 4b b1 fe 03 20 c9 cb fb cb   ....5.xK... ....
0160  b2 fe cb 98 26 aa 6d f9 7e 59 f4 6b 89 6d 19 50   ....&.m.~Y.k.m.P
0170  eb 8e a8 70 f7 74 81 c6 13 77 92 ea 60 36 3f c8   ...p.t...w..`6?.
0180  be 1c 67 7e 6c 40 e8 e2 52 9c 94 91 8b 85 28 db   ..g~l@..R.....(.
0190  ce 1d 51 fc 12 a7 c2 01 72 83 97 fc e3 2e 4d 54   ..Q.....r.....MT
01a0  55 51 7c 9d 7f 1d a3 31 76 8e 82 44 a7 71 2b 26   UQ|....1v..D.q+&
01b0  50 c7 81 8d a0 a9 24 c6 70 50 3e b3 1f 47 df ea   P.....$.pP>..G..
01c0  db cd 49 7e 99 29 1e 9f 3a 77 7f bb ea 54 10 47   ..I~.)..:w...T.G
01d0  af 86 eb cc ac fb 9d ce d0 73 7a 35 d1 8c 12 1a   .........sz5....
01e0  cf c2 88 59 3f 9f 45 cb f0 76 01 8a 09 1b fc 2d   ...Y?.E..v.....-
01f0  00 8f fc ce ea 1e d9 c1 96 83 5f 34 43 f9 19 5c   .........._4C..\
0200  b6 d7 f3 b9 e9 62 29 99 30 90 35 f8 36 05 4a d8   .....b).0.5.6.J.
0210  aa a0 d2 37 32 7d 72 88 5b 23 24 45 57 ee 0b a9   ...72}r.[#$EW...
0220  ab d4 5e 33 c4 21 63 e5 b4 53 b9 90 be 6e 0c 03   ..^3.!c..S...n..
0230  bb d1 9c dc 82 17 5b 78 d2 80 0d 25 65 f5 82 ab   ......[x...%e...
0240  27 24 75 b2 6f 27 04 be 50 95 aa e5 f8 08 ea e1   '$u.o'..P.......
0250  c0 27 39 4f f2 0b 2e 28 3c e4 1c 58 ba 7f 08 4d   .'9O...(<..X...M
0260  ce e7 c1 6b 52 b8 e6 0c 8c d9 82 9e 29 d9 39 78   ...kR.......).9x
0270  c3 0c 09 4e 5c 3e cf a3 33 5d 3e 3b 48 54 a0 5b   ...N\>..3]>;HT.[
0280  ca 06 d3 ec 0d 08 69 e7 e3 28 7a 4b bb fa d7 03   ......i..(zK....
0290  86 19 51 dc 9f 43 78 2a 77 38 b5 e9 1b e6 f7 df   ..Q..Cx*w8......
02a0  56 2f ce d6 65 1a 8d 61 a9 1f cb cb f6 10 1a c9   V/..e..a........
02b0  6d d6 48 cd 9a 0d c6 cc 77 02 75 56 59 2f 5c 70   m.H.....w.uVY/\p
02c0  0d 67 d0 c4 8f 18 b6 0d da 45 95 23 d6 06 2c ed   .g.......E.#..,.
02d0  4a 95 51 fd d7 df d8 8c e6 04 e7 88 54 6e 87 84   J.Q.........Tn..
02e0  3f 24 5c 4b a9 ca d7 7a 87 58 73 02 63 02 ff 87   ?$\K...z.Xs.c...
02f0  23 85 a3 83 f1 ea 63 9c 74 52 74 39 8d 54 54 b5   #.....c.tRt9.TT.
0300  6b 21 07 7f 55 2c 06 b1 4b c3 e2 86 ce c7 f5 c0   k!..U,..K.......
0310  75 a8 87 f1 94 8b 25 8a 46 05 a0 b4 46 15 fd 3b   u.....%.F...F..;
0320  8b bc b8 d8 c2 21 97 ee fe 60 ec 78 76 6d 69 ba   .....!...`.xvmi.
0330  42 7c 58 d0 f3 43 ab d5 4f c8 aa 14 ea d7 b7 a2   B|X..C..O.......
0340  ea bb 3e e9 af 10 8e 3f c6 f6 45 29 cc b4 19 c1   ..>....?..E)....
0350  49 29 fa ca d0 0b b2 b1 a7 5f 10 e6 32 2f 00 ec   I)......._..2/..
0360  73 10 7c 5f 14 53 3b ed 5c 59 37 3c e8 16 16 29   s.|_.S;.\Y7<...)
0370  c6 4a 01 fc 97 db e5 ae 37 51 60 45 12 24 38 f7   .J......7Q`E.$8.
0380  3c 43 80 05 8a c9 57 8a 04 40 53 ac 75 2b 95 eb   <C....W..@S.u+..
0390  47 e8 5e ba 5f 0a b0 d0 01 57 63 83 f2 86 65 b0   G.^._....Wc...e.
03a0  db 12 08 fd 48 81 1a 04 26 93 a7 46 28 8d 5f 00   ....H...&..F(._.
03b0  4a d2 d1 88 df b3 97 c5 92 03 26 b8 49 2c 56 0d   J.........&.I,V.
03c0  fd 02 45 44 ab b2 7c 3c 70 37 82 c4 29 70 1e 52   ..ED..|<p7..)p.R
03d0  64 54 b7 2f 6e eb ca 8e 73 79 06 9d 1f 37 d6 a5   dT./n...sy...7..
03e0  17 ba 25 35 18 67 54 38 55 1d 59 05 1c f8 58 6c   ..%5.gT8U.Y...Xl
03f0  f7 3c b8 1e 3c d4 2d af dd d7 e5 d7 58 5c a0 24   .<..<.-.....X\.$
0400  0b d5 d5 94 05 18 d5 b7 a4 e2 94 d4 36 a5 be 93   ............6...
0410  09 18 39 bf d3 40 44 0d 7c a0 a7 92 65 4d ee fd   ..9..@D.|...eM..
0420  7f f5 16 ec fd 0c 4f 9c 2a 91 e4 71 75 8f fa 8b   ......O.*..qu...
0430  05 1d 8a aa 08 33 01 07 c3 c7 d3 ef 5b d7 90 f4   .....3......[...
0440  41 c6 3e 6e c2 5c 4b ad c1 d9 5f d2 13 2c 9b b2   A.>n.\K..._..,..
0450  d0 26 a5 a4 be 9e 7b bd a6 27 a8 92 f5 d6 d1 e0   .&....{..'......
0460  f5 cd 63 a3 3b c2 40 65 f2 ee ff 38 ac 82 4f 52   ..c.;.@e...8..OR
0470  96 85 33 e2 e0 51 6c 4a d0 a7 85 33 89 a3 02 cd   ..3..QlJ...3....
0480  95 04 0b 55 28 03 8a ec 60 3f 3a 12 60 d5 b8 57   ...U(...`?:.`..W
0490  dd 41 35 0d 16 9a 6d dd d0 d9 cc d6 42 52 6c 27   .A5...m.....BRl'
04a0  aa cd c7 06 aa b4 96 77 49 97 7b 42 0f a7 f5 78   .......wI.{B...x
04b0  61 f3 57 25 b1 dc 44 46 9d 26 02 ce 8b d0 f8 5b   a.W%..DF.&.....[
04c0  91 32 b6 03 b7 66 7c bf 45 44 fd 23 23 cd 4f b6   .2...f|.ED.##.O.
04d0  e4 08 2d c6 77 26 d8 07 dc 50 04 f8               ..-.w&...P..
    Data […]: 4aa837ed43e7bfd234da8744817d8899fefe35c768cb7c9148c03874d21d9a1bc863dde4d38f00708cdb588fcab875ad0209d09c71664fc7239c08de57a5d29b912257138536e4d443eee432cb0d7e9bede700d3a7d88bfcd88406b13927064fa4f460c51f5f2575e1bbb7d206470789d12
    [Length: 1244]

Frame 118: Packet, 1292 bytes on wire (10336 bits), 1292 bytes captured (10336 bits) on interface \Device\NPF_{9B9257DC-FAC1-4993-B12F-136D7BA5E874}, id 0
    Section number: 1
    Interface id: 0 (\Device\NPF_{9B9257DC-FAC1-4993-B12F-136D7BA5E874})
        Interface name: \Device\NPF_{9B9257DC-FAC1-4993-B12F-136D7BA5E874}
        Interface description: Wi-Fi
    Encapsulation type: Ethernet (1)
    Arrival Time: Apr  9, 2026 19:48:44.538464200 India Standard Time
    UTC Arrival Time: Apr  9, 2026 14:18:44.538464200 UTC
    Epoch Arrival Time: 1775744324.538464200
    [Time shift for this packet: 0.000000000 seconds]
    [Time delta from previous captured frame: 41.100 microseconds]
    [Time delta from previous displayed frame: 41.100 microseconds]
    [Time since reference or first frame: 4.096439600 seconds]
    Frame Number: 118
    Frame Length: 1292 bytes (10336 bits)
    Capture Length: 1292 bytes (10336 bits)
    [Frame is marked: False]
    [Frame is ignored: False]
    [Protocols in frame: eth:ethertype:ip:udp:data]
    Character encoding: ASCII (0)
Ethernet II, Src: 96:77:0b:05:d4:0b (96:77:0b:05:d4:0b), Dst: HewlettPacka_3a:cc:1d (28:92:4a:3a:cc:1d)
    Destination: HewlettPacka_3a:cc:1d (28:92:4a:3a:cc:1d)
        .... ..0. .... .... .... .... = LG bit: Globally unique address (factory default)
        .... ...0 .... .... .... .... = IG bit: Individual address (unicast)
    Source: 96:77:0b:05:d4:0b (96:77:0b:05:d4:0b)
        .... ..1. .... .... .... .... = LG bit: Locally administered address (this is NOT the factory default)
        .... ...0 .... .... .... .... = IG bit: Individual address (unicast)
    Type: IPv4 (0x0800)
    [Stream index: 0]
Internet Protocol Version 4, Src: 172.16.90.227, Dst: 151.101.130.214
    0100 .... = Version: 4
    .... 0101 = Header Length: 20 bytes (5)
    Differentiated Services Field: 0x00 (DSCP: CS0, ECN: Not-ECT)
        0000 00.. = Differentiated Services Codepoint: Default (0)
        .... ..00 = Explicit Congestion Notification: Not ECN-Capable Transport (0)
    Total Length: 1278
    Identification: 0x4e6d (20077)
    010. .... = Flags: 0x2, Don't fragment
        0... .... = Reserved bit: Not set
        .1.. .... = Don't fragment: Set
        ..0. .... = More fragments: Not set
    ...0 0000 0000 0000 = Fragment Offset: 0
    Time to Live: 128
    Protocol: UDP (17)
    Header Checksum: 0x0000 [validation disabled]
    [Header checksum status: Unverified]
    Source Address: 172.16.90.227
    Destination Address: 151.101.130.214
    [Stream index: 3]
User Datagram Protocol, Src Port: 51051, Dst Port: 443
    Source Port: 51051
    Destination Port: 443
    Length: 1258
    Checksum: 0x262b [unverified]
    [Checksum Status: Unverified]
    [Stream index: 5]
    [Stream Packet Number: 2]
    [Timestamps]
        [Time since first frame: 41.100 microseconds]
        [Time since previous frame: 41.100 microseconds]
    UDP payload (1250 bytes)
Data (1250 bytes)

0000  4f a8 37 ed 43 e7 bf d2 34 da 87 44 81 7d 88 99   O.7.C...4..D.}..
0010  fe fe 70 a2 cc 9f 5c 18 b9 ab 2e 89 b6 c1 e5 72   ..p...\........r
0020  2c 44 55 29 df f2 40 df 23 6b d9 a9 5d 31 ac 64   ,DU)..@.#k..]1.d
0030  a7 92 ae 61 19 ca 3d 42 05 bd 98 f6 50 6b 76 47   ...a..=B....PkvG
0040  6c 77 3e 15 fb 77 f4 02 c0 ff 8a cf 36 24 49 cb   lw>..w......6$I.
0050  20 11 3a 80 df 2f 54 56 00 e0 ec 2d 91 73 b5 49    .:../TV...-.s.I
0060  1e e0 57 95 7a 84 72 67 08 27 37 64 ca 2a 37 23   ..W.z.rg.'7d.*7#
0070  bc d9 f0 a0 86 1d 48 31 af cd 6a 41 71 69 45 c6   ......H1..jAqiE.
0080  71 a7 ec 12 18 50 3d b7 76 31 47 13 e1 57 c9 0d   q....P=.v1G..W..
0090  ae 8e db c5 f2 ca 41 45 a8 90 5e 07 13 ae 05 3e   ......AE..^....>
00a0  14 3e ea ff 0f 06 b9 6d 1c 6f 7b d6 70 1f 9b 08   .>.....m.o{.p...
00b0  61 aa e5 3b 3a 80 45 b5 76 cc fb fc 35 e9 1c 72   a..;:.E.v...5..r
00c0  b0 e1 87 4c 37 24 bb 9c e3 49 72 be 5c 37 46 19   ...L7$...Ir.\7F.
00d0  0f 40 57 8e a6 6a 44 70 8b ed fa da ab c2 9f 63   .@W..jDp.......c
00e0  b8 24 f2 de 02 7e 7b fd c2 ed 29 63 6b bc f4 70   .$...~{...)ck..p
00f0  4f 64 35 7e a5 0e e0 13 6b cb fa ea 1c 0d 9c db   Od5~....k.......
0100  02 a3 5e 1e 61 63 ea 52 d0 68 fb 86 ea 58 bf 0c   ..^.ac.R.h...X..
0110  43 d9 49 53 fa 92 bf 7e a9 28 f5 7b f3 3b 44 8c   C.IS...~.(.{.;D.
0120  3c c9 06 6e 83 a0 ba 9b ec 5a 9b ea 17 46 ae 57   <..n.....Z...F.W
0130  22 02 94 69 07 ba 10 b7 8a 21 cd ca 53 16 76 4c   "..i.....!..S.vL
0140  ce 63 c7 50 f0 87 ef b9 51 f0 6a 50 4b f9 47 a8   .c.P....Q.jPK.G.
0150  c5 da 7f 98 ea f3 c3 b3 39 78 f8 55 74 2a b2 9a   ........9x.Ut*..
0160  fe 48 5f bf 0d 5d c1 70 79 a9 db 93 82 c2 2a 1d   .H_..].py.....*.
0170  71 df 18 c8 8d 1b fa 5c 92 ba 7b 44 c6 3b c7 36   q......\..{D.;.6
0180  c1 37 2a 30 d0 74 55 60 7f 33 9d c4 12 aa 3e 86   .7*0.tU`.3....>.
0190  a7 58 f8 b8 8c fe 3d 12 aa 5d 9c d4 b4 d5 eb 0b   .X....=..]......
01a0  2f 42 3a 06 d3 2a 86 6a d3 bb 2f f9 bc 00 d3 e9   /B:..*.j../.....
01b0  0f 17 f7 c1 1f 8b 54 9c 93 c2 14 6b b5 10 8a 22   ......T....k..."
01c0  82 41 95 bf fd 90 cc 55 cd 2e 4d 90 37 cd 62 b2   .A.....U..M.7.b.
01d0  9a cf c7 82 1d 45 e2 1d 47 4f 82 4f 11 e7 f5 45   .....E..GO.O...E
01e0  a1 e4 52 4e 26 ce 2c f9 66 c9 c9 d5 d6 56 9e b2   ..RN&.,.f....V..
01f0  18 e0 95 01 c1 5e f9 a9 f1 0f ac 42 11 14 75 5a   .....^.....B..uZ
0200  dd a2 2c c9 59 95 91 02 9a 21 20 f6 21 1f ea 74   ..,.Y....! .!..t
0210  10 09 2f 99 b1 8c 39 0f a0 38 ba 88 a5 a7 bd 00   ../...9..8......
0220  8c ad ea c9 ff c4 99 16 fe ee 1f a7 59 7c 41 33   ............Y|A3
0230  ce a4 94 09 82 7c 4a 38 f0 a6 fb 62 38 bb ec 3e   .....|J8...b8..>
0240  8c 31 4b 75 02 12 87 a9 a6 08 e1 3f b0 94 e8 a7   .1Ku.......?....
0250  15 ae d1 40 78 58 fc e6 2d 59 a5 e5 fe 8c 2b 1e   ...@xX..-Y....+.
0260  af d2 60 01 28 7e ea 86 2f 0e d9 9c 55 79 c4 23   ..`.(~../...Uy.#
0270  b1 f8 ba 4a 7b 15 40 ba f0 13 98 7a 78 a1 ce ae   ...J{.@....zx...
0280  53 b4 2b 16 e0 9d 89 e4 40 7b 03 f6 43 79 19 3a   S.+.....@{..Cy.:
0290  ab 3e 6c 24 44 85 84 8f f0 eb e8 6d 2f da 42 91   .>l$D......m/.B.
02a0  9e d3 46 a1 2c 45 48 c0 9b 7a a5 84 b1 a5 2f b5   ..F.,EH..z..../.
02b0  27 69 8c a3 69 39 3c 09 dc 9d e0 98 fc 7b 21 7e   'i..i9<......{!~
02c0  45 b1 d9 b8 0b 77 55 5d f0 96 08 a0 c6 df c3 0e   E....wU]........
02d0  06 1a ac b4 e7 d4 60 58 4d b9 20 3b 0f f7 f9 86   ......`XM. ;....
02e0  e2 a5 7e 50 ed 03 7b 91 5a 95 bf 78 78 79 e6 b1   ..~P..{.Z..xxy..
02f0  1d 63 b5 d3 8a 9f ea d3 bc 09 f2 61 0d c2 72 ae   .c.........a..r.
0300  05 50 e9 95 29 96 10 4a 9e f6 cf 6d d9 ec d6 f2   .P..)..J...m....
0310  92 28 de 46 d6 2e ec d3 05 fd 1c d4 6c 5e b3 66   .(.F........l^.f
0320  ab ae e2 07 a7 36 36 9f 51 b7 5f 2e 93 bb 18 23   .....66.Q._....#
0330  43 b9 3c 7b 1c 97 ac 4b 4b 33 98 0f 97 b0 1d b4   C.<{...KK3......
0340  e8 37 3b 81 77 0d ea 5b 61 f4 4c c3 46 0b d9 86   .7;.w..[a.L.F...
0350  00 06 d2 da 34 2d 0d 83 69 05 f3 c3 b7 7f 82 0e   ....4-..i.......
0360  63 d8 96 7a eb 69 34 a5 7a bf 67 5e c0 d5 46 84   c..z.i4.z.g^..F.
0370  43 6a 3c 50 20 9b 96 f8 0f f0 8c 91 7f c5 70 a7   Cj<P .........p.
0380  55 79 e2 9d e0 98 87 ee 4e 02 7a 7b 5c 69 5a bf   Uy......N.z{\iZ.
0390  d7 e9 eb 9b 1c 73 95 57 3d 13 fd 4e 5c e9 7e 21   .....s.W=..N\.~!
03a0  e9 d3 d3 70 f0 16 32 c6 fd 1c f5 9d ea e4 58 94   ...p..2.......X.
03b0  c0 fc 20 dc 2f bc f5 4a d5 7e 9c 3e fe 35 e5 08   .. ./..J.~.>.5..
03c0  fa c4 68 8d 13 0d 88 ea 42 a2 0e 60 71 6a 0c 29   ..h.....B..`qj.)
03d0  5e 20 c6 ba 32 f6 55 94 7a 6a 2c 94 30 11 53 c2   ^ ..2.U.zj,.0.S.
03e0  f3 5d 76 87 b6 fd a9 07 bf ce 9a da f0 5f 8b 5b   .]v.........._.[
03f0  21 ed 2c 50 bf 71 2f 4c 57 71 53 19 3d 64 97 83   !.,P.q/LWqS.=d..
0400  d0 fb 1b d9 75 6b 9f 7b 56 49 20 87 db 2f c8 67   ....uk.{VI ../.g
0410  5d 28 a8 30 a8 52 df 97 61 c4 31 69 66 08 ff ed   ](.0.R..a.1if...
0420  b4 bf 23 98 7b 7d bb fe c0 da 92 dd c1 ad 2f ac   ..#.{}......../.
0430  fd 46 fa 65 c3 b2 d8 66 5c 98 b9 bd d2 c5 6f f3   .F.e...f\.....o.
0440  a0 fc af c3 ca b6 82 70 c1 03 c2 fd 10 65 3c a0   .......p.....e<.
0450  4f 31 0a d2 56 96 58 4c ac 9a 64 58 45 4d 89 d5   O1..V.XL..dXEM..
0460  2e a0 c9 4f 34 b1 8a b7 ab b6 cd bc d9 41 34 a9   ...O4........A4.
0470  d1 3d 3f 55 c8 20 99 f2 34 d8 ac a7 6a c0 55 ee   .=?U. ..4...j.U.
0480  29 d5 28 19 5e 30 c3 9c 0b c4 4c cd 0d 5c f2 fc   ).(.^0....L..\..
0490  9b eb 81 df e9 fe 79 22 de 90 b1 7f d8 a9 22 76   ......y"......"v
04a0  10 92 42 fc 18 23 83 9b 4f d7 f7 bd 6d eb 87 9a   ..B..#..O...m...
04b0  5b bc cd 39 20 3d d4 b7 d2 fe 9e a3 85 e5 65 53   [..9 =........eS
04c0  1b 51 0e 24 ed eb ba d1 76 e2 1c 28 65 47 b7 e7   .Q.$....v..(eG..
04d0  28 2e 67 08 ab 1e c2 fe 62 02 66 83 2f 79 f7 a5   (.g.....b.f./y..
04e0  57 2e                                             W.
    Data […]: 4fa837ed43e7bfd234da8744817d8899fefe70a2cc9f5c18b9ab2e89b6c1e5722c445529dff240df236bd9a95d31ac64a792ae6119ca3d4205bd98f6506b76476c773e15fb77f402c0ff8acf362449cb20113a80df2f545600e0ec2d9173b5491ee057957a84726708273764ca2a3723bcd
    [Length: 1250]

Frame 119: Packet, 1292 bytes on wire (10336 bits), 1292 bytes captured (10336 bits) on interface \Device\NPF_{9B9257DC-FAC1-4993-B12F-136D7BA5E874}, id 0
    Section number: 1
    Interface id: 0 (\Device\NPF_{9B9257DC-FAC1-4993-B12F-136D7BA5E874})
        Interface name: \Device\NPF_{9B9257DC-FAC1-4993-B12F-136D7BA5E874}
        Interface description: Wi-Fi
    Encapsulation type: Ethernet (1)
    Arrival Time: Apr  9, 2026 19:48:44.538476500 India Standard Time
    UTC Arrival Time: Apr  9, 2026 14:18:44.538476500 UTC
    Epoch Arrival Time: 1775744324.538476500
    [Time shift for this packet: 0.000000000 seconds]
    [Time delta from previous captured frame: 12.300 microseconds]
    [Time delta from previous displayed frame: 12.300 microseconds]
    [Time since reference or first frame: 4.096451900 seconds]
    Frame Number: 119
    Frame Length: 1292 bytes (10336 bits)
    Capture Length: 1292 bytes (10336 bits)
    [Frame is marked: False]
    [Frame is ignored: False]
    [Protocols in frame: eth:ethertype:ip:udp:data]
    Character encoding: ASCII (0)
Ethernet II, Src: 96:77:0b:05:d4:0b (96:77:0b:05:d4:0b), Dst: HewlettPacka_3a:cc:1d (28:92:4a:3a:cc:1d)
    Destination: HewlettPacka_3a:cc:1d (28:92:4a:3a:cc:1d)
        .... ..0. .... .... .... .... = LG bit: Globally unique address (factory default)
        .... ...0 .... .... .... .... = IG bit: Individual address (unicast)
    Source: 96:77:0b:05:d4:0b (96:77:0b:05:d4:0b)
        .... ..1. .... .... .... .... = LG bit: Locally administered address (this is NOT the factory default)
        .... ...0 .... .... .... .... = IG bit: Individual address (unicast)
    Type: IPv4 (0x0800)
    [Stream index: 0]
Internet Protocol Version 4, Src: 172.16.90.227, Dst: 151.101.130.214
    0100 .... = Version: 4
    .... 0101 = Header Length: 20 bytes (5)
    Differentiated Services Field: 0x00 (DSCP: CS0, ECN: Not-ECT)
        0000 00.. = Differentiated Services Codepoint: Default (0)
        .... ..00 = Explicit Congestion Notification: Not ECN-Capable Transport (0)
    Total Length: 1278
    Identification: 0x4e6e (20078)
    010. .... = Flags: 0x2, Don't fragment
        0... .... = Reserved bit: Not set
        .1.. .... = Don't fragment: Set
        ..0. .... = More fragments: Not set
    ...0 0000 0000 0000 = Fragment Offset: 0
    Time to Live: 128
    Protocol: UDP (17)
    Header Checksum: 0x0000 [validation disabled]
    [Header checksum status: Unverified]
    Source Address: 172.16.90.227
    Destination Address: 151.101.130.214
    [Stream index: 3]
User Datagram Protocol, Src Port: 51051, Dst Port: 443
    Source Port: 51051
    Destination Port: 443
    Length: 1258
    Checksum: 0x262b [unverified]
    [Checksum Status: Unverified]
    [Stream index: 5]
    [Stream Packet Number: 3]
    [Timestamps]
        [Time since first frame: 53.400 microseconds]
        [Time since previous frame: 12.300 microseconds]
    UDP payload (1250 bytes)
Data (1250 bytes)

0000  4d a8 37 ed 43 e7 bf d2 34 da 87 44 81 7d 88 99   M.7.C...4..D.}..
0010  fe fe af 70 17 cc 91 34 c3 49 3c 60 e4 7e 85 83   ...p...4.I<`.~..
0020  74 01 60 64 1b a4 9a b0 7d 55 00 d7 0f 26 da ad   t.`d....}U...&..
0030  da ef f3 44 f8 15 7e 48 0b 38 f8 b4 1e 50 f2 39   ...D..~H.8...P.9
0040  86 11 54 06 e7 ae 7f 8e 4b 00 96 c6 6d 72 24 9b   ..T.....K...mr$.
0050  57 5b 63 80 a5 d3 c0 ab 0f 1b 3f a3 f5 c6 6f 53   W[c.......?...oS
0060  5b dd 8c 19 f0 bf 28 cd a8 43 ee e1 83 b2 6e 0d   [.....(..C....n.
0070  2c 18 70 c6 6a 42 71 d0 7c 16 5c 34 2e 96 9e 4f   ,.p.jBq.|.\4...O
0080  97 78 a4 65 da 6a 13 93 80 d0 ca 4e 55 c0 5a d0   .x.e.j.....NU.Z.
0090  6f 2b 62 98 07 2f b2 e5 bb 4e 4e 2d 0d 91 9b 63   o+b../...NN-...c
00a0  1e de 2d b5 49 99 54 e9 5b b9 fa 20 b4 3b 3f f6   ..-.I.T.[.. .;?.
00b0  ed 51 29 97 99 3c c9 5d 9b 24 4d 10 c7 d9 23 ed   .Q)..<.].$M...#.
00c0  ec b5 f4 30 19 11 0d b0 89 c1 94 11 0d 04 94 e2   ...0............
00d0  5e 59 aa e5 59 e6 20 d2 af 39 0a 59 01 44 b8 19   ^Y..Y. ..9.Y.D..
00e0  a0 8b 40 8c 52 44 f5 7b a9 5c 35 01 41 0f b1 7d   ..@.RD.{.\5.A..}
00f0  d8 0f 66 da 31 0e 40 53 44 7a 2f 4a c2 43 3e f0   ..f.1.@SDz/J.C>.
0100  74 3d a7 42 a6 fe c7 09 ab 38 2a 01 60 25 51 59   t=.B.....8*.`%QY
0110  a4 b2 a1 e9 2d 66 28 34 64 d6 b9 40 11 dc d1 1a   ....-f(4d..@....
0120  9a 40 00 59 ed a5 af 3d a2 0e a0 46 78 5b 94 e2   .@.Y...=...Fx[..
0130  b2 ca f4 c8 4c 02 46 f1 8b d9 52 84 97 99 b0 97   ....L.F...R.....
0140  47 43 31 43 ef 1e 48 04 da ef f6 f1 a0 d2 06 94   GC1C..H.........
0150  5e 35 5d ce df 13 d8 83 cd 27 9f 5a 62 e4 ea 8e   ^5]......'.Zb...
0160  11 96 d3 61 29 c1 17 3a 7a df 0f 1a 66 59 38 51   ...a)..:z...fY8Q
0170  8a a3 6b 42 63 42 61 2f 4c 16 e1 73 3f 6b 67 20   ..kBcBa/L..s?kg 
0180  4e fb 97 60 d9 3b 66 18 da 34 f5 f1 90 dd 92 05   N..`.;f..4......
0190  4c 70 30 75 63 e7 af e1 0d b0 ec ea a9 91 39 62   Lp0uc.........9b
01a0  c3 89 4e 53 44 54 0a f1 ca 0a 5b b1 12 5c 59 b4   ..NSDT....[..\Y.
01b0  d7 ab 47 7f 89 26 9c c2 b6 c3 c9 1c ea c4 5e 4b   ..G..&........^K
01c0  d8 0a 33 ac 19 9d 14 ce 23 ca 93 87 fc 75 ee 8b   ..3.....#....u..
01d0  c6 16 8d 2c 14 b1 f6 28 cc 75 8b a2 70 2c 21 00   ...,...(.u..p,!.
01e0  78 1c 57 ab ca 52 bd 21 87 dd 41 ff 23 79 7c bb   x.W..R.!..A.#y|.
01f0  48 fc 96 fd e1 9c b4 38 73 8e c0 30 67 b1 1b 8d   H......8s..0g...
0200  7d 49 1a 4f 3c ec 86 00 0e db ad ac 8f be cd 0b   }I.O<...........
0210  9b 24 31 b3 1b 69 d3 fc 04 a4 24 60 34 d5 54 26   .$1..i....$`4.T&
0220  a6 39 4b 22 32 61 34 94 ca f9 ea 8f ac 7a 3b df   .9K"2a4......z;.
0230  59 39 ad 5e fb 08 0d 86 8d d3 42 78 d7 74 fb 99   Y9.^......Bx.t..
0240  0d f9 fa 84 87 45 2c 8b 6d 17 3c ba 30 3e d9 a5   .....E,.m.<.0>..
0250  72 ca 1c ef f8 e5 46 b8 14 15 70 a5 7a 80 3a 2e   r.....F...p.z.:.
0260  fa b1 f7 d0 9f ef 50 54 af 4f b4 f0 3e ed 1a 2f   ......PT.O..>../
0270  94 e6 2e d0 b0 f2 37 ce 06 96 0b f3 27 fa f6 cb   ......7.....'...
0280  49 c6 e2 f3 9a 11 2a ce 4f 0f 17 c1 5d 50 e8 c8   I.....*.O...]P..
0290  9e 98 99 b7 b0 e5 01 26 b9 22 0b 34 31 cb 9a ba   .......&.".41...
02a0  f6 50 8a 6c ec 82 a5 e7 32 6a 26 94 3a 53 55 3b   .P.l....2j&.:SU;
02b0  d7 d6 af a3 4f 84 a6 8f 61 b6 99 a6 af 0a 42 ae   ....O...a.....B.
02c0  db 15 8e cd 74 c6 94 59 e8 6f 33 09 64 e2 82 e3   ....t..Y.o3.d...
02d0  74 81 97 0f 76 d4 1a ec f8 f8 b9 08 5f e0 d4 04   t...v......._...
02e0  40 fb 3d cf 3d 51 40 5d 40 7d 8e 1b 7c 8e 04 01   @.=.=Q@]@}..|...
02f0  04 18 87 25 80 6d fe da 93 0a 96 fb f1 f2 a0 cd   ...%.m..........
0300  37 e5 3d b8 93 fe 85 ef 39 6a 21 92 39 e3 2b e0   7.=.....9j!.9.+.
0310  5b f2 66 3b 91 97 63 6d 21 f3 87 4d dd 25 1a c5   [.f;..cm!..M.%..
0320  55 56 94 11 6c 7d 3b 3e 7f 58 7a c5 08 3e 6a 91   UV..l};>.Xz..>j.
0330  dc 8a ce d8 91 4b a4 1c 62 5f f7 32 67 b1 36 d5   .....K..b_.2g.6.
0340  a9 35 10 1c 64 6e 49 c3 86 42 84 03 1e 60 7e ac   .5..dnI..B...`~.
0350  76 2c f9 77 3f 7c 5d c5 81 db 2e 4d 79 40 2b f7   v,.w?|]....My@+.
0360  9c 7b 53 7b ad a3 06 3c 6a e6 6d 23 c6 89 fb ad   .{S{...<j.m#....
0370  b0 8b b7 e3 95 a6 e9 b9 b6 7a 78 bb 78 0c 7d ac   .........zx.x.}.
0380  62 f7 40 29 16 6b ee b7 aa fa 1c 6a ca e0 3c 13   b.@).k.....j..<.
0390  e4 e9 40 a9 87 32 cf 03 17 e9 e8 4a a2 5b 10 ae   ..@..2.....J.[..
03a0  37 e1 52 d8 c0 82 6b 41 aa eb 02 90 c6 a6 36 b2   7.R...kA......6.
03b0  bb a0 a9 57 e4 14 e1 ce 04 a0 b5 fd 92 7a fb 9c   ...W.........z..
03c0  04 8e 67 0b fe 3a f3 fa 5f 76 7a 82 5c 58 b3 5a   ..g..:.._vz.\X.Z
03d0  c7 89 71 9a e4 e8 b7 a5 4f 59 e3 8a dd 50 df 5e   ..q.....OY...P.^
03e0  f0 d0 93 b5 2f 4a c7 45 7c 52 5d 8a d3 5a 43 d5   ..../J.E|R]..ZC.
03f0  67 54 34 96 ad 9e 55 35 6a bc a8 f1 0c 76 7a d2   gT4...U5j....vz.
0400  88 17 f9 a4 15 ba 95 7e ec 76 1e 14 63 2e 2a b9   .......~.v..c.*.
0410  41 26 e5 14 07 45 b5 8f b2 44 09 7b 8b 3a 41 b7   A&...E...D.{.:A.
0420  e6 21 8b f5 0e 73 c5 29 4a 6f 3b 1b 14 cf 51 25   .!...s.)Jo;...Q%
0430  56 2f c7 62 76 f6 25 77 f4 d5 29 d2 6f 9b 18 d9   V/.bv.%w..).o...
0440  a5 f9 f9 c2 be f5 14 55 45 df 3b 10 40 87 3f 74   .......UE.;.@.?t
0450  cb 82 11 37 61 77 0e 48 ec 3c 61 13 db d6 dd 20   ...7aw.H.<a.... 
0460  4c 4e f4 6d c3 f1 c3 9f ac 85 15 97 e8 4b ae 87   LN.m.........K..
0470  67 7a 76 4d 43 da ca 93 45 ad 6d 8a 87 ce a3 ae   gzvMC...E.m.....
0480  98 75 a7 f1 81 fb c2 2c 6e c3 30 6e 73 3b fa e4   .u.....,n.0ns;..
0490  cc ea 37 bd 31 2b 62 de eb 4b 3f 15 a1 3c dc 28   ..7.1+b..K?..<.(
04a0  fe 75 21 f8 62 c3 ee ed 30 84 5e 2d 1d cf cb 7c   .u!.b...0.^-...|
04b0  81 bd b6 2e 28 c7 62 68 37 7e 74 aa f6 3a 51 4a   ....(.bh7~t..:QJ
04c0  af 31 e7 88 52 de a2 d5 4a ab 21 0e 78 40 8f 48   .1..R...J.!.x@.H
04d0  b8 76 a9 ed bd de ac 22 4e 10 f9 18 07 61 53 57   .v....."N....aSW
04e0  9f ec                                             ..
    Data […]: 4da837ed43e7bfd234da8744817d8899fefeaf7017cc9134c3493c60e47e8583740160641ba49ab07d5500d70f26daaddaeff344f8157e480b38f8b41e50f23986115406e7ae7f8e4b0096c66d72249b575b6380a5d3c0ab0f1b3fa3f5c66f535bdd8c19f0bf28cda843eee183b26e0d2c1
    [Length: 1250]

Frame 120: Packet, 330 bytes on wire (2640 bits), 330 bytes captured (2640 bits) on interface \Device\NPF_{9B9257DC-FAC1-4993-B12F-136D7BA5E874}, id 0
    Section number: 1
    Interface id: 0 (\Device\NPF_{9B9257DC-FAC1-4993-B12F-136D7BA5E874})
        Interface name: \Device\NPF_{9B9257DC-FAC1-4993-B12F-136D7BA5E874}
        Interface description: Wi-Fi
    Encapsulation type: Ethernet (1)
    Arrival Time: Apr  9, 2026 19:48:44.538486700 India Standard Time
    UTC Arrival Time: Apr  9, 2026 14:18:44.538486700 UTC
    Epoch Arrival Time: 1775744324.538486700
    [Time shift for this packet: 0.000000000 seconds]
    [Time delta from previous captured frame: 10.200 microseconds]
    [Time delta from previous displayed frame: 10.200 microseconds]
    [Time since reference or first frame: 4.096462100 seconds]
    Frame Number: 120
    Frame Length: 330 bytes (2640 bits)
    Capture Length: 330 bytes (2640 bits)
    [Frame is marked: False]
    [Frame is ignored: False]
    [Protocols in frame: eth:ethertype:ip:udp:data]
    Character encoding: ASCII (0)
Ethernet II, Src: 96:77:0b:05:d4:0b (96:77:0b:05:d4:0b), Dst: HewlettPacka_3a:cc:1d (28:92:4a:3a:cc:1d)
    Destination: HewlettPacka_3a:cc:1d (28:92:4a:3a:cc:1d)
        .... ..0. .... .... .... .... = LG bit: Globally unique address (factory default)
        .... ...0 .... .... .... .... = IG bit: Individual address (unicast)
    Source: 96:77:0b:05:d4:0b (96:77:0b:05:d4:0b)
        .... ..1. .... .... .... .... = LG bit: Locally administered address (this is NOT the factory default)
        .... ...0 .... .... .... .... = IG bit: Individual address (unicast)
    Type: IPv4 (0x0800)
    [Stream index: 0]
Internet Protocol Version 4, Src: 172.16.90.227, Dst: 151.101.130.214
    0100 .... = Version: 4
    .... 0101 = Header Length: 20 bytes (5)
    Differentiated Services Field: 0x00 (DSCP: CS0, ECN: Not-ECT)
        0000 00.. = Differentiated Services Codepoint: Default (0)
        .... ..00 = Explicit Congestion Notification: Not ECN-Capable Transport (0)
    Total Length: 316
    Identification: 0x4e6f (20079)
    010. .... = Flags: 0x2, Don't fragment
        0... .... = Reserved bit: Not set
        .1.. .... = Don't fragment: Set
        ..0. .... = More fragments: Not set
    ...0 0000 0000 0000 = Fragment Offset: 0
    Time to Live: 128
    Protocol: UDP (17)
    Header Checksum: 0x0000 [validation disabled]
    [Header checksum status: Unverified]
    Source Address: 172.16.90.227
    Destination Address: 151.101.130.214
    [Stream index: 3]
User Datagram Protocol, Src Port: 51051, Dst Port: 443
    Source Port: 51051
    Destination Port: 443
    Length: 296
    Checksum: 0x2269 [unverified]
    [Checksum Status: Unverified]
    [Stream index: 5]
    [Stream Packet Number: 4]
    [Timestamps]
        [Time since first frame: 63.600 microseconds]
        [Time since previous frame: 10.200 microseconds]
    UDP payload (288 bytes)
Data (288 bytes)

0000  5e a8 37 ed 43 e7 bf d2 34 da 87 44 81 7d 88 99   ^.7.C...4..D.}..
0010  fe fe 93 5d f7 76 8c c2 72 fc 9c e7 0a 94 f6 7d   ...].v..r......}
0020  87 be 3f 12 5f 3b 88 db d8 28 0b 57 e0 4c ae 5f   ..?._;...(.W.L._
0030  ac 96 6b 66 17 a4 07 d4 f5 52 5e 3a 87 19 53 b3   ..kf.....R^:..S.
0040  37 85 d3 5f 7b 0d 86 ba 6b 97 46 06 b7 3a d7 67   7.._{...k.F..:.g
0050  8b 64 c9 05 9d 7e a8 39 9e bb 94 ce 7a 17 25 d4   .d...~.9....z.%.
0060  43 bd 9f 4b 0c e5 46 56 3e 98 81 06 10 2b 78 88   C..K..FV>....+x.
0070  66 51 41 7d d1 74 1f d0 65 c6 ac 12 2d ff 9e f1   fQA}.t..e...-...
0080  48 f6 6e 19 bf 64 ea 50 6b 2f ef 85 e5 70 26 a9   H.n..d.Pk/...p&.
0090  3d 7f 0c 5a 5a 64 69 45 b4 1d 93 01 7e 91 f5 13   =..ZZdiE....~...
00a0  36 98 fa a1 70 46 e9 c2 d8 e5 36 c5 32 9b 40 1e   6...pF....6.2.@.
00b0  37 35 97 43 a8 55 3d a7 e0 db 62 5f 49 37 80 c3   75.C.U=...b_I7..
00c0  9b 3a ac 6f 00 9a 9e 3f 63 8a ef 67 c8 83 e3 79   .:.o...?c..g...y
00d0  17 ec 5c 26 81 b0 16 09 7b 1f b5 01 ca b9 cd c0   ..\&....{.......
00e0  76 e1 60 23 93 9b 36 f6 03 7b 2b c9 9e a2 d9 f9   v.`#..6..{+.....
00f0  8d 0b c0 55 59 3c e3 d9 c1 5d cc 21 9f 79 0d 35   ...UY<...].!.y.5
0100  b2 5f 6c 41 57 e9 90 bc e1 8b f5 20 42 27 d7 c5   ._lAW...... B'..
0110  0a 90 60 39 77 79 03 92 6c 27 57 48 d5 49 fe 88   ..`9wy..l'WH.I..
    Data […]: 5ea837ed43e7bfd234da8744817d8899fefe935df7768cc272fc9ce70a94f67d87be3f125f3b88dbd8280b57e04cae5fac966b6617a407d4f5525e3a871953b33785d35f7b0d86ba6b974606b73ad7678b64c9059d7ea8399ebb94ce7a1725d443bd9f4b0ce546563e988106102b7888665
    [Length: 288]

Frame 121: Packet, 1292 bytes on wire (10336 bits), 1292 bytes captured (10336 bits) on interface \Device\NPF_{9B9257DC-FAC1-4993-B12F-136D7BA5E874}, id 0
    Section number: 1
    Interface id: 0 (\Device\NPF_{9B9257DC-FAC1-4993-B12F-136D7BA5E874})
        Interface name: \Device\NPF_{9B9257DC-FAC1-4993-B12F-136D7BA5E874}
        Interface description: Wi-Fi
    Encapsulation type: Ethernet (1)
    Arrival Time: Apr  9, 2026 19:48:44.570764500 India Standard Time
    UTC Arrival Time: Apr  9, 2026 14:18:44.570764500 UTC
    Epoch Arrival Time: 1775744324.570764500
    [Time shift for this packet: 0.000000000 seconds]
    [Time delta from previous captured frame: 32.277800 milliseconds]
    [Time delta from previous displayed frame: 32.277800 milliseconds]
    [Time since reference or first frame: 4.128739900 seconds]
    Frame Number: 121
    Frame Length: 1292 bytes (10336 bits)
    Capture Length: 1292 bytes (10336 bits)
    [Frame is marked: False]
    [Frame is ignored: False]
    [Protocols in frame: eth:ethertype:ip:udp:quic]
    Character encoding: ASCII (0)
Ethernet II, Src: 96:77:0b:05:d4:0b (96:77:0b:05:d4:0b), Dst: HewlettPacka_3a:cc:1d (28:92:4a:3a:cc:1d)
    Destination: HewlettPacka_3a:cc:1d (28:92:4a:3a:cc:1d)
        .... ..0. .... .... .... .... = LG bit: Globally unique address (factory default)
        .... ...0 .... .... .... .... = IG bit: Individual address (unicast)
    Source: 96:77:0b:05:d4:0b (96:77:0b:05:d4:0b)
        .... ..1. .... .... .... .... = LG bit: Locally administered address (this is NOT the factory default)
        .... ...0 .... .... .... .... = IG bit: Individual address (unicast)
    Type: IPv4 (0x0800)
    [Stream index: 0]
Internet Protocol Version 4, Src: 172.16.90.227, Dst: 23.202.229.23
    0100 .... = Version: 4
    .... 0101 = Header Length: 20 bytes (5)
    Differentiated Services Field: 0x00 (DSCP: CS0, ECN: Not-ECT)
        0000 00.. = Differentiated Services Codepoint: Default (0)
        .... ..00 = Explicit Congestion Notification: Not ECN-Capable Transport (0)
    Total Length: 1278
    Identification: 0xa983 (43395)
    010. .... = Flags: 0x2, Don't fragment
        0... .... = Reserved bit: Not set
        .1.. .... = Don't fragment: Set
        ..0. .... = More fragments: Not set
    ...0 0000 0000 0000 = Fragment Offset: 0
    Time to Live: 128
    Protocol: UDP (17)
    Header Checksum: 0x0000 [validation disabled]
    [Header checksum status: Unverified]
    Source Address: 172.16.90.227
    Destination Address: 23.202.229.23
    [Stream index: 2]
User Datagram Protocol, Src Port: 64501, Dst Port: 443
    Source Port: 64501
    Destination Port: 443
    Length: 1258
    Checksum: 0x08d1 [unverified]
    [Checksum Status: Unverified]
    [Stream index: 4]
    [Stream Packet Number: 4]
    [Timestamps]
        [Time since first frame: 102.942300 milliseconds]
        [Time since previous frame: 71.973300 milliseconds]
    UDP payload (1250 bytes)
QUIC IETF
    QUIC Connection information
        [Connection Number: 4]
    [Packet Length: 1250]
    1... .... = Header Form: Long Header (1)
    .1.. .... = Fixed Bit: True
    ..00 .... = Packet Type: Initial (0)
    [.... 00.. = Reserved: 0]
    [.... ..00 = Packet Number Length: 1 bytes (0)]
    Version: 1 (0x00000001)
    Destination Connection ID Length: 8
    Destination Connection ID: 6dcc9a1ef420291f
    Source Connection ID Length: 0
    Token Length: 50
    Token: 41a0f03e23764d82d70069d7b542000000c745a7953edb49118260b34020bbf918752990d00b9d98d1e3f595530dba714c1d
    Length: 1182
    [Packet Number: 6]
    Payload […]: 29410496b1ced6c752c756039351f061d1c9aa1c9728cb79cf98465928aa4486595ab5de8894dd54ac43f46ffe496908c0af50233fd003a6298b53db40f1c02f084bd748d3cb5ad7a6b2e4b188eccd45f66b444fc948fff922dca0e01d4613c744cc3e0f55242e70808f178cab571726
    PADDING Length: 28
        Frame Type: PADDING (0x0000000000000000)
        [Padding Length: 28]
    CRYPTO
        Frame Type: CRYPTO (0x0000000000000006)
        Offset: 86
        Length: 1044
        Crypto Data
        This QUIC frame has a reused stream offset (retransmission?)
            [Expert Info (Note/Sequence): This QUIC frame has a reused stream offset (retransmission?)]
                [This QUIC frame has a reused stream offset (retransmission?)]
                [Severity level: Note]
                [Group: Sequence]
    PING
        Frame Type: PING (0x0000000000000001)
    PING
        Frame Type: PING (0x0000000000000001)
    PING
        Frame Type: PING (0x0000000000000001)
    PADDING Length: 26
        Frame Type: PADDING (0x0000000000000000)
        [Padding Length: 26]
    PING
        Frame Type: PING (0x0000000000000001)
    PING
        Frame Type: PING (0x0000000000000001)
    CRYPTO
        Frame Type: CRYPTO (0x0000000000000006)
        Offset: 85
        Length: 1
        Crypto Data
        This QUIC frame has a reused stream offset (retransmission?)
            [Expert Info (Note/Sequence): This QUIC frame has a reused stream offset (retransmission?)]
                [This QUIC frame has a reused stream offset (retransmission?)]
                [Severity level: Note]
                [Group: Sequence]
    PADDING Length: 26
        Frame Type: PADDING (0x0000000000000000)
        [Padding Length: 26]
    PING
        Frame Type: PING (0x0000000000000001)
    PING
        Frame Type: PING (0x0000000000000001)
    CRYPTO
        Frame Type: CRYPTO (0x0000000000000006)
        Offset: 75
        Length: 10
        Crypto Data
        This QUIC frame has a reused stream offset (retransmission?)
            [Expert Info (Note/Sequence): This QUIC frame has a reused stream offset (retransmission?)]
                [This QUIC frame has a reused stream offset (retransmission?)]
                [Severity level: Note]
                [Group: Sequence]
    PING
        Frame Type: PING (0x0000000000000001)
    PING
        Frame Type: PING (0x0000000000000001)
    PING
        Frame Type: PING (0x0000000000000001)
    PADDING Length: 7
        Frame Type: PADDING (0x0000000000000000)
        [Padding Length: 7]

Frame 122: Packet, 1286 bytes on wire (10288 bits), 1286 bytes captured (10288 bits) on interface \Device\NPF_{9B9257DC-FAC1-4993-B12F-136D7BA5E874}, id 0
    Section number: 1
    Interface id: 0 (\Device\NPF_{9B9257DC-FAC1-4993-B12F-136D7BA5E874})
        Interface name: \Device\NPF_{9B9257DC-FAC1-4993-B12F-136D7BA5E874}
        Interface description: Wi-Fi
    Encapsulation type: Ethernet (1)
    Arrival Time: Apr  9, 2026 19:48:44.586286900 India Standard Time
    UTC Arrival Time: Apr  9, 2026 14:18:44.586286900 UTC
    Epoch Arrival Time: 1775744324.586286900
    [Time shift for this packet: 0.000000000 seconds]
    [Time delta from previous captured frame: 15.522400 milliseconds]
    [Time delta from previous displayed frame: 15.522400 milliseconds]
    [Time since reference or first frame: 4.144262300 seconds]
    Frame Number: 122
    Frame Length: 1286 bytes (10288 bits)
    Capture Length: 1286 bytes (10288 bits)
    [Frame is marked: False]
    [Frame is ignored: False]
    [Protocols in frame: eth:ethertype:ip:udp:data]
    Character encoding: ASCII (0)
Ethernet II, Src: 96:77:0b:05:d4:0b (96:77:0b:05:d4:0b), Dst: HewlettPacka_3a:cc:1d (28:92:4a:3a:cc:1d)
    Destination: HewlettPacka_3a:cc:1d (28:92:4a:3a:cc:1d)
        .... ..0. .... .... .... .... = LG bit: Globally unique address (factory default)
        .... ...0 .... .... .... .... = IG bit: Individual address (unicast)
    Source: 96:77:0b:05:d4:0b (96:77:0b:05:d4:0b)
        .... ..1. .... .... .... .... = LG bit: Locally administered address (this is NOT the factory default)
        .... ...0 .... .... .... .... = IG bit: Individual address (unicast)
    Type: IPv4 (0x0800)
    [Stream index: 0]
Internet Protocol Version 4, Src: 172.16.90.227, Dst: 151.101.130.214
    0100 .... = Version: 4
    .... 0101 = Header Length: 20 bytes (5)
    Differentiated Services Field: 0x00 (DSCP: CS0, ECN: Not-ECT)
        0000 00.. = Differentiated Services Codepoint: Default (0)
        .... ..00 = Explicit Congestion Notification: Not ECN-Capable Transport (0)
    Total Length: 1272
    Identification: 0x4e70 (20080)
    010. .... = Flags: 0x2, Don't fragment
        0... .... = Reserved bit: Not set
        .1.. .... = Don't fragment: Set
        ..0. .... = More fragments: Not set
    ...0 0000 0000 0000 = Fragment Offset: 0
    Time to Live: 128
    Protocol: UDP (17)
    Header Checksum: 0x0000 [validation disabled]
    [Header checksum status: Unverified]
    Source Address: 172.16.90.227
    Destination Address: 151.101.130.214
    [Stream index: 3]
User Datagram Protocol, Src Port: 51051, Dst Port: 443
    Source Port: 51051
    Destination Port: 443
    Length: 1252
    Checksum: 0x2625 [unverified]
    [Checksum Status: Unverified]
    [Stream index: 5]
    [Stream Packet Number: 5]
    [Timestamps]
        [Time since first frame: 47.863800 milliseconds]
        [Time since previous frame: 47.800200 milliseconds]
    UDP payload (1244 bytes)
Data (1244 bytes)

0000  5d a8 37 ed 43 e7 bf d2 34 da 87 44 81 7d 88 99   ].7.C...4..D.}..
0010  fe fe dd a7 94 aa cb b0 24 51 f1 5a fe d7 62 dc   ........$Q.Z..b.
0020  7a 07 91 f2 be a0 19 96 30 b4 79 69 27 2e a3 e7   z.......0.yi'...
0030  a4 bf 07 0c ea 80 2d e2 76 f0 a6 00 04 eb 11 bd   ......-.v.......
0040  8c af 3a fb a8 25 4b 9f 9e 46 5f 38 c5 8c 0c e5   ..:..%K..F_8....
0050  0c 0e fa bd 0c 67 b8 fc 14 04 fa 9d 6a 1a 52 6c   .....g......j.Rl
0060  2f ac 4e fa 1f f0 81 77 d1 e2 ff 75 58 cc eb 1c   /.N....w...uX...
0070  59 9a 66 e8 e2 33 98 38 1c 39 a6 a7 c3 81 3d 84   Y.f..3.8.9....=.
0080  f7 73 a8 a0 d7 36 b6 87 70 66 fc 9e 23 58 85 9e   .s...6..pf..#X..
0090  5d 41 83 4c 65 dd a7 f0 4f 17 96 b7 ac e0 5e 1d   ]A.Le...O.....^.
00a0  ae 9c 49 ca 7d 34 2d b2 0b be 36 d6 af 0d 91 f2   ..I.}4-...6.....
00b0  53 45 dc ca bb c8 91 ef b8 6b ea 58 90 8e 66 85   SE.......k.X..f.
00c0  28 4b ba 0d 39 2b 5f c9 0c f4 70 02 08 8e 05 f4   (K..9+_...p.....
00d0  1d aa 51 76 34 e9 cf 18 c2 da d0 88 fe 92 ed fb   ..Qv4...........
00e0  68 d4 f3 ce 2d e8 3e d9 c6 9c 0c 2f 29 36 bf c2   h...-.>..../)6..
00f0  9a 58 b9 73 e6 22 0a 19 13 f5 dc da 94 28 c5 58   .X.s.".......(.X
0100  f1 d6 57 6c 52 71 37 83 ac 37 a8 47 9a 29 9a b6   ..WlRq7..7.G.)..
0110  d0 c0 db f2 bd 45 da c9 08 87 82 1e 45 e9 bf 8e   .....E......E...
0120  db b9 60 57 48 80 6a 52 6c 0e e5 64 60 74 08 fb   ..`WH.jRl..d`t..
0130  d0 ed 5e f5 03 bf 0f f5 42 f4 84 2f 87 19 1b a1   ..^.....B../....
0140  96 38 49 db 33 26 e9 ac bb ff 62 db 1c 44 a8 5e   .8I.3&....b..D.^
0150  89 2a a6 2d 74 12 59 d2 3d 60 37 6e c4 a9 4c e2   .*.-t.Y.=`7n..L.
0160  ce 38 bf 78 9b 89 7d b1 9c c8 15 29 1f 76 8d 79   .8.x..}....).v.y
0170  c1 38 25 c8 ce 35 b5 80 22 c5 ae f4 43 78 36 c6   .8%..5.."...Cx6.
0180  96 09 d7 0b 84 67 10 ae 0a d3 ae 21 e6 02 2f 3d   .....g.....!../=
0190  47 b1 77 27 e7 7b ef 4f fb 99 49 8f be ab 67 bb   G.w'.{.O..I...g.
01a0  ce e6 e1 90 8b f6 4b 4b af 4c 1a e4 a3 40 f0 55   ......KK.L...@.U
01b0  45 39 68 a7 25 49 3a ff 31 4b 57 88 70 28 00 06   E9h.%I:.1KW.p(..
01c0  60 33 7e 04 b4 fe 54 6a 1d 66 b1 97 45 2a 3a 0c   `3~...Tj.f..E*:.
01d0  9a 31 87 8f 3e 96 31 90 78 2d fa 34 71 b4 3f f4   .1..>.1.x-.4q.?.
01e0  d5 a6 f0 33 81 75 fd e6 7d f8 78 7a 06 8a 5f a4   ...3.u..}.xz.._.
01f0  21 dc 5b 6a c9 bd 23 17 df ca ca 31 be 2b 24 78   !.[j..#....1.+$x
0200  0e a9 09 59 f6 ca 31 7d 0b fa 10 4d 20 a9 c6 0b   ...Y..1}...M ...
0210  e0 37 bc bd b4 a5 06 56 3f bd 8c 0e 04 99 5e 02   .7.....V?.....^.
0220  24 ff 89 b7 e0 a5 62 bf a2 7b fd 7c c9 cd 5b 44   $.....b..{.|..[D
0230  98 bc 2b 61 96 b5 20 56 4a 83 8a 52 1a 8e 0a 3c   ..+a.. VJ..R...<
0240  2c 35 6b df 77 af 02 a8 8d 93 93 ea 1c e0 ab de   ,5k.w...........
0250  78 c5 2f 7d 64 6c c5 6e e4 d2 e4 35 e4 92 ce 2d   x./}dl.n...5...-
0260  62 51 2a c4 ac 29 fd ed be ee 6d e8 74 5a 3a d4   bQ*..)....m.tZ:.
0270  ff c7 c2 30 fe 5e 38 d3 b0 bc fb 8d 5d 5b ec 50   ...0.^8.....][.P
0280  18 de b0 eb 50 c9 00 89 2e 77 be af a7 90 1a d1   ....P....w......
0290  c9 6b 2e 83 a6 c1 3e 62 47 cc f2 d3 4d c6 61 c4   .k....>bG...M.a.
02a0  5b 1b d4 f6 f9 8b f8 0c 81 57 18 96 7a 6d ed 85   [........W..zm..
02b0  3a e7 f5 91 ba 00 3a 02 ad 16 2a 0e 75 81 e8 e9   :.....:...*.u...
02c0  0e c2 4a 33 22 72 30 91 3e 8b 15 b8 6c bd 31 80   ..J3"r0.>...l.1.
02d0  cd 0d 0d c1 07 04 46 1a 83 8a 20 74 ce 4a 7a e6   ......F... t.Jz.
02e0  e4 f5 ae 02 52 e0 92 b9 9e 54 e2 e3 e6 38 d2 96   ....R....T...8..
02f0  65 0d 5d a5 6b f8 ff 69 b3 a9 4f 4b 53 27 44 5c   e.].k..i..OKS'D\
0300  99 0e 71 88 dc 2d f0 65 38 ea 3c 38 a3 33 4e 13   ..q..-.e8.<8.3N.
0310  31 5e 87 8c 8f f8 39 cc 76 0a a2 22 22 fd b0 36   1^....9.v..""..6
0320  7f 5b bc 2e 41 33 95 fa 64 5c d1 43 e7 fe 60 10   .[..A3..d\.C..`.
0330  a5 e6 07 08 12 26 e4 86 81 2b fc bc 12 9d d9 75   .....&...+.....u
0340  51 01 5d 5f d1 1d ae ae 52 07 f8 0f c2 9e 0d 1d   Q.]_....R.......
0350  f7 aa d9 4e 41 64 41 fd 5c 91 73 b4 4e ea d2 fe   ...NAdA.\.s.N...
0360  f0 d9 33 31 23 37 a1 6f 3f 7c d7 83 0d 3e 93 35   ..31#7.o?|...>.5
0370  3a f4 ed d2 bf f3 1d 54 8b d2 3d 2a 94 0f c3 c2   :......T..=*....
0380  3e 2f 8a 6d b9 1c 62 e3 de 63 5f e6 75 87 2c 4d   >/.m..b..c_.u.,M
0390  06 c2 c7 18 37 ef 4f 99 4a 67 64 bb 26 9b 58 7b   ....7.O.Jgd.&.X{
03a0  9c bd 68 2e 14 6b 56 69 d6 57 fa 49 87 9e 1d 66   ..h..kVi.W.I...f
03b0  a1 ff 37 e7 d5 26 16 f1 04 45 c8 c3 99 c8 2e cd   ..7..&...E......
03c0  e2 8c fb 87 40 11 b2 1e 5c 84 87 08 13 6c 11 11   ....@...\....l..
03d0  d7 93 ba 4c 2d 0b 4b d1 13 ca de 2b 7d 72 f2 3e   ...L-.K....+}r.>
03e0  a2 5f 09 cb 82 17 21 ec f5 32 ff 30 3d 6e 4f 6b   ._....!..2.0=nOk
03f0  2c 90 e6 b0 63 75 ba 86 04 9b 83 96 ee a5 16 c5   ,...cu..........
0400  4b 02 1e b7 57 40 f8 e1 df 0a fe fa 8d 92 2c 5c   K...W@........,\
0410  57 aa d3 41 28 e9 5f 5d f5 86 cc a2 17 c2 cd 4b   W..A(._].......K
0420  fb 9a f0 d2 3b 3b e8 ad 08 37 a2 0c e9 eb 49 19   ....;;...7....I.
0430  7d c4 a0 66 2a 1d 13 8a a8 10 8d e1 b9 bd 3c 4c   }..f*.........<L
0440  4c a7 f9 51 f1 3d ee d1 6c 7d 1a 4d 9b 23 04 d8   L..Q.=..l}.M.#..
0450  ce 27 cc 47 49 73 17 29 3f 0f d5 ca 93 4f b9 8b   .'.GIs.)?....O..
0460  6f 06 06 f1 dd 82 97 ed e1 8a b8 05 2d 87 be 91   o...........-...
0470  f1 59 9f d4 db a0 42 09 36 99 30 f3 0e c9 aa 31   .Y....B.6.0....1
0480  08 52 54 01 2c a4 ba 77 67 17 64 f3 9c ce e3 95   .RT.,..wg.d.....
0490  e4 be dd b9 e2 7e 2a ca f8 01 5e 8c 4a 2b cf 65   .....~*...^.J+.e
04a0  2d ba eb 55 48 98 47 05 89 b7 1a b1 98 ef 9e 6a   -..UH.G........j
04b0  a1 15 b8 52 8d 08 6d 3b 88 55 1f 37 b3 42 bc b0   ...R..m;.U.7.B..
04c0  d6 e3 fb 1b f1 57 cf ac c6 93 44 00 be 16 52 a8   .....W....D...R.
04d0  62 38 2d 69 e9 a5 a9 6e a9 36 cd 4d               b8-i...n.6.M
    Data […]: 5da837ed43e7bfd234da8744817d8899fefedda794aacbb02451f15afed762dc7a0791f2bea0199630b47969272ea3e7a4bf070cea802de276f0a60004eb11bd8caf3afba8254b9f9e465f38c58c0ce50c0efabd0c67b8fc1404fa9d6a1a526c2fac4efa1ff08177d1e2ff7558cceb1c599
    [Length: 1244]

Frame 123: Packet, 86 bytes on wire (688 bits), 86 bytes captured (688 bits) on interface \Device\NPF_{9B9257DC-FAC1-4993-B12F-136D7BA5E874}, id 0
    Section number: 1
    Interface id: 0 (\Device\NPF_{9B9257DC-FAC1-4993-B12F-136D7BA5E874})
        Interface name: \Device\NPF_{9B9257DC-FAC1-4993-B12F-136D7BA5E874}
        Interface description: Wi-Fi
    Encapsulation type: Ethernet (1)
    Arrival Time: Apr  9, 2026 19:48:44.598459000 India Standard Time
    UTC Arrival Time: Apr  9, 2026 14:18:44.598459000 UTC
    Epoch Arrival Time: 1775744324.598459000
    [Time shift for this packet: 0.000000000 seconds]
    [Time delta from previous captured frame: 12.172100 milliseconds]
    [Time delta from previous displayed frame: 12.172100 milliseconds]
    [Time since reference or first frame: 4.156434400 seconds]
    Frame Number: 123
    Frame Length: 86 bytes (688 bits)
    Capture Length: 86 bytes (688 bits)
    [Frame is marked: False]
    [Frame is ignored: False]
    [Protocols in frame: eth:ethertype:vlan:ethertype:ip:udp:quic]
    Character encoding: ASCII (0)
Ethernet II, Src: HewlettPacka_3a:cc:1d (28:92:4a:3a:cc:1d), Dst: 96:77:0b:05:d4:0b (96:77:0b:05:d4:0b)
    Destination: 96:77:0b:05:d4:0b (96:77:0b:05:d4:0b)
        .... ..1. .... .... .... .... = LG bit: Locally administered address (this is NOT the factory default)
        .... ...0 .... .... .... .... = IG bit: Individual address (unicast)
    Source: HewlettPacka_3a:cc:1d (28:92:4a:3a:cc:1d)
        .... ..0. .... .... .... .... = LG bit: Globally unique address (factory default)
        .... ...0 .... .... .... .... = IG bit: Individual address (unicast)
    Type: 802.1Q Virtual LAN (0x8100)
    [Stream index: 0]
802.1Q Virtual LAN, PRI: 0, DEI: 0, ID: 0
    000. .... .... .... = Priority: Best Effort (default) (0)
    ...0 .... .... .... = DEI: Ineligible
    .... 0000 0000 0000 = ID: 0
    Type: IPv4 (0x0800)
Internet Protocol Version 4, Src: 23.202.229.23, Dst: 172.16.90.227
    0100 .... = Version: 4
    .... 0101 = Header Length: 20 bytes (5)
    Differentiated Services Field: 0x00 (DSCP: CS0, ECN: Not-ECT)
        0000 00.. = Differentiated Services Codepoint: Default (0)
        .... ..00 = Explicit Congestion Notification: Not ECN-Capable Transport (0)
    Total Length: 68
    Identification: 0x0000 (0)
    010. .... = Flags: 0x2, Don't fragment
        0... .... = Reserved bit: Not set
        .1.. .... = Don't fragment: Set
        ..0. .... = More fragments: Not set
    ...0 0000 0000 0000 = Fragment Offset: 0
    Time to Live: 55
    Protocol: UDP (17)
    Header Checksum: 0x3fd4 [validation disabled]
    [Header checksum status: Unverified]
    Source Address: 23.202.229.23
    Destination Address: 172.16.90.227
    [Stream index: 2]
User Datagram Protocol, Src Port: 443, Dst Port: 64501
    Source Port: 443
    Destination Port: 64501
    Length: 48
    Checksum: 0xbe06 [unverified]
    [Checksum Status: Unverified]
    [Stream index: 4]
    [Stream Packet Number: 5]
    [Timestamps]
        [Time since first frame: 130.636800 milliseconds]
        [Time since previous frame: 27.694500 milliseconds]
    UDP payload (40 bytes)
QUIC IETF
    QUIC Connection information
        [Connection Number: 4]
    [Packet Length: 40]
    1... .... = Header Form: Long Header (1)
    .1.. .... = Fixed Bit: True
    ..00 .... = Packet Type: Initial (0)
    [.... 00.. = Reserved: 0]
    [.... ..00 = Packet Number Length: 1 bytes (0)]
    Version: 1 (0x00000001)
    Destination Connection ID Length: 0
    Source Connection ID Length: 8
    Source Connection ID: 0f6a913b94808a30
    Token Length: 0
    Length: 22
    [Packet Number: 1]
    Payload: 5abf17b00f113e7c5c20938fdb94e6e905b515559d
    ACK
        Frame Type: ACK (0x0000000000000002)
        Largest Acknowledged: 1
        ACK Delay: 0
        ACK Range Count: 0
        First ACK Range: 0

Frame 124: Packet, 1296 bytes on wire (10368 bits), 1296 bytes captured (10368 bits) on interface \Device\NPF_{9B9257DC-FAC1-4993-B12F-136D7BA5E874}, id 0
    Section number: 1
    Interface id: 0 (\Device\NPF_{9B9257DC-FAC1-4993-B12F-136D7BA5E874})
        Interface name: \Device\NPF_{9B9257DC-FAC1-4993-B12F-136D7BA5E874}
        Interface description: Wi-Fi
    Encapsulation type: Ethernet (1)
    Arrival Time: Apr  9, 2026 19:48:44.598687900 India Standard Time
    UTC Arrival Time: Apr  9, 2026 14:18:44.598687900 UTC
    Epoch Arrival Time: 1775744324.598687900
    [Time shift for this packet: 0.000000000 seconds]
    [Time delta from previous captured frame: 228.900 microseconds]
    [Time delta from previous displayed frame: 228.900 microseconds]
    [Time since reference or first frame: 4.156663300 seconds]
    Frame Number: 124
    Frame Length: 1296 bytes (10368 bits)
    Capture Length: 1296 bytes (10368 bits)
    [Frame is marked: False]
    [Frame is ignored: False]
    [Protocols in frame: eth:ethertype:vlan:ethertype:ip:udp:quic]
    Character encoding: ASCII (0)
Ethernet II, Src: HewlettPacka_3a:cc:1d (28:92:4a:3a:cc:1d), Dst: 96:77:0b:05:d4:0b (96:77:0b:05:d4:0b)
    Destination: 96:77:0b:05:d4:0b (96:77:0b:05:d4:0b)
        .... ..1. .... .... .... .... = LG bit: Locally administered address (this is NOT the factory default)
        .... ...0 .... .... .... .... = IG bit: Individual address (unicast)
    Source: HewlettPacka_3a:cc:1d (28:92:4a:3a:cc:1d)
        .... ..0. .... .... .... .... = LG bit: Globally unique address (factory default)
        .... ...0 .... .... .... .... = IG bit: Individual address (unicast)
    Type: 802.1Q Virtual LAN (0x8100)
    [Stream index: 0]
802.1Q Virtual LAN, PRI: 0, DEI: 0, ID: 0
    000. .... .... .... = Priority: Best Effort (default) (0)
    ...0 .... .... .... = DEI: Ineligible
    .... 0000 0000 0000 = ID: 0
    Type: IPv4 (0x0800)
Internet Protocol Version 4, Src: 23.202.229.23, Dst: 172.16.90.227
    0100 .... = Version: 4
    .... 0101 = Header Length: 20 bytes (5)
    Differentiated Services Field: 0x00 (DSCP: CS0, ECN: Not-ECT)
        0000 00.. = Differentiated Services Codepoint: Default (0)
        .... ..00 = Explicit Congestion Notification: Not ECN-Capable Transport (0)
    Total Length: 1278
    Identification: 0x0000 (0)
    010. .... = Flags: 0x2, Don't fragment
        0... .... = Reserved bit: Not set
        .1.. .... = Don't fragment: Set
        ..0. .... = More fragments: Not set
    ...0 0000 0000 0000 = Fragment Offset: 0
    Time to Live: 55
    Protocol: UDP (17)
    Header Checksum: 0x3b1a [validation disabled]
    [Header checksum status: Unverified]
    Source Address: 23.202.229.23
    Destination Address: 172.16.90.227
    [Stream index: 2]
User Datagram Protocol, Src Port: 443, Dst Port: 64501
    Source Port: 443
    Destination Port: 64501
    Length: 1258
    Checksum: 0x4066 [unverified]
    [Checksum Status: Unverified]
    [Stream index: 4]
    [Stream Packet Number: 6]
    [Timestamps]
        [Time since first frame: 130.865700 milliseconds]
        [Time since previous frame: 228.900 microseconds]
    UDP payload (1250 bytes)
QUIC IETF
    QUIC Connection information
        [Connection Number: 4]
    [Packet Length: 1250]
    1... .... = Header Form: Long Header (1)
    .1.. .... = Fixed Bit: True
    ..00 .... = Packet Type: Initial (0)
    [.... 00.. = Reserved: 0]
    [.... ..00 = Packet Number Length: 1 bytes (0)]
    Version: 1 (0x00000001)
    Destination Connection ID Length: 0
    Source Connection ID Length: 8
    Source Connection ID: 0f6a913b94808a30
    Token Length: 0
    Length: 1232
    [Packet Number: 2]
    Payload […]: 75a1fbaae866ed414657dfc5e62f841f1671ead4a2eed2cabb33fdcdf583783ddcb31adbc53f4d8a1a59420e36edb770a8ec2c332a89af1b87f18acfc97f68776caacdb9b54dd6a717e3ccc743cad77b5390ff58960691492643af74ae9dcc2064126cb086586c72c931cd9dedfdd4eb
    ACK
        Frame Type: ACK (0x0000000000000002)
        Largest Acknowledged: 2
        ACK Delay: 70
        ACK Range Count: 0
        First ACK Range: 1
    PADDING Length: 1209
        Frame Type: PADDING (0x0000000000000000)
        [Padding Length: 1209]

Frame 125: Packet, 1292 bytes on wire (10336 bits), 1292 bytes captured (10336 bits) on interface \Device\NPF_{9B9257DC-FAC1-4993-B12F-136D7BA5E874}, id 0
    Section number: 1
    Interface id: 0 (\Device\NPF_{9B9257DC-FAC1-4993-B12F-136D7BA5E874})
        Interface name: \Device\NPF_{9B9257DC-FAC1-4993-B12F-136D7BA5E874}
        Interface description: Wi-Fi
    Encapsulation type: Ethernet (1)
    Arrival Time: Apr  9, 2026 19:48:44.599596800 India Standard Time
    UTC Arrival Time: Apr  9, 2026 14:18:44.599596800 UTC
    Epoch Arrival Time: 1775744324.599596800
    [Time shift for this packet: 0.000000000 seconds]
    [Time delta from previous captured frame: 908.900 microseconds]
    [Time delta from previous displayed frame: 908.900 microseconds]
    [Time since reference or first frame: 4.157572200 seconds]
    Frame Number: 125
    Frame Length: 1292 bytes (10336 bits)
    Capture Length: 1292 bytes (10336 bits)
    [Frame is marked: False]
    [Frame is ignored: False]
    [Protocols in frame: eth:ethertype:ip:udp:quic:tls]
    Character encoding: ASCII (0)
Ethernet II, Src: HewlettPacka_3a:cc:1d (28:92:4a:3a:cc:1d), Dst: 96:77:0b:05:d4:0b (96:77:0b:05:d4:0b)
    Destination: 96:77:0b:05:d4:0b (96:77:0b:05:d4:0b)
        .... ..1. .... .... .... .... = LG bit: Locally administered address (this is NOT the factory default)
        .... ...0 .... .... .... .... = IG bit: Individual address (unicast)
    Source: HewlettPacka_3a:cc:1d (28:92:4a:3a:cc:1d)
        .... ..0. .... .... .... .... = LG bit: Globally unique address (factory default)
        .... ...0 .... .... .... .... = IG bit: Individual address (unicast)
    Type: IPv4 (0x0800)
    [Stream index: 0]
Internet Protocol Version 4, Src: 23.202.229.23, Dst: 172.16.90.227
    0100 .... = Version: 4
    .... 0101 = Header Length: 20 bytes (5)
    Differentiated Services Field: 0x00 (DSCP: CS0, ECN: Not-ECT)
        0000 00.. = Differentiated Services Codepoint: Default (0)
        .... ..00 = Explicit Congestion Notification: Not ECN-Capable Transport (0)
    Total Length: 1278
    Identification: 0x0000 (0)
    010. .... = Flags: 0x2, Don't fragment
        0... .... = Reserved bit: Not set
        .1.. .... = Don't fragment: Set
        ..0. .... = More fragments: Not set
    ...0 0000 0000 0000 = Fragment Offset: 0
    Time to Live: 55
    Protocol: UDP (17)
    Header Checksum: 0x3b1a [validation disabled]
    [Header checksum status: Unverified]
    Source Address: 23.202.229.23
    Destination Address: 172.16.90.227
    [Stream index: 2]
User Datagram Protocol, Src Port: 443, Dst Port: 64501
    Source Port: 443
    Destination Port: 64501
    Length: 1258
    Checksum: 0x348e [unverified]
    [Checksum Status: Unverified]
    [Stream index: 4]
    [Stream Packet Number: 7]
    [Timestamps]
        [Time since first frame: 131.774600 milliseconds]
        [Time since previous frame: 908.900 microseconds]
    UDP payload (1250 bytes)
QUIC IETF
    QUIC Connection information
        [Connection Number: 4]
    [Packet Length: 1250]
    1... .... = Header Form: Long Header (1)
    .1.. .... = Fixed Bit: True
    ..00 .... = Packet Type: Initial (0)
    [.... 00.. = Reserved: 0]
    [.... ..00 = Packet Number Length: 1 bytes (0)]
    Version: 1 (0x00000001)
    Destination Connection ID Length: 0
    Source Connection ID Length: 8
    Source Connection ID: 0f6a913b94808a30
    Token Length: 0
    Length: 1232
    [Packet Number: 3]
    Payload […]: 3af577d2e8c552e9b00efeaa66a3b1d43cc3347832a71f192dc2e77677ee5018fa38a7b5851d6d1815f4db8bf5ee93a02f11450ca77b75b132abb5f93104c107a9cebb657415d4bebab990b3345eb387060516054cabfc25b3993c460988016cb92cf7aeebb2498d11c3e8e3f34b3685
    CRYPTO
        Frame Type: CRYPTO (0x0000000000000006)
        Offset: 0
        Length: 96
        Crypto Data
        TLSv1.3 Record Layer: Handshake Protocol: Server Hello
            Handshake Protocol: Server Hello
                Handshake Type: Server Hello (2)
                Length: 92
                Version: TLS 1.2 (0x0303)
                    [Expert Info (Chat/Deprecated): This legacy_version field MUST be ignored. The supported_versions extension is present and MUST be used instead.]
                        [This legacy_version field MUST be ignored. The supported_versions extension is present and MUST be used instead.]
                        [Severity level: Chat]
                        [Group: Deprecated]
                Random: 5105df6b05f781e772b0230efad43a8b0f300551cb4d39bb08cd229f8a699f36
                Session ID Length: 0
                Cipher Suite: TLS_AES_256_GCM_SHA384 (0x1302)
                Compression Method: null (0)
                Extensions Length: 52
                Extension: supported_versions (len=2) TLS 1.3
                    Type: supported_versions (43)
                    Length: 2
                    Supported Version: TLS 1.3 (0x0304)
                Extension: key_share (len=36) x25519
                    Type: key_share (51)
                    Length: 36
                    Key Share extension
                        Key Share Entry: Group: x25519, Key Exchange length: 32
                            Group: x25519 (29)
                            Key Exchange Length: 32
                            Key Exchange: 6fe8e1e66e4d3e7ea3c95a629b0288b4e044c9b9135b8164a1d489036442994e
                Extension: pre_shared_key (len=2)
                    Type: pre_shared_key (41)
                    Length: 2
                    Pre-Shared Key extension
                        Selected Identity: 0
                [JA3S Fullstring: 771,4866,43-51-41]
                [JA3S: 2253c82f03b621c5144709b393fde2c9]
    PADDING Length: 1115
        Frame Type: PADDING (0x0000000000000000)
        [Padding Length: 1115]

Frame 126: Packet, 304 bytes on wire (2432 bits), 304 bytes captured (2432 bits) on interface \Device\NPF_{9B9257DC-FAC1-4993-B12F-136D7BA5E874}, id 0
    Section number: 1
    Interface id: 0 (\Device\NPF_{9B9257DC-FAC1-4993-B12F-136D7BA5E874})
        Interface name: \Device\NPF_{9B9257DC-FAC1-4993-B12F-136D7BA5E874}
        Interface description: Wi-Fi
    Encapsulation type: Ethernet (1)
    Arrival Time: Apr  9, 2026 19:48:44.600506500 India Standard Time
    UTC Arrival Time: Apr  9, 2026 14:18:44.600506500 UTC
    Epoch Arrival Time: 1775744324.600506500
    [Time shift for this packet: 0.000000000 seconds]
    [Time delta from previous captured frame: 909.700 microseconds]
    [Time delta from previous displayed frame: 909.700 microseconds]
    [Time since reference or first frame: 4.158481900 seconds]
    Frame Number: 126
    Frame Length: 304 bytes (2432 bits)
    Capture Length: 304 bytes (2432 bits)
    [Frame is marked: False]
    [Frame is ignored: False]
    [Protocols in frame: eth:ethertype:ip:udp:quic]
    Character encoding: ASCII (0)
Ethernet II, Src: HewlettPacka_3a:cc:1d (28:92:4a:3a:cc:1d), Dst: 96:77:0b:05:d4:0b (96:77:0b:05:d4:0b)
    Destination: 96:77:0b:05:d4:0b (96:77:0b:05:d4:0b)
        .... ..1. .... .... .... .... = LG bit: Locally administered address (this is NOT the factory default)
        .... ...0 .... .... .... .... = IG bit: Individual address (unicast)
    Source: HewlettPacka_3a:cc:1d (28:92:4a:3a:cc:1d)
        .... ..0. .... .... .... .... = LG bit: Globally unique address (factory default)
        .... ...0 .... .... .... .... = IG bit: Individual address (unicast)
    Type: IPv4 (0x0800)
    [Stream index: 0]
Internet Protocol Version 4, Src: 23.202.229.23, Dst: 172.16.90.227
    0100 .... = Version: 4
    .... 0101 = Header Length: 20 bytes (5)
    Differentiated Services Field: 0x00 (DSCP: CS0, ECN: Not-ECT)
        0000 00.. = Differentiated Services Codepoint: Default (0)
        .... ..00 = Explicit Congestion Notification: Not ECN-Capable Transport (0)
    Total Length: 290
    Identification: 0x0000 (0)
    010. .... = Flags: 0x2, Don't fragment
        0... .... = Reserved bit: Not set
        .1.. .... = Don't fragment: Set
        ..0. .... = More fragments: Not set
    ...0 0000 0000 0000 = Fragment Offset: 0
    Time to Live: 55
    Protocol: UDP (17)
    Header Checksum: 0x3ef6 [validation disabled]
    [Header checksum status: Unverified]
    Source Address: 23.202.229.23
    Destination Address: 172.16.90.227
    [Stream index: 2]
User Datagram Protocol, Src Port: 443, Dst Port: 64501
    Source Port: 443
    Destination Port: 64501
    Length: 270
    Checksum: 0xbb1b [unverified]
    [Checksum Status: Unverified]
    [Stream index: 4]
    [Stream Packet Number: 8]
    [Timestamps]
        [Time since first frame: 132.684300 milliseconds]
        [Time since previous frame: 909.700 microseconds]
    UDP payload (262 bytes)
QUIC IETF
    QUIC Connection information
        [Connection Number: 4]
    [Packet Length: 262]
    1... .... = Header Form: Long Header (1)
    .1.. .... = Fixed Bit: True
    ..10 .... = Packet Type: Handshake (2)
    Version: 1 (0x00000001)
    Destination Connection ID Length: 0
    Source Connection ID Length: 8
    Source Connection ID: 0f6a913b94808a30
    Length: 245
    [Expert Info (Warning/Decryption): Failed to create decryption context: Secrets are not available]
        [Failed to create decryption context: Secrets are not available]
        [Severity level: Warning]
        [Group: Decryption]
    Remaining Payload […]: 8c379b6c97631932245737676ec47df85276542ed27f6b6c4d49a249690dc2d5a5e2349522e001b62fd9e42f9fdd7b14998ac707e5699d45dc85b2f43933153468de1b0e04b37b728973db94f7d936bc7b193fc9f749e2cc5488d4e0307fa57687aeec3f27c74966bff7f2

Frame 127: Packet, 1292 bytes on wire (10336 bits), 1292 bytes captured (10336 bits) on interface \Device\NPF_{9B9257DC-FAC1-4993-B12F-136D7BA5E874}, id 0
    Section number: 1
    Interface id: 0 (\Device\NPF_{9B9257DC-FAC1-4993-B12F-136D7BA5E874})
        Interface name: \Device\NPF_{9B9257DC-FAC1-4993-B12F-136D7BA5E874}
        Interface description: Wi-Fi
    Encapsulation type: Ethernet (1)
    Arrival Time: Apr  9, 2026 19:48:44.601948700 India Standard Time
    UTC Arrival Time: Apr  9, 2026 14:18:44.601948700 UTC
    Epoch Arrival Time: 1775744324.601948700
    [Time shift for this packet: 0.000000000 seconds]
    [Time delta from previous captured frame: 1.442200 milliseconds]
    [Time delta from previous displayed frame: 1.442200 milliseconds]
    [Time since reference or first frame: 4.159924100 seconds]
    Frame Number: 127
    Frame Length: 1292 bytes (10336 bits)
    Capture Length: 1292 bytes (10336 bits)
    [Frame is marked: False]
    [Frame is ignored: False]
    [Protocols in frame: eth:ethertype:ip:udp:quic]
    Character encoding: ASCII (0)
Ethernet II, Src: 96:77:0b:05:d4:0b (96:77:0b:05:d4:0b), Dst: HewlettPacka_3a:cc:1d (28:92:4a:3a:cc:1d)
    Destination: HewlettPacka_3a:cc:1d (28:92:4a:3a:cc:1d)
        .... ..0. .... .... .... .... = LG bit: Globally unique address (factory default)
        .... ...0 .... .... .... .... = IG bit: Individual address (unicast)
    Source: 96:77:0b:05:d4:0b (96:77:0b:05:d4:0b)
        .... ..1. .... .... .... .... = LG bit: Locally administered address (this is NOT the factory default)
        .... ...0 .... .... .... .... = IG bit: Individual address (unicast)
    Type: IPv4 (0x0800)
    [Stream index: 0]
Internet Protocol Version 4, Src: 172.16.90.227, Dst: 23.202.229.23
    0100 .... = Version: 4
    .... 0101 = Header Length: 20 bytes (5)
    Differentiated Services Field: 0x00 (DSCP: CS0, ECN: Not-ECT)
        0000 00.. = Differentiated Services Codepoint: Default (0)
        .... ..00 = Explicit Congestion Notification: Not ECN-Capable Transport (0)
    Total Length: 1278
    Identification: 0xa984 (43396)
    010. .... = Flags: 0x2, Don't fragment
        0... .... = Reserved bit: Not set
        .1.. .... = Don't fragment: Set
        ..0. .... = More fragments: Not set
    ...0 0000 0000 0000 = Fragment Offset: 0
    Time to Live: 128
    Protocol: UDP (17)
    Header Checksum: 0x0000 [validation disabled]
    [Header checksum status: Unverified]
    Source Address: 172.16.90.227
    Destination Address: 23.202.229.23
    [Stream index: 2]
User Datagram Protocol, Src Port: 64501, Dst Port: 443
    Source Port: 64501
    Destination Port: 443
    Length: 1258
    Checksum: 0x08d1 [unverified]
    [Checksum Status: Unverified]
    [Stream index: 4]
    [Stream Packet Number: 9]
    [Timestamps]
        [Time since first frame: 134.126500 milliseconds]
        [Time since previous frame: 1.442200 milliseconds]
    UDP payload (1250 bytes)
QUIC IETF
    QUIC Connection information
        [Connection Number: 4]
    [Packet Length: 1210]
    1... .... = Header Form: Long Header (1)
    .1.. .... = Fixed Bit: True
    ..00 .... = Packet Type: Initial (0)
    [.... 00.. = Reserved: 0]
    [.... ..00 = Packet Number Length: 1 bytes (0)]
    Version: 1 (0x00000001)
    Destination Connection ID Length: 8
    Destination Connection ID: 0f6a913b94808a30
    Source Connection ID Length: 0
    Token Length: 50
    Token: 41a0f03e23764d82d70069d7b542000000c745a7953edb49118260b34020bbf918752990d00b9d98d1e3f595530dba714c1d
    Length: 1142
    [Packet Number: 7]
    Payload […]: 18984182f76d7160a505840970a7b265206dfd092f3d855d83d3efcaeae86a8ab46d41cbcbeb2a93ad5714fc1616af68344c533e99737cd8eacc27321899a9e4048856267b9a7b6f0b9872bf26d8ef4971ec69cb478ce5a19eb8ea626bfeba38ee333497916af7eb1b8ae2a713c4e9e4
    ACK
        Frame Type: ACK (0x0000000000000002)
        Largest Acknowledged: 3
        ACK Delay: 269
        ACK Range Count: 0
        First ACK Range: 2
    PADDING Length: 1119
        Frame Type: PADDING (0x0000000000000000)
        [Padding Length: 1119]
QUIC IETF
    [Packet Length: 40]
    1... .... = Header Form: Long Header (1)
    .1.. .... = Fixed Bit: True
    ..10 .... = Packet Type: Handshake (2)
    Version: 1 (0x00000001)
    Destination Connection ID Length: 8
    Destination Connection ID: 0f6a913b94808a30
    Source Connection ID Length: 0
    Length: 23
    [Expert Info (Warning/Decryption): Failed to create decryption context: Secrets are not available]
        [Failed to create decryption context: Secrets are not available]
        [Severity level: Warning]
        [Group: Decryption]
    Remaining Payload: 58db192cf1a2762975d870c57c822bdf2aa3012feca94e

Frame 128: Packet, 1292 bytes on wire (10336 bits), 1292 bytes captured (10336 bits) on interface \Device\NPF_{9B9257DC-FAC1-4993-B12F-136D7BA5E874}, id 0
    Section number: 1
    Interface id: 0 (\Device\NPF_{9B9257DC-FAC1-4993-B12F-136D7BA5E874})
        Interface name: \Device\NPF_{9B9257DC-FAC1-4993-B12F-136D7BA5E874}
        Interface description: Wi-Fi
    Encapsulation type: Ethernet (1)
    Arrival Time: Apr  9, 2026 19:48:44.613481700 India Standard Time
    UTC Arrival Time: Apr  9, 2026 14:18:44.613481700 UTC
    Epoch Arrival Time: 1775744324.613481700
    [Time shift for this packet: 0.000000000 seconds]
    [Time delta from previous captured frame: 11.533000 milliseconds]
    [Time delta from previous displayed frame: 11.533000 milliseconds]
    [Time since reference or first frame: 4.171457100 seconds]
    Frame Number: 128
    Frame Length: 1292 bytes (10336 bits)
    Capture Length: 1292 bytes (10336 bits)
    [Frame is marked: False]
    [Frame is ignored: False]
    [Protocols in frame: eth:ethertype:ip:udp:quic]
    Character encoding: ASCII (0)
Ethernet II, Src: HewlettPacka_3a:cc:1d (28:92:4a:3a:cc:1d), Dst: 96:77:0b:05:d4:0b (96:77:0b:05:d4:0b)
    Destination: 96:77:0b:05:d4:0b (96:77:0b:05:d4:0b)
        .... ..1. .... .... .... .... = LG bit: Locally administered address (this is NOT the factory default)
        .... ...0 .... .... .... .... = IG bit: Individual address (unicast)
    Source: HewlettPacka_3a:cc:1d (28:92:4a:3a:cc:1d)
        .... ..0. .... .... .... .... = LG bit: Globally unique address (factory default)
        .... ...0 .... .... .... .... = IG bit: Individual address (unicast)
    Type: IPv4 (0x0800)
    [Stream index: 0]
Internet Protocol Version 4, Src: 23.202.229.23, Dst: 172.16.90.227
    0100 .... = Version: 4
    .... 0101 = Header Length: 20 bytes (5)
    Differentiated Services Field: 0x00 (DSCP: CS0, ECN: Not-ECT)
        0000 00.. = Differentiated Services Codepoint: Default (0)
        .... ..00 = Explicit Congestion Notification: Not ECN-Capable Transport (0)
    Total Length: 1278
    Identification: 0x0000 (0)
    010. .... = Flags: 0x2, Don't fragment
        0... .... = Reserved bit: Not set
        .1.. .... = Don't fragment: Set
        ..0. .... = More fragments: Not set
    ...0 0000 0000 0000 = Fragment Offset: 0
    Time to Live: 55
    Protocol: UDP (17)
    Header Checksum: 0x3b1a [validation disabled]
    [Header checksum status: Unverified]
    Source Address: 23.202.229.23
    Destination Address: 172.16.90.227
    [Stream index: 2]
User Datagram Protocol, Src Port: 443, Dst Port: 64501
    Source Port: 443
    Destination Port: 64501
    Length: 1258
    Checksum: 0x9172 [unverified]
    [Checksum Status: Unverified]
    [Stream index: 4]
    [Stream Packet Number: 10]
    [Timestamps]
        [Time since first frame: 145.659500 milliseconds]
        [Time since previous frame: 11.533000 milliseconds]
    UDP payload (1250 bytes)
QUIC IETF
    QUIC Connection information
        [Connection Number: 4]
    [Packet Length: 988]
    1... .... = Header Form: Long Header (1)
    .1.. .... = Fixed Bit: True
    ..00 .... = Packet Type: Initial (0)
    [.... 00.. = Reserved: 0]
    [.... ..00 = Packet Number Length: 1 bytes (0)]
    Version: 1 (0x00000001)
    Destination Connection ID Length: 0
    Source Connection ID Length: 8
    Source Connection ID: 0f6a913b94808a30
    Token Length: 0
    Length: 970
    [Packet Number: 5]
    Payload […]: 7059499a19b5477fc51ec15a731c0bb71fb92d765ad72408893f450f1b48570fd7942659cc8fb92e3a188f91eee8406394b53056bd22e08364d79084d09ed99cd957f4d33691f810c1b4cea3cbd340e8461a69b6e530e7b02fcecd51215b35c60d72acea3c466df21ea7ea05e84c5872
    ACK
        Frame Type: ACK (0x0000000000000002)
        Largest Acknowledged: 4
        ACK Delay: 7
        ACK Range Count: 1
        First ACK Range: 0
        Gap: 0
        ACK Range: 1
    CRYPTO
        Frame Type: CRYPTO (0x0000000000000006)
        Offset: 0
        Length: 96
        Crypto Data
        This QUIC frame has a reused stream offset (retransmission?)
            [Expert Info (Note/Sequence): This QUIC frame has a reused stream offset (retransmission?)]
                [This QUIC frame has a reused stream offset (retransmission?)]
                [Severity level: Note]
                [Group: Sequence]
    PADDING Length: 846
        Frame Type: PADDING (0x0000000000000000)
        [Padding Length: 846]
QUIC IETF
    [Packet Length: 262]
    1... .... = Header Form: Long Header (1)
    .1.. .... = Fixed Bit: True
    ..10 .... = Packet Type: Handshake (2)
    Version: 1 (0x00000001)
    Destination Connection ID Length: 0
    Source Connection ID Length: 8
    Source Connection ID: 0f6a913b94808a30
    Length: 245
    [Expert Info (Warning/Decryption): Failed to create decryption context: Secrets are not available]
        [Failed to create decryption context: Secrets are not available]
        [Severity level: Warning]
        [Group: Decryption]
    Remaining Payload […]: ea41930e669cabc6e95fc13596e9660c7498206b1848ca44cfa43c6bc4e225b19be1c0ecb61ebfdc9404305faa7ea8012681c64e624a3dce199e0e5862f843a1314c4ebf59407dd53885ed034b968c479ee04922bbb617195432cc9f78a2e23f24215e8ebff9f61fc38a56

Frame 129: Packet, 83 bytes on wire (664 bits), 83 bytes captured (664 bits) on interface \Device\NPF_{9B9257DC-FAC1-4993-B12F-136D7BA5E874}, id 0
    Section number: 1
    Interface id: 0 (\Device\NPF_{9B9257DC-FAC1-4993-B12F-136D7BA5E874})
        Interface name: \Device\NPF_{9B9257DC-FAC1-4993-B12F-136D7BA5E874}
        Interface description: Wi-Fi
    Encapsulation type: Ethernet (1)
    Arrival Time: Apr  9, 2026 19:48:44.613629800 India Standard Time
    UTC Arrival Time: Apr  9, 2026 14:18:44.613629800 UTC
    Epoch Arrival Time: 1775744324.613629800
    [Time shift for this packet: 0.000000000 seconds]
    [Time delta from previous captured frame: 148.100 microseconds]
    [Time delta from previous displayed frame: 148.100 microseconds]
    [Time since reference or first frame: 4.171605200 seconds]
    Frame Number: 129
    Frame Length: 83 bytes (664 bits)
    Capture Length: 83 bytes (664 bits)
    [Frame is marked: False]
    [Frame is ignored: False]
    [Protocols in frame: eth:ethertype:ip:udp:quic]
    Character encoding: ASCII (0)
Ethernet II, Src: 96:77:0b:05:d4:0b (96:77:0b:05:d4:0b), Dst: HewlettPacka_3a:cc:1d (28:92:4a:3a:cc:1d)
    Destination: HewlettPacka_3a:cc:1d (28:92:4a:3a:cc:1d)
        .... ..0. .... .... .... .... = LG bit: Globally unique address (factory default)
        .... ...0 .... .... .... .... = IG bit: Individual address (unicast)
    Source: 96:77:0b:05:d4:0b (96:77:0b:05:d4:0b)
        .... ..1. .... .... .... .... = LG bit: Locally administered address (this is NOT the factory default)
        .... ...0 .... .... .... .... = IG bit: Individual address (unicast)
    Type: IPv4 (0x0800)
    [Stream index: 0]
Internet Protocol Version 4, Src: 172.16.90.227, Dst: 23.202.229.23
    0100 .... = Version: 4
    .... 0101 = Header Length: 20 bytes (5)
    Differentiated Services Field: 0x00 (DSCP: CS0, ECN: Not-ECT)
        0000 00.. = Differentiated Services Codepoint: Default (0)
        .... ..00 = Explicit Congestion Notification: Not ECN-Capable Transport (0)
    Total Length: 69
    Identification: 0xa985 (43397)
    010. .... = Flags: 0x2, Don't fragment
        0... .... = Reserved bit: Not set
        .1.. .... = Don't fragment: Set
        ..0. .... = More fragments: Not set
    ...0 0000 0000 0000 = Fragment Offset: 0
    Time to Live: 128
    Protocol: UDP (17)
    Header Checksum: 0x0000 [validation disabled]
    [Header checksum status: Unverified]
    Source Address: 172.16.90.227
    Destination Address: 23.202.229.23
    [Stream index: 2]
User Datagram Protocol, Src Port: 64501, Dst Port: 443
    Source Port: 64501
    Destination Port: 443
    Length: 49
    Checksum: 0x0418 [unverified]
    [Checksum Status: Unverified]
    [Stream index: 4]
    [Stream Packet Number: 11]
    [Timestamps]
        [Time since first frame: 145.807600 milliseconds]
        [Time since previous frame: 148.100 microseconds]
    UDP payload (41 bytes)
QUIC IETF
    QUIC Connection information
        [Connection Number: 4]
    [Packet Length: 41]
    1... .... = Header Form: Long Header (1)
    .1.. .... = Fixed Bit: True
    ..10 .... = Packet Type: Handshake (2)
    Version: 1 (0x00000001)
    Destination Connection ID Length: 8
    Destination Connection ID: 0f6a913b94808a30
    Source Connection ID Length: 0
    Length: 24
    [Expert Info (Warning/Decryption): Failed to create decryption context: Secrets are not available]
        [Failed to create decryption context: Secrets are not available]
        [Severity level: Warning]
        [Group: Decryption]
    Remaining Payload: dfd5ac57a16acedcf5ee6cbbf9807609be1d5d960e92ebae

Frame 130: Packet, 100 bytes on wire (800 bits), 100 bytes captured (800 bits) on interface \Device\NPF_{9B9257DC-FAC1-4993-B12F-136D7BA5E874}, id 0
    Section number: 1
    Interface id: 0 (\Device\NPF_{9B9257DC-FAC1-4993-B12F-136D7BA5E874})
        Interface name: \Device\NPF_{9B9257DC-FAC1-4993-B12F-136D7BA5E874}
        Interface description: Wi-Fi
    Encapsulation type: Ethernet (1)
    Arrival Time: Apr  9, 2026 19:48:44.615961900 India Standard Time
    UTC Arrival Time: Apr  9, 2026 14:18:44.615961900 UTC
    Epoch Arrival Time: 1775744324.615961900
    [Time shift for this packet: 0.000000000 seconds]
    [Time delta from previous captured frame: 2.332100 milliseconds]
    [Time delta from previous displayed frame: 2.332100 milliseconds]
    [Time since reference or first frame: 4.173937300 seconds]
    Frame Number: 130
    Frame Length: 100 bytes (800 bits)
    Capture Length: 100 bytes (800 bits)
    [Frame is marked: False]
    [Frame is ignored: False]
    [Protocols in frame: eth:ethertype:ip:udp:quic]
    Character encoding: ASCII (0)
Ethernet II, Src: 96:77:0b:05:d4:0b (96:77:0b:05:d4:0b), Dst: HewlettPacka_3a:cc:1d (28:92:4a:3a:cc:1d)
    Destination: HewlettPacka_3a:cc:1d (28:92:4a:3a:cc:1d)
        .... ..0. .... .... .... .... = LG bit: Globally unique address (factory default)
        .... ...0 .... .... .... .... = IG bit: Individual address (unicast)
    Source: 96:77:0b:05:d4:0b (96:77:0b:05:d4:0b)
        .... ..1. .... .... .... .... = LG bit: Locally administered address (this is NOT the factory default)
        .... ...0 .... .... .... .... = IG bit: Individual address (unicast)
    Type: IPv4 (0x0800)
    [Stream index: 0]
Internet Protocol Version 4, Src: 172.16.90.227, Dst: 23.202.229.23
    0100 .... = Version: 4
    .... 0101 = Header Length: 20 bytes (5)
    Differentiated Services Field: 0x00 (DSCP: CS0, ECN: Not-ECT)
        0000 00.. = Differentiated Services Codepoint: Default (0)
        .... ..00 = Explicit Congestion Notification: Not ECN-Capable Transport (0)
    Total Length: 86
    Identification: 0xa986 (43398)
    010. .... = Flags: 0x2, Don't fragment
        0... .... = Reserved bit: Not set
        .1.. .... = Don't fragment: Set
        ..0. .... = More fragments: Not set
    ...0 0000 0000 0000 = Fragment Offset: 0
    Time to Live: 128
    Protocol: UDP (17)
    Header Checksum: 0x0000 [validation disabled]
    [Header checksum status: Unverified]
    Source Address: 172.16.90.227
    Destination Address: 23.202.229.23
    [Stream index: 2]
User Datagram Protocol, Src Port: 64501, Dst Port: 443
    Source Port: 64501
    Destination Port: 443
    Length: 66
    Checksum: 0x0429 [unverified]
    [Checksum Status: Unverified]
    [Stream index: 4]
    [Stream Packet Number: 12]
    [Timestamps]
        [Time since first frame: 148.139700 milliseconds]
        [Time since previous frame: 2.332100 milliseconds]
    UDP payload (58 bytes)
QUIC IETF
    QUIC Connection information
        [Connection Number: 4]
    [Packet Length: 58]
    1... .... = Header Form: Long Header (1)
    .1.. .... = Fixed Bit: True
    ..10 .... = Packet Type: Handshake (2)
    Version: 1 (0x00000001)
    Destination Connection ID Length: 8
    Destination Connection ID: 0f6a913b94808a30
    Source Connection ID Length: 0
    Length: 41
    [Expert Info (Warning/Decryption): Failed to create decryption context: Secrets are not available]
        [Failed to create decryption context: Secrets are not available]
        [Severity level: Warning]
        [Group: Decryption]
    Remaining Payload: ac5ef56ccfdc4076afc879d36a925441fe1120328245c1b2b359278594176cc7a5b4e0dd5ca8515938

Frame 131: Packet, 98 bytes on wire (784 bits), 98 bytes captured (784 bits) on interface \Device\NPF_{9B9257DC-FAC1-4993-B12F-136D7BA5E874}, id 0
    Section number: 1
    Interface id: 0 (\Device\NPF_{9B9257DC-FAC1-4993-B12F-136D7BA5E874})
        Interface name: \Device\NPF_{9B9257DC-FAC1-4993-B12F-136D7BA5E874}
        Interface description: Wi-Fi
    Encapsulation type: Ethernet (1)
    Arrival Time: Apr  9, 2026 19:48:44.616083600 India Standard Time
    UTC Arrival Time: Apr  9, 2026 14:18:44.616083600 UTC
    Epoch Arrival Time: 1775744324.616083600
    [Time shift for this packet: 0.000000000 seconds]
    [Time delta from previous captured frame: 121.700 microseconds]
    [Time delta from previous displayed frame: 121.700 microseconds]
    [Time since reference or first frame: 4.174059000 seconds]
    Frame Number: 131
    Frame Length: 98 bytes (784 bits)
    Capture Length: 98 bytes (784 bits)
    [Frame is marked: False]
    [Frame is ignored: False]
    [Protocols in frame: eth:ethertype:ip:udp:quic]
    Character encoding: ASCII (0)
Ethernet II, Src: 96:77:0b:05:d4:0b (96:77:0b:05:d4:0b), Dst: HewlettPacka_3a:cc:1d (28:92:4a:3a:cc:1d)
    Destination: HewlettPacka_3a:cc:1d (28:92:4a:3a:cc:1d)
        .... ..0. .... .... .... .... = LG bit: Globally unique address (factory default)
        .... ...0 .... .... .... .... = IG bit: Individual address (unicast)
    Source: 96:77:0b:05:d4:0b (96:77:0b:05:d4:0b)
        .... ..1. .... .... .... .... = LG bit: Locally administered address (this is NOT the factory default)
        .... ...0 .... .... .... .... = IG bit: Individual address (unicast)
    Type: IPv4 (0x0800)
    [Stream index: 0]
Internet Protocol Version 4, Src: 172.16.90.227, Dst: 40.104.77.114
    0100 .... = Version: 4
    .... 0101 = Header Length: 20 bytes (5)
    Differentiated Services Field: 0x00 (DSCP: CS0, ECN: Not-ECT)
        0000 00.. = Differentiated Services Codepoint: Default (0)
        .... ..00 = Explicit Congestion Notification: Not ECN-Capable Transport (0)
    Total Length: 84
    Identification: 0x64d6 (25814)
    010. .... = Flags: 0x2, Don't fragment
        0... .... = Reserved bit: Not set
        .1.. .... = Don't fragment: Set
        ..0. .... = More fragments: Not set
    ...0 0000 0000 0000 = Fragment Offset: 0
    Time to Live: 128
    Protocol: UDP (17)
    Header Checksum: 0x0000 [validation disabled]
    [Header checksum status: Unverified]
    Source Address: 172.16.90.227
    Destination Address: 40.104.77.114
    [Stream index: 1]
User Datagram Protocol, Src Port: 51774, Dst Port: 443
    Source Port: 51774
    Destination Port: 443
    Length: 64
    Checksum: 0x7d1f [unverified]
    [Checksum Status: Unverified]
    [Stream index: 1]
    [Stream Packet Number: 23]
    [Timestamps]
        [Time since first frame: 3.282798300 seconds]
        [Time since previous frame: 2.842898400 seconds]
    UDP payload (56 bytes)
QUIC IETF
    QUIC Connection information
        [Connection Number: 1]
    [Packet Length: 56]
    QUIC Short Header DCID=5028684d728c4d5410465632e916
        0... .... = Header Form: Short Header (0)
        .1.. .... = Fixed Bit: True
        ..0. .... = Spin Bit: False
        Destination Connection ID: 5028684d728c4d5410465632e916
    Remaining Payload: 06a0cb22eec4762b9e4da9abf9d45dc270cc3490d8f2629a0d2ffb4dde4a10b263926cfeaff111125b

Frame 132: Packet, 92 bytes on wire (736 bits), 92 bytes captured (736 bits) on interface \Device\NPF_{9B9257DC-FAC1-4993-B12F-136D7BA5E874}, id 0
    Section number: 1
    Interface id: 0 (\Device\NPF_{9B9257DC-FAC1-4993-B12F-136D7BA5E874})
        Interface name: \Device\NPF_{9B9257DC-FAC1-4993-B12F-136D7BA5E874}
        Interface description: Wi-Fi
    Encapsulation type: Ethernet (1)
    Arrival Time: Apr  9, 2026 19:48:44.616193500 India Standard Time
    UTC Arrival Time: Apr  9, 2026 14:18:44.616193500 UTC
    Epoch Arrival Time: 1775744324.616193500
    [Time shift for this packet: 0.000000000 seconds]
    [Time delta from previous captured frame: 109.900 microseconds]
    [Time delta from previous displayed frame: 109.900 microseconds]
    [Time since reference or first frame: 4.174168900 seconds]
    Frame Number: 132
    Frame Length: 92 bytes (736 bits)
    Capture Length: 92 bytes (736 bits)
    [Frame is marked: False]
    [Frame is ignored: False]
    [Protocols in frame: eth:ethertype:ip:udp:quic]
    Character encoding: ASCII (0)
Ethernet II, Src: 96:77:0b:05:d4:0b (96:77:0b:05:d4:0b), Dst: HewlettPacka_3a:cc:1d (28:92:4a:3a:cc:1d)
    Destination: HewlettPacka_3a:cc:1d (28:92:4a:3a:cc:1d)
        .... ..0. .... .... .... .... = LG bit: Globally unique address (factory default)
        .... ...0 .... .... .... .... = IG bit: Individual address (unicast)
    Source: 96:77:0b:05:d4:0b (96:77:0b:05:d4:0b)
        .... ..1. .... .... .... .... = LG bit: Locally administered address (this is NOT the factory default)
        .... ...0 .... .... .... .... = IG bit: Individual address (unicast)
    Type: IPv4 (0x0800)
    [Stream index: 0]
Internet Protocol Version 4, Src: 172.16.90.227, Dst: 23.202.229.23
    0100 .... = Version: 4
    .... 0101 = Header Length: 20 bytes (5)
    Differentiated Services Field: 0x00 (DSCP: CS0, ECN: Not-ECT)
        0000 00.. = Differentiated Services Codepoint: Default (0)
        .... ..00 = Explicit Congestion Notification: Not ECN-Capable Transport (0)
    Total Length: 78
    Identification: 0xa987 (43399)
    010. .... = Flags: 0x2, Don't fragment
        0... .... = Reserved bit: Not set
        .1.. .... = Don't fragment: Set
        ..0. .... = More fragments: Not set
    ...0 0000 0000 0000 = Fragment Offset: 0
    Time to Live: 128
    Protocol: UDP (17)
    Header Checksum: 0x0000 [validation disabled]
    [Header checksum status: Unverified]
    Source Address: 172.16.90.227
    Destination Address: 23.202.229.23
    [Stream index: 2]
User Datagram Protocol, Src Port: 52456, Dst Port: 443
    Source Port: 52456
    Destination Port: 443
    Length: 58
    Checksum: 0x0421 [unverified]
    [Checksum Status: Unverified]
    [Stream index: 2]
    [Stream Packet Number: 48]
    [Timestamps]
        [Time since first frame: 1.911295700 seconds]
        [Time since previous frame: 1.597201200 seconds]
    UDP payload (50 bytes)
QUIC IETF
    QUIC Connection information
        [Connection Number: 2]
    [Packet Length: 50]
    QUIC Short Header DCID=4a3cdf2498808a30
        0... .... = Header Form: Short Header (0)
        .1.. .... = Fixed Bit: True
        ..0. .... = Spin Bit: False
        Destination Connection ID: 4a3cdf2498808a30
    Remaining Payload: bdd40452f1b293d0810731a700814f6ba59ed1396fc71d1482603498cdcfd8f29b710561e45c97adf4

Frame 133: Packet, 98 bytes on wire (784 bits), 98 bytes captured (784 bits) on interface \Device\NPF_{9B9257DC-FAC1-4993-B12F-136D7BA5E874}, id 0
    Section number: 1
    Interface id: 0 (\Device\NPF_{9B9257DC-FAC1-4993-B12F-136D7BA5E874})
        Interface name: \Device\NPF_{9B9257DC-FAC1-4993-B12F-136D7BA5E874}
        Interface description: Wi-Fi
    Encapsulation type: Ethernet (1)
    Arrival Time: Apr  9, 2026 19:48:44.616292100 India Standard Time
    UTC Arrival Time: Apr  9, 2026 14:18:44.616292100 UTC
    Epoch Arrival Time: 1775744324.616292100
    [Time shift for this packet: 0.000000000 seconds]
    [Time delta from previous captured frame: 98.600 microseconds]
    [Time delta from previous displayed frame: 98.600 microseconds]
    [Time since reference or first frame: 4.174267500 seconds]
    Frame Number: 133
    Frame Length: 98 bytes (784 bits)
    Capture Length: 98 bytes (784 bits)
    [Frame is marked: False]
    [Frame is ignored: False]
    [Protocols in frame: eth:ethertype:ip:udp:quic]
    Character encoding: ASCII (0)
Ethernet II, Src: 96:77:0b:05:d4:0b (96:77:0b:05:d4:0b), Dst: HewlettPacka_3a:cc:1d (28:92:4a:3a:cc:1d)
    Destination: HewlettPacka_3a:cc:1d (28:92:4a:3a:cc:1d)
        .... ..0. .... .... .... .... = LG bit: Globally unique address (factory default)
        .... ...0 .... .... .... .... = IG bit: Individual address (unicast)
    Source: 96:77:0b:05:d4:0b (96:77:0b:05:d4:0b)
        .... ..1. .... .... .... .... = LG bit: Locally administered address (this is NOT the factory default)
        .... ...0 .... .... .... .... = IG bit: Individual address (unicast)
    Type: IPv4 (0x0800)
    [Stream index: 0]
Internet Protocol Version 4, Src: 172.16.90.227, Dst: 40.104.77.114
    0100 .... = Version: 4
    .... 0101 = Header Length: 20 bytes (5)
    Differentiated Services Field: 0x00 (DSCP: CS0, ECN: Not-ECT)
        0000 00.. = Differentiated Services Codepoint: Default (0)
        .... ..00 = Explicit Congestion Notification: Not ECN-Capable Transport (0)
    Total Length: 84
    Identification: 0x64d7 (25815)
    010. .... = Flags: 0x2, Don't fragment
        0... .... = Reserved bit: Not set
        .1.. .... = Don't fragment: Set
        ..0. .... = More fragments: Not set
    ...0 0000 0000 0000 = Fragment Offset: 0
    Time to Live: 128
    Protocol: UDP (17)
    Header Checksum: 0x0000 [validation disabled]
    [Header checksum status: Unverified]
    Source Address: 172.16.90.227
    Destination Address: 40.104.77.114
    [Stream index: 1]
User Datagram Protocol, Src Port: 65397, Dst Port: 443
    Source Port: 65397
    Destination Port: 443
    Length: 64
    Checksum: 0x7d1f [unverified]
    [Checksum Status: Unverified]
    [Stream index: 3]
    [Stream Packet Number: 39]
    [Timestamps]
        [Time since first frame: 1.905091100 seconds]
        [Time since previous frame: 1.569505800 seconds]
    UDP payload (56 bytes)
QUIC IETF
    QUIC Connection information
        [Connection Number: 3]
    [Packet Length: 56]
    QUIC Short Header DCID=5a28684d728e1f9623b79dc4fe6f
        0... .... = Header Form: Short Header (0)
        .1.. .... = Fixed Bit: True
        ..0. .... = Spin Bit: False
        Destination Connection ID: 5a28684d728e1f9623b79dc4fe6f
    Remaining Payload: b4710026032a0709f72cecda7bfa78ef9921bdb5e16f32d2866447f9f848c62a6b9a11e95750a1cee4

Frame 134: Packet, 76 bytes on wire (608 bits), 76 bytes captured (608 bits) on interface \Device\NPF_{9B9257DC-FAC1-4993-B12F-136D7BA5E874}, id 0
    Section number: 1
    Interface id: 0 (\Device\NPF_{9B9257DC-FAC1-4993-B12F-136D7BA5E874})
        Interface name: \Device\NPF_{9B9257DC-FAC1-4993-B12F-136D7BA5E874}
        Interface description: Wi-Fi
    Encapsulation type: Ethernet (1)
    Arrival Time: Apr  9, 2026 19:48:44.627221800 India Standard Time
    UTC Arrival Time: Apr  9, 2026 14:18:44.627221800 UTC
    Epoch Arrival Time: 1775744324.627221800
    [Time shift for this packet: 0.000000000 seconds]
    [Time delta from previous captured frame: 10.929700 milliseconds]
    [Time delta from previous displayed frame: 10.929700 milliseconds]
    [Time since reference or first frame: 4.185197200 seconds]
    Frame Number: 134
    Frame Length: 76 bytes (608 bits)
    Capture Length: 76 bytes (608 bits)
    [Frame is marked: False]
    [Frame is ignored: False]
    [Protocols in frame: eth:ethertype:vlan:ethertype:ip:udp:data]
    Character encoding: ASCII (0)
Ethernet II, Src: HewlettPacka_3a:cc:1d (28:92:4a:3a:cc:1d), Dst: 96:77:0b:05:d4:0b (96:77:0b:05:d4:0b)
    Destination: 96:77:0b:05:d4:0b (96:77:0b:05:d4:0b)
        .... ..1. .... .... .... .... = LG bit: Locally administered address (this is NOT the factory default)
        .... ...0 .... .... .... .... = IG bit: Individual address (unicast)
    Source: HewlettPacka_3a:cc:1d (28:92:4a:3a:cc:1d)
        .... ..0. .... .... .... .... = LG bit: Globally unique address (factory default)
        .... ...0 .... .... .... .... = IG bit: Individual address (unicast)
    Type: 802.1Q Virtual LAN (0x8100)
    [Stream index: 0]
802.1Q Virtual LAN, PRI: 0, DEI: 0, ID: 0
    000. .... .... .... = Priority: Best Effort (default) (0)
    ...0 .... .... .... = DEI: Ineligible
    .... 0000 0000 0000 = ID: 0
    Type: IPv4 (0x0800)
Internet Protocol Version 4, Src: 151.101.130.214, Dst: 172.16.90.227
    0100 .... = Version: 4
    .... 0101 = Header Length: 20 bytes (5)
    Differentiated Services Field: 0x00 (DSCP: CS0, ECN: Not-ECT)
        0000 00.. = Differentiated Services Codepoint: Default (0)
        .... ..00 = Explicit Congestion Notification: Not ECN-Capable Transport (0)
    Total Length: 58
    Identification: 0x0000 (0)
    010. .... = Flags: 0x2, Don't fragment
        0... .... = Reserved bit: Not set
        .1.. .... = Don't fragment: Set
        ..0. .... = More fragments: Not set
    ...0 0000 0000 0000 = Fragment Offset: 0
    Time to Live: 57
    Protocol: UDP (17)
    Header Checksum: 0x2084 [validation disabled]
    [Header checksum status: Unverified]
    Source Address: 151.101.130.214
    Destination Address: 172.16.90.227
    [Stream index: 3]
User Datagram Protocol, Src Port: 443, Dst Port: 51051
    Source Port: 443
    Destination Port: 51051
    Length: 38
    Checksum: 0xd5c5 [unverified]
    [Checksum Status: Unverified]
    [Stream index: 5]
    [Stream Packet Number: 6]
    [Timestamps]
        [Time since first frame: 88.798700 milliseconds]
        [Time since previous frame: 40.934900 milliseconds]
    UDP payload (30 bytes)
Data (30 bytes)

0000  4b e0 8a 2d 2e 51 d2 d8 5a d8 1f 24 6c f9 a0 08   K..-.Q..Z..$l...
0010  6a ba 88 e7 6e f5 8b 03 a1 e7 da 50 77 7c         j...n......Pw|
    Data: 4be08a2d2e51d2d85ad81f246cf9a0086aba88e76ef58b03a1e7da50777c
    [Length: 30]

Frame 135: Packet, 1292 bytes on wire (10336 bits), 1292 bytes captured (10336 bits) on interface \Device\NPF_{9B9257DC-FAC1-4993-B12F-136D7BA5E874}, id 0
    Section number: 1
    Interface id: 0 (\Device\NPF_{9B9257DC-FAC1-4993-B12F-136D7BA5E874})
        Interface name: \Device\NPF_{9B9257DC-FAC1-4993-B12F-136D7BA5E874}
        Interface description: Wi-Fi
    Encapsulation type: Ethernet (1)
    Arrival Time: Apr  9, 2026 19:48:44.627434400 India Standard Time
    UTC Arrival Time: Apr  9, 2026 14:18:44.627434400 UTC
    Epoch Arrival Time: 1775744324.627434400
    [Time shift for this packet: 0.000000000 seconds]
    [Time delta from previous captured frame: 212.600 microseconds]
    [Time delta from previous displayed frame: 212.600 microseconds]
    [Time since reference or first frame: 4.185409800 seconds]
    Frame Number: 135
    Frame Length: 1292 bytes (10336 bits)
    Capture Length: 1292 bytes (10336 bits)
    [Frame is marked: False]
    [Frame is ignored: False]
    [Protocols in frame: eth:ethertype:ip:udp:data]
    Character encoding: ASCII (0)
Ethernet II, Src: 96:77:0b:05:d4:0b (96:77:0b:05:d4:0b), Dst: HewlettPacka_3a:cc:1d (28:92:4a:3a:cc:1d)
    Destination: HewlettPacka_3a:cc:1d (28:92:4a:3a:cc:1d)
        .... ..0. .... .... .... .... = LG bit: Globally unique address (factory default)
        .... ...0 .... .... .... .... = IG bit: Individual address (unicast)
    Source: 96:77:0b:05:d4:0b (96:77:0b:05:d4:0b)
        .... ..1. .... .... .... .... = LG bit: Locally administered address (this is NOT the factory default)
        .... ...0 .... .... .... .... = IG bit: Individual address (unicast)
    Type: IPv4 (0x0800)
    [Stream index: 0]
Internet Protocol Version 4, Src: 172.16.90.227, Dst: 151.101.130.214
    0100 .... = Version: 4
    .... 0101 = Header Length: 20 bytes (5)
    Differentiated Services Field: 0x00 (DSCP: CS0, ECN: Not-ECT)
        0000 00.. = Differentiated Services Codepoint: Default (0)
        .... ..00 = Explicit Congestion Notification: Not ECN-Capable Transport (0)
    Total Length: 1278
    Identification: 0x4e71 (20081)
    010. .... = Flags: 0x2, Don't fragment
        0... .... = Reserved bit: Not set
        .1.. .... = Don't fragment: Set
        ..0. .... = More fragments: Not set
    ...0 0000 0000 0000 = Fragment Offset: 0
    Time to Live: 128
    Protocol: UDP (17)
    Header Checksum: 0x0000 [validation disabled]
    [Header checksum status: Unverified]
    Source Address: 172.16.90.227
    Destination Address: 151.101.130.214
    [Stream index: 3]
User Datagram Protocol, Src Port: 51051, Dst Port: 443
    Source Port: 51051
    Destination Port: 443
    Length: 1258
    Checksum: 0x262b [unverified]
    [Checksum Status: Unverified]
    [Stream index: 5]
    [Stream Packet Number: 7]
    [Timestamps]
        [Time since first frame: 89.011300 milliseconds]
        [Time since previous frame: 212.600 microseconds]
    UDP payload (1250 bytes)
Data (1250 bytes)

0000  58 a8 37 ed 43 e7 bf d2 34 da 87 44 81 7d 88 99   X.7.C...4..D.}..
0010  fe fe 4a bb cd ef e0 1e ac 9e 1d 9f 65 3c 7d 8f   ..J.........e<}.
0020  ac e5 a6 e0 f3 fa c8 a5 3a 19 d4 2d 58 90 64 2d   ........:..-X.d-
0030  2c 24 6a 75 5e ff 66 93 e2 bd 18 33 fa a1 d3 49   ,$ju^.f....3...I
0040  7b ef 83 c8 43 f8 e5 ea f0 1f c8 9c e8 fb 76 eb   {...C.........v.
0050  d6 47 26 34 86 4e c5 07 43 2c 75 07 33 f7 ea ef   .G&4.N..C,u.3...
0060  c5 92 1b 38 58 e5 5c 79 6d 2b e9 45 40 0b 89 d3   ...8X.\ym+.E@...
0070  9d 6c 4d 47 c6 05 cf 5e f9 ff ec 71 21 16 d7 da   .lMG...^...q!...
0080  ea f0 0b 3b 91 b8 23 73 c0 07 fd 5e d6 bc 63 48   ...;..#s...^..cH
0090  cc 9b db b9 fc ef 60 ba fc b3 9c f8 19 1f 84 a5   ......`.........
00a0  bd ee ec 28 60 59 c6 c1 f3 77 6c 38 ca 97 90 24   ...(`Y...wl8...$
00b0  2e 24 f1 30 bb 74 dc c5 f8 ee d1 43 85 f6 7c 12   .$.0.t.....C..|.
00c0  91 cb 08 aa eb 4b 23 55 34 8c 3c d0 19 cd 9f bb   .....K#U4.<.....
00d0  51 e3 31 7b d2 bd 7c a3 79 a7 97 40 26 38 6d 2a   Q.1{..|.y..@&8m*
00e0  07 0a 67 2f 1a 71 24 54 9f 90 1e 34 1f 98 5d 5a   ..g/.q$T...4..]Z
00f0  2d 9e 2d 34 41 74 29 95 ae 17 d5 11 12 c1 da bc   -.-4At).........
0100  9c 3e 13 02 55 02 2a 5f 89 e5 e2 26 5b d6 a4 3b   .>..U.*_...&[..;
0110  77 76 c1 2c 4b d1 34 c2 b7 6c e2 94 12 32 12 6e   wv.,K.4..l...2.n
0120  88 27 ba 72 a2 2f 44 30 f9 29 f5 90 30 d6 8e bb   .'.r./D0.)..0...
0130  6c 22 0b cb e3 b5 8c 9d ae 28 d9 7d 9c 29 e5 5a   l".......(.}.).Z
0140  20 c0 95 d3 9c 59 d7 9e 99 76 c7 78 77 47 71 2c    ....Y...v.xwGq,
0150  75 bb 8f c2 a0 6b f6 98 52 43 fa d4 8c d0 33 01   u....k..RC....3.
0160  13 b1 4f 42 24 19 48 0a 59 e5 c4 71 50 e1 19 f0   ..OB$.H.Y..qP...
0170  f8 45 a3 42 29 d7 55 11 6a 5e 30 b7 f9 9d 7f 06   .E.B).U.j^0.....
0180  dc 28 8b a9 5a f1 02 70 9b d1 09 8a a0 1c 2f 44   .(..Z..p....../D
0190  5a 83 98 2b a3 72 54 d6 07 5e f5 e8 cc 17 0b db   Z..+.rT..^......
01a0  87 71 32 fb a5 ee 8d f8 61 5b e9 88 1d 6a 3a 72   .q2.....a[...j:r
01b0  3b 97 d4 af 06 dd 79 2f 4d 8a 64 a0 30 78 21 8c   ;.....y/M.d.0x!.
01c0  63 31 9e a2 60 67 43 e5 6d 57 19 66 c3 63 74 58   c1..`gC.mW.f.ctX
01d0  c2 f3 2b 1d 26 be d6 76 da c6 51 d2 4e ae 47 8d   ..+.&..v..Q.N.G.
01e0  7c 97 86 23 91 43 20 78 51 1f 3f 97 2e 80 c5 fe   |..#.C xQ.?.....
01f0  78 3c 15 2d 49 6a a6 68 b4 f8 f8 4b 89 f1 87 f0   x<.-Ij.h...K....
0200  32 25 2a 2d 82 aa c4 a8 e9 1a f3 74 f3 46 24 93   2%*-.......t.F$.
0210  57 28 f7 01 89 e5 15 c6 c7 19 4e 3f b0 a1 15 ef   W(........N?....
0220  96 74 f4 67 a9 13 76 90 19 61 43 39 be 5e 04 0f   .t.g..v..aC9.^..
0230  74 c2 e8 8c f3 34 8d 27 13 83 a0 52 29 32 86 e2   t....4.'...R)2..
0240  23 df e8 62 8d be a5 cd d9 4f a6 f2 a2 d9 ee 01   #..b.....O......
0250  b5 d0 d7 35 f4 b7 bf 90 46 87 7c 03 4b d1 33 e6   ...5....F.|.K.3.
0260  2b 80 c1 43 16 d5 68 25 8e b8 a5 f4 1f b0 a4 60   +..C..h%.......`
0270  d7 ac 09 d6 b4 68 1e 44 56 bd f6 e8 ec a5 a6 a1   .....h.DV.......
0280  ce 8d ba 13 76 5f 24 2c ef 8f 0a 8f f2 28 be c4   ....v_$,.....(..
0290  41 b4 70 14 28 19 74 7c 7d 51 4e 3a da d0 a9 47   A.p.(.t|}QN:...G
02a0  9d 16 1c 75 ab 71 24 89 96 4d 1b 90 ea e3 b7 4f   ...u.q$..M.....O
02b0  a9 35 2e b9 06 35 ad 40 d8 9e 27 c5 aa 3b 3d e6   .5...5.@..'..;=.
02c0  bd bb cb 0c d5 dd a3 11 6d b8 30 06 b5 1a 00 7f   ........m.0.....
02d0  d0 82 fc 08 a9 d1 af 99 c0 a2 bb 28 75 fe ce b2   ...........(u...
02e0  39 fa 7a 8f 4d e4 10 e2 87 e4 7d d7 d3 99 ba 57   9.z.M.....}....W
02f0  b2 c4 d1 e3 40 6a 20 b3 55 60 8b 60 d1 c7 8f dd   ....@j .U`.`....
0300  fe cb de af 63 fb c9 aa 72 8f 43 64 35 43 a1 09   ....c...r.Cd5C..
0310  89 c5 cd 5b ed 87 81 3a 4f 9e 50 c9 22 d8 d4 ce   ...[...:O.P."...
0320  50 1b 0a f2 23 ea f2 7b 3c 6c 1c 7c 07 7e 7a 35   P...#..{<l.|.~z5
0330  63 24 97 c0 5c 3c 3e dc d0 6a a2 30 0b d3 8c ff   c$..\<>..j.0....
0340  14 f7 36 03 d2 5c f7 b0 00 bc db b5 c3 52 07 26   ..6..\.......R.&
0350  49 f4 55 53 4f 70 2e e1 0b b9 fb 7a cf 64 f0 e4   I.USOp.....z.d..
0360  2b 5c 10 27 67 ba d9 45 01 a5 a7 3e 2b 26 ba a3   +\.'g..E...>+&..
0370  4d d6 e4 ca be 21 b8 f8 b0 57 22 e8 de 85 94 92   M....!...W".....
0380  b1 e4 c1 ab 6e 34 fc 94 e4 19 59 7b eb 85 95 5d   ....n4....Y{...]
0390  4c c6 9c 79 3e a7 98 6a 5e e0 8c 94 3d 86 c3 5a   L..y>..j^...=..Z
03a0  83 25 d2 0b 72 54 8d 8d cc 6a 52 f8 28 4c 83 07   .%..rT...jR.(L..
03b0  68 0d b4 1c 67 dd 1e f0 e6 1f 7f ff 69 13 22 9d   h...g.......i.".
03c0  65 c6 6d f7 19 eb 51 dc 49 16 e1 c8 bc 29 d4 77   e.m...Q.I....).w
03d0  17 a1 14 3e f8 2e 6e 40 01 7c de 16 da 40 61 19   ...>..n@.|...@a.
03e0  18 9f 65 59 a2 f3 ef 1c 6c 91 b7 b2 28 fe 2f 9f   ..eY....l...(./.
03f0  d7 7b ec 7f 5c 42 a7 e3 79 76 21 68 e3 4a 18 46   .{..\B..yv!h.J.F
0400  20 c2 66 2e 1f 43 28 c8 1f 8e 6e 48 bd 37 73 91    .f..C(...nH.7s.
0410  89 89 ee f6 27 ff ec fb 62 15 6f c4 3b a2 59 eb   ....'...b.o.;.Y.
0420  75 88 04 20 fa d9 53 ac 69 a0 3b db 71 fa ec 81   u.. ..S.i.;.q...
0430  21 66 56 41 f1 e7 47 d6 8d 6c fe 1e e9 5c 43 99   !fVA..G..l...\C.
0440  b5 00 36 e2 98 7b db d1 7d 02 8c 60 0c f4 80 f1   ..6..{..}..`....
0450  3e 14 60 6d 46 a8 e4 4d cc da 13 2e 45 2b 70 e2   >.`mF..M....E+p.
0460  9c 86 6e d8 f7 bf 8a 0a 38 be 46 42 05 43 37 c1   ..n.....8.FB.C7.
0470  e9 f7 41 35 e7 a1 65 b3 c8 7f 0f be ee 96 55 69   ..A5..e.......Ui
0480  fd bd c1 84 0b 6c eb 90 ed 8a 1f 80 55 89 22 fa   .....l......U.".
0490  96 55 17 1d 1f ac ed e0 f6 46 74 68 eb 85 b8 82   .U.......Fth....
04a0  9f 79 e9 dc b1 b6 bd 83 c4 0a c7 3a 45 81 83 60   .y.........:E..`
04b0  b1 31 fe 5e 3f 9a 74 eb 2c cc f1 b2 1a f8 36 c5   .1.^?.t.,.....6.
04c0  68 60 33 f3 21 68 48 81 a6 47 c5 fa 56 fa b1 88   h`3.!hH..G..V...
04d0  9a cf e1 dc 52 78 cf a9 09 fc 55 c3 92 f9 e1 ae   ....Rx....U.....
04e0  cc 1b                                             ..
    Data […]: 58a837ed43e7bfd234da8744817d8899fefe4abbcdefe01eac9e1d9f653c7d8face5a6e0f3fac8a53a19d42d5890642d2c246a755eff6693e2bd1833faa1d3497bef83c843f8e5eaf01fc89ce8fb76ebd6472634864ec507432c750733f7eaefc5921b3858e55c796d2be945400b89d39d6
    [Length: 1250]

Frame 136: Packet, 86 bytes on wire (688 bits), 86 bytes captured (688 bits) on interface \Device\NPF_{9B9257DC-FAC1-4993-B12F-136D7BA5E874}, id 0
    Section number: 1
    Interface id: 0 (\Device\NPF_{9B9257DC-FAC1-4993-B12F-136D7BA5E874})
        Interface name: \Device\NPF_{9B9257DC-FAC1-4993-B12F-136D7BA5E874}
        Interface description: Wi-Fi
    Encapsulation type: Ethernet (1)
    Arrival Time: Apr  9, 2026 19:48:44.627485900 India Standard Time
    UTC Arrival Time: Apr  9, 2026 14:18:44.627485900 UTC
    Epoch Arrival Time: 1775744324.627485900
    [Time shift for this packet: 0.000000000 seconds]
    [Time delta from previous captured frame: 51.500 microseconds]
    [Time delta from previous displayed frame: 51.500 microseconds]
    [Time since reference or first frame: 4.185461300 seconds]
    Frame Number: 136
    Frame Length: 86 bytes (688 bits)
    Capture Length: 86 bytes (688 bits)
    [Frame is marked: False]
    [Frame is ignored: False]
    [Protocols in frame: eth:ethertype:ip:udp:data]
    Character encoding: ASCII (0)
Ethernet II, Src: 96:77:0b:05:d4:0b (96:77:0b:05:d4:0b), Dst: HewlettPacka_3a:cc:1d (28:92:4a:3a:cc:1d)
    Destination: HewlettPacka_3a:cc:1d (28:92:4a:3a:cc:1d)
        .... ..0. .... .... .... .... = LG bit: Globally unique address (factory default)
        .... ...0 .... .... .... .... = IG bit: Individual address (unicast)
    Source: 96:77:0b:05:d4:0b (96:77:0b:05:d4:0b)
        .... ..1. .... .... .... .... = LG bit: Locally administered address (this is NOT the factory default)
        .... ...0 .... .... .... .... = IG bit: Individual address (unicast)
    Type: IPv4 (0x0800)
    [Stream index: 0]
Internet Protocol Version 4, Src: 172.16.90.227, Dst: 151.101.130.214
    0100 .... = Version: 4
    .... 0101 = Header Length: 20 bytes (5)
    Differentiated Services Field: 0x00 (DSCP: CS0, ECN: Not-ECT)
        0000 00.. = Differentiated Services Codepoint: Default (0)
        .... ..00 = Explicit Congestion Notification: Not ECN-Capable Transport (0)
    Total Length: 72
    Identification: 0x4e72 (20082)
    010. .... = Flags: 0x2, Don't fragment
        0... .... = Reserved bit: Not set
        .1.. .... = Don't fragment: Set
        ..0. .... = More fragments: Not set
    ...0 0000 0000 0000 = Fragment Offset: 0
    Time to Live: 128
    Protocol: UDP (17)
    Header Checksum: 0x0000 [validation disabled]
    [Header checksum status: Unverified]
    Source Address: 172.16.90.227
    Destination Address: 151.101.130.214
    [Stream index: 3]
User Datagram Protocol, Src Port: 51051, Dst Port: 443
    Source Port: 51051
    Destination Port: 443
    Length: 52
    Checksum: 0x2175 [unverified]
    [Checksum Status: Unverified]
    [Stream index: 5]
    [Stream Packet Number: 8]
    [Timestamps]
        [Time since first frame: 89.062800 milliseconds]
        [Time since previous frame: 51.500 microseconds]
    UDP payload (44 bytes)
Data (44 bytes)

0000  4a a8 37 ed 43 e7 bf d2 34 da 87 44 81 7d 88 99   J.7.C...4..D.}..
0010  fe fe ed 9e dd 63 68 56 2d 41 02 5b b0 16 91 8b   .....chV-A.[....
0020  4b 3a ca 87 9d 52 72 b1 54 52 56 40               K:...Rr.TRV@
    Data: 4aa837ed43e7bfd234da8744817d8899fefeed9edd6368562d41025bb016918b4b3aca879d5272b154525640
    [Length: 44]

Frame 137: Packet, 70 bytes on wire (560 bits), 70 bytes captured (560 bits) on interface \Device\NPF_{9B9257DC-FAC1-4993-B12F-136D7BA5E874}, id 0
    Section number: 1
    Interface id: 0 (\Device\NPF_{9B9257DC-FAC1-4993-B12F-136D7BA5E874})
        Interface name: \Device\NPF_{9B9257DC-FAC1-4993-B12F-136D7BA5E874}
        Interface description: Wi-Fi
    Encapsulation type: Ethernet (1)
    Arrival Time: Apr  9, 2026 19:48:44.627628200 India Standard Time
    UTC Arrival Time: Apr  9, 2026 14:18:44.627628200 UTC
    Epoch Arrival Time: 1775744324.627628200
    [Time shift for this packet: 0.000000000 seconds]
    [Time delta from previous captured frame: 142.300 microseconds]
    [Time delta from previous displayed frame: 142.300 microseconds]
    [Time since reference or first frame: 4.185603600 seconds]
    Frame Number: 137
    Frame Length: 70 bytes (560 bits)
    Capture Length: 70 bytes (560 bits)
    [Frame is marked: False]
    [Frame is ignored: False]
    [Protocols in frame: eth:ethertype:vlan:ethertype:ip:udp:data]
    Character encoding: ASCII (0)
Ethernet II, Src: HewlettPacka_3a:cc:1d (28:92:4a:3a:cc:1d), Dst: 96:77:0b:05:d4:0b (96:77:0b:05:d4:0b)
    Destination: 96:77:0b:05:d4:0b (96:77:0b:05:d4:0b)
        .... ..1. .... .... .... .... = LG bit: Locally administered address (this is NOT the factory default)
        .... ...0 .... .... .... .... = IG bit: Individual address (unicast)
    Source: HewlettPacka_3a:cc:1d (28:92:4a:3a:cc:1d)
        .... ..0. .... .... .... .... = LG bit: Globally unique address (factory default)
        .... ...0 .... .... .... .... = IG bit: Individual address (unicast)
    Type: 802.1Q Virtual LAN (0x8100)
    [Stream index: 0]
802.1Q Virtual LAN, PRI: 0, DEI: 0, ID: 0
    000. .... .... .... = Priority: Best Effort (default) (0)
    ...0 .... .... .... = DEI: Ineligible
    .... 0000 0000 0000 = ID: 0
    Type: IPv4 (0x0800)
Internet Protocol Version 4, Src: 151.101.130.214, Dst: 172.16.90.227
    0100 .... = Version: 4
    .... 0101 = Header Length: 20 bytes (5)
    Differentiated Services Field: 0x00 (DSCP: CS0, ECN: Not-ECT)
        0000 00.. = Differentiated Services Codepoint: Default (0)
        .... ..00 = Explicit Congestion Notification: Not ECN-Capable Transport (0)
    Total Length: 52
    Identification: 0x0000 (0)
    010. .... = Flags: 0x2, Don't fragment
        0... .... = Reserved bit: Not set
        .1.. .... = Don't fragment: Set
        ..0. .... = More fragments: Not set
    ...0 0000 0000 0000 = Fragment Offset: 0
    Time to Live: 57
    Protocol: UDP (17)
    Header Checksum: 0x208a [validation disabled]
    [Header checksum status: Unverified]
    Source Address: 151.101.130.214
    Destination Address: 172.16.90.227
    [Stream index: 3]
User Datagram Protocol, Src Port: 443, Dst Port: 51051
    Source Port: 443
    Destination Port: 51051
    Length: 32
    Checksum: 0x4ebc [unverified]
    [Checksum Status: Unverified]
    [Stream index: 5]
    [Stream Packet Number: 9]
    [Timestamps]
        [Time since first frame: 89.205100 milliseconds]
        [Time since previous frame: 142.300 microseconds]
    UDP payload (24 bytes)
Data (24 bytes)

0000  5e 80 59 5b f0 08 8d ee d3 fc 05 6f 85 93 0f 34   ^.Y[.......o...4
0010  2c 68 c9 57 b2 0b 7a c9                           ,h.W..z.
    Data: 5e80595bf0088deed3fc056f85930f342c68c957b20b7ac9
    [Length: 24]

Frame 138: Packet, 1292 bytes on wire (10336 bits), 1292 bytes captured (10336 bits) on interface \Device\NPF_{9B9257DC-FAC1-4993-B12F-136D7BA5E874}, id 0
    Section number: 1
    Interface id: 0 (\Device\NPF_{9B9257DC-FAC1-4993-B12F-136D7BA5E874})
        Interface name: \Device\NPF_{9B9257DC-FAC1-4993-B12F-136D7BA5E874}
        Interface description: Wi-Fi
    Encapsulation type: Ethernet (1)
    Arrival Time: Apr  9, 2026 19:48:44.629498600 India Standard Time
    UTC Arrival Time: Apr  9, 2026 14:18:44.629498600 UTC
    Epoch Arrival Time: 1775744324.629498600
    [Time shift for this packet: 0.000000000 seconds]
    [Time delta from previous captured frame: 1.870400 milliseconds]
    [Time delta from previous displayed frame: 1.870400 milliseconds]
    [Time since reference or first frame: 4.187474000 seconds]
    Frame Number: 138
    Frame Length: 1292 bytes (10336 bits)
    Capture Length: 1292 bytes (10336 bits)
    [Frame is marked: False]
    [Frame is ignored: False]
    [Protocols in frame: eth:ethertype:ip:udp:quic]
    Character encoding: ASCII (0)
Ethernet II, Src: HewlettPacka_3a:cc:1d (28:92:4a:3a:cc:1d), Dst: 96:77:0b:05:d4:0b (96:77:0b:05:d4:0b)
    Destination: 96:77:0b:05:d4:0b (96:77:0b:05:d4:0b)
        .... ..1. .... .... .... .... = LG bit: Locally administered address (this is NOT the factory default)
        .... ...0 .... .... .... .... = IG bit: Individual address (unicast)
    Source: HewlettPacka_3a:cc:1d (28:92:4a:3a:cc:1d)
        .... ..0. .... .... .... .... = LG bit: Globally unique address (factory default)
        .... ...0 .... .... .... .... = IG bit: Individual address (unicast)
    Type: IPv4 (0x0800)
    [Stream index: 0]
Internet Protocol Version 4, Src: 23.202.229.23, Dst: 172.16.90.227
    0100 .... = Version: 4
    .... 0101 = Header Length: 20 bytes (5)
    Differentiated Services Field: 0x00 (DSCP: CS0, ECN: Not-ECT)
        0000 00.. = Differentiated Services Codepoint: Default (0)
        .... ..00 = Explicit Congestion Notification: Not ECN-Capable Transport (0)
    Total Length: 1278
    Identification: 0x0000 (0)
    010. .... = Flags: 0x2, Don't fragment
        0... .... = Reserved bit: Not set
        .1.. .... = Don't fragment: Set
        ..0. .... = More fragments: Not set
    ...0 0000 0000 0000 = Fragment Offset: 0
    Time to Live: 55
    Protocol: UDP (17)
    Header Checksum: 0x3b1a [validation disabled]
    [Header checksum status: Unverified]
    Source Address: 23.202.229.23
    Destination Address: 172.16.90.227
    [Stream index: 2]
User Datagram Protocol, Src Port: 443, Dst Port: 64501
    Source Port: 443
    Destination Port: 64501
    Length: 1258
    Checksum: 0x7afc [unverified]
    [Checksum Status: Unverified]
    [Stream index: 4]
    [Stream Packet Number: 13]
    [Timestamps]
        [Time since first frame: 161.676400 milliseconds]
        [Time since previous frame: 13.536700 milliseconds]
    UDP payload (1250 bytes)
QUIC IETF
    QUIC Connection information
        [Connection Number: 4]
    [Packet Length: 988]
    1... .... = Header Form: Long Header (1)
    .1.. .... = Fixed Bit: True
    ..00 .... = Packet Type: Initial (0)
    [.... 00.. = Reserved: 0]
    [.... ..00 = Packet Number Length: 1 bytes (0)]
    Version: 1 (0x00000001)
    Destination Connection ID Length: 0
    Source Connection ID Length: 8
    Source Connection ID: 0f6a913b94808a30
    Token Length: 0
    Length: 970
    [Packet Number: 7]
    Payload […]: fded6344a27f30eecfb0fdc7cb4605dd901302fcf2a295e4ed3020a657c254b4b3a18dbcf43122585ac9e910f6b62e4873dbe8a1358b99f068356e87413f8fae83580870534954396eee09b2b8fa4b7636d314fada2cd85eb03313c0b1087264395e8bf854b962f297fb5a1e6ca1e447
    ACK
        Frame Type: ACK (0x0000000000000002)
        Largest Acknowledged: 6
        ACK Delay: 6
        ACK Range Count: 2
        First ACK Range: 0
        Gap: 0
        ACK Range: 0
        Gap: 0
        ACK Range: 1
    CRYPTO
        Frame Type: CRYPTO (0x0000000000000006)
        Offset: 0
        Length: 96
        Crypto Data
        This QUIC frame has a reused stream offset (retransmission?)
            [Expert Info (Note/Sequence): This QUIC frame has a reused stream offset (retransmission?)]
                [This QUIC frame has a reused stream offset (retransmission?)]
                [Severity level: Note]
                [Group: Sequence]
    PADDING Length: 844
        Frame Type: PADDING (0x0000000000000000)
        [Padding Length: 844]
QUIC IETF
    [Packet Length: 262]
    1... .... = Header Form: Long Header (1)
    .1.. .... = Fixed Bit: True
    ..10 .... = Packet Type: Handshake (2)
    Version: 1 (0x00000001)
    Destination Connection ID Length: 0
    Source Connection ID Length: 8
    Source Connection ID: 0f6a913b94808a30
    Length: 245
    [Expert Info (Warning/Decryption): Failed to create decryption context: Secrets are not available]
        [Failed to create decryption context: Secrets are not available]
        [Severity level: Warning]
        [Group: Decryption]
    Remaining Payload […]: 3e65a9c3da4f6ef0def33c3b1bc4231c89c4627700ade1543d33002ed9cd6751022c4093dc99ba86464c9f7ead0f914bc51ebf08640d4c7fa06c15db2c558596a98f67df57b251ed1aa4c1f93bc297b8d9327b28396f740c0ca08f063f066aea3be30b85622aafb79d3164

Frame 139: Packet, 63 bytes on wire (504 bits), 63 bytes captured (504 bits) on interface \Device\NPF_{9B9257DC-FAC1-4993-B12F-136D7BA5E874}, id 0
    Section number: 1
    Interface id: 0 (\Device\NPF_{9B9257DC-FAC1-4993-B12F-136D7BA5E874})
        Interface name: \Device\NPF_{9B9257DC-FAC1-4993-B12F-136D7BA5E874}
        Interface description: Wi-Fi
    Encapsulation type: Ethernet (1)
    Arrival Time: Apr  9, 2026 19:48:44.646620900 India Standard Time
    UTC Arrival Time: Apr  9, 2026 14:18:44.646620900 UTC
    Epoch Arrival Time: 1775744324.646620900
    [Time shift for this packet: 0.000000000 seconds]
    [Time delta from previous captured frame: 17.122300 milliseconds]
    [Time delta from previous displayed frame: 17.122300 milliseconds]
    [Time since reference or first frame: 4.204596300 seconds]
    Frame Number: 139
    Frame Length: 63 bytes (504 bits)
    Capture Length: 63 bytes (504 bits)
    [Frame is marked: False]
    [Frame is ignored: False]
    [Protocols in frame: eth:ethertype:ip:udp:data]
    Character encoding: ASCII (0)
Ethernet II, Src: HewlettPacka_3a:cc:1d (28:92:4a:3a:cc:1d), Dst: 96:77:0b:05:d4:0b (96:77:0b:05:d4:0b)
    Destination: 96:77:0b:05:d4:0b (96:77:0b:05:d4:0b)
        .... ..1. .... .... .... .... = LG bit: Locally administered address (this is NOT the factory default)
        .... ...0 .... .... .... .... = IG bit: Individual address (unicast)
    Source: HewlettPacka_3a:cc:1d (28:92:4a:3a:cc:1d)
        .... ..0. .... .... .... .... = LG bit: Globally unique address (factory default)
        .... ...0 .... .... .... .... = IG bit: Individual address (unicast)
    Type: IPv4 (0x0800)
    [Stream index: 0]
Internet Protocol Version 4, Src: 151.101.130.214, Dst: 172.16.90.227
    0100 .... = Version: 4
    .... 0101 = Header Length: 20 bytes (5)
    Differentiated Services Field: 0x00 (DSCP: CS0, ECN: Not-ECT)
        0000 00.. = Differentiated Services Codepoint: Default (0)
        .... ..00 = Explicit Congestion Notification: Not ECN-Capable Transport (0)
    Total Length: 49
    Identification: 0x0000 (0)
    010. .... = Flags: 0x2, Don't fragment
        0... .... = Reserved bit: Not set
        .1.. .... = Don't fragment: Set
        ..0. .... = More fragments: Not set
    ...0 0000 0000 0000 = Fragment Offset: 0
    Time to Live: 57
    Protocol: UDP (17)
    Header Checksum: 0x208d [validation disabled]
    [Header checksum status: Unverified]
    Source Address: 151.101.130.214
    Destination Address: 172.16.90.227
    [Stream index: 3]
User Datagram Protocol, Src Port: 443, Dst Port: 51051
    Source Port: 443
    Destination Port: 51051
    Length: 29
    Checksum: 0xe3e6 [unverified]
    [Checksum Status: Unverified]
    [Stream index: 5]
    [Stream Packet Number: 10]
    [Timestamps]
        [Time since first frame: 108.197800 milliseconds]
        [Time since previous frame: 18.992700 milliseconds]
    UDP payload (21 bytes)
Data (21 bytes)

0000  49 35 59 81 7b 1f 01 04 ef 4c 03 8d 44 94 c4 7f   I5Y.{....L..D...
0010  d4 85 40 29 02                                    ..@).
    Data: 493559817b1f0104ef4c038d4494c47fd485402902
    [Length: 21]

Frame 140: Packet, 68 bytes on wire (544 bits), 68 bytes captured (544 bits) on interface \Device\NPF_{9B9257DC-FAC1-4993-B12F-136D7BA5E874}, id 0
    Section number: 1
    Interface id: 0 (\Device\NPF_{9B9257DC-FAC1-4993-B12F-136D7BA5E874})
        Interface name: \Device\NPF_{9B9257DC-FAC1-4993-B12F-136D7BA5E874}
        Interface description: Wi-Fi
    Encapsulation type: Ethernet (1)
    Arrival Time: Apr  9, 2026 19:48:44.649171200 India Standard Time
    UTC Arrival Time: Apr  9, 2026 14:18:44.649171200 UTC
    Epoch Arrival Time: 1775744324.649171200
    [Time shift for this packet: 0.000000000 seconds]
    [Time delta from previous captured frame: 2.550300 milliseconds]
    [Time delta from previous displayed frame: 2.550300 milliseconds]
    [Time since reference or first frame: 4.207146600 seconds]
    Frame Number: 140
    Frame Length: 68 bytes (544 bits)
    Capture Length: 68 bytes (544 bits)
    [Frame is marked: False]
    [Frame is ignored: False]
    [Protocols in frame: eth:ethertype:ip:udp:data]
    Character encoding: ASCII (0)
Ethernet II, Src: HewlettPacka_3a:cc:1d (28:92:4a:3a:cc:1d), Dst: 96:77:0b:05:d4:0b (96:77:0b:05:d4:0b)
    Destination: 96:77:0b:05:d4:0b (96:77:0b:05:d4:0b)
        .... ..1. .... .... .... .... = LG bit: Locally administered address (this is NOT the factory default)
        .... ...0 .... .... .... .... = IG bit: Individual address (unicast)
    Source: HewlettPacka_3a:cc:1d (28:92:4a:3a:cc:1d)
        .... ..0. .... .... .... .... = LG bit: Globally unique address (factory default)
        .... ...0 .... .... .... .... = IG bit: Individual address (unicast)
    Type: IPv4 (0x0800)
    [Stream index: 0]
Internet Protocol Version 4, Src: 151.101.130.214, Dst: 172.16.90.227
    0100 .... = Version: 4
    .... 0101 = Header Length: 20 bytes (5)
    Differentiated Services Field: 0x00 (DSCP: CS0, ECN: Not-ECT)
        0000 00.. = Differentiated Services Codepoint: Default (0)
        .... ..00 = Explicit Congestion Notification: Not ECN-Capable Transport (0)
    Total Length: 54
    Identification: 0x0000 (0)
    010. .... = Flags: 0x2, Don't fragment
        0... .... = Reserved bit: Not set
        .1.. .... = Don't fragment: Set
        ..0. .... = More fragments: Not set
    ...0 0000 0000 0000 = Fragment Offset: 0
    Time to Live: 57
    Protocol: UDP (17)
    Header Checksum: 0x2088 [validation disabled]
    [Header checksum status: Unverified]
    Source Address: 151.101.130.214
    Destination Address: 172.16.90.227
    [Stream index: 3]
User Datagram Protocol, Src Port: 443, Dst Port: 51051
    Source Port: 443
    Destination Port: 51051
    Length: 34
    Checksum: 0xdf9c [unverified]
    [Checksum Status: Unverified]
    [Stream index: 5]
    [Stream Packet Number: 11]
    [Timestamps]
        [Time since first frame: 110.748100 milliseconds]
        [Time since previous frame: 2.550300 milliseconds]
    UDP payload (26 bytes)
Data (26 bytes)

0000  4a 18 eb e9 b1 bf 48 bf 57 b5 cb 8c 91 73 33 01   J.....H.W....s3.
0010  08 b5 97 65 75 21 fc 23 0c 1f                     ...eu!.#..
    Data: 4a18ebe9b1bf48bf57b5cb8c9173330108b597657521fc230c1f
    [Length: 26]

Frame 141: Packet, 70 bytes on wire (560 bits), 70 bytes captured (560 bits) on interface \Device\NPF_{9B9257DC-FAC1-4993-B12F-136D7BA5E874}, id 0
    Section number: 1
    Interface id: 0 (\Device\NPF_{9B9257DC-FAC1-4993-B12F-136D7BA5E874})
        Interface name: \Device\NPF_{9B9257DC-FAC1-4993-B12F-136D7BA5E874}
        Interface description: Wi-Fi
    Encapsulation type: Ethernet (1)
    Arrival Time: Apr  9, 2026 19:48:44.659067400 India Standard Time
    UTC Arrival Time: Apr  9, 2026 14:18:44.659067400 UTC
    Epoch Arrival Time: 1775744324.659067400
    [Time shift for this packet: 0.000000000 seconds]
    [Time delta from previous captured frame: 9.896200 milliseconds]
    [Time delta from previous displayed frame: 9.896200 milliseconds]
    [Time since reference or first frame: 4.217042800 seconds]
    Frame Number: 141
    Frame Length: 70 bytes (560 bits)
    Capture Length: 70 bytes (560 bits)
    [Frame is marked: False]
    [Frame is ignored: False]
    [Protocols in frame: eth:ethertype:ip:udp:data]
    Character encoding: ASCII (0)
Ethernet II, Src: HewlettPacka_3a:cc:1d (28:92:4a:3a:cc:1d), Dst: 96:77:0b:05:d4:0b (96:77:0b:05:d4:0b)
    Destination: 96:77:0b:05:d4:0b (96:77:0b:05:d4:0b)
        .... ..1. .... .... .... .... = LG bit: Locally administered address (this is NOT the factory default)
        .... ...0 .... .... .... .... = IG bit: Individual address (unicast)
    Source: HewlettPacka_3a:cc:1d (28:92:4a:3a:cc:1d)
        .... ..0. .... .... .... .... = LG bit: Globally unique address (factory default)
        .... ...0 .... .... .... .... = IG bit: Individual address (unicast)
    Type: IPv4 (0x0800)
    [Stream index: 0]
Internet Protocol Version 4, Src: 151.101.130.214, Dst: 172.16.90.227
    0100 .... = Version: 4
    .... 0101 = Header Length: 20 bytes (5)
    Differentiated Services Field: 0x00 (DSCP: CS0, ECN: Not-ECT)
        0000 00.. = Differentiated Services Codepoint: Default (0)
        .... ..00 = Explicit Congestion Notification: Not ECN-Capable Transport (0)
    Total Length: 56
    Identification: 0x0000 (0)
    010. .... = Flags: 0x2, Don't fragment
        0... .... = Reserved bit: Not set
        .1.. .... = Don't fragment: Set
        ..0. .... = More fragments: Not set
    ...0 0000 0000 0000 = Fragment Offset: 0
    Time to Live: 57
    Protocol: UDP (17)
    Header Checksum: 0x2086 [validation disabled]
    [Header checksum status: Unverified]
    Source Address: 151.101.130.214
    Destination Address: 172.16.90.227
    [Stream index: 3]
User Datagram Protocol, Src Port: 443, Dst Port: 51051
    Source Port: 443
    Destination Port: 51051
    Length: 36
    Checksum: 0xa1ac [unverified]
    [Checksum Status: Unverified]
    [Stream index: 5]
    [Stream Packet Number: 12]
    [Timestamps]
        [Time since first frame: 120.644300 milliseconds]
        [Time since previous frame: 9.896200 milliseconds]
    UDP payload (28 bytes)
Data (28 bytes)

0000  51 8a 0f 9e 9a 8b 9e 7e b9 42 e3 fa 6a 11 97 0d   Q......~.B..j...
0010  4d 1c d7 e4 43 bf 8f ba 7a b8 c7 e0               M...C...z...
    Data: 518a0f9e9a8b9e7eb942e3fa6a11970d4d1cd7e443bf8fba7ab8c7e0
    [Length: 28]

Frame 142: Packet, 84 bytes on wire (672 bits), 84 bytes captured (672 bits) on interface \Device\NPF_{9B9257DC-FAC1-4993-B12F-136D7BA5E874}, id 0
    Section number: 1
    Interface id: 0 (\Device\NPF_{9B9257DC-FAC1-4993-B12F-136D7BA5E874})
        Interface name: \Device\NPF_{9B9257DC-FAC1-4993-B12F-136D7BA5E874}
        Interface description: Wi-Fi
    Encapsulation type: Ethernet (1)
    Arrival Time: Apr  9, 2026 19:48:44.659067400 India Standard Time
    UTC Arrival Time: Apr  9, 2026 14:18:44.659067400 UTC
    Epoch Arrival Time: 1775744324.659067400
    [Time shift for this packet: 0.000000000 seconds]
    [Time delta from previous captured frame: 0.000000000 seconds]
    [Time delta from previous displayed frame: 0.000000000 seconds]
    [Time since reference or first frame: 4.217042800 seconds]
    Frame Number: 142
    Frame Length: 84 bytes (672 bits)
    Capture Length: 84 bytes (672 bits)
    [Frame is marked: False]
    [Frame is ignored: False]
    [Protocols in frame: eth:ethertype:ip:udp:quic]
    Character encoding: ASCII (0)
Ethernet II, Src: HewlettPacka_3a:cc:1d (28:92:4a:3a:cc:1d), Dst: 96:77:0b:05:d4:0b (96:77:0b:05:d4:0b)
    Destination: 96:77:0b:05:d4:0b (96:77:0b:05:d4:0b)
        .... ..1. .... .... .... .... = LG bit: Locally administered address (this is NOT the factory default)
        .... ...0 .... .... .... .... = IG bit: Individual address (unicast)
    Source: HewlettPacka_3a:cc:1d (28:92:4a:3a:cc:1d)
        .... ..0. .... .... .... .... = LG bit: Globally unique address (factory default)
        .... ...0 .... .... .... .... = IG bit: Individual address (unicast)
    Type: IPv4 (0x0800)
    [Stream index: 0]
Internet Protocol Version 4, Src: 40.104.77.114, Dst: 172.16.90.227
    0100 .... = Version: 4
    .... 0101 = Header Length: 20 bytes (5)
    Differentiated Services Field: 0x00 (DSCP: CS0, ECN: Not-ECT)
        0000 00.. = Differentiated Services Codepoint: Default (0)
        .... ..00 = Explicit Congestion Notification: Not ECN-Capable Transport (0)
    Total Length: 70
    Identification: 0xe33a (58170)
    010. .... = Flags: 0x2, Don't fragment
        0... .... = Reserved bit: Not set
        .1.. .... = Don't fragment: Set
        ..0. .... = More fragments: Not set
    ...0 0000 0000 0000 = Fragment Offset: 0
    Time to Live: 116
    Protocol: UDP (17)
    Header Checksum: 0xa69e [validation disabled]
    [Header checksum status: Unverified]
    Source Address: 40.104.77.114
    Destination Address: 172.16.90.227
    [Stream index: 1]
User Datagram Protocol, Src Port: 443, Dst Port: 65397
    Source Port: 443
    Destination Port: 65397
    Length: 50
    Checksum: 0xc910 [unverified]
    [Checksum Status: Unverified]
    [Stream index: 3]
    [Stream Packet Number: 40]
    [Timestamps]
        [Time since first frame: 1.947866400 seconds]
        [Time since previous frame: 42.775300 milliseconds]
    UDP payload (42 bytes)
QUIC IETF
    QUIC Connection information
        [Connection Number: 3]
    [Packet Length: 42]
    QUIC Short Header
        0... .... = Header Form: Short Header (0)
        .1.. .... = Fixed Bit: True
        ..0. .... = Spin Bit: False
    Remaining Payload: aab4e294d6c3b61184b1cc5d1160c95b8358a83d4589b7cb42b316325dd2feaafce9a40562058846cb

Frame 143: Packet, 84 bytes on wire (672 bits), 84 bytes captured (672 bits) on interface \Device\NPF_{9B9257DC-FAC1-4993-B12F-136D7BA5E874}, id 0
    Section number: 1
    Interface id: 0 (\Device\NPF_{9B9257DC-FAC1-4993-B12F-136D7BA5E874})
        Interface name: \Device\NPF_{9B9257DC-FAC1-4993-B12F-136D7BA5E874}
        Interface description: Wi-Fi
    Encapsulation type: Ethernet (1)
    Arrival Time: Apr  9, 2026 19:48:44.659067400 India Standard Time
    UTC Arrival Time: Apr  9, 2026 14:18:44.659067400 UTC
    Epoch Arrival Time: 1775744324.659067400
    [Time shift for this packet: 0.000000000 seconds]
    [Time delta from previous captured frame: 0.000000000 seconds]
    [Time delta from previous displayed frame: 0.000000000 seconds]
    [Time since reference or first frame: 4.217042800 seconds]
    Frame Number: 143
    Frame Length: 84 bytes (672 bits)
    Capture Length: 84 bytes (672 bits)
    [Frame is marked: False]
    [Frame is ignored: False]
    [Protocols in frame: eth:ethertype:ip:udp:quic]
    Character encoding: ASCII (0)
Ethernet II, Src: HewlettPacka_3a:cc:1d (28:92:4a:3a:cc:1d), Dst: 96:77:0b:05:d4:0b (96:77:0b:05:d4:0b)
    Destination: 96:77:0b:05:d4:0b (96:77:0b:05:d4:0b)
        .... ..1. .... .... .... .... = LG bit: Locally administered address (this is NOT the factory default)
        .... ...0 .... .... .... .... = IG bit: Individual address (unicast)
    Source: HewlettPacka_3a:cc:1d (28:92:4a:3a:cc:1d)
        .... ..0. .... .... .... .... = LG bit: Globally unique address (factory default)
        .... ...0 .... .... .... .... = IG bit: Individual address (unicast)
    Type: IPv4 (0x0800)
    [Stream index: 0]
Internet Protocol Version 4, Src: 40.104.77.114, Dst: 172.16.90.227
    0100 .... = Version: 4
    .... 0101 = Header Length: 20 bytes (5)
    Differentiated Services Field: 0x00 (DSCP: CS0, ECN: Not-ECT)
        0000 00.. = Differentiated Services Codepoint: Default (0)
        .... ..00 = Explicit Congestion Notification: Not ECN-Capable Transport (0)
    Total Length: 70
    Identification: 0xa793 (42899)
    010. .... = Flags: 0x2, Don't fragment
        0... .... = Reserved bit: Not set
        .1.. .... = Don't fragment: Set
        ..0. .... = More fragments: Not set
    ...0 0000 0000 0000 = Fragment Offset: 0
    Time to Live: 116
    Protocol: UDP (17)
    Header Checksum: 0xe245 [validation disabled]
    [Header checksum status: Unverified]
    Source Address: 40.104.77.114
    Destination Address: 172.16.90.227
    [Stream index: 1]
User Datagram Protocol, Src Port: 443, Dst Port: 51774
    Source Port: 443
    Destination Port: 51774
    Length: 50
    Checksum: 0xb5fb [unverified]
    [Checksum Status: Unverified]
    [Stream index: 1]
    [Stream Packet Number: 24]
    [Timestamps]
        [Time since first frame: 3.325782100 seconds]
        [Time since previous frame: 42.983800 milliseconds]
    UDP payload (42 bytes)
QUIC IETF
    QUIC Connection information
        [Connection Number: 1]
    [Packet Length: 42]
    QUIC Short Header
        0... .... = Header Form: Short Header (0)
        .1.. .... = Fixed Bit: True
        ..0. .... = Spin Bit: False
    Remaining Payload: 34dd71a7d98d5e7425fb8cea16da59147b197d7383088db73a4e70fb29204578127f526496737bc92b

Frame 144: Packet, 83 bytes on wire (664 bits), 83 bytes captured (664 bits) on interface \Device\NPF_{9B9257DC-FAC1-4993-B12F-136D7BA5E874}, id 0
    Section number: 1
    Interface id: 0 (\Device\NPF_{9B9257DC-FAC1-4993-B12F-136D7BA5E874})
        Interface name: \Device\NPF_{9B9257DC-FAC1-4993-B12F-136D7BA5E874}
        Interface description: Wi-Fi
    Encapsulation type: Ethernet (1)
    Arrival Time: Apr  9, 2026 19:48:44.677433700 India Standard Time
    UTC Arrival Time: Apr  9, 2026 14:18:44.677433700 UTC
    Epoch Arrival Time: 1775744324.677433700
    [Time shift for this packet: 0.000000000 seconds]
    [Time delta from previous captured frame: 18.366300 milliseconds]
    [Time delta from previous displayed frame: 18.366300 milliseconds]
    [Time since reference or first frame: 4.235409100 seconds]
    Frame Number: 144
    Frame Length: 83 bytes (664 bits)
    Capture Length: 83 bytes (664 bits)
    [Frame is marked: False]
    [Frame is ignored: False]
    [Protocols in frame: eth:ethertype:ip:udp:data]
    Character encoding: ASCII (0)
Ethernet II, Src: 96:77:0b:05:d4:0b (96:77:0b:05:d4:0b), Dst: HewlettPacka_3a:cc:1d (28:92:4a:3a:cc:1d)
    Destination: HewlettPacka_3a:cc:1d (28:92:4a:3a:cc:1d)
        .... ..0. .... .... .... .... = LG bit: Globally unique address (factory default)
        .... ...0 .... .... .... .... = IG bit: Individual address (unicast)
    Source: 96:77:0b:05:d4:0b (96:77:0b:05:d4:0b)
        .... ..1. .... .... .... .... = LG bit: Locally administered address (this is NOT the factory default)
        .... ...0 .... .... .... .... = IG bit: Individual address (unicast)
    Type: IPv4 (0x0800)
    [Stream index: 0]
Internet Protocol Version 4, Src: 172.16.90.227, Dst: 151.101.130.214
    0100 .... = Version: 4
    .... 0101 = Header Length: 20 bytes (5)
    Differentiated Services Field: 0x00 (DSCP: CS0, ECN: Not-ECT)
        0000 00.. = Differentiated Services Codepoint: Default (0)
        .... ..00 = Explicit Congestion Notification: Not ECN-Capable Transport (0)
    Total Length: 69
    Identification: 0x4e73 (20083)
    010. .... = Flags: 0x2, Don't fragment
        0... .... = Reserved bit: Not set
        .1.. .... = Don't fragment: Set
        ..0. .... = More fragments: Not set
    ...0 0000 0000 0000 = Fragment Offset: 0
    Time to Live: 128
    Protocol: UDP (17)
    Header Checksum: 0x0000 [validation disabled]
    [Header checksum status: Unverified]
    Source Address: 172.16.90.227
    Destination Address: 151.101.130.214
    [Stream index: 3]
User Datagram Protocol, Src Port: 51051, Dst Port: 443
    Source Port: 51051
    Destination Port: 443
    Length: 49
    Checksum: 0x2172 [unverified]
    [Checksum Status: Unverified]
    [Stream index: 5]
    [Stream Packet Number: 13]
    [Timestamps]
        [Time since first frame: 139.010600 milliseconds]
        [Time since previous frame: 18.366300 milliseconds]
    UDP payload (41 bytes)
Data (41 bytes)

0000  40 a8 37 ed 43 e7 bf d2 34 da 87 44 81 7d 88 99   @.7.C...4..D.}..
0010  fe fe 21 17 7c ed f3 cf 70 4f 39 db 72 9f 1e a9   ..!.|...pO9.r...
0020  be 0b f5 02 fe 3d 32 26 ec                        .....=2&.
    Data: 40a837ed43e7bfd234da8744817d8899fefe21177cedf3cf704f39db729f1ea9be0bf502fe3d3226ec
    [Length: 41]

Frame 145: Packet, 231 bytes on wire (1848 bits), 231 bytes captured (1848 bits) on interface \Device\NPF_{9B9257DC-FAC1-4993-B12F-136D7BA5E874}, id 0
    Section number: 1
    Interface id: 0 (\Device\NPF_{9B9257DC-FAC1-4993-B12F-136D7BA5E874})
        Interface name: \Device\NPF_{9B9257DC-FAC1-4993-B12F-136D7BA5E874}
        Interface description: Wi-Fi
    Encapsulation type: Ethernet (1)
    Arrival Time: Apr  9, 2026 19:48:44.791080900 India Standard Time
    UTC Arrival Time: Apr  9, 2026 14:18:44.791080900 UTC
    Epoch Arrival Time: 1775744324.791080900
    [Time shift for this packet: 0.000000000 seconds]
    [Time delta from previous captured frame: 113.647200 milliseconds]
    [Time delta from previous displayed frame: 113.647200 milliseconds]
    [Time since reference or first frame: 4.349056300 seconds]
    Frame Number: 145
    Frame Length: 231 bytes (1848 bits)
    Capture Length: 231 bytes (1848 bits)
    [Frame is marked: False]
    [Frame is ignored: False]
    [Protocols in frame: eth:ethertype:ip:udp:data]
    Character encoding: ASCII (0)
Ethernet II, Src: HewlettPacka_3a:cc:1d (28:92:4a:3a:cc:1d), Dst: 96:77:0b:05:d4:0b (96:77:0b:05:d4:0b)
    Destination: 96:77:0b:05:d4:0b (96:77:0b:05:d4:0b)
        .... ..1. .... .... .... .... = LG bit: Locally administered address (this is NOT the factory default)
        .... ...0 .... .... .... .... = IG bit: Individual address (unicast)
    Source: HewlettPacka_3a:cc:1d (28:92:4a:3a:cc:1d)
        .... ..0. .... .... .... .... = LG bit: Globally unique address (factory default)
        .... ...0 .... .... .... .... = IG bit: Individual address (unicast)
    Type: IPv4 (0x0800)
    [Stream index: 0]
Internet Protocol Version 4, Src: 151.101.130.214, Dst: 172.16.90.227
    0100 .... = Version: 4
    .... 0101 = Header Length: 20 bytes (5)
    Differentiated Services Field: 0x00 (DSCP: CS0, ECN: Not-ECT)
        0000 00.. = Differentiated Services Codepoint: Default (0)
        .... ..00 = Explicit Congestion Notification: Not ECN-Capable Transport (0)
    Total Length: 217
    Identification: 0x0000 (0)
    010. .... = Flags: 0x2, Don't fragment
        0... .... = Reserved bit: Not set
        .1.. .... = Don't fragment: Set
        ..0. .... = More fragments: Not set
    ...0 0000 0000 0000 = Fragment Offset: 0
    Time to Live: 57
    Protocol: UDP (17)
    Header Checksum: 0x1fe5 [validation disabled]
    [Header checksum status: Unverified]
    Source Address: 151.101.130.214
    Destination Address: 172.16.90.227
    [Stream index: 3]
User Datagram Protocol, Src Port: 443, Dst Port: 51051
    Source Port: 443
    Destination Port: 51051
    Length: 197
    Checksum: 0xb71f [unverified]
    [Checksum Status: Unverified]
    [Stream index: 5]
    [Stream Packet Number: 14]
    [Timestamps]
        [Time since first frame: 252.657800 milliseconds]
        [Time since previous frame: 113.647200 milliseconds]
    UDP payload (189 bytes)
Data (189 bytes)

0000  58 b7 c8 20 71 92 0b 0e e0 35 1a 30 2c f1 62 99   X.. q....5.0,.b.
0010  82 67 d3 61 56 58 77 51 98 c4 be 9c c5 d8 f0 6d   .g.aVXwQ.......m
0020  60 9e 18 8e 39 50 50 7e e1 5d f4 2c 22 18 06 2e   `...9PP~.].,"...
0030  0a 22 fd aa 76 7f a4 58 dc 38 f6 d5 ac 46 bc 06   ."..v..X.8...F..
0040  6f 54 de 33 4c 4c 5b 0b 5c f5 49 6c d7 2f b0 4b   oT.3LL[.\.Il./.K
0050  5e fa e3 7a f5 7f b5 5c 70 a8 85 08 bb 12 ae 37   ^..z...\p......7
0060  82 a6 0c dd 1c 27 ba 5e 13 9f 92 12 fd c5 46 40   .....'.^......F@
0070  6d 08 09 61 f4 17 30 63 e5 db 87 bc 76 5b a5 4a   m..a..0c....v[.J
0080  88 64 b6 60 59 ef 30 bd 7b 53 b8 be 59 85 e8 f8   .d.`Y.0.{S..Y...
0090  b4 53 b8 6d ba 9a 8a 5b 7f 6d 6d c5 b9 b2 ad 43   .S.m...[.mm....C
00a0  a2 43 8d f2 1c e3 3f 56 c0 f6 87 46 35 ab 77 78   .C....?V...F5.wx
00b0  6f 72 6c be 02 a2 e9 ac 45 e6 0a 93 e2            orl.....E....
    Data […]: 58b7c82071920b0ee0351a302cf162998267d3615658775198c4be9cc5d8f06d609e188e3950507ee15df42c2218062e0a22fdaa767fa458dc38f6d5ac46bc066f54de334c4c5b0b5cf5496cd72fb04b5efae37af57fb55c70a88508bb12ae3782a60cdd1c27ba5e139f9212fdc546406d0
    [Length: 189]

Frame 146: Packet, 198 bytes on wire (1584 bits), 198 bytes captured (1584 bits) on interface \Device\NPF_{9B9257DC-FAC1-4993-B12F-136D7BA5E874}, id 0
    Section number: 1
    Interface id: 0 (\Device\NPF_{9B9257DC-FAC1-4993-B12F-136D7BA5E874})
        Interface name: \Device\NPF_{9B9257DC-FAC1-4993-B12F-136D7BA5E874}
        Interface description: Wi-Fi
    Encapsulation type: Ethernet (1)
    Arrival Time: Apr  9, 2026 19:48:44.791080900 India Standard Time
    UTC Arrival Time: Apr  9, 2026 14:18:44.791080900 UTC
    Epoch Arrival Time: 1775744324.791080900
    [Time shift for this packet: 0.000000000 seconds]
    [Time delta from previous captured frame: 0.000000000 seconds]
    [Time delta from previous displayed frame: 0.000000000 seconds]
    [Time since reference or first frame: 4.349056300 seconds]
    Frame Number: 146
    Frame Length: 198 bytes (1584 bits)
    Capture Length: 198 bytes (1584 bits)
    [Frame is marked: False]
    [Frame is ignored: False]
    [Protocols in frame: eth:ethertype:ip:udp:data]
    Character encoding: ASCII (0)
Ethernet II, Src: HewlettPacka_3a:cc:1d (28:92:4a:3a:cc:1d), Dst: 96:77:0b:05:d4:0b (96:77:0b:05:d4:0b)
    Destination: 96:77:0b:05:d4:0b (96:77:0b:05:d4:0b)
        .... ..1. .... .... .... .... = LG bit: Locally administered address (this is NOT the factory default)
        .... ...0 .... .... .... .... = IG bit: Individual address (unicast)
    Source: HewlettPacka_3a:cc:1d (28:92:4a:3a:cc:1d)
        .... ..0. .... .... .... .... = LG bit: Globally unique address (factory default)
        .... ...0 .... .... .... .... = IG bit: Individual address (unicast)
    Type: IPv4 (0x0800)
    [Stream index: 0]
Internet Protocol Version 4, Src: 151.101.130.214, Dst: 172.16.90.227
    0100 .... = Version: 4
    .... 0101 = Header Length: 20 bytes (5)
    Differentiated Services Field: 0x00 (DSCP: CS0, ECN: Not-ECT)
        0000 00.. = Differentiated Services Codepoint: Default (0)
        .... ..00 = Explicit Congestion Notification: Not ECN-Capable Transport (0)
    Total Length: 184
    Identification: 0x0000 (0)
    010. .... = Flags: 0x2, Don't fragment
        0... .... = Reserved bit: Not set
        .1.. .... = Don't fragment: Set
        ..0. .... = More fragments: Not set
    ...0 0000 0000 0000 = Fragment Offset: 0
    Time to Live: 57
    Protocol: UDP (17)
    Header Checksum: 0x2006 [validation disabled]
    [Header checksum status: Unverified]
    Source Address: 151.101.130.214
    Destination Address: 172.16.90.227
    [Stream index: 3]
User Datagram Protocol, Src Port: 443, Dst Port: 51051
    Source Port: 443
    Destination Port: 51051
    Length: 164
    Checksum: 0x0f9d [unverified]
    [Checksum Status: Unverified]
    [Stream index: 5]
    [Stream Packet Number: 15]
    [Timestamps]
        [Time since first frame: 252.657800 milliseconds]
        [Time since previous frame: 0.000000000 seconds]
    UDP payload (156 bytes)
Data (156 bytes)

0000  45 9e 77 f6 ee 4b 4d c7 a7 c4 c3 24 91 de c9 26   E.w..KM....$...&
0010  7c b9 42 e9 c2 60 fe 02 dc 90 47 15 97 3e 68 f9   |.B..`....G..>h.
0020  1c 90 56 8a 14 b1 fe d2 15 4a 29 ca f1 9a e4 7d   ..V......J)....}
0030  98 f3 13 68 bf 58 11 8e 7f 46 d7 ed 6e f8 f5 37   ...h.X...F..n..7
0040  63 9e 53 26 03 60 ea 68 31 f5 c0 f5 2d 7b 9e 02   c.S&.`.h1...-{..
0050  7d e7 a5 95 c1 e6 e0 14 7a 3f 33 f3 c2 a7 25 fb   }.......z?3...%.
0060  6d 8f 93 5a cf d5 41 4e a2 23 c3 e1 cf 2c 4e 26   m..Z..AN.#...,N&
0070  f2 31 af bc c7 53 40 d5 7e b9 09 7b 20 07 b3 b8   .1...S@.~..{ ...
0080  8b 83 0c fd 8c cc cc ed b0 cd d8 a5 d6 f6 e2 7b   ...............{
0090  21 31 99 ea ed f9 83 d3 e3 ca 2c 38               !1........,8
    Data […]: 459e77f6ee4b4dc7a7c4c32491dec9267cb942e9c260fe02dc904715973e68f91c90568a14b1fed2154a29caf19ae47d98f31368bf58118e7f46d7ed6ef8f537639e53260360ea6831f5c0f52d7b9e027de7a595c1e6e0147a3f33f3c2a725fb6d8f935acfd5414ea223c3e1cf2c4e26f23
    [Length: 156]

Frame 147: Packet, 82 bytes on wire (656 bits), 82 bytes captured (656 bits) on interface \Device\NPF_{9B9257DC-FAC1-4993-B12F-136D7BA5E874}, id 0
    Section number: 1
    Interface id: 0 (\Device\NPF_{9B9257DC-FAC1-4993-B12F-136D7BA5E874})
        Interface name: \Device\NPF_{9B9257DC-FAC1-4993-B12F-136D7BA5E874}
        Interface description: Wi-Fi
    Encapsulation type: Ethernet (1)
    Arrival Time: Apr  9, 2026 19:48:44.791231800 India Standard Time
    UTC Arrival Time: Apr  9, 2026 14:18:44.791231800 UTC
    Epoch Arrival Time: 1775744324.791231800
    [Time shift for this packet: 0.000000000 seconds]
    [Time delta from previous captured frame: 150.900 microseconds]
    [Time delta from previous displayed frame: 150.900 microseconds]
    [Time since reference or first frame: 4.349207200 seconds]
    Frame Number: 147
    Frame Length: 82 bytes (656 bits)
    Capture Length: 82 bytes (656 bits)
    [Frame is marked: False]
    [Frame is ignored: False]
    [Protocols in frame: eth:ethertype:ip:udp:data]
    Character encoding: ASCII (0)
Ethernet II, Src: 96:77:0b:05:d4:0b (96:77:0b:05:d4:0b), Dst: HewlettPacka_3a:cc:1d (28:92:4a:3a:cc:1d)
    Destination: HewlettPacka_3a:cc:1d (28:92:4a:3a:cc:1d)
        .... ..0. .... .... .... .... = LG bit: Globally unique address (factory default)
        .... ...0 .... .... .... .... = IG bit: Individual address (unicast)
    Source: 96:77:0b:05:d4:0b (96:77:0b:05:d4:0b)
        .... ..1. .... .... .... .... = LG bit: Locally administered address (this is NOT the factory default)
        .... ...0 .... .... .... .... = IG bit: Individual address (unicast)
    Type: IPv4 (0x0800)
    [Stream index: 0]
Internet Protocol Version 4, Src: 172.16.90.227, Dst: 151.101.130.214
    0100 .... = Version: 4
    .... 0101 = Header Length: 20 bytes (5)
    Differentiated Services Field: 0x00 (DSCP: CS0, ECN: Not-ECT)
        0000 00.. = Differentiated Services Codepoint: Default (0)
        .... ..00 = Explicit Congestion Notification: Not ECN-Capable Transport (0)
    Total Length: 68
    Identification: 0x4e74 (20084)
    010. .... = Flags: 0x2, Don't fragment
        0... .... = Reserved bit: Not set
        .1.. .... = Don't fragment: Set
        ..0. .... = More fragments: Not set
    ...0 0000 0000 0000 = Fragment Offset: 0
    Time to Live: 128
    Protocol: UDP (17)
    Header Checksum: 0x0000 [validation disabled]
    [Header checksum status: Unverified]
    Source Address: 172.16.90.227
    Destination Address: 151.101.130.214
    [Stream index: 3]
User Datagram Protocol, Src Port: 51051, Dst Port: 443
    Source Port: 51051
    Destination Port: 443
    Length: 48
    Checksum: 0x2171 [unverified]
    [Checksum Status: Unverified]
    [Stream index: 5]
    [Stream Packet Number: 16]
    [Timestamps]
        [Time since first frame: 252.808700 milliseconds]
        [Time since previous frame: 150.900 microseconds]
    UDP payload (40 bytes)
Data (40 bytes)

0000  5c a8 37 ed 43 e7 bf d2 34 da 87 44 81 7d 88 99   \.7.C...4..D.}..
0010  fe fe d5 09 50 2a ab fa 63 c2 58 39 fd f5 9f 06   ....P*..c.X9....
0020  2a 87 56 04 8d 2c 0a 1d                           *.V..,..
    Data: 5ca837ed43e7bfd234da8744817d8899fefed509502aabfa63c25839fdf59f062a8756048d2c0a1d
    [Length: 40]

